run_id,backend,imgsz,threads,sample_idx,latency_ms,fps_instant,n_faces,conf_top,cpu_temp_c
bench_detect_20260903_2022,onnx,320,1,0,49.187499993422534,20.330368490647466,3,0.8670165538787842,
bench_detect_20260903_2022,onnx,320,1,1,38.61949999554781,25.893654762886197,1,0.8328515291213989,
bench_detect_20260903_2022,onnx,320,1,2,43.686400000297,22.890418986073506,2,0.8697807192802429,
bench_detect_20260903_2022,onnx,320,1,3,39.167400005680975,25.53143685450034,1,0.8827570080757141,
bench_detect_20260903_2022,onnx,320,1,4,35.72630000417121,27.99058396428529,1,0.8138214349746704,
bench_detect_20260903_2022,onnx,320,1,5,35.41620000032708,28.235666163811043,1,0.8523721694946289,
bench_detect_20260903_2022,onnx,320,1,6,34.996800000953954,28.57404105440331,1,0.855189323425293,
bench_detect_20260903_2022,onnx,320,1,7,34.55939999548718,28.935687544650122,2,0.8453751802444458,
bench_detect_20260903_2022,onnx,320,1,8,34.06340000219643,29.357022491457673,1,0.8628569841384888,
bench_detect_20260903_2022,onnx,320,1,9,35.27900000335649,28.34547464227611,1,0.8440912365913391,
bench_detect_20260903_2022,onnx,320,1,10,39.43369999615243,25.359020332800895,1,0.831957995891571,
bench_detect_20260903_2022,onnx,320,1,11,32.22200000163866,31.034696789434072,2,0.8591516613960266,
bench_detect_20260903_2022,onnx,320,1,12,35.98160000547068,27.79198256464301,1,0.8425641059875488,
bench_detect_20260903_2022,onnx,320,1,13,34.41190000012284,29.05971480785514,2,0.8373713493347168,
bench_detect_20260903_2022,onnx,320,1,14,34.345300002314616,29.116065369427766,1,0.8705068826675415,
bench_detect_20260903_2022,onnx,320,1,15,38.29480000422336,26.113205967643506,1,0.8714592456817627,
bench_detect_20260903_2022,onnx,320,1,16,33.934200000658166,29.468795491881483,2,0.8616288900375366,
bench_detect_20260903_2022,onnx,320,1,17,38.5625999988406,25.931861441657603,3,0.8603709936141968,
bench_detect_20260903_2022,onnx,320,1,18,32.968500003335066,30.33198355699655,2,0.8776817321777344,
bench_detect_20260903_2022,onnx,320,1,19,33.58019999723183,29.779453370808827,1,0.8844539523124695,
bench_detect_20260903_2022,onnx,320,1,20,30.653800000436604,32.622382868869664,2,0.8719533681869507,
bench_detect_20260903_2022,onnx,320,1,21,33.99640000134241,29.414879221344414,1,0.857478141784668,
bench_detect_20260903_2022,onnx,320,1,22,34.64940000412753,28.860528606004067,1,0.8467496633529663,
bench_detect_20260903_2022,onnx,320,1,23,32.581999999820255,30.691793014717227,1,0.8392353057861328,
bench_detect_20260903_2022,onnx,320,1,24,41.983999995863996,23.818597563322072,1,0.866562008857727,
bench_detect_20260903_2022,onnx,320,1,25,37.2436999969068,26.850178690169155,3,0.8383882641792297,
bench_detect_20260903_2022,onnx,320,1,26,36.880999999993946,27.114232260517994,3,0.8507544994354248,
bench_detect_20260903_2022,onnx,320,1,27,33.81490000174381,29.572762301483394,1,0.8478227853775024,
bench_detect_20260903_2022,onnx,320,1,28,34.80400000262307,28.7323296151199,1,0.8780727386474609,
bench_detect_20260903_2022,onnx,320,1,29,34.4318999996176,29.042835278073706,1,0.8478468656539917,
bench_detect_20260903_2022,onnx,320,1,30,34.425200006808154,29.04848772998366,1,0.8513926267623901,
bench_detect_20260903_2022,onnx,320,1,31,37.246899999445304,26.847871903833404,1,0.8696877360343933,
bench_detect_20260903_2022,onnx,320,1,32,33.012400002917275,30.29164798414023,2,0.8461759090423584,
bench_detect_20260903_2022,onnx,320,1,33,37.667899996449705,26.547803304517974,1,0.838685154914856,
bench_detect_20260903_2022,onnx,320,1,34,34.95689999544993,28.6066556282211,2,0.8442750573158264,
bench_detect_20260903_2022,onnx,320,1,35,34.05409999686526,29.3650397482844,1,0.850351095199585,
bench_detect_20260903_2022,onnx,320,1,36,36.1854000002495,27.63545518339178,1,0.8418047428131104,
bench_detect_20260903_2022,onnx,320,1,37,36.37390000221785,27.49224031349474,1,0.8386183977127075,
bench_detect_20260903_2022,onnx,320,1,38,34.44399999716552,29.03263268152051,1,0.8658446669578552,
bench_detect_20260903_2022,onnx,320,1,39,33.53179999976419,29.82243720906818,2,0.856457531452179,
bench_detect_20260903_2022,onnx,320,1,40,32.925799998338334,30.371319756861396,1,0.8289919495582581,
bench_detect_20260903_2022,onnx,320,1,41,35.013599997910205,28.560330844577113,1,0.858521044254303,
bench_detect_20260903_2022,onnx,320,1,42,35.790399997495115,27.94045330786992,2,0.8730190396308899,
bench_detect_20260903_2022,onnx,320,1,43,38.59750000265194,25.9084137555876,1,0.8458724617958069,
bench_detect_20260903_2022,onnx,320,1,44,34.868599999754224,28.67909809992511,1,0.8432605266571045,
bench_detect_20260903_2022,onnx,320,1,45,31.94649999932153,31.302333589633847,1,0.8354377746582031,
bench_detect_20260903_2022,onnx,320,1,46,34.19840000424301,29.241134084516514,1,0.8780818581581116,
bench_detect_20260903_2022,onnx,320,1,47,35.24439999455353,28.373301862268452,1,0.8653022050857544,
bench_detect_20260903_2022,onnx,320,1,48,38.620999999693595,25.892649077132482,1,0.8466675281524658,
bench_detect_20260903_2022,onnx,320,1,49,33.42929999780608,29.91387794735841,1,0.8357389569282532,
bench_detect_20260903_2022,onnx,320,1,50,34.73389999999199,28.790317240512312,2,0.8686115145683289,
bench_detect_20260903_2022,onnx,320,1,51,36.937499993655365,27.072758041875243,1,0.8685365915298462,
bench_detect_20260903_2022,onnx,320,1,52,37.18300000036834,26.894010703549846,1,0.845445990562439,
bench_detect_20260903_2022,onnx,320,1,53,32.76720000576461,30.51832319588106,1,0.8381633758544922,
bench_detect_20260903_2022,onnx,320,1,54,35.671600002388004,28.033505644071358,1,0.8505581617355347,
bench_detect_20260903_2022,onnx,320,1,55,29.737299999396782,33.627800776139225,1,0.8439571261405945,
bench_detect_20260903_2022,onnx,320,1,56,30.668200000945944,32.60706529790322,1,0.837119460105896,
bench_detect_20260903_2022,onnx,320,1,57,40.22940000140807,24.857442566008917,1,0.8488036394119263,
bench_detect_20260903_2022,onnx,320,1,58,36.19980000075884,27.624462013023205,3,0.8435398936271667,
bench_detect_20260903_2022,onnx,320,1,59,29.901399997470435,33.44325015165166,1,0.8659918308258057,
bench_detect_20260903_2022,onnx,320,1,60,33.96709999651648,29.44025248262453,2,0.8362575769424438,
bench_detect_20260903_2022,onnx,320,1,61,34.51350000250386,28.97416952576391,1,0.8402531147003174,
bench_detect_20260903_2022,onnx,320,1,62,38.233799998124596,26.154868206902034,2,0.8753020167350769,
bench_detect_20260903_2022,onnx,320,1,63,31.365100003313273,31.882570114374396,1,0.8739726543426514,
bench_detect_20260903_2022,onnx,320,1,64,30.528299997968134,32.75649151988669,1,0.8813583850860596,
bench_detect_20260903_2022,onnx,320,1,65,29.51290000055451,33.883488236710434,1,0.8344632387161255,
bench_detect_20260903_2022,onnx,320,1,66,31.37159999459982,31.8759642534055,2,0.8658980131149292,
bench_detect_20260903_2022,onnx,320,1,67,33.518699994601775,29.834092615795097,1,0.8395222425460815,
bench_detect_20260903_2022,onnx,320,1,68,35.34489999583457,28.292624964785613,2,0.8659771084785461,
bench_detect_20260903_2022,onnx,320,1,69,31.745300002512522,31.50072608924325,1,0.866417407989502,
bench_detect_20260903_2022,onnx,320,1,70,34.16070000093896,29.273404818183277,1,0.8556604385375977,
bench_detect_20260903_2022,onnx,320,1,71,37.60949999559671,26.589026711790353,1,0.8706233501434326,
bench_detect_20260903_2022,onnx,320,1,72,36.12129999964964,27.684496405436672,1,0.8552780747413635,
bench_detect_20260903_2022,onnx,320,1,73,36.76019999693381,27.203334042889068,1,0.8395992517471313,
bench_detect_20260903_2022,onnx,320,1,74,32.12640000128886,31.127048158520147,1,0.8509736657142639,
bench_detect_20260903_2022,onnx,320,1,75,31.97809999983292,31.27140136547277,1,0.8412090539932251,
bench_detect_20260903_2022,onnx,320,1,76,31.91769999830285,31.330578332811346,2,0.855376124382019,
bench_detect_20260903_2022,onnx,320,1,77,33.22150000167312,30.10098881596669,1,0.858833372592926,
bench_detect_20260903_2022,onnx,320,1,78,31.002499999885913,32.2554632692099,1,0.8597094416618347,
bench_detect_20260903_2022,onnx,320,1,79,34.069799999997485,29.351507786957182,3,0.8422050476074219,
bench_detect_20260903_2022,onnx,320,1,80,32.51200000522658,30.75787401080344,1,0.8683744668960571,
bench_detect_20260903_2022,onnx,320,1,81,39.888699997391086,25.069756599372877,1,0.861799955368042,
bench_detect_20260903_2022,onnx,320,1,82,31.263600001693703,31.986079656399937,2,0.8524229526519775,
bench_detect_20260903_2022,onnx,320,1,83,31.222899997374043,32.027774488727935,1,0.8346436023712158,
bench_detect_20260903_2022,onnx,320,1,84,35.19609999784734,28.41223885774736,1,0.8658377528190613,
bench_detect_20260903_2022,onnx,320,1,85,85.99069999763742,11.629164549509131,1,0.8456016778945923,
bench_detect_20260903_2022,onnx,320,1,86,71.33329999487614,14.01869814058553,1,0.8533008694648743,
bench_detect_20260903_2022,onnx,320,1,87,92.66550000029383,10.791502770684117,1,0.8807278871536255,
bench_detect_20260903_2022,onnx,320,1,88,97.50779999740189,10.25558980949878,1,0.8535933494567871,
bench_detect_20260903_2022,onnx,320,1,89,91.96060000249417,10.874222220960691,1,0.8226962685585022,
bench_detect_20260903_2022,onnx,320,1,90,91.48819999973057,10.930371348468382,1,0.83518385887146,
bench_detect_20260903_2022,onnx,320,1,91,78.60179999988759,12.722354958810486,5,0.8622596263885498,
bench_detect_20260903_2022,onnx,320,1,92,81.3443000006373,12.293424370142288,1,0.8443489670753479,
bench_detect_20260903_2022,onnx,320,1,93,83.69880000100238,11.94760259392039,1,0.8922711610794067,
bench_detect_20260903_2022,onnx,320,1,94,92.7083999995375,10.786509097395584,1,0.83056640625,
bench_detect_20260903_2022,onnx,320,1,95,97.04819999751635,10.30415814023951,1,0.8475976586341858,
bench_detect_20260903_2022,onnx,320,1,96,93.7056000038865,10.671720793191914,1,0.8309311866760254,
bench_detect_20260903_2022,onnx,320,1,97,97.02020000258926,10.307131916583476,1,0.8784871697425842,
bench_detect_20260903_2022,onnx,320,1,98,86.9241000036709,11.504289373807365,1,0.8540769815444946,
bench_detect_20260903_2022,onnx,320,1,99,90.41139999317238,11.060552099353812,1,0.863140344619751,
bench_detect_20260903_2022,onnx,320,2,0,58.27320000389591,17.160547214382326,3,0.8670165538787842,
bench_detect_20260903_2022,onnx,320,2,1,58.381299997563474,17.12877239872587,1,0.8328515291213989,
bench_detect_20260903_2022,onnx,320,2,2,60.499700004584156,16.52900758060335,2,0.8697807192802429,
bench_detect_20260903_2022,onnx,320,2,3,64.17599999986123,15.582149090036186,1,0.8827570080757141,
bench_detect_20260903_2022,onnx,320,2,4,58.245399995939806,17.168737789932052,1,0.8138214349746704,
bench_detect_20260903_2022,onnx,320,2,5,82.1868999992148,12.167389206911976,1,0.8523721694946289,
bench_detect_20260903_2022,onnx,320,2,6,59.178900002734736,16.89791462757484,1,0.855189323425293,
bench_detect_20260903_2022,onnx,320,2,7,66.85619999916526,14.957475896214348,2,0.8453751802444458,
bench_detect_20260903_2022,onnx,320,2,8,57.43479999364354,17.41104696300279,1,0.8628569841384888,
bench_detect_20260903_2022,onnx,320,2,9,56.22160000348231,17.78675811321736,1,0.8440912365913391,
bench_detect_20260903_2022,onnx,320,2,10,74.98589999886462,13.335840471543866,1,0.831957995891571,
bench_detect_20260903_2022,onnx,320,2,11,58.81999999837717,17.001020061672726,2,0.8591516613960266,
bench_detect_20260903_2022,onnx,320,2,12,67.30919999972684,14.856810064657703,1,0.8425641059875488,
bench_detect_20260903_2022,onnx,320,2,13,60.32219999906374,16.577644714806837,2,0.8373713493347168,
bench_detect_20260903_2022,onnx,320,2,14,61.47709999640938,16.266219455023183,1,0.8705068826675415,
bench_detect_20260903_2022,onnx,320,2,15,70.89709999854676,14.104949285943965,1,0.8714592456817627,
bench_detect_20260903_2022,onnx,320,2,16,60.1537999973516,16.624053676476418,2,0.8616288900375366,
bench_detect_20260903_2022,onnx,320,2,17,57.97259999962989,17.24952822551316,3,0.8603709936141968,
bench_detect_20260903_2022,onnx,320,2,18,62.058399998932146,16.11385404743286,2,0.8776817321777344,
bench_detect_20260903_2022,onnx,320,2,19,57.2628999943845,17.463313944946297,1,0.8844539523124695,
bench_detect_20260903_2022,onnx,320,2,20,58.267399996111635,17.162255396100274,2,0.8719533681869507,
bench_detect_20260903_2022,onnx,320,2,21,56.64480000268668,17.65387114002644,1,0.857478141784668,
bench_detect_20260903_2022,onnx,320,2,22,58.780599996680394,17.01241566191013,1,0.8467496633529663,
bench_detect_20260903_2022,onnx,320,2,23,64.70320000516949,15.455186141027099,1,0.8392353057861328,
bench_detect_20260903_2022,onnx,320,2,24,61.60950000048615,16.231263035605046,1,0.866562008857727,
bench_detect_20260903_2022,onnx,320,2,25,56.14479999348987,17.811088473303894,3,0.8383882641792297,
bench_detect_20260903_2022,onnx,320,2,26,63.17509999644244,15.829021245020787,3,0.8507544994354248,
bench_detect_20260903_2022,onnx,320,2,27,58.172500001091976,17.1902531261546,1,0.8478227853775024,
bench_detect_20260903_2022,onnx,320,2,28,63.67379999574041,15.705046660744248,1,0.8780727386474609,
bench_detect_20260903_2022,onnx,320,2,29,60.568100001546554,16.510341251821764,1,0.8478468656539917,
bench_detect_20260903_2022,onnx,320,2,30,57.77699999453034,17.307925300632924,1,0.8513926267623901,
bench_detect_20260903_2022,onnx,320,2,31,56.2699000001885,17.771490619259144,1,0.8696877360343933,
bench_detect_20260903_2022,onnx,320,2,32,60.65239999588812,16.487393739865105,2,0.8461759090423584,
bench_detect_20260903_2022,onnx,320,2,33,58.57519999699434,17.072071457738307,1,0.838685154914856,
bench_detect_20260903_2022,onnx,320,2,34,61.383799999020994,16.29094321328997,2,0.8442750573158264,
bench_detect_20260903_2022,onnx,320,2,35,58.138799999142066,17.20021741100189,1,0.850351095199585,
bench_detect_20260903_2022,onnx,320,2,36,56.50930000410881,17.69620221675529,1,0.8418047428131104,
bench_detect_20260903_2022,onnx,320,2,37,57.2600000014063,17.46419839286483,1,0.8386183977127075,
bench_detect_20260903_2022,onnx,320,2,38,56.60050000005867,17.667688447963595,1,0.8658446669578552,
bench_detect_20260903_2022,onnx,320,2,39,59.46799999946961,16.815766462785344,2,0.856457531452179,
bench_detect_20260903_2022,onnx,320,2,40,70.19160000345437,14.246718979917635,1,0.8289919495582581,
bench_detect_20260903_2022,onnx,320,2,41,64.1572999957134,15.586690837469998,1,0.858521044254303,
bench_detect_20260903_2022,onnx,320,2,42,60.790600000473205,16.449911663846315,2,0.8730190396308899,
bench_detect_20260903_2022,onnx,320,2,43,65.88170000031823,15.178721860473692,1,0.8458724617958069,
bench_detect_20260903_2022,onnx,320,2,44,78.41389999521198,12.752841014935628,1,0.8432605266571045,
bench_detect_20260903_2022,onnx,320,2,45,64.68840000161435,15.45872211980887,1,0.8354377746582031,
bench_detect_20260903_2022,onnx,320,2,46,76.86960000137333,13.009043887078043,1,0.8780818581581116,
bench_detect_20260903_2022,onnx,320,2,47,61.91430000035325,16.151357602271116,1,0.8653022050857544,
bench_detect_20260903_2022,onnx,320,2,48,58.81499999668449,17.002465358435295,1,0.8466675281524658,
bench_detect_20260903_2022,onnx,320,2,49,69.04919999942649,14.48242702317052,1,0.8357389569282532,
bench_detect_20260903_2022,onnx,320,2,50,74.3709000016679,13.446119382413997,2,0.8686115145683289,
bench_detect_20260903_2022,onnx,320,2,51,74.93710000562714,13.34452494058228,1,0.8685365915298462,
bench_detect_20260903_2022,onnx,320,2,52,65.5040999990888,15.266219977282502,1,0.845445990562439,
bench_detect_20260903_2022,onnx,320,2,53,58.92619999940507,16.970379899095754,1,0.8381633758544922,
bench_detect_20260903_2022,onnx,320,2,54,60.53619999875082,16.51904149947693,1,0.8505581617355347,
bench_detect_20260903_2022,onnx,320,2,55,57.61530000017956,17.35650079053452,1,0.8439571261405945,
bench_detect_20260903_2022,onnx,320,2,56,67.4799000044004,14.819227650526889,1,0.837119460105896,
bench_detect_20260903_2022,onnx,320,2,57,64.00720000237925,15.62324238465092,1,0.8488036394119263,
bench_detect_20260903_2022,onnx,320,2,58,60.45210000593215,16.54202252530301,3,0.8435398936271667,
bench_detect_20260903_2022,onnx,320,2,59,77.16310000250814,12.959562277403261,1,0.8659918308258057,
bench_detect_20260903_2022,onnx,320,2,60,60.63949999952456,16.49090114542238,2,0.8362575769424438,
bench_detect_20260903_2022,onnx,320,2,61,64.80770000052871,15.43026523070317,1,0.8402531147003174,
bench_detect_20260903_2022,onnx,320,2,62,58.08149999938905,17.21718619544121,2,0.8753020167350769,
bench_detect_20260903_2022,onnx,320,2,63,69.48869999905583,14.390829012682458,1,0.8739726543426514,
bench_detect_20260903_2022,onnx,320,2,64,63.31649999629008,15.793671476765034,1,0.8813583850860596,
bench_detect_20260903_2022,onnx,320,2,65,56.1463999983971,17.810580910415425,1,0.8344632387161255,
bench_detect_20260903_2022,onnx,320,2,66,60.708899996825494,16.472049403831903,2,0.8658980131149292,
bench_detect_20260903_2022,onnx,320,2,67,68.28210000094259,14.64512661423998,1,0.8395222425460815,
bench_detect_20260903_2022,onnx,320,2,68,57.42469999677269,17.414109260583004,2,0.8659771084785461,
bench_detect_20260903_2022,onnx,320,2,69,59.75880000187317,16.733937093259144,1,0.866417407989502,
bench_detect_20260903_2022,onnx,320,2,70,58.38870000297902,17.12660155045376,1,0.8556604385375977,
bench_detect_20260903_2022,onnx,320,2,71,69.6140000000014,14.36492659522481,1,0.8706233501434326,
bench_detect_20260903_2022,onnx,320,2,72,69.93599999987055,14.29878746284962,1,0.8552780747413635,
bench_detect_20260903_2022,onnx,320,2,73,59.186600003158674,16.895716259197723,1,0.8395992517471313,
bench_detect_20260903_2022,onnx,320,2,74,59.38819999573752,16.83836183066288,1,0.8509736657142639,
bench_detect_20260903_2022,onnx,320,2,75,60.1639999949839,16.621235291592544,1,0.8412090539932251,
bench_detect_20260903_2022,onnx,320,2,76,58.952100000169594,16.962924136665585,2,0.855376124382019,
bench_detect_20260903_2022,onnx,320,2,77,62.82370000553783,15.91755977301323,1,0.858833372592926,
bench_detect_20260903_2022,onnx,320,2,78,69.87490000028629,14.311290606439549,1,0.8597094416618347,
bench_detect_20260903_2022,onnx,320,2,79,56.249999994179234,17.777777779617427,3,0.8422050476074219,
bench_detect_20260903_2022,onnx,320,2,80,60.18999999650987,16.614055491908708,1,0.8683744668960571,
bench_detect_20260903_2022,onnx,320,2,81,55.87930000183405,17.895714512658145,1,0.861799955368042,
bench_detect_20260903_2022,onnx,320,2,82,56.442900000547525,17.717020209633088,2,0.8524229526519775,
bench_detect_20260903_2022,onnx,320,2,83,70.92510000074981,14.099380896035793,1,0.8346436023712158,
bench_detect_20260903_2022,onnx,320,2,84,75.5732999969041,13.232186500271466,1,0.8658377528190613,
bench_detect_20260903_2022,onnx,320,2,85,73.88920000084909,13.533777601983898,1,0.8456016778945923,
bench_detect_20260903_2022,onnx,320,2,86,70.11870000133058,14.261530803922833,1,0.8533008694648743,
bench_detect_20260903_2022,onnx,320,2,87,65.01660000503762,15.380687392489271,1,0.8807278871536255,
bench_detect_20260903_2022,onnx,320,2,88,70.09580000158167,14.26618998538337,1,0.8535933494567871,
bench_detect_20260903_2022,onnx,320,2,89,63.68549999751849,15.702161403128892,1,0.8226962685585022,
bench_detect_20260903_2022,onnx,320,2,90,71.14019999426091,14.056749911873638,1,0.83518385887146,
bench_detect_20260903_2022,onnx,320,2,91,68.17089999822201,14.669015665424416,5,0.8622596263885498,
bench_detect_20260903_2022,onnx,320,2,92,74.56639999873005,13.410866020312515,1,0.8443489670753479,
bench_detect_20260903_2022,onnx,320,2,93,61.1914999972214,16.342139023318733,1,0.8922711610794067,
bench_detect_20260903_2022,onnx,320,2,94,66.62769999820739,15.008772628004643,1,0.83056640625,
bench_detect_20260903_2022,onnx,320,2,95,63.74589999904856,15.687283417677458,1,0.8475976586341858,
bench_detect_20260903_2022,onnx,320,2,96,53.363099999842234,18.739540993738302,1,0.8309311866760254,
bench_detect_20260903_2022,onnx,320,2,97,62.72700000408804,15.942098297939134,1,0.8784871697425842,
bench_detect_20260903_2022,onnx,320,2,98,61.31699999968987,16.308690901463834,1,0.8540769815444946,
bench_detect_20260903_2022,onnx,320,2,99,57.97010000242153,17.250272122322162,1,0.863140344619751,
bench_detect_20260903_2022,onnx,320,4,0,50.353200000245124,19.859711001388828,3,0.8670165538787842,
bench_detect_20260903_2022,onnx,320,4,1,55.04230000224197,18.167845456299396,1,0.8328515291213989,
bench_detect_20260903_2022,onnx,320,4,2,58.634799999708775,17.054718358465735,2,0.8697807192802429,
bench_detect_20260903_2022,onnx,320,4,3,50.82910000055563,19.673769553052654,1,0.8827570080757141,
bench_detect_20260903_2022,onnx,320,4,4,54.49809999845456,18.34926355282767,1,0.8138214349746704,
bench_detect_20260903_2022,onnx,320,4,5,57.38239999482175,17.42694624292886,1,0.8523721694946289,
bench_detect_20260903_2022,onnx,320,4,6,56.051099993055686,17.840863071802204,1,0.855189323425293,
bench_detect_20260903_2022,onnx,320,4,7,60.67130000155885,16.482257673303632,2,0.8453751802444458,
bench_detect_20260903_2022,onnx,320,4,8,58.12419999710983,17.204537869763783,1,0.8628569841384888,
bench_detect_20260903_2022,onnx,320,4,9,58.27090000093449,17.161224556064226,1,0.8440912365913391,
bench_detect_20260903_2022,onnx,320,4,10,51.693999994313344,19.34460479185217,1,0.831957995891571,
bench_detect_20260903_2022,onnx,320,4,11,55.55620000086492,17.999791202141825,2,0.8591516613960266,
bench_detect_20260903_2022,onnx,320,4,12,60.0127999932738,16.66311187133544,1,0.8425641059875488,
bench_detect_20260903_2022,onnx,320,4,13,58.00270000327146,17.24057673080043,2,0.8373713493347168,
bench_detect_20260903_2022,onnx,320,4,14,58.38509999739472,17.12765757093201,1,0.8705068826675415,
bench_detect_20260903_2022,onnx,320,4,15,43.275900003209244,23.10754946577292,1,0.8714592456817627,
bench_detect_20260903_2022,onnx,320,4,16,33.32329999830108,30.009032720378322,2,0.8616288900375366,
bench_detect_20260903_2022,onnx,320,4,17,31.445999993593432,31.800546975886675,3,0.8603709936141968,
bench_detect_20260903_2022,onnx,320,4,18,30.56769999966491,32.71427029220263,2,0.8776817321777344,
bench_detect_20260903_2022,onnx,320,4,19,29.676199999812525,33.69703668280701,1,0.8844539523124695,
bench_detect_20260903_2022,onnx,320,4,20,24.708699995244388,40.47157479723608,2,0.8719533681869507,
bench_detect_20260903_2022,onnx,320,4,21,25.843799994618166,38.69400011640102,1,0.857478141784668,
bench_detect_20260903_2022,onnx,320,4,22,19.580000000132713,51.07252298228917,1,0.8467496633529663,
bench_detect_20260903_2022,onnx,320,4,23,24.053000001003966,41.574855525641716,1,0.8392353057861328,
bench_detect_20260903_2022,onnx,320,4,24,23.223000003781635,43.060758723556816,1,0.866562008857727,
bench_detect_20260903_2022,onnx,320,4,25,25.285399999120273,39.54851416369889,3,0.8383882641792297,
bench_detect_20260903_2022,onnx,320,4,26,22.671900005661882,44.10746341287094,3,0.8507544994354248,
bench_detect_20260903_2022,onnx,320,4,27,23.589299999002833,42.39210150543984,1,0.8478227853775024,
bench_detect_20260903_2022,onnx,320,4,28,26.281999998900574,38.048854731064296,1,0.8780727386474609,
bench_detect_20260903_2022,onnx,320,4,29,25.938099999621045,38.55332503208061,1,0.8478468656539917,
bench_detect_20260903_2022,onnx,320,4,30,24.926700003561564,40.11762487040477,1,0.8513926267623901,
bench_detect_20260903_2022,onnx,320,4,31,27.685199995175935,36.120382015454,1,0.8696877360343933,
bench_detect_20260903_2022,onnx,320,4,32,27.07090000330936,36.94003523627778,2,0.8461759090423584,
bench_detect_20260903_2022,onnx,320,4,33,25.533799998811446,39.16377507643,1,0.838685154914856,
bench_detect_20260903_2022,onnx,320,4,34,29.738500001258217,33.62644383400947,2,0.8442750573158264,
bench_detect_20260903_2022,onnx,320,4,35,27.14939999714261,36.83322652085302,1,0.850351095199585,
bench_detect_20260903_2022,onnx,320,4,36,24.64989999862155,40.5681158972621,1,0.8418047428131104,
bench_detect_20260903_2022,onnx,320,4,37,19.96800000051735,50.08012820383068,1,0.8386183977127075,
bench_detect_20260903_2022,onnx,320,4,38,24.006000006920658,41.656252591506764,1,0.8658446669578552,
bench_detect_20260903_2022,onnx,320,4,39,23.564799994346686,42.43617600148973,2,0.856457531452179,
bench_detect_20260903_2022,onnx,320,4,40,24.854700001014862,40.233839071047655,1,0.8289919495582581,
bench_detect_20260903_2022,onnx,320,4,41,24.002600002859253,41.662153261766534,1,0.858521044254303,
bench_detect_20260903_2022,onnx,320,4,42,24.650000006658956,40.567951307499385,2,0.8730190396308899,
bench_detect_20260903_2022,onnx,320,4,43,22.998799999186303,43.48052942046454,1,0.8458724617958069,
bench_detect_20260903_2022,onnx,320,4,44,21.92069999728119,45.61898115133319,1,0.8432605266571045,
bench_detect_20260903_2022,onnx,320,4,45,22.111800004495308,45.224721632644155,1,0.8354377746582031,
bench_detect_20260903_2022,onnx,320,4,46,22.50829999684356,44.428055434672295,1,0.8780818581581116,
bench_detect_20260903_2022,onnx,320,4,47,23.939599996083416,41.77179235089988,1,0.8653022050857544,
bench_detect_20260903_2022,onnx,320,4,48,22.383399998943787,44.67596522633681,1,0.8466675281524658,
bench_detect_20260903_2022,onnx,320,4,49,23.365799999737646,42.797593063846655,1,0.8357389569282532,
bench_detect_20260903_2022,onnx,320,4,50,23.270099998626392,42.97360131924783,2,0.8686115145683289,
bench_detect_20260903_2022,onnx,320,4,51,21.311500000592787,46.92302277982238,1,0.8685365915298462,
bench_detect_20260903_2022,onnx,320,4,52,19.187700003385544,52.11672059827684,1,0.845445990562439,
bench_detect_20260903_2022,onnx,320,4,53,20.770899995113723,48.14427878595758,1,0.8381633758544922,
bench_detect_20260903_2022,onnx,320,4,54,22.664200005237944,44.1224486092114,1,0.8505581617355347,
bench_detect_20260903_2022,onnx,320,4,55,22.642600000835955,44.16453940638798,1,0.8439571261405945,
bench_detect_20260903_2022,onnx,320,4,56,23.19320000242442,43.11608574476435,1,0.837119460105896,
bench_detect_20260903_2022,onnx,320,4,57,23.417599993990734,42.70292430721394,1,0.8488036394119263,
bench_detect_20260903_2022,onnx,320,4,58,24.885999999241903,40.18323555535091,3,0.8435398936271667,
bench_detect_20260903_2022,onnx,320,4,59,23.26539999921806,42.98228270451441,1,0.8659918308258057,
bench_detect_20260903_2022,onnx,320,4,60,23.191499996755738,43.11924628160706,2,0.8362575769424438,
bench_detect_20260903_2022,onnx,320,4,61,24.0304000035394,41.6139556500396,1,0.8402531147003174,
bench_detect_20260903_2022,onnx,320,4,62,19.74060000065947,50.6570215680675,2,0.8753020167350769,
bench_detect_20260903_2022,onnx,320,4,63,21.44640000187792,46.627872272849366,1,0.8739726543426514,
bench_detect_20260903_2022,onnx,320,4,64,22.337800000968855,44.76716596784944,1,0.8813583850860596,
bench_detect_20260903_2022,onnx,320,4,65,19.681999998283572,50.80784473565735,1,0.8344632387161255,
bench_detect_20260903_2022,onnx,320,4,66,17.928900000697467,55.775870240845684,2,0.8658980131149292,
bench_detect_20260903_2022,onnx,320,4,67,22.15019999857759,45.14631922349309,1,0.8395222425460815,
bench_detect_20260903_2022,onnx,320,4,68,22.86360000289278,43.73764411000352,2,0.8659771084785461,
bench_detect_20260903_2022,onnx,320,4,69,24.04519999981858,41.58834195629668,1,0.866417407989502,
bench_detect_20260903_2022,onnx,320,4,70,22.659799993562046,44.13101617331633,1,0.8556604385375977,
bench_detect_20260903_2022,onnx,320,4,71,18.781799997668713,53.24303315572122,1,0.8706233501434326,
bench_detect_20260903_2022,onnx,320,4,72,22.67099999880884,44.109214417208825,1,0.8552780747413635,
bench_detect_20260903_2022,onnx,320,4,73,21.77059999667108,45.93350666278876,1,0.8395992517471313,
bench_detect_20260903_2022,onnx,320,4,74,23.234899999806657,43.03870470750127,1,0.8509736657142639,
bench_detect_20260903_2022,onnx,320,4,75,19.876900005328935,50.30965591877522,1,0.8412090539932251,
bench_detect_20260903_2022,onnx,320,4,76,23.213200001919176,43.07893784214688,2,0.855376124382019,
bench_detect_20260903_2022,onnx,320,4,77,20.582099998136982,48.58590717616358,1,0.858833372592926,
bench_detect_20260903_2022,onnx,320,4,78,20.53229999728501,48.70374970812964,1,0.8597094416618347,
bench_detect_20260903_2022,onnx,320,4,79,27.151199996296782,36.83078464805948,3,0.8422050476074219,
bench_detect_20260903_2022,onnx,320,4,80,27.094900004158262,36.90731465502843,1,0.8683744668960571,
bench_detect_20260903_2022,onnx,320,4,81,27.53149999625748,36.32203113291815,1,0.861799955368042,
bench_detect_20260903_2022,onnx,320,4,82,26.020999997854233,38.43049844673391,2,0.8524229526519775,
bench_detect_20260903_2022,onnx,320,4,83,21.85970000573434,45.746281958932435,1,0.8346436023712158,
bench_detect_20260903_2022,onnx,320,4,84,21.988199994666502,45.478938714517874,1,0.8658377528190613,
bench_detect_20260903_2022,onnx,320,4,85,25.36560000589816,39.42347114862152,1,0.8456016778945923,
bench_detect_20260903_2022,onnx,320,4,86,24.515400000382215,40.79068666978345,1,0.8533008694648743,
bench_detect_20260903_2022,onnx,320,4,87,25.328600000648294,39.48106093405892,1,0.8807278871536255,
bench_detect_20260903_2022,onnx,320,4,88,24.978800000099,40.033948788414044,1,0.8535933494567871,
bench_detect_20260903_2022,onnx,320,4,89,26.786599999468308,37.33209888600454,1,0.8226962685585022,
bench_detect_20260903_2022,onnx,320,4,90,24.416300002485514,40.95624643775685,1,0.83518385887146,
bench_detect_20260903_2022,onnx,320,4,91,24.711899997782893,40.46633403703148,5,0.8622596263885498,
bench_detect_20260903_2022,onnx,320,4,92,23.544700001366436,42.4724035533247,1,0.8443489670753479,
bench_detect_20260903_2022,onnx,320,4,93,22.58599999913713,44.275214736482944,1,0.8922711610794067,
bench_detect_20260903_2022,onnx,320,4,94,23.520499998994637,42.51610297581872,1,0.83056640625,
bench_detect_20260903_2022,onnx,320,4,95,23.467899998649955,42.61139684665127,1,0.8475976586341858,
bench_detect_20260903_2022,onnx,320,4,96,24.337299997569062,41.08919231385097,1,0.8309311866760254,
bench_detect_20260903_2022,onnx,320,4,97,23.451399996702094,42.64137749305488,1,0.8784871697425842,
bench_detect_20260903_2022,onnx,320,4,98,23.737800001981668,42.12690307932995,1,0.8540769815444946,
bench_detect_20260903_2022,onnx,320,4,99,23.368000001937617,42.793563844448926,1,0.863140344619751,
bench_detect_20260903_2022,onnx,640,1,0,255.85460000002058,3.9084698887568154,1,0.8214688301086426,
bench_detect_20260903_2022,onnx,640,1,1,221.68389999569627,4.510927496401019,1,0.812147855758667,
bench_detect_20260903_2022,onnx,640,1,2,173.70200000004843,5.7569861026339435,1,0.8395455479621887,
bench_detect_20260903_2022,onnx,640,1,3,198.79219999711495,5.030378455565726,1,0.8316104412078857,
bench_detect_20260903_2022,onnx,640,1,4,242.57850000140024,4.12237688003771,1,0.7443010807037354,
bench_detect_20260903_2022,onnx,640,1,5,166.96789999696193,5.989175164916103,1,0.8330690860748291,
bench_detect_20260903_2022,onnx,640,1,6,245.27920000400627,4.076986552400964,1,0.8096311092376709,
bench_detect_20260903_2022,onnx,640,1,7,132.30299999850104,7.558407594773586,2,0.8250116109848022,
bench_detect_20260903_2022,onnx,640,1,8,225.75540000252659,4.42957289167306,1,0.8489115238189697,
bench_detect_20260903_2022,onnx,640,1,9,152.7672999945935,6.5459034756481955,1,0.8309528827667236,
bench_detect_20260903_2022,onnx,640,1,10,159.69770000083372,6.261830946812505,1,0.8210679292678833,
bench_detect_20260903_2022,onnx,640,1,11,132.36719999986235,7.554741658062118,1,0.8629555702209473,
bench_detect_20260903_2022,onnx,640,1,12,133.4428999980446,7.493841935499405,1,0.842363715171814,
bench_detect_20260903_2022,onnx,640,1,13,141.49880000331905,7.067197742853958,2,0.825884997844696,
bench_detect_20260903_2022,onnx,640,1,14,130.26340000214987,7.676753408735654,1,0.8677326440811157,
bench_detect_20260903_2022,onnx,640,1,15,142.7862999989884,7.003473022321362,1,0.861142635345459,
bench_detect_20260903_2022,onnx,640,1,16,153.42640000017127,6.517783119455867,2,0.8343461751937866,
bench_detect_20260903_2022,onnx,640,1,17,152.6380000068457,6.55144852497511,3,0.839414656162262,
bench_detect_20260903_2022,onnx,640,1,18,134.141800001089,7.454797833277038,2,0.8466666340827942,
bench_detect_20260903_2022,onnx,640,1,19,154.6133000010741,6.467748893484927,1,0.8641484975814819,
bench_detect_20260903_2022,onnx,640,1,20,141.3477999958559,7.0747475378415405,2,0.8630983829498291,
bench_detect_20260903_2022,onnx,640,1,21,135.5409999960102,7.377841391382947,1,0.8406504392623901,
bench_detect_20260903_2022,onnx,640,1,22,127.93560000136495,7.816432642589952,1,0.8391133546829224,
bench_detect_20260903_2022,onnx,640,1,23,144.65399999608053,6.913047686390252,1,0.8192139863967896,
bench_detect_20260903_2022,onnx,640,1,24,157.1269999985816,6.364278577259332,1,0.8192445635795593,
bench_detect_20260903_2022,onnx,640,1,25,146.09009999549016,6.845090803763364,2,0.8416056632995605,
bench_detect_20260903_2022,onnx,640,1,26,158.22929999558255,6.319942008388573,3,0.8323211669921875,
bench_detect_20260903_2022,onnx,640,1,27,123.16350000037346,8.119288587909306,1,0.8368035554885864,
bench_detect_20260903_2022,onnx,640,1,28,131.09670000267215,7.627957072753295,1,0.8446122407913208,
bench_detect_20260903_2022,onnx,640,1,29,156.334399995103,6.396544842538327,1,0.8436522483825684,
bench_detect_20260903_2022,onnx,640,1,30,135.94079999893438,7.356143262418927,1,0.8377926349639893,
bench_detect_20260903_2022,onnx,640,1,31,131.38859999889974,7.611010392137325,1,0.8432223796844482,
bench_detect_20260903_2022,onnx,640,1,32,137.72590000007767,7.260798440957264,1,0.8313404321670532,
bench_detect_20260903_2022,onnx,640,1,33,155.60560000449186,6.42650393026429,1,0.8367631435394287,
bench_detect_20260903_2022,onnx,640,1,34,141.90220000455156,7.047107091841597,1,0.7940600514411926,
bench_detect_20260903_2022,onnx,640,1,35,135.3525999948033,7.388110756929632,1,0.8441817760467529,
bench_detect_20260903_2022,onnx,640,1,36,145.0358999936725,6.894844656003287,1,0.8246177434921265,
bench_detect_20260903_2022,onnx,640,1,37,176.6122000044561,5.662123001552379,1,0.8456279039382935,
bench_detect_20260903_2022,onnx,640,1,38,187.76880000223173,5.325698412026463,1,0.8481340408325195,
bench_detect_20260903_2022,onnx,640,1,39,133.9194000029238,7.467178018854382,2,0.8228013515472412,
bench_detect_20260903_2022,onnx,640,1,40,136.67760000680573,7.316487851339254,1,0.811850368976593,
bench_detect_20260903_2022,onnx,640,1,41,165.5962000004365,6.0387859141536095,1,0.848019003868103,
bench_detect_20260903_2022,onnx,640,1,42,202.51499999722,4.937905834203527,2,0.8532116413116455,
bench_detect_20260903_2022,onnx,640,1,43,161.73169999819947,6.183079754996286,1,0.8299169540405273,
bench_detect_20260903_2022,onnx,640,1,44,161.20070000033593,6.203447007351184,1,0.7718535661697388,
bench_detect_20260903_2022,onnx,640,1,45,123.69010000111302,8.084721412554453,1,0.8479881882667542,
bench_detect_20260903_2022,onnx,640,1,46,124.53310000273632,8.02999363203861,1,0.8480563163757324,
bench_detect_20260903_2022,onnx,640,1,47,173.4375000014552,5.765765765717389,1,0.8432231545448303,
bench_detect_20260903_2022,onnx,640,1,48,225.83450000092853,4.428021405037266,1,0.815872073173523,
bench_detect_20260903_2022,onnx,640,1,49,282.0692000022973,3.5452293266753534,1,0.7787197232246399,
bench_detect_20260903_2022,onnx,640,1,50,129.82230000488926,7.702836877503625,2,0.8698760271072388,
bench_detect_20260903_2022,onnx,640,1,51,216.705799997726,4.614551156501088,1,0.8253887891769409,
bench_detect_20260903_2022,onnx,640,1,52,207.06230000359938,4.829464368852355,1,0.8267799615859985,
bench_detect_20260903_2022,onnx,640,1,53,199.8983000012231,5.002543793488396,1,0.8350735902786255,
bench_detect_20260903_2022,onnx,640,1,54,183.6087999981828,5.446362048060317,1,0.842432975769043,
bench_detect_20260903_2022,onnx,640,1,55,230.90550000051735,4.330776010089666,1,0.853783130645752,
bench_detect_20260903_2022,onnx,640,1,56,267.4283000014839,3.739320034545526,1,0.8273897171020508,
bench_detect_20260903_2022,onnx,640,1,57,196.15039999916917,5.098128782833151,1,0.8261759877204895,
bench_detect_20260903_2022,onnx,640,1,58,245.19660000078147,4.078359977246066,2,0.8604758977890015,
bench_detect_20260903_2022,onnx,640,1,59,152.45310000318568,6.559394331627916,1,0.8189926147460938,
bench_detect_20260903_2022,onnx,640,1,60,161.9535999998334,6.174608035888235,2,0.8329588770866394,
bench_detect_20260903_2022,onnx,640,1,61,169.5980000004056,5.8962959468720655,1,0.8284343481063843,
bench_detect_20260903_2022,onnx,640,1,62,150.4309000010835,6.6475704126798245,2,0.8373318910598755,
bench_detect_20260903_2022,onnx,640,1,63,139.65470000403002,7.16051804895319,1,0.8421447277069092,
bench_detect_20260903_2022,onnx,640,1,64,140.6972999975551,7.107456930711372,1,0.8202601075172424,
bench_detect_20260903_2022,onnx,640,1,65,147.48759999929462,6.780231016063606,1,0.8330275416374207,
bench_detect_20260903_2022,onnx,640,1,66,157.4800999951549,6.350008667957199,2,0.8189750909805298,
bench_detect_20260903_2022,onnx,640,1,67,150.85430000181077,6.628912798561238,1,0.8267172574996948,
bench_detect_20260903_2022,onnx,640,1,68,151.77150000090478,6.588852320719229,2,0.8485020399093628,
bench_detect_20260903_2022,onnx,640,1,69,158.33070000371663,6.315894516834235,1,0.8594738841056824,
bench_detect_20260903_2022,onnx,640,1,70,138.09320000291336,7.241486184539883,1,0.857597827911377,
bench_detect_20260903_2022,onnx,640,1,71,144.43369999935385,6.923591931830824,1,0.8561351299285889,
bench_detect_20260903_2022,onnx,640,1,72,128.18939999851864,7.800957021497535,1,0.8265813589096069,
bench_detect_20260903_2022,onnx,640,1,73,133.58770000195364,7.485719119240586,1,0.8261643648147583,
bench_detect_20260903_2022,onnx,640,1,74,142.2510999982478,7.029822616572509,1,0.8381205797195435,
bench_detect_20260903_2022,onnx,640,1,75,139.21870000194758,7.1829430959060145,1,0.8184213638305664,
bench_detect_20260903_2022,onnx,640,1,76,131.1160999975982,7.626828436922072,2,0.8448441028594971,
bench_detect_20260903_2022,onnx,640,1,77,156.7425999965053,6.379886514720923,1,0.8476138114929199,
bench_detect_20260903_2022,onnx,640,1,78,143.78570000553736,6.954794530759935,1,0.8524564504623413,
bench_detect_20260903_2022,onnx,640,1,79,163.45279999950435,6.117974118540841,4,0.8396109342575073,
bench_detect_20260903_2022,onnx,640,1,80,213.70919999753824,4.679255736353508,1,0.8314977288246155,
bench_detect_20260903_2022,onnx,640,1,81,207.93800000683405,4.809125796954545,1,0.827151358127594,
bench_detect_20260903_2022,onnx,640,1,82,239.87089999718592,4.168909192451989,2,0.8298345804214478,
bench_detect_20260903_2022,onnx,640,1,83,260.53260000480805,3.8382912540754797,1,0.8219830989837646,
bench_detect_20260903_2022,onnx,640,1,84,261.8898000000627,3.8183999529563986,1,0.8257669806480408,
bench_detect_20260903_2022,onnx,640,1,85,264.9059000032139,3.7749253602425155,1,0.8114612102508545,
bench_detect_20260903_2022,onnx,640,1,86,143.5083000033046,6.968238073874282,1,0.8388513326644897,
bench_detect_20260903_2022,onnx,640,1,87,139.27840000542346,7.179864214128395,1,0.8571672439575195,
bench_detect_20260903_2022,onnx,640,1,88,186.5583999970113,5.360251803274579,1,0.8460313081741333,
bench_detect_20260903_2022,onnx,640,1,89,191.20160000602482,5.2300817564732185,1,0.7928652763366699,
bench_detect_20260903_2022,onnx,640,1,90,255.99579999834532,3.9063140879907547,1,0.8154222965240479,
bench_detect_20260903_2022,onnx,640,1,91,246.164600001066,4.062322527266998,6,0.8506507873535156,
bench_detect_20260903_2022,onnx,640,1,92,167.3000000009779,5.977286311979408,1,0.8413549065589905,
bench_detect_20260903_2022,onnx,640,1,93,206.21680000476772,4.8492654331600535,1,0.8516277074813843,
bench_detect_20260903_2022,onnx,640,1,94,134.07379999989644,7.458578782735869,1,0.8222675323486328,
bench_detect_20260903_2022,onnx,640,1,95,153.7358999994467,6.5046615657344775,1,0.8292025923728943,
bench_detect_20260903_2022,onnx,640,1,96,159.18329999840353,6.282066020807642,1,0.807289183139801,
bench_detect_20260903_2022,onnx,640,1,97,141.51790000323672,7.066243916685653,1,0.8510770797729492,
bench_detect_20260903_2022,onnx,640,1,98,143.1975000014063,6.983362139633578,1,0.8391404151916504,
bench_detect_20260903_2022,onnx,640,1,99,143.00079999520676,6.992967871742808,1,0.849768877029419,
bench_detect_20260903_2022,onnx,640,2,0,106.94360000343295,9.35072318463096,1,0.8214688301086426,
bench_detect_20260903_2022,onnx,640,2,1,113.35310000140453,8.821990752679982,1,0.812147855758667,
bench_detect_20260903_2022,onnx,640,2,2,86.88339999935124,11.509678488727042,1,0.8395455479621887,
bench_detect_20260903_2022,onnx,640,2,3,106.43789999448927,9.395149660522936,1,0.8316104412078857,
bench_detect_20260903_2022,onnx,640,2,4,136.5804999950342,7.321689406879885,1,0.7443010807037354,
bench_detect_20260903_2022,onnx,640,2,5,143.06149999902118,6.990000803897917,1,0.8330690860748291,
bench_detect_20260903_2022,onnx,640,2,6,142.81980000669137,7.001830278106734,1,0.8096311092376709,
bench_detect_20260903_2022,onnx,640,2,7,119.91190000117058,8.339455883779992,2,0.8250116109848022,
bench_detect_20260903_2022,onnx,640,2,8,106.26790000242181,9.410179367214468,1,0.8489115238189697,
bench_detect_20260903_2022,onnx,640,2,9,112.5460999974166,8.885247911948563,1,0.8309528827667236,
bench_detect_20260903_2022,onnx,640,2,10,119.66489999758778,8.356669332612638,1,0.8210679292678833,
bench_detect_20260903_2022,onnx,640,2,11,104.38869999779854,9.579580931854588,1,0.8629555702209473,
bench_detect_20260903_2022,onnx,640,2,12,108.90990000189049,9.181901736964607,1,0.842363715171814,
bench_detect_20260903_2022,onnx,640,2,13,97.08089999912772,10.30068736496041,2,0.825884997844696,
bench_detect_20260903_2022,onnx,640,2,14,107.10819999803789,9.336353332595626,1,0.8677326440811157,
bench_detect_20260903_2022,onnx,640,2,15,96.40379999473225,10.373035088395296,1,0.861142635345459,
bench_detect_20260903_2022,onnx,640,2,16,117.05069999879925,8.543306447635583,2,0.8343461751937866,
bench_detect_20260903_2022,onnx,640,2,17,140.74569999502273,7.105012799931817,3,0.839414656162262,
bench_detect_20260903_2022,onnx,640,2,18,199.391200003447,5.015266471051442,2,0.8466666340827942,
bench_detect_20260903_2022,onnx,640,2,19,116.24070000107167,8.602838764656275,1,0.8641484975814819,
bench_detect_20260903_2022,onnx,640,2,20,96.42160000657896,10.371120163239034,2,0.8630983829498291,
bench_detect_20260903_2022,onnx,640,2,21,100.1819000011892,9.981843027414428,1,0.8406504392623901,
bench_detect_20260903_2022,onnx,640,2,22,144.75880000100005,6.908042896135444,1,0.8391133546829224,
bench_detect_20260903_2022,onnx,640,2,23,109.39499999949476,9.141185611816066,1,0.8192139863967896,
bench_detect_20260903_2022,onnx,640,2,24,115.0536999994074,8.69159357765244,1,0.8192445635795593,
bench_detect_20260903_2022,onnx,640,2,25,101.2334999977611,9.878152983173715,2,0.8416056632995605,
bench_detect_20260903_2022,onnx,640,2,26,149.20980000169948,6.7019726585560075,3,0.8323211669921875,
bench_detect_20260903_2022,onnx,640,2,27,177.78479999833507,5.624777821328735,1,0.8368035554885864,
bench_detect_20260903_2022,onnx,640,2,28,113.83170000044629,8.78489910979173,1,0.8446122407913208,
bench_detect_20260903_2022,onnx,640,2,29,112.9335000005085,8.854768514174246,1,0.8436522483825684,
bench_detect_20260903_2022,onnx,640,2,30,98.98770000290824,10.102265230635929,1,0.8377926349639893,
bench_detect_20260903_2022,onnx,640,2,31,111.8787000013981,8.938251874463177,1,0.8432223796844482,
bench_detect_20260903_2022,onnx,640,2,32,193.18409999686992,5.176409445788772,1,0.8313404321670532,
bench_detect_20260903_2022,onnx,640,2,33,152.2608000013861,6.567678614527814,1,0.8367631435394287,
bench_detect_20260903_2022,onnx,640,2,34,91.43169999879319,10.937125745372764,1,0.7940600514411926,
bench_detect_20260903_2022,onnx,640,2,35,88.9443999985815,11.242978759943831,1,0.8441817760467529,
bench_detect_20260903_2022,onnx,640,2,36,111.35199999989709,8.980530210511928,1,0.8246177434921265,
bench_detect_20260903_2022,onnx,640,2,37,112.55309999978635,8.884695312718158,1,0.8456279039382935,
bench_detect_20260903_2022,onnx,640,2,38,100.63730000547366,9.936673578738798,1,0.8481340408325195,
bench_detect_20260903_2022,onnx,640,2,39,115.22429999604356,8.6787248873227,2,0.8228013515472412,
bench_detect_20260903_2022,onnx,640,2,40,108.82909999781987,9.188718826306866,1,0.811850368976593,
bench_detect_20260903_2022,onnx,640,2,41,137.45900000503752,7.274896514330473,1,0.848019003868103,
bench_detect_20260903_2022,onnx,640,2,42,93.3932999978424,10.707406206045853,2,0.8532116413116455,
bench_detect_20260903_2022,onnx,640,2,43,142.38099999784026,7.023409022377766,1,0.8299169540405273,
bench_detect_20260903_2022,onnx,640,2,44,120.20279999705963,8.319273760881291,1,0.7718535661697388,
bench_detect_20260903_2022,onnx,640,2,45,103.8951000009547,9.62509300237269,1,0.8479881882667542,
bench_detect_20260903_2022,onnx,640,2,46,112.4370000034105,8.893869455514354,1,0.8480563163757324,
bench_detect_20260903_2022,onnx,640,2,47,112.75259999820264,8.868975083642779,1,0.8432231545448303,
bench_detect_20260903_2022,onnx,640,2,48,101.24240000004647,9.877284615927131,1,0.815872073173523,
bench_detect_20260903_2022,onnx,640,2,49,147.60309999837773,6.7749254589571,1,0.7787197232246399,
bench_detect_20260903_2022,onnx,640,2,50,101.05230000044685,9.895865804099245,2,0.8698760271072388,
bench_detect_20260903_2022,onnx,640,2,51,117.12270000134595,8.538054535871426,1,0.8253887891769409,
bench_detect_20260903_2022,onnx,640,2,52,110.07979999703821,9.084318830765552,1,0.8267799615859985,
bench_detect_20260903_2022,onnx,640,2,53,156.98430000338703,6.3700637578307155,1,0.8350735902786255,
bench_detect_20260903_2022,onnx,640,2,54,105.5393000060576,9.475143382063395,1,0.842432975769043,
bench_detect_20260903_2022,onnx,640,2,55,89.11299999454059,11.221707271231626,1,0.853783130645752,
bench_detect_20260903_2022,onnx,640,2,56,161.85069999482948,6.178533673514827,1,0.8273897171020508,
bench_detect_20260903_2022,onnx,640,2,57,167.22920000029262,5.979816921914654,1,0.8261759877204895,
bench_detect_20260903_2022,onnx,640,2,58,158.42990000237478,6.311939854692899,2,0.8604758977890015,
bench_detect_20260903_2022,onnx,640,2,59,160.6876999940141,6.223251686577452,1,0.8189926147460938,
bench_detect_20260903_2022,onnx,640,2,60,125.3320000032545,7.978808284987337,2,0.8329588770866394,
bench_detect_20260903_2022,onnx,640,2,61,150.54539999982808,6.642514484010418,1,0.8284343481063843,
bench_detect_20260903_2022,onnx,640,2,62,142.5184999970952,7.016632928499682,2,0.8373318910598755,
bench_detect_20260903_2022,onnx,640,2,63,108.12920000171289,9.248195676876911,1,0.8421447277069092,
bench_detect_20260903_2022,onnx,640,2,64,117.20010000135517,8.532415927874098,1,0.8202601075172424,
bench_detect_20260903_2022,onnx,640,2,65,99.81530000368366,10.018504176845585,1,0.8330275416374207,
bench_detect_20260903_2022,onnx,640,2,66,105.34020000341116,9.49305203490802,2,0.8189750909805298,
bench_detect_20260903_2022,onnx,640,2,67,127.22149999899557,7.860306630623716,1,0.8267172574996948,
bench_detect_20260903_2022,onnx,640,2,68,97.4214000016218,10.264685171670214,2,0.8485020399093628,
bench_detect_20260903_2022,onnx,640,2,69,152.60350000608014,6.552929650762644,1,0.8594738841056824,
bench_detect_20260903_2022,onnx,640,2,70,105.42759999952978,9.485182248334024,1,0.857597827911377,
bench_detect_20260903_2022,onnx,640,2,71,117.50369999936083,8.510370311789668,1,0.8561351299285889,
bench_detect_20260903_2022,onnx,640,2,72,140.0352999989991,7.141056576499978,1,0.8265813589096069,
bench_detect_20260903_2022,onnx,640,2,73,182.89850000292063,5.4675134021549185,1,0.8261643648147583,
bench_detect_20260903_2022,onnx,640,2,74,113.79049999959534,8.788079848524756,1,0.8381205797195435,
bench_detect_20260903_2022,onnx,640,2,75,86.69550000195159,11.534624057505743,1,0.8184213638305664,
bench_detect_20260903_2022,onnx,640,2,76,83.30669999850215,12.003836426337616,2,0.8448441028594971,
bench_detect_20260903_2022,onnx,640,2,77,93.61119999812217,10.68248243821316,1,0.8476138114929199,
bench_detect_20260903_2022,onnx,640,2,78,111.84180000418564,8.941200874472472,1,0.8524564504623413,
bench_detect_20260903_2022,onnx,640,2,79,108.12399999849731,9.248640449982407,4,0.8396109342575073,
bench_detect_20260903_2022,onnx,640,2,80,96.2574000004679,10.388811665338343,1,0.8314977288246155,
bench_detect_20260903_2022,onnx,640,2,81,89.5340999995824,11.168928933274184,1,0.827151358127594,
bench_detect_20260903_2022,onnx,640,2,82,88.44339999632211,11.306666184719093,2,0.8298345804214478,
bench_detect_20260903_2022,onnx,640,2,83,86.85279999917839,11.51373358152483,1,0.8219830989837646,
bench_detect_20260903_2022,onnx,640,2,84,107.87889999483014,9.26965328760233,1,0.8257669806480408,
bench_detect_20260903_2022,onnx,640,2,85,95.25779999967199,10.497827999423075,1,0.8114612102508545,
bench_detect_20260903_2022,onnx,640,2,86,118.52389999694424,8.437116902378186,1,0.8388513326644897,
bench_detect_20260903_2022,onnx,640,2,87,151.01089999370743,6.622038541864658,1,0.8571672439575195,
bench_detect_20260903_2022,onnx,640,2,88,149.48369999910938,6.689692588596335,1,0.8460313081741333,
bench_detect_20260903_2022,onnx,640,2,89,82.68040000257315,12.094764901583426,1,0.7928652763366699,
bench_detect_20260903_2022,onnx,640,2,90,107.09940000378992,9.337120469065308,1,0.8154222965240479,
bench_detect_20260903_2022,onnx,640,2,91,93.24380000180099,10.724573644367617,6,0.8506507873535156,
bench_detect_20260903_2022,onnx,640,2,92,91.2979999993695,10.953142456646432,1,0.8413549065589905,
bench_detect_20260903_2022,onnx,640,2,93,95.33860000374261,10.488931030671145,1,0.8516277074813843,
bench_detect_20260903_2022,onnx,640,2,94,105.3126999977394,9.495530928572391,1,0.8222675323486328,
bench_detect_20260903_2022,onnx,640,2,95,118.50000000413274,8.438818565106535,1,0.8292025923728943,
bench_detect_20260903_2022,onnx,640,2,96,128.26540000241948,7.79633478694283,1,0.807289183139801,
bench_detect_20260903_2022,onnx,640,2,97,127.83530000160681,7.822565441528519,1,0.8510770797729492,
bench_detect_20260903_2022,onnx,640,2,98,102.92420000041602,9.71588800297654,1,0.8391404151916504,
bench_detect_20260903_2022,onnx,640,2,99,84.05559999664547,11.896887298882032,1,0.849768877029419,
bench_detect_20260903_2022,onnx,640,4,0,89.41700000286801,11.183555699340456,1,0.8214688301086426,
bench_detect_20260903_2022,onnx,640,4,1,86.99220000562491,11.495283484442744,1,0.812147855758667,
bench_detect_20260903_2022,onnx,640,4,2,87.93579999473877,11.371932706131409,1,0.8395455479621887,
bench_detect_20260903_2022,onnx,640,4,3,75.07260000420501,13.320439147491726,1,0.8316104412078857,
bench_detect_20260903_2022,onnx,640,4,4,92.32049999991432,10.831830416873046,1,0.7443010807037354,
bench_detect_20260903_2022,onnx,640,4,5,88.14909999637166,11.34441531497385,1,0.8330690860748291,
bench_detect_20260903_2022,onnx,640,4,6,73.41060000180732,13.622010989903101,1,0.8096311092376709,
bench_detect_20260903_2022,onnx,640,4,7,88.2421999995131,11.33244638059248,2,0.8250116109848022,
bench_detect_20260903_2022,onnx,640,4,8,93.13830000610324,10.736721627241117,1,0.8489115238189697,
bench_detect_20260903_2022,onnx,640,4,9,90.44939999876078,11.055905290844391,1,0.8309528827667236,
bench_detect_20260903_2022,onnx,640,4,10,89.14229999936651,11.218018830646129,1,0.8210679292678833,
bench_detect_20260903_2022,onnx,640,4,11,98.65599999466212,10.136230944434256,1,0.8629555702209473,
bench_detect_20260903_2022,onnx,640,4,12,96.91719999682391,10.318085954121365,1,0.842363715171814,
bench_detect_20260903_2022,onnx,640,4,13,105.39319999952568,9.488278181177728,2,0.825884997844696,
bench_detect_20260903_2022,onnx,640,4,14,88.50820000225212,11.2983881716559,1,0.8677326440811157,
bench_detect_20260903_2022,onnx,640,4,15,94.46290000050794,10.586166632557573,1,0.861142635345459,
bench_detect_20260903_2022,onnx,640,4,16,85.55609999893932,11.688237308764629,2,0.8343461751937866,
bench_detect_20260903_2022,onnx,640,4,17,90.77740000066115,11.015957716267671,3,0.839414656162262,
bench_detect_20260903_2022,onnx,640,4,18,91.64740000414895,10.911384283184566,2,0.8466666340827942,
bench_detect_20260903_2022,onnx,640,4,19,95.34209999401355,10.48854598401744,1,0.8641484975814819,
bench_detect_20260903_2022,onnx,640,4,20,89.19559999776538,11.211315356643746,2,0.8630983829498291,
bench_detect_20260903_2022,onnx,640,4,21,86.04080000077374,11.622393097123775,1,0.8406504392623901,
bench_detect_20260903_2022,onnx,640,4,22,82.25079999829177,12.1579364580134,1,0.8391133546829224,
bench_detect_20260903_2022,onnx,640,4,23,85.99400000093738,11.628718282544126,1,0.8192139863967896,
bench_detect_20260903_2022,onnx,640,4,24,89.00079999875743,11.235854059895656,1,0.8192445635795593,
bench_detect_20260903_2022,onnx,640,4,25,90.23439999873517,11.082248012000049,2,0.8416056632995605,
bench_detect_20260903_2022,onnx,640,4,26,93.67039999779081,10.675731074315737,3,0.8323211669921875,
bench_detect_20260903_2022,onnx,640,4,27,88.0239000034635,11.360550940831443,1,0.8368035554885864,
bench_detect_20260903_2022,onnx,640,4,28,81.06259999476606,12.33614515281482,1,0.8446122407913208,
bench_detect_20260903_2022,onnx,640,4,29,87.75189999869326,11.395764650279837,1,0.8436522483825684,
bench_detect_20260903_2022,onnx,640,4,30,88.42340000410331,11.309223576039766,1,0.8377926349639893,
bench_detect_20260903_2022,onnx,640,4,31,81.48749999963911,12.27182083147021,1,0.8432223796844482,
bench_detect_20260903_2022,onnx,640,4,32,79.37099999981001,12.599060110145944,1,0.8313404321670532,
bench_detect_20260903_2022,onnx,640,4,33,87.41749999899184,11.439357108262449,1,0.8367631435394287,
bench_detect_20260903_2022,onnx,640,4,34,87.72299999691313,11.399518940701855,1,0.7940600514411926,
bench_detect_20260903_2022,onnx,640,4,35,88.12409999518422,11.34763362184292,1,0.8441817760467529,
bench_detect_20260903_2022,onnx,640,4,36,86.20730000257026,11.599945711908216,1,0.8246177434921265,
bench_detect_20260903_2022,onnx,640,4,37,88.78869999898598,11.262694464626925,1,0.8456279039382935,
bench_detect_20260903_2022,onnx,640,4,38,92.24329999415204,10.840895762222265,1,0.8481340408325195,
bench_detect_20260903_2022,onnx,640,4,39,92.46359999815468,10.815066685917023,2,0.8228013515472412,
bench_detect_20260903_2022,onnx,640,4,40,84.80109999800334,11.792299864312435,1,0.811850368976593,
bench_detect_20260903_2022,onnx,640,4,41,86.98299999377923,11.496499316780486,1,0.848019003868103,
bench_detect_20260903_2022,onnx,640,4,42,91.996700000891,10.869955117850042,2,0.8532116413116455,
bench_detect_20260903_2022,onnx,640,4,43,81.36630000080913,12.290100446868736,1,0.8299169540405273,
bench_detect_20260903_2022,onnx,640,4,44,77.39690000016708,12.920414125085646,1,0.7718535661697388,
bench_detect_20260903_2022,onnx,640,4,45,75.12100000167266,13.31185687061852,1,0.8479881882667542,
bench_detect_20260903_2022,onnx,640,4,46,78.57250000233762,12.727099175541683,1,0.8480563163757324,
bench_detect_20260903_2022,onnx,640,4,47,73.63550000445684,13.580406189127178,1,0.8432231545448303,
bench_detect_20260903_2022,onnx,640,4,48,88.19309999671532,11.338755526648278,1,0.815872073173523,
bench_detect_20260903_2022,onnx,640,4,49,90.57659999962198,11.040379082502252,1,0.7787197232246399,
bench_detect_20260903_2022,onnx,640,4,50,92.02709999954095,10.866364364464252,2,0.8698760271072388,
bench_detect_20260903_2022,onnx,640,4,51,92.83159999904456,10.772193951308523,1,0.8253887891769409,
bench_detect_20260903_2022,onnx,640,4,52,95.70030000031693,10.449288037724942,1,0.8267799615859985,
bench_detect_20260903_2022,onnx,640,4,53,95.48110000469023,10.473276909785056,1,0.8350735902786255,
bench_detect_20260903_2022,onnx,640,4,54,84.78870000544703,11.794024438819768,1,0.842432975769043,
bench_detect_20260903_2022,onnx,640,4,55,93.28300000197487,10.720066892990461,1,0.853783130645752,
bench_detect_20260903_2022,onnx,640,4,56,87.74720000656089,11.396375040174838,1,0.8273897171020508,
bench_detect_20260903_2022,onnx,640,4,57,91.4686999967671,10.93270156933841,1,0.8261759877204895,
bench_detect_20260903_2022,onnx,640,4,58,88.91420000145445,11.246797474235185,2,0.8604758977890015,
bench_detect_20260903_2022,onnx,640,4,59,87.81730000191601,11.387277905130103,1,0.8189926147460938,
bench_detect_20260903_2022,onnx,640,4,60,82.95999999972992,12.05400192867955,2,0.8329588770866394,
bench_detect_20260903_2022,onnx,640,4,61,95.54729999945266,10.466020494621286,1,0.8284343481063843,
bench_detect_20260903_2022,onnx,640,4,62,91.1061000006157,10.976213447763014,2,0.8373318910598755,
bench_detect_20260903_2022,onnx,640,4,63,80.13310000387719,12.479237667725517,1,0.8421447277069092,
bench_detect_20260903_2022,onnx,640,4,64,91.3217999986955,10.950287883224867,1,0.8202601075172424,
bench_detect_20260903_2022,onnx,640,4,65,96.45939999609254,10.367055984595684,1,0.8330275416374207,
bench_detect_20260903_2022,onnx,640,4,66,91.38959999836516,10.942164097642278,2,0.8189750909805298,
bench_detect_20260903_2022,onnx,640,4,67,106.94459999649553,9.350635750031035,1,0.8267172574996948,
bench_detect_20260903_2022,onnx,640,4,68,84.30260000022827,11.862030352531146,2,0.8485020399093628,
bench_detect_20260903_2022,onnx,640,4,69,87.36079999653157,11.446781623333376,1,0.8594738841056824,
bench_detect_20260903_2022,onnx,640,4,70,100.3188999966369,9.968211374262717,1,0.857597827911377,
bench_detect_20260903_2022,onnx,640,4,71,93.54300000268267,10.690270784252391,1,0.8561351299285889,
bench_detect_20260903_2022,onnx,640,4,72,87.28749999863794,11.456394100135807,1,0.8265813589096069,
bench_detect_20260903_2022,onnx,640,4,73,83.94720000069356,11.912249604414896,1,0.8261643648147583,
bench_detect_20260903_2022,onnx,640,4,74,86.81070000602631,11.519317318378738,1,0.8381205797195435,
bench_detect_20260903_2022,onnx,640,4,75,88.99720000044908,11.236308557965351,1,0.8184213638305664,
bench_detect_20260903_2022,onnx,640,4,76,94.03519999614218,10.63431566095489,2,0.8448441028594971,
bench_detect_20260903_2022,onnx,640,4,77,81.46970000234433,12.274502053784715,1,0.8476138114929199,
bench_detect_20260903_2022,onnx,640,4,78,89.79809999436839,11.13609308061879,1,0.8524564504623413,
bench_detect_20260903_2022,onnx,640,4,79,87.14340000005905,11.475338350343485,4,0.8396109342575073,
bench_detect_20260903_2022,onnx,640,4,80,79.97859999886714,12.503344644869559,1,0.8314977288246155,
bench_detect_20260903_2022,onnx,640,4,81,90.1023999977042,11.09848350349691,1,0.827151358127594,
bench_detect_20260903_2022,onnx,640,4,82,77.70410000375705,12.869333792575286,2,0.8298345804214478,
bench_detect_20260903_2022,onnx,640,4,83,87.75759999844013,11.39502447671512,1,0.8219830989837646,
bench_detect_20260903_2022,onnx,640,4,84,93.78199999628123,10.663027020533294,1,0.8257669806480408,
bench_detect_20260903_2022,onnx,640,4,85,83.17730000271695,12.022510949109138,1,0.8114612102508545,
bench_detect_20260903_2022,onnx,640,4,86,73.77529999939725,13.554672092260827,1,0.8388513326644897,
bench_detect_20260903_2022,onnx,640,4,87,89.21080000436632,11.209405138739436,1,0.8571672439575195,
bench_detect_20260903_2022,onnx,640,4,88,84.91510000021663,11.77646849615026,1,0.8460313081741333,
bench_detect_20260903_2022,onnx,640,4,89,78.8202999974601,12.687086956434117,1,0.7928652763366699,
bench_detect_20260903_2022,onnx,640,4,90,74.8332000002847,13.363052762626689,1,0.8154222965240479,
bench_detect_20260903_2022,onnx,640,4,91,84.07830000214744,11.89367529998179,6,0.8506507873535156,
bench_detect_20260903_2022,onnx,640,4,92,84.18330000131391,11.878840577458858,1,0.8413549065589905,
bench_detect_20260903_2022,onnx,640,4,93,88.86039999924833,11.253606781068497,1,0.8516277074813843,
bench_detect_20260903_2022,onnx,640,4,94,81.69749999797205,12.24027663055568,1,0.8222675323486328,
bench_detect_20260903_2022,onnx,640,4,95,85.72070000082022,11.665793676328256,1,0.8292025923728943,
bench_detect_20260903_2022,onnx,640,4,96,93.9418000052683,10.644888643222925,1,0.807289183139801,
bench_detect_20260903_2022,onnx,640,4,97,92.90299999702256,10.763915051527388,1,0.8510770797729492,
bench_detect_20260903_2022,onnx,640,4,98,83.3788000018103,11.993456369944017,1,0.8391404151916504,
bench_detect_20260903_2022,onnx,640,4,99,86.73290000297129,11.529650224606142,1,0.849768877029419,
bench_detect_20260903_2022,ncnn,320,1,0,33.41670000372687,29.925157178550627,3,0.8670164942741394,
bench_detect_20260903_2022,ncnn,320,1,1,26.564699997834396,37.643941022542016,1,0.8328514695167542,
bench_detect_20260903_2022,ncnn,320,1,2,27.51469999930123,36.3442087329826,2,0.8697808384895325,
bench_detect_20260903_2022,ncnn,320,1,3,47.0569000026444,21.250868628061014,1,0.8827570676803589,
bench_detect_20260903_2022,ncnn,320,1,4,41.72670000116341,23.965470549363317,1,0.8138216137886047,
bench_detect_20260903_2022,ncnn,320,1,5,25.121999999100808,39.80574795142875,1,0.8523721098899841,
bench_detect_20260903_2022,ncnn,320,1,6,48.204599996097386,20.74490816397106,1,0.8551892638206482,
bench_detect_20260903_2022,ncnn,320,1,7,51.649699998961296,19.36119667723357,2,0.8453751802444458,
bench_detect_20260903_2022,ncnn,320,1,8,49.03809999814257,20.392307206802002,1,0.8628572225570679,
bench_detect_20260903_2022,ncnn,320,1,9,28.423000003385823,35.182774509407075,1,0.8440912961959839,
bench_detect_20260903_2022,ncnn,320,1,10,26.12570000201231,38.27648636870882,1,0.8319580554962158,
bench_detect_20260903_2022,ncnn,320,1,11,35.90670000266982,27.849955577250082,2,0.8591515421867371,
bench_detect_20260903_2022,ncnn,320,1,12,52.07260000315728,19.20395755040785,1,0.8425639271736145,
bench_detect_20260903_2022,ncnn,320,1,13,50.601900002220646,19.762103793654298,2,0.8373714685440063,
bench_detect_20260903_2022,ncnn,320,1,14,39.22759999841219,25.49225545382529,1,0.870506763458252,
bench_detect_20260903_2022,ncnn,320,1,15,25.253500003600493,39.598471493354424,1,0.8714591264724731,
bench_detect_20260903_2022,ncnn,320,1,16,36.33869999612216,27.51887106877004,2,0.8616291880607605,
bench_detect_20260903_2022,ncnn,320,1,17,54.936199994699564,18.202933586532804,3,0.860371470451355,
bench_detect_20260903_2022,ncnn,320,1,18,55.758299997251015,17.934549655375108,2,0.8776816129684448,
bench_detect_20260903_2022,ncnn,320,1,19,52.160599996568635,19.171558610633017,1,0.8844538927078247,
bench_detect_20260903_2022,ncnn,320,1,20,53.23630000202684,18.78417545851097,2,0.871953547000885,
bench_detect_20260903_2022,ncnn,320,1,21,39.22989999409765,25.490760877556543,1,0.8574782609939575,
bench_detect_20260903_2022,ncnn,320,1,22,44.66820000379812,22.387291180637913,1,0.8467497825622559,
bench_detect_20260903_2022,ncnn,320,1,23,26.194400001259055,38.176098706285856,1,0.8392353653907776,
bench_detect_20260903_2022,ncnn,320,1,24,24.727800002438016,40.44031413637306,1,0.8665619492530823,
bench_detect_20260903_2022,ncnn,320,1,25,24.807900001178496,40.309740040571555,3,0.8383881449699402,
bench_detect_20260903_2022,ncnn,320,1,26,25.112499999522697,39.820806372085876,3,0.8507546782493591,
bench_detect_20260903_2022,ncnn,320,1,27,26.289299996278714,38.03828934743608,1,0.8478229641914368,
bench_detect_20260903_2022,ncnn,320,1,28,34.48229999776231,29.000385707011823,1,0.8780727386474609,
bench_detect_20260903_2022,ncnn,320,1,29,30.058600001211744,33.268349156636944,1,0.8478466868400574,
bench_detect_20260903_2022,ncnn,320,1,30,24.195600002713036,41.32982855923683,1,0.8513928651809692,
bench_detect_20260903_2022,ncnn,320,1,31,25.581699999747798,39.09044355964845,1,0.8696878552436829,
bench_detect_20260903_2022,ncnn,320,1,32,25.07260000129463,39.88417634981472,2,0.8461757302284241,
bench_detect_20260903_2022,ncnn,320,1,33,26.975599997967947,37.07053782215518,1,0.8386850953102112,
bench_detect_20260903_2022,ncnn,320,1,34,25.694399999338202,38.91898623924888,2,0.8442752361297607,
bench_detect_20260903_2022,ncnn,320,1,35,23.808199999621138,42.00233533051273,1,0.850351095199585,
bench_detect_20260903_2022,ncnn,320,1,36,32.930299996223766,30.3671694492511,1,0.8418047428131104,
bench_detect_20260903_2022,ncnn,320,1,37,27.35730000131298,36.5533148356017,1,0.8386184573173523,
bench_detect_20260903_2022,ncnn,320,1,38,30.11319999495754,33.20802837850013,1,0.8658448457717896,
bench_detect_20260903_2022,ncnn,320,1,39,25.99769999505952,38.4649411367173,2,0.8564574718475342,
bench_detect_20260903_2022,ncnn,320,1,40,26.29539999907138,38.02946523100295,1,0.8289921283721924,
bench_detect_20260903_2022,ncnn,320,1,41,33.7738999951398,29.60866231450629,1,0.8585211038589478,
bench_detect_20260903_2022,ncnn,320,1,42,25.543600000673905,39.148749587905286,2,0.8730190396308899,
bench_detect_20260903_2022,ncnn,320,1,43,24.97830000356771,40.034750157423346,1,0.8458724021911621,
bench_detect_20260903_2022,ncnn,320,1,44,24.904799996875226,40.152902256812695,1,0.8432603478431702,
bench_detect_20260903_2022,ncnn,320,1,45,38.65869999572169,25.867398544458784,1,0.8354376554489136,
bench_detect_20260903_2022,ncnn,320,1,46,52.153099997667596,19.174315621597227,1,0.8780819177627563,
bench_detect_20260903_2022,ncnn,320,1,47,41.05149999668356,24.35964581271786,1,0.8653020858764648,
bench_detect_20260903_2022,ncnn,320,1,48,24.385400000028312,41.00814421739397,1,0.8466676473617554,
bench_detect_20260903_2022,ncnn,320,1,49,31.514900001639035,31.731022467086735,1,0.8357387185096741,
bench_detect_20260903_2022,ncnn,320,1,50,31.911600002786145,31.336567264339354,2,0.8686113357543945,
bench_detect_20260903_2022,ncnn,320,1,51,31.505999999353662,31.73998603505728,1,0.8685365915298462,
bench_detect_20260903_2022,ncnn,320,1,52,48.08259999845177,20.797544226647464,1,0.845445990562439,
bench_detect_20260903_2022,ncnn,320,1,53,56.77849999483442,17.612300432223073,1,0.8381633758544922,
bench_detect_20260903_2022,ncnn,320,1,54,35.60229999857256,28.088072962704487,1,0.850558340549469,
bench_detect_20260903_2022,ncnn,320,1,55,37.06210000382271,26.98174145277404,1,0.8439571857452393,
bench_detect_20260903_2022,ncnn,320,1,56,40.63570000289474,24.608903007177524,1,0.8371194005012512,
bench_detect_20260903_2022,ncnn,320,1,57,51.37100000138162,19.466235813457107,1,0.8488039374351501,
bench_detect_20260903_2022,ncnn,320,1,58,53.24500000278931,18.781106206171728,3,0.8435398936271667,
bench_detect_20260903_2022,ncnn,320,1,59,48.531599997659214,20.605131502943077,1,0.8659918904304504,
bench_detect_20260903_2022,ncnn,320,1,60,44.6659000008367,22.388443980335502,2,0.8362575173377991,
bench_detect_20260903_2022,ncnn,320,1,61,54.652300001180265,18.297491596481834,1,0.8402529358863831,
bench_detect_20260903_2022,ncnn,320,1,62,45.559799997136,21.949174492927153,2,0.8753019571304321,
bench_detect_20260903_2022,ncnn,320,1,63,51.40989999927115,19.451506422190615,1,0.8739727139472961,
bench_detect_20260903_2022,ncnn,320,1,64,30.780000000959262,32.48862897884454,1,0.8813585042953491,
bench_detect_20260903_2022,ncnn,320,1,65,44.396199999027885,22.524450291283856,1,0.8344634175300598,
bench_detect_20260903_2022,ncnn,320,1,66,25.902299996232614,38.6066102294177,2,0.8658980131149292,
bench_detect_20260903_2022,ncnn,320,1,67,29.147299996111542,34.30849513105527,1,0.8395223617553711,
bench_detect_20260903_2022,ncnn,320,1,68,28.41669999907026,35.19057455766215,2,0.8659769892692566,
bench_detect_20260903_2022,ncnn,320,1,69,39.94370000145864,25.0352370952987,1,0.8664171099662781,
bench_detect_20260903_2022,ncnn,320,1,70,53.51180000434397,18.687467061822293,1,0.8556603789329529,
bench_detect_20260903_2022,ncnn,320,1,71,54.98259999876609,18.187572068662483,1,0.8706234097480774,
bench_detect_20260903_2022,ncnn,320,1,72,54.23989999690093,18.43661216294898,1,0.8552781939506531,
bench_detect_20260903_2022,ncnn,320,1,73,54.21360000036657,18.44555609650048,1,0.8395993113517761,
bench_detect_20260903_2022,ncnn,320,1,74,31.68569999979809,31.55997816069622,1,0.8509736657142639,
bench_detect_20260903_2022,ncnn,320,1,75,46.958699997048825,21.295308431937983,1,0.8412089347839355,
bench_detect_20260903_2022,ncnn,320,1,76,49.41510000207927,20.23672925801875,2,0.8553760647773743,
bench_detect_20260903_2022,ncnn,320,1,77,37.050500002806075,26.990189064230268,1,0.8588331341743469,
bench_detect_20260903_2022,ncnn,320,1,78,40.166800004953984,24.89618291416455,1,0.8597092628479004,
bench_detect_20260903_2022,ncnn,320,1,79,55.508500001451466,18.015258923837816,3,0.8422051072120667,
bench_detect_20260903_2022,ncnn,320,1,80,40.60860000026878,24.625325669768994,1,0.8683741688728333,
bench_detect_20260903_2022,ncnn,320,1,81,25.08559999841964,39.86350735334211,1,0.8618001937866211,
bench_detect_20260903_2022,ncnn,320,1,82,24.19229999941308,41.33546624439432,2,0.852422833442688,
bench_detect_20260903_2022,ncnn,320,1,83,26.610599998093676,37.57900987094007,1,0.8346434235572815,
bench_detect_20260903_2022,ncnn,320,1,84,26.05609999591252,38.37872897927443,1,0.8658378720283508,
bench_detect_20260903_2022,ncnn,320,1,85,25.768100000277627,38.80767305269794,1,0.8456016778945923,
bench_detect_20260903_2022,ncnn,320,1,86,24.444599999696948,40.9088305806762,1,0.8533008098602295,
bench_detect_20260903_2022,ncnn,320,1,87,26.91469999990659,37.154417474594574,1,0.8807278871536255,
bench_detect_20260903_2022,ncnn,320,1,88,25.69729999959236,38.91459414085772,1,0.8535934090614319,
bench_detect_20260903_2022,ncnn,320,1,89,27.70740000414662,36.091441270214546,1,0.8226959705352783,
bench_detect_20260903_2022,ncnn,320,1,90,24.566799998865463,40.705342170986114,1,0.8351837992668152,
bench_detect_20260903_2022,ncnn,320,1,91,32.530700002098456,30.74019310791016,5,0.8622596859931946,
bench_detect_20260903_2022,ncnn,320,1,92,25.451400004385505,39.29056947074389,1,0.8443489074707031,
bench_detect_20260903_2022,ncnn,320,1,93,25.83680000680033,38.70448351718466,1,0.8922712802886963,
bench_detect_20260903_2022,ncnn,320,1,94,28.774099999282043,34.753476217325705,1,0.83056640625,
bench_detect_20260903_2022,ncnn,320,1,95,35.14859999995679,28.450635302721288,1,0.8475977778434753,
bench_detect_20260903_2022,ncnn,320,1,96,48.530899999605026,20.605428706414646,1,0.8309312462806702,
bench_detect_20260903_2022,ncnn,320,1,97,46.111100004054606,21.68675221176829,1,0.8784870505332947,
bench_detect_20260903_2022,ncnn,320,1,98,40.64400000061141,24.603877570735087,1,0.8540768623352051,
bench_detect_20260903_2022,ncnn,320,1,99,41.66779999650316,23.999347219769746,1,0.8631400465965271,
bench_detect_20260903_2022,ncnn,320,2,0,34.76819999923464,28.761914623765776,3,0.8670164942741394,
bench_detect_20260903_2022,ncnn,320,2,1,37.76289999950677,26.481017083249995,1,0.8328514695167542,
bench_detect_20260903_2022,ncnn,320,2,2,28.795099999115337,34.7281308288814,2,0.8697808384895325,
bench_detect_20260903_2022,ncnn,320,2,3,21.30869999382412,46.92918856100227,1,0.8827570676803589,
bench_detect_20260903_2022,ncnn,320,2,4,30.653599998913705,32.6225957158519,1,0.8138216137886047,
bench_detect_20260903_2022,ncnn,320,2,5,35.42130000278121,28.231600757778004,1,0.8523721098899841,
bench_detect_20260903_2022,ncnn,320,2,6,31.087799994566012,32.1669593916197,1,0.8551892638206482,
bench_detect_20260903_2022,ncnn,320,2,7,21.599500003503636,46.29736798711965,2,0.8453751802444458,
bench_detect_20260903_2022,ncnn,320,2,8,19.056300006923266,52.47608400564087,1,0.8628572225570679,
bench_detect_20260903_2022,ncnn,320,2,9,31.340500005171634,31.907595597868113,1,0.8440912961959839,
bench_detect_20260903_2022,ncnn,320,2,10,30.22390000114683,33.08639851118008,1,0.8319580554962158,
bench_detect_20260903_2022,ncnn,320,2,11,34.43110000080196,29.04351008177805,2,0.8591515421867371,
bench_detect_20260903_2022,ncnn,320,2,12,19.77850000548642,50.55995144842161,1,0.8425639271736145,
bench_detect_20260903_2022,ncnn,320,2,13,30.080399999860674,33.244238773574544,2,0.8373714685440063,
bench_detect_20260903_2022,ncnn,320,2,14,20.127199997659773,49.684009704095544,1,0.870506763458252,
bench_detect_20260903_2022,ncnn,320,2,15,19.62640000419924,50.951779225229345,1,0.8714591264724731,
bench_detect_20260903_2022,ncnn,320,2,16,24.430999998003244,40.93160329424626,2,0.8616291880607605,
bench_detect_20260903_2022,ncnn,320,2,17,27.191200002562255,36.77660419200951,3,0.860371470451355,
bench_detect_20260903_2022,ncnn,320,2,18,28.929499996593222,34.56679168730055,2,0.8776816129684448,
bench_detect_20260903_2022,ncnn,320,2,19,22.913499997230247,43.64239422702244,1,0.8844538927078247,
bench_detect_20260903_2022,ncnn,320,2,20,25.70670000568498,38.9003644878126,2,0.871953547000885,
bench_detect_20260903_2022,ncnn,320,2,21,28.233800003363285,35.418540893570025,1,0.8574782609939575,
bench_detect_20260903_2022,ncnn,320,2,22,44.454399998357985,22.494961129538066,1,0.8467497825622559,
bench_detect_20260903_2022,ncnn,320,2,23,31.601599999703467,31.643967394352927,1,0.8392353653907776,
bench_detect_20260903_2022,ncnn,320,2,24,28.340700002445374,35.28494355868822,1,0.8665619492530823,
bench_detect_20260903_2022,ncnn,320,2,25,32.72569999535335,30.55702399465826,3,0.8383881449699402,
bench_detect_20260903_2022,ncnn,320,2,26,46.34680000162916,21.576462667645846,3,0.8507546782493591,
bench_detect_20260903_2022,ncnn,320,2,27,29.7740000023623,33.58635050448912,1,0.8478229641914368,
bench_detect_20260903_2022,ncnn,320,2,28,36.2706999949296,27.57046321520658,1,0.8780727386474609,
bench_detect_20260903_2022,ncnn,320,2,29,18.69289999740431,53.49624724568471,1,0.8478466868400574,
bench_detect_20260903_2022,ncnn,320,2,30,21.321899999747984,46.90013554194606,1,0.8513928651809692,
bench_detect_20260903_2022,ncnn,320,2,31,23.719700002402533,42.15904922485156,1,0.8696878552436829,
bench_detect_20260903_2022,ncnn,320,2,32,28.309599998465274,35.32370644778493,2,0.8461757302284241,
bench_detect_20260903_2022,ncnn,320,2,33,32.0142000055057,31.236138957963128,1,0.8386850953102112,
bench_detect_20260903_2022,ncnn,320,2,34,22.46939999895403,44.504971207355375,2,0.8442752361297607,
bench_detect_20260903_2022,ncnn,320,2,35,21.503199997823685,46.50470628098185,1,0.850351095199585,
bench_detect_20260903_2022,ncnn,320,2,36,24.0641999989748,41.55550569071911,1,0.8418047428131104,
bench_detect_20260903_2022,ncnn,320,2,37,27.09129999857396,36.91221905381574,1,0.8386184573173523,
bench_detect_20260903_2022,ncnn,320,2,38,18.389700002444442,54.3782660873791,1,0.8658448457717896,
bench_detect_20260903_2022,ncnn,320,2,39,20.006200000352692,49.98450480262973,2,0.8564574718475342,
bench_detect_20260903_2022,ncnn,320,2,40,28.307599997788202,35.32620215341938,1,0.8289921283721924,
bench_detect_20260903_2022,ncnn,320,2,41,18.92070000030799,52.85216720225584,1,0.8585211038589478,
bench_detect_20260903_2022,ncnn,320,2,42,23.51430000271648,42.52731316196848,2,0.8730190396308899,
bench_detect_20260903_2022,ncnn,320,2,43,23.541199996543583,42.47871816843764,1,0.8458724021911621,
bench_detect_20260903_2022,ncnn,320,2,44,23.23909999540774,43.03092633525434,1,0.8432603478431702,
bench_detect_20260903_2022,ncnn,320,2,45,21.71269999962533,46.05599487936811,1,0.8354376554489136,
bench_detect_20260903_2022,ncnn,320,2,46,28.99479999905452,34.48894284604855,1,0.8780819177627563,
bench_detect_20260903_2022,ncnn,320,2,47,18.11240000097314,55.2107948116358,1,0.8653020858764648,
bench_detect_20260903_2022,ncnn,320,2,48,32.21849999681581,31.038068193703342,1,0.8466676473617554,
bench_detect_20260903_2022,ncnn,320,2,49,19.570399999793153,51.097575931537904,1,0.8357387185096741,
bench_detect_20260903_2022,ncnn,320,2,50,20.457400001760107,48.88206712064888,2,0.8686113357543945,
bench_detect_20260903_2022,ncnn,320,2,51,24.905500002205372,40.15177370104798,1,0.8685365915298462,
bench_detect_20260903_2022,ncnn,320,2,52,27.529599996341858,36.32453795670407,1,0.845445990562439,
bench_detect_20260903_2022,ncnn,320,2,53,22.73060000152327,43.99355933996401,1,0.8381633758544922,
bench_detect_20260903_2022,ncnn,320,2,54,29.985799999849405,33.34911858296334,1,0.850558340549469,
bench_detect_20260903_2022,ncnn,320,2,55,22.770999996282626,43.91550657253745,1,0.8439571857452393,
bench_detect_20260903_2022,ncnn,320,2,56,20.419499996933155,48.97279561939283,1,0.8371194005012512,
bench_detect_20260903_2022,ncnn,320,2,57,20.175100005872082,49.566049224486825,1,0.8488039374351501,
bench_detect_20260903_2022,ncnn,320,2,58,24.50659999885829,40.80533407517109,3,0.8435398936271667,
bench_detect_20260903_2022,ncnn,320,2,59,29.645299997355323,33.732159906940076,1,0.8659918904304504,
bench_detect_20260903_2022,ncnn,320,2,60,24.184000001696404,41.34965266001713,2,0.8362575173377991,
bench_detect_20260903_2022,ncnn,320,2,61,29.751200003374834,33.612089592573234,1,0.8402529358863831,
bench_detect_20260903_2022,ncnn,320,2,62,20.732499993755482,48.233449912031574,2,0.8753019571304321,
bench_detect_20260903_2022,ncnn,320,2,63,22.632799998973496,44.18366265090288,1,0.8739727139472961,
bench_detect_20260903_2022,ncnn,320,2,64,23.247799996170215,43.01482291506024,1,0.8813585042953491,
bench_detect_20260903_2022,ncnn,320,2,65,20.777199999429286,48.129680612761504,1,0.8344634175300598,
bench_detect_20260903_2022,ncnn,320,2,66,19.52039999741828,51.228458440004175,2,0.8658980131149292,
bench_detect_20260903_2022,ncnn,320,2,67,21.385100000770763,46.76153022262968,1,0.8395223617553711,
bench_detect_20260903_2022,ncnn,320,2,68,32.10180000314722,31.150901192517594,2,0.8659769892692566,
bench_detect_20260903_2022,ncnn,320,2,69,30.06440000172006,33.261931052766315,1,0.8664171099662781,
bench_detect_20260903_2022,ncnn,320,2,70,32.453799998620525,30.813032681612192,1,0.8556603789329529,
bench_detect_20260903_2022,ncnn,320,2,71,42.748899999423884,23.39241477590012,1,0.8706234097480774,
bench_detect_20260903_2022,ncnn,320,2,72,31.94929999881424,31.299590289524772,1,0.8552781939506531,
bench_detect_20260903_2022,ncnn,320,2,73,37.048099999083206,26.991937508934225,1,0.8395993113517761,
bench_detect_20260903_2022,ncnn,320,2,74,42.98450000351295,23.264199884104134,1,0.8509736657142639,
bench_detect_20260903_2022,ncnn,320,2,75,27.529600003617816,36.32453794710364,1,0.8412089347839355,
bench_detect_20260903_2022,ncnn,320,2,76,33.31690000050003,30.014797294616,2,0.8553760647773743,
bench_detect_20260903_2022,ncnn,320,2,77,30.154500003845897,33.16254621606925,1,0.8588331341743469,
bench_detect_20260903_2022,ncnn,320,2,78,29.95599999849219,33.3822940329261,1,0.8597092628479004,
bench_detect_20260903_2022,ncnn,320,2,79,21.077999997942243,47.44283139280889,3,0.8422051072120667,
bench_detect_20260903_2022,ncnn,320,2,80,18.78769999893848,53.22631296308228,1,0.8683741688728333,
bench_detect_20260903_2022,ncnn,320,2,81,30.89940000063507,32.363087955735296,1,0.8618001937866211,
bench_detect_20260903_2022,ncnn,320,2,82,31.234899994160514,32.015469881029034,2,0.852422833442688,
bench_detect_20260903_2022,ncnn,320,2,83,31.33979999984149,31.908308285472717,1,0.8346434235572815,
bench_detect_20260903_2022,ncnn,320,2,84,22.131500001705717,45.18446557725089,1,0.8658378720283508,
bench_detect_20260903_2022,ncnn,320,2,85,20.759799997904338,48.17002091065174,1,0.8456016778945923,
bench_detect_20260903_2022,ncnn,320,2,86,27.8048000036506,35.96501323040289,1,0.8533008098602295,
bench_detect_20260903_2022,ncnn,320,2,87,31.991899995773565,31.25791216314472,1,0.8807278871536255,
bench_detect_20260903_2022,ncnn,320,2,88,36.19769999932032,27.626064639984776,1,0.8535934090614319,
bench_detect_20260903_2022,ncnn,320,2,89,40.929399998276494,24.432315158348505,1,0.8226959705352783,
bench_detect_20260903_2022,ncnn,320,2,90,33.735999997588806,29.641925541601626,1,0.8351837992668152,
bench_detect_20260903_2022,ncnn,320,2,91,19.92440000321949,50.18971712264433,5,0.8622596859931946,
bench_detect_20260903_2022,ncnn,320,2,92,20.375899999635294,49.07758675778243,1,0.8443489074707031,
bench_detect_20260903_2022,ncnn,320,2,93,20.45180000277469,48.89545173844504,1,0.8922712802886963,
bench_detect_20260903_2022,ncnn,320,2,94,23.354400000243913,42.81848388267547,1,0.83056640625,
bench_detect_20260903_2022,ncnn,320,2,95,24.2426000040723,41.24970093273901,1,0.8475977778434753,
bench_detect_20260903_2022,ncnn,320,2,96,21.38350000313949,46.765029104364665,1,0.8309312462806702,
bench_detect_20260903_2022,ncnn,320,2,97,36.1133999977028,27.690552539046745,1,0.8784870505332947,
bench_detect_20260903_2022,ncnn,320,2,98,32.02340000279946,31.227165132764814,1,0.8540768623352051,
bench_detect_20260903_2022,ncnn,320,2,99,30.93760000047041,32.32312784394377,1,0.8631400465965271,
bench_detect_20260903_2022,ncnn,320,4,0,23.221600000397302,43.063354806856154,3,0.8670164942741394,
bench_detect_20260903_2022,ncnn,320,4,1,22.74089999991702,43.97363340956818,1,0.8328514695167542,
bench_detect_20260903_2022,ncnn,320,4,2,22.372100000211503,44.698530758871364,2,0.8697808384895325,
bench_detect_20260903_2022,ncnn,320,4,3,20.319399998697918,49.214051599165366,1,0.8827570676803589,
bench_detect_20260903_2022,ncnn,320,4,4,21.439899996039458,46.64200860007405,1,0.8138216137886047,
bench_detect_20260903_2022,ncnn,320,4,5,23.861899993789848,41.907811207835664,1,0.8523721098899841,
bench_detect_20260903_2022,ncnn,320,4,6,26.23200000380166,38.12137846352072,1,0.8551892638206482,
bench_detect_20260903_2022,ncnn,320,4,7,21.599599996989127,46.29715365744712,2,0.8453751802444458,
bench_detect_20260903_2022,ncnn,320,4,8,23.707499996817205,42.180744495803125,1,0.8628572225570679,
bench_detect_20260903_2022,ncnn,320,4,9,26.511399999435525,37.71962250282112,1,0.8440912961959839,
bench_detect_20260903_2022,ncnn,320,4,10,23.475200003304053,42.59814612268494,1,0.8319580554962158,
bench_detect_20260903_2022,ncnn,320,4,11,22.90519999951357,43.65820861731121,2,0.8591515421867371,
bench_detect_20260903_2022,ncnn,320,4,12,23.71659999334952,42.16455985598335,1,0.8425639271736145,
bench_detect_20260903_2022,ncnn,320,4,13,28.226399997947738,35.4278264345686,2,0.8373714685440063,
bench_detect_20260903_2022,ncnn,320,4,14,25.54670000245096,39.143999025473335,1,0.870506763458252,
bench_detect_20260903_2022,ncnn,320,4,15,21.549899996898603,46.40392763511279,1,0.8714591264724731,
bench_detect_20260903_2022,ncnn,320,4,16,22.531099995831028,44.383097149497004,2,0.8616291880607605,
bench_detect_20260903_2022,ncnn,320,4,17,22.824400002718903,43.81276177603255,3,0.860371470451355,
bench_detect_20260903_2022,ncnn,320,4,18,25.36149999650661,39.429844454694866,2,0.8776816129684448,
bench_detect_20260903_2022,ncnn,320,4,19,29.832400003215298,33.52060175823002,1,0.8844538927078247,
bench_detect_20260903_2022,ncnn,320,4,20,26.093699998455122,38.323426729793205,2,0.871953547000885,
bench_detect_20260903_2022,ncnn,320,4,21,19.70120000623865,50.7583294257881,1,0.8574782609939575,
bench_detect_20260903_2022,ncnn,320,4,22,28.72149999893736,34.81712306240963,1,0.8467497825622559,
bench_detect_20260903_2022,ncnn,320,4,23,24.764699999650475,40.380057097970656,1,0.8392353653907776,
bench_detect_20260903_2022,ncnn,320,4,24,19.512099999701604,51.25024984575176,1,0.8665619492530823,
bench_detect_20260903_2022,ncnn,320,4,25,20.510499998636078,48.75551547092946,3,0.8383881449699402,
bench_detect_20260903_2022,ncnn,320,4,26,23.59069999511121,42.38958573536325,3,0.8507546782493591,
bench_detect_20260903_2022,ncnn,320,4,27,20.095400002901442,49.762632237010294,1,0.8478229641914368,
bench_detect_20260903_2022,ncnn,320,4,28,23.155999995651655,43.185351536870996,1,0.8780727386474609,
bench_detect_20260903_2022,ncnn,320,4,29,24.026799997955095,41.620190790496835,1,0.8478466868400574,
bench_detect_20260903_2022,ncnn,320,4,30,23.43319999636151,42.67449602082817,1,0.8513928651809692,
bench_detect_20260903_2022,ncnn,320,4,31,23.24400000361493,43.02185509570121,1,0.8696878552436829,
bench_detect_20260903_2022,ncnn,320,4,32,25.09270000155084,39.85222793633988,2,0.8461757302284241,
bench_detect_20260903_2022,ncnn,320,4,33,23.64069999748608,42.29993190160776,1,0.8386850953102112,
bench_detect_20260903_2022,ncnn,320,4,34,22.042899996449705,45.366081602741154,2,0.8442752361297607,
bench_detect_20260903_2022,ncnn,320,4,35,27.474599999550264,36.39725419173961,1,0.850351095199585,
bench_detect_20260903_2022,ncnn,320,4,36,21.06080000521615,47.48157713630673,1,0.8418047428131104,
bench_detect_20260903_2022,ncnn,320,4,37,21.234300002106465,47.09361739736177,1,0.8386184573173523,
bench_detect_20260903_2022,ncnn,320,4,38,24.59610000369139,40.65685209646731,1,0.8658448457717896,
bench_detect_20260903_2022,ncnn,320,4,39,25.82039999833796,38.729066941812256,2,0.8564574718475342,
bench_detect_20260903_2022,ncnn,320,4,40,22.327999999106396,44.786814763526586,1,0.8289921283721924,
bench_detect_20260903_2022,ncnn,320,4,41,28.614399998332374,34.94743905370301,1,0.8585211038589478,
bench_detect_20260903_2022,ncnn,320,4,42,26.714999999967404,37.43215422052106,2,0.8730190396308899,
bench_detect_20260903_2022,ncnn,320,4,43,20.554399998218287,48.65138364956811,1,0.8458724021911621,
bench_detect_20260903_2022,ncnn,320,4,44,19.0262000032817,52.55910270193295,1,0.8432603478431702,
bench_detect_20260903_2022,ncnn,320,4,45,22.282300000370014,44.87867051351944,1,0.8354376554489136,
bench_detect_20260903_2022,ncnn,320,4,46,22.88060000137193,43.705147589662836,1,0.8780819177627563,
bench_detect_20260903_2022,ncnn,320,4,47,21.502499999769498,46.506220207451214,1,0.8653020858764648,
bench_detect_20260903_2022,ncnn,320,4,48,28.150099999038503,35.52385249196827,1,0.8466676473617554,
bench_detect_20260903_2022,ncnn,320,4,49,34.69359999871813,28.82376000290971,1,0.8357387185096741,
bench_detect_20260903_2022,ncnn,320,4,50,27.73170000000391,36.059816022813564,2,0.8686113357543945,
bench_detect_20260903_2022,ncnn,320,4,51,27.89840000332333,35.84434949247546,1,0.8685365915298462,
bench_detect_20260903_2022,ncnn,320,4,52,34.517699998104945,28.97064404797831,1,0.845445990562439,
bench_detect_20260903_2022,ncnn,320,4,53,41.82040000159759,23.911775113623943,1,0.8381633758544922,
bench_detect_20260903_2022,ncnn,320,4,54,27.505500002007466,36.356365087964804,1,0.850558340549469,
bench_detect_20260903_2022,ncnn,320,4,55,32.13130000222009,31.12230130529751,1,0.8439571857452393,
bench_detect_20260903_2022,ncnn,320,4,56,30.80020000197692,32.467321638684645,1,0.8371194005012512,
bench_detect_20260903_2022,ncnn,320,4,57,23.68690000002971,42.21742819865604,1,0.8488039374351501,
bench_detect_20260903_2022,ncnn,320,4,58,21.11490000243066,47.35992118763926,3,0.8435398936271667,
bench_detect_20260903_2022,ncnn,320,4,59,23.44680000533117,42.649743238848245,1,0.8659918904304504,
bench_detect_20260903_2022,ncnn,320,4,60,22.82579999882728,43.81007456699774,2,0.8362575173377991,
bench_detect_20260903_2022,ncnn,320,4,61,24.539700003515463,40.75029441503946,1,0.8402529358863831,
bench_detect_20260903_2022,ncnn,320,4,62,21.556200001214165,46.39036564624908,2,0.8753019571304321,
bench_detect_20260903_2022,ncnn,320,4,63,25.044999994861428,39.928129375331345,1,0.8739727139472961,
bench_detect_20260903_2022,ncnn,320,4,64,33.36689999559894,29.969820394819383,1,0.8813585042953491,
bench_detect_20260903_2022,ncnn,320,4,65,36.92859999864595,27.079282724952115,1,0.8344634175300598,
bench_detect_20260903_2022,ncnn,320,4,66,24.142899994330946,41.420044826214436,2,0.8658980131149292,
bench_detect_20260903_2022,ncnn,320,4,67,19.746199999644887,50.64265529661321,1,0.8395223617553711,
bench_detect_20260903_2022,ncnn,320,4,68,24.542699997255113,40.74531327489809,2,0.8659769892692566,
bench_detect_20260903_2022,ncnn,320,4,69,22.969700003159232,43.53561430329786,1,0.8664171099662781,
bench_detect_20260903_2022,ncnn,320,4,70,25.086899993766565,39.86144163880247,1,0.8556603789329529,
bench_detect_20260903_2022,ncnn,320,4,71,29.034200000751298,34.442140647034314,1,0.8706234097480774,
bench_detect_20260903_2022,ncnn,320,4,72,37.98059999826364,26.329231240309973,1,0.8552781939506531,
bench_detect_20260903_2022,ncnn,320,4,73,35.659499997564126,28.04301799151164,1,0.8395993113517761,
bench_detect_20260903_2022,ncnn,320,4,74,41.030300002603326,24.372232226831173,1,0.8509736657142639,
bench_detect_20260903_2022,ncnn,320,4,75,43.825100001413375,22.81797417388094,1,0.8412089347839355,
bench_detect_20260903_2022,ncnn,320,4,76,27.561000002606306,36.283153728291246,2,0.8553760647773743,
bench_detect_20260903_2022,ncnn,320,4,77,26.590800000121817,37.606991891760266,1,0.8588331341743469,
bench_detect_20260903_2022,ncnn,320,4,78,22.410300000046846,44.62233883517443,1,0.8597092628479004,
bench_detect_20260903_2022,ncnn,320,4,79,23.300799999560695,42.91698139200601,3,0.8422051072120667,
bench_detect_20260903_2022,ncnn,320,4,80,24.365500001295004,41.041636738291885,1,0.8683741688728333,
bench_detect_20260903_2022,ncnn,320,4,81,23.423700004059356,42.69180359322817,1,0.8618001937866211,
bench_detect_20260903_2022,ncnn,320,4,82,21.877300001506228,45.70947968584565,2,0.852422833442688,
bench_detect_20260903_2022,ncnn,320,4,83,24.878899996110704,40.194703148303546,1,0.8346434235572815,
bench_detect_20260903_2022,ncnn,320,4,84,23.264199997356627,42.984499794260024,1,0.8658378720283508,
bench_detect_20260903_2022,ncnn,320,4,85,25.887499999953434,38.62868179630319,1,0.8456016778945923,
bench_detect_20260903_2022,ncnn,320,4,86,25.32680000149412,39.483866889658636,1,0.8533008098602295,
bench_detect_20260903_2022,ncnn,320,4,87,24.060700001427904,41.56155057586247,1,0.8807278871536255,
bench_detect_20260903_2022,ncnn,320,4,88,25.287299999035895,39.545542625670834,1,0.8535934090614319,
bench_detect_20260903_2022,ncnn,320,4,89,20.416300001670606,48.98047148201059,1,0.8226959705352783,
bench_detect_20260903_2022,ncnn,320,4,90,18.996600003447384,52.64099890604246,1,0.8351837992668152,
bench_detect_20260903_2022,ncnn,320,4,91,24.534299998776987,40.75926356365778,5,0.8622596859931946,
bench_detect_20260903_2022,ncnn,320,4,92,23.43299999483861,42.674860249232346,1,0.8443489074707031,
bench_detect_20260903_2022,ncnn,320,4,93,24.00589999888325,41.656426130514575,1,0.8922712802886963,
bench_detect_20260903_2022,ncnn,320,4,94,21.933899995929096,45.59152727903377,1,0.83056640625,
bench_detect_20260903_2022,ncnn,320,4,95,24.74159999837866,40.41775794877982,1,0.8475977778434753,
bench_detect_20260903_2022,ncnn,320,4,96,21.275599996442907,47.002199710804454,1,0.8309312462806702,
bench_detect_20260903_2022,ncnn,320,4,97,23.45430000423221,42.63610509883284,1,0.8784870505332947,
bench_detect_20260903_2022,ncnn,320,4,98,32.64130000025034,30.636034716519582,1,0.8540768623352051,
bench_detect_20260903_2022,ncnn,320,4,99,33.762300001399126,29.618835208459124,1,0.8631400465965271,
bench_detect_20260903_2022,ncnn,640,1,0,118.77500000264263,8.419280151359722,1,0.8214687705039978,
bench_detect_20260903_2022,ncnn,640,1,1,144.19490000000224,6.935058036033067,1,0.8121480345726013,
bench_detect_20260903_2022,ncnn,640,1,2,144.22599999670638,6.933562603295083,1,0.8395454287528992,
bench_detect_20260903_2022,ncnn,640,1,3,172.02769999857992,5.813017322258305,1,0.8316106796264648,
bench_detect_20260903_2022,ncnn,640,1,4,137.57469999836758,7.268778343778803,1,0.7443011403083801,
bench_detect_20260903_2022,ncnn,640,1,5,104.42489999695681,9.576260068519504,1,0.8330689668655396,
bench_detect_20260903_2022,ncnn,640,1,6,148.63850000256207,6.727732047772031,1,0.8096312284469604,
bench_detect_20260903_2022,ncnn,640,1,7,154.62750000006054,6.467154936861868,2,0.8250117301940918,
bench_detect_20260903_2022,ncnn,640,1,8,195.71690000157105,5.109420801126387,1,0.848911464214325,
bench_detect_20260903_2022,ncnn,640,1,9,173.11719999997877,5.776433537511712,1,0.830953061580658,
bench_detect_20260903_2022,ncnn,640,1,10,104.0119000026607,9.614284519121556,1,0.8210681080818176,
bench_detect_20260903_2022,ncnn,640,1,11,106.65639999933774,9.375902430667164,1,0.8629554510116577,
bench_detect_20260903_2022,ncnn,640,1,12,175.9122000003117,5.684654048998467,1,0.8423637747764587,
bench_detect_20260903_2022,ncnn,640,1,13,181.95249999553198,5.495939874552732,2,0.8258850574493408,
bench_detect_20260903_2022,ncnn,640,1,14,191.10789999831468,5.232646060203784,1,0.8677327632904053,
bench_detect_20260903_2022,ncnn,640,1,15,179.6083000008366,5.567671427185392,1,0.8611426949501038,
bench_detect_20260903_2022,ncnn,640,1,16,107.61199999978999,9.292643943072813,2,0.8343462347984314,
bench_detect_20260903_2022,ncnn,640,1,17,190.06330000411253,5.26140501600447,3,0.839414656162262,
bench_detect_20260903_2022,ncnn,640,1,18,130.1007000001846,7.686353724450224,2,0.8466665744781494,
bench_detect_20260903_2022,ncnn,640,1,19,111.6563000032329,8.956055323085629,1,0.8641485571861267,
bench_detect_20260903_2022,ncnn,640,1,20,122.35789999976987,8.172745691139525,2,0.8630983233451843,
bench_detect_20260903_2022,ncnn,640,1,21,115.25999999867054,8.676036786496049,1,0.8406503796577454,
bench_detect_20260903_2022,ncnn,640,1,22,110.46730000089156,9.052452626179234,1,0.8391132950782776,
bench_detect_20260903_2022,ncnn,640,1,23,118.14849999791477,8.463924637364412,1,0.8192141056060791,
bench_detect_20260903_2022,ncnn,640,1,24,117.52349999733269,8.508936510763345,1,0.8192446231842041,
bench_detect_20260903_2022,ncnn,640,1,25,116.57320000085747,8.578301015950874,2,0.8416053652763367,
bench_detect_20260903_2022,ncnn,640,1,26,121.98009999701753,8.198058535978003,3,0.8323209881782532,
bench_detect_20260903_2022,ncnn,640,1,27,129.11889999668347,7.744799560913901,1,0.8368034958839417,
bench_detect_20260903_2022,ncnn,640,1,28,110.15179999958491,9.078380925266481,1,0.8446123003959656,
bench_detect_20260903_2022,ncnn,640,1,29,128.7841999946977,7.764927685548165,1,0.8436523079872131,
bench_detect_20260903_2022,ncnn,640,1,30,125.56960000074469,7.963710961841636,1,0.8377924561500549,
bench_detect_20260903_2022,ncnn,640,1,31,106.50300000270363,9.389406870929594,1,0.843222439289093,
bench_detect_20260903_2022,ncnn,640,1,32,124.94679999508662,8.003406250014596,1,0.8313406705856323,
bench_detect_20260903_2022,ncnn,640,1,33,108.20490000332939,9.24172565169628,1,0.8367629647254944,
bench_detect_20260903_2022,ncnn,640,1,34,109.24630000226898,9.153628086070015,1,0.794060230255127,
bench_detect_20260903_2022,ncnn,640,1,35,108.41839999920921,9.223526633922782,1,0.844182014465332,
bench_detect_20260903_2022,ncnn,640,1,36,157.37799999624258,6.3541282772933645,1,0.8246176838874817,
bench_detect_20260903_2022,ncnn,640,1,37,170.85909999877913,5.852775766740814,1,0.845628023147583,
bench_detect_20260903_2022,ncnn,640,1,38,191.60160000319593,5.219163096672053,1,0.8481340408325195,
bench_detect_20260903_2022,ncnn,640,1,39,206.7615999985719,4.836488013281513,2,0.8228015303611755,
bench_detect_20260903_2022,ncnn,640,1,40,177.83369999960996,5.623231142366117,1,0.8118503093719482,
bench_detect_20260903_2022,ncnn,640,1,41,172.83909999969183,5.785727882185125,1,0.8480193018913269,
bench_detect_20260903_2022,ncnn,640,1,42,182.83299999893643,5.469472141275466,2,0.8532117605209351,
bench_detect_20260903_2022,ncnn,640,1,43,151.77590000530472,6.588661308976254,1,0.8299168944358826,
bench_detect_20260903_2022,ncnn,640,1,44,205.6345999953919,4.862994846307037,1,0.7718534469604492,
bench_detect_20260903_2022,ncnn,640,1,45,194.12340000417316,5.1513624837526155,1,0.8479881286621094,
bench_detect_20260903_2022,ncnn,640,1,46,183.33749999874271,5.454421490458078,1,0.848056435585022,
bench_detect_20260903_2022,ncnn,640,1,47,115.18899999646237,8.681384507467827,1,0.8432230353355408,
bench_detect_20260903_2022,ncnn,640,1,48,109.24949999753153,9.153359969817663,1,0.815872073173523,
bench_detect_20260903_2022,ncnn,640,1,49,119.42460000136634,8.3734841899287,1,0.7787197828292847,
bench_detect_20260903_2022,ncnn,640,1,50,120.65910000092117,8.287812522987206,2,0.8698756694793701,
bench_detect_20260903_2022,ncnn,640,1,51,109.36030000448227,9.14408610765528,1,0.8253887891769409,
bench_detect_20260903_2022,ncnn,640,1,52,106.71100000035949,9.371105134396933,1,0.8267797231674194,
bench_detect_20260903_2022,ncnn,640,1,53,112.45899999630637,8.892129576404239,1,0.8350737690925598,
bench_detect_20260903_2022,ncnn,640,1,54,121.82019999454496,8.208819227392333,1,0.8424330353736877,
bench_detect_20260903_2022,ncnn,640,1,55,176.18159999983618,5.675961621423179,1,0.8537830710411072,
bench_detect_20260903_2022,ncnn,640,1,56,156.4968999955454,6.389902931166461,1,0.8273897767066956,
bench_detect_20260903_2022,ncnn,640,1,57,125.33019999682438,7.978922877529422,1,0.826176106929779,
bench_detect_20260903_2022,ncnn,640,1,58,132.81830000050832,7.529082965195104,2,0.8604757785797119,
bench_detect_20260903_2022,ncnn,640,1,59,186.8248000027961,5.352608433061529,1,0.818992555141449,
bench_detect_20260903_2022,ncnn,640,1,60,169.35409999859985,5.904787660932139,2,0.8329590559005737,
bench_detect_20260903_2022,ncnn,640,1,61,158.36310000304366,6.314602328325099,1,0.8284342288970947,
bench_detect_20260903_2022,ncnn,640,1,62,116.79870000079973,8.561739128887162,2,0.8373320698738098,
bench_detect_20260903_2022,ncnn,640,1,63,118.30400000326335,8.452799566983495,1,0.8421450257301331,
bench_detect_20260903_2022,ncnn,640,1,64,113.44260000623763,8.815030684637122,1,0.8202604651451111,
bench_detect_20260903_2022,ncnn,640,1,65,110.82320000423351,9.023381385502308,1,0.8330275416374207,
bench_detect_20260903_2022,ncnn,640,1,66,115.5914999981178,8.65115514563167,2,0.8189752101898193,
bench_detect_20260903_2022,ncnn,640,1,67,115.86269999679644,8.630905373581399,1,0.8267175555229187,
bench_detect_20260903_2022,ncnn,640,1,68,111.61909999646014,8.959040164557086,2,0.8485023379325867,
bench_detect_20260903_2022,ncnn,640,1,69,112.73359999904642,8.870469851122103,1,0.8594738841056824,
bench_detect_20260903_2022,ncnn,640,1,70,126.71359999512788,7.89181271811747,1,0.8575980067253113,
bench_detect_20260903_2022,ncnn,640,1,71,114.96690000058152,8.698155729996563,1,0.8561351895332336,
bench_detect_20260903_2022,ncnn,640,1,72,108.71919999772217,9.198007343881775,1,0.8265811800956726,
bench_detect_20260903_2022,ncnn,640,1,73,122.27700000221375,8.178152882241923,1,0.8261642456054688,
bench_detect_20260903_2022,ncnn,640,1,74,128.05569999909494,7.8091018205911,1,0.8381205797195435,
bench_detect_20260903_2022,ncnn,640,1,75,107.45909999968717,9.30586613886503,1,0.8184217214584351,
bench_detect_20260903_2022,ncnn,640,1,76,109.4639000002644,9.13543186381615,2,0.8448438048362732,
bench_detect_20260903_2022,ncnn,640,1,77,103.71119999763323,9.64216015264331,1,0.8476136922836304,
bench_detect_20260903_2022,ncnn,640,1,78,128.43710000015562,7.785912325946228,1,0.8524566292762756,
bench_detect_20260903_2022,ncnn,640,1,79,168.06830000132322,5.949962009445724,4,0.839610755443573,
bench_detect_20260903_2022,ncnn,640,1,80,163.5647999937646,6.113784873261984,1,0.8314980268478394,
bench_detect_20260903_2022,ncnn,640,1,81,163.77939999802038,6.105773986301617,1,0.8271514773368835,
bench_detect_20260903_2022,ncnn,640,1,82,194.8975999985123,5.130899508293757,2,0.8298346996307373,
bench_detect_20260903_2022,ncnn,640,1,83,135.7997000013711,7.363786517863468,1,0.8219830989837646,
bench_detect_20260903_2022,ncnn,640,1,84,191.11400000110734,5.232479043891112,1,0.8257671594619751,
bench_detect_20260903_2022,ncnn,640,1,85,137.2572999971453,7.285586996253008,1,0.811461329460144,
bench_detect_20260903_2022,ncnn,640,1,86,147.57210000243504,6.7763486457365545,1,0.8388513922691345,
bench_detect_20260903_2022,ncnn,640,1,87,193.82819999736967,5.159207999731569,1,0.8571673035621643,
bench_detect_20260903_2022,ncnn,640,1,88,192.12330000300426,5.2049907532525355,1,0.8460314273834229,
bench_detect_20260903_2022,ncnn,640,1,89,120.35079999623122,8.309043230550316,1,0.7928651571273804,
bench_detect_20260903_2022,ncnn,640,1,90,141.09559999633348,7.087393228605188,1,0.8154221177101135,
bench_detect_20260903_2022,ncnn,640,1,91,151.10769999591867,6.617796446024983,6,0.85065096616745,
bench_detect_20260903_2022,ncnn,640,1,92,152.62799999618437,6.551877768332151,1,0.8413549065589905,
bench_detect_20260903_2022,ncnn,640,1,93,230.9017000006861,4.330847282618658,1,0.8516277074813843,
bench_detect_20260903_2022,ncnn,640,1,94,201.0974000004353,4.97271471435153,1,0.8222675323486328,
bench_detect_20260903_2022,ncnn,640,1,95,171.87279999780003,5.8182562919368275,1,0.8292026519775391,
bench_detect_20260903_2022,ncnn,640,1,96,217.48819999629632,4.597950601536218,1,0.8072890043258667,
bench_detect_20260903_2022,ncnn,640,1,97,186.4004000017303,5.364795354466606,1,0.8510768413543701,
bench_detect_20260903_2022,ncnn,640,1,98,177.5746999992407,5.631432856168565,1,0.8391404151916504,
bench_detect_20260903_2022,ncnn,640,1,99,205.8465999944019,4.857986481327335,1,0.8497687578201294,
bench_detect_20260903_2022,ncnn,640,2,0,94.42459999991115,10.590460536776867,1,0.8214687705039978,
bench_detect_20260903_2022,ncnn,640,2,1,104.30239999550395,9.587507095168528,1,0.8121480345726013,
bench_detect_20260903_2022,ncnn,640,2,2,101.82090000307653,9.821166381065035,1,0.8395454287528992,
bench_detect_20260903_2022,ncnn,640,2,3,82.53590000094846,12.115939851488971,1,0.8316106796264648,
bench_detect_20260903_2022,ncnn,640,2,4,80.54599999741185,12.415265811239944,1,0.7443011403083801,
bench_detect_20260903_2022,ncnn,640,2,5,85.54330000333721,11.689986240430146,1,0.8330689668655396,
bench_detect_20260903_2022,ncnn,640,2,6,88.86900000652531,11.252517750020523,1,0.8096312284469604,
bench_detect_20260903_2022,ncnn,640,2,7,85.61609999742359,11.680046159893905,2,0.8250117301940918,
bench_detect_20260903_2022,ncnn,640,2,8,85.65489999455167,11.674755327057856,1,0.848911464214325,
bench_detect_20260903_2022,ncnn,640,2,9,89.01880000485107,11.233582119119838,1,0.830953061580658,
bench_detect_20260903_2022,ncnn,640,2,10,84.51220000279136,11.832611149242014,1,0.8210681080818176,
bench_detect_20260903_2022,ncnn,640,2,11,88.47010000317823,11.30325386728483,1,0.8629554510116577,
bench_detect_20260903_2022,ncnn,640,2,12,86.15309999731835,11.607243384522747,1,0.8423637747764587,
bench_detect_20260903_2022,ncnn,640,2,13,82.5327999991714,12.116394936437873,2,0.8258850574493408,
bench_detect_20260903_2022,ncnn,640,2,14,90.04459999414394,11.10560766625689,1,0.8677327632904053,
bench_detect_20260903_2022,ncnn,640,2,15,97.16860000480665,10.29139042808616,1,0.8611426949501038,
bench_detect_20260903_2022,ncnn,640,2,16,82.18269999633776,12.16801102962743,2,0.8343462347984314,
bench_detect_20260903_2022,ncnn,640,2,17,87.82439999777125,11.386357322399896,3,0.839414656162262,
bench_detect_20260903_2022,ncnn,640,2,18,94.56070000305772,10.575217822707149,2,0.8466665744781494,
bench_detect_20260903_2022,ncnn,640,2,19,84.60970000305679,11.818975838040696,1,0.8641485571861267,
bench_detect_20260903_2022,ncnn,640,2,20,82.62749999994412,12.102508244841927,2,0.8630983233451843,
bench_detect_20260903_2022,ncnn,640,2,21,80.78079999540932,12.379179211605095,1,0.8406503796577454,
bench_detect_20260903_2022,ncnn,640,2,22,109.0392999976757,9.171005316627273,1,0.8391132950782776,
bench_detect_20260903_2022,ncnn,640,2,23,88.1468000006862,11.344711322387372,1,0.8192141056060791,
bench_detect_20260903_2022,ncnn,640,2,24,87.85060000082012,11.382961527760363,1,0.8192446231842041,
bench_detect_20260903_2022,ncnn,640,2,25,128.95469999784837,7.75466113306987,2,0.8416053652763367,
bench_detect_20260903_2022,ncnn,640,2,26,153.08050000021467,6.53251067248015,3,0.8323209881782532,
bench_detect_20260903_2022,ncnn,640,2,27,145.64299999619834,6.866104104049646,1,0.8368034958839417,
bench_detect_20260903_2022,ncnn,640,2,28,146.52520000527147,6.8247646136229365,1,0.8446123003959656,
bench_detect_20260903_2022,ncnn,640,2,29,159.05349999957252,6.287192674179994,1,0.8436523079872131,
bench_detect_20260903_2022,ncnn,640,2,30,124.45599999773549,8.0349681816722,1,0.8377924561500549,
bench_detect_20260903_2022,ncnn,640,2,31,123.185000004014,8.117871493829727,1,0.843222439289093,
bench_detect_20260903_2022,ncnn,640,2,32,148.38939999754075,6.739025833493315,1,0.8313406705856323,
bench_detect_20260903_2022,ncnn,640,2,33,147.9334000032395,6.759798666008498,1,0.8367629647254944,
bench_detect_20260903_2022,ncnn,640,2,34,131.28969999524998,7.616743735694268,1,0.794060230255127,
bench_detect_20260903_2022,ncnn,640,2,35,115.06570000346983,8.690687146298547,1,0.844182014465332,
bench_detect_20260903_2022,ncnn,640,2,36,128.82010000612354,7.762763729825271,1,0.8246176838874817,
bench_detect_20260903_2022,ncnn,640,2,37,85.63210000284016,11.677863791344986,1,0.845628023147583,
bench_detect_20260903_2022,ncnn,640,2,38,97.92629999719793,10.211761294244898,1,0.8481340408325195,
bench_detect_20260903_2022,ncnn,640,2,39,96.57159999915166,10.355011204213087,2,0.8228015303611755,
bench_detect_20260903_2022,ncnn,640,2,40,108.6866999976337,9.200757774610617,1,0.8118503093719482,
bench_detect_20260903_2022,ncnn,640,2,41,129.1440999993938,7.743288311310343,1,0.8480193018913269,
bench_detect_20260903_2022,ncnn,640,2,42,78.26360000035493,12.777331990803706,2,0.8532117605209351,
bench_detect_20260903_2022,ncnn,640,2,43,108.00640000525163,9.258710594477519,1,0.8299168944358826,
bench_detect_20260903_2022,ncnn,640,2,44,84.36059999803547,11.853874913446411,1,0.7718534469604492,
bench_detect_20260903_2022,ncnn,640,2,45,106.94119999971008,9.350933036123692,1,0.8479881286621094,
bench_detect_20260903_2022,ncnn,640,2,46,141.64370000071358,7.059968074788799,1,0.848056435585022,
bench_detect_20260903_2022,ncnn,640,2,47,144.71210000192514,6.910272188619312,1,0.8432230353355408,
bench_detect_20260903_2022,ncnn,640,2,48,103.21209999528946,9.688786489623206,1,0.815872073173523,
bench_detect_20260903_2022,ncnn,640,2,49,117.08289999660337,8.540956877810597,1,0.7787197828292847,
bench_detect_20260903_2022,ncnn,640,2,50,129.65149999945424,7.712984423660424,2,0.8698756694793701,
bench_detect_20260903_2022,ncnn,640,2,51,101.65000000415603,9.83767830751711,1,0.8253887891769409,
bench_detect_20260903_2022,ncnn,640,2,52,168.6178999952972,5.930568462944268,1,0.8267797231674194,
bench_detect_20260903_2022,ncnn,640,2,53,165.31419999955688,6.049087132277085,1,0.8350737690925598,
bench_detect_20260903_2022,ncnn,640,2,54,106.07380000146804,9.42739866004763,1,0.8424330353736877,
bench_detect_20260903_2022,ncnn,640,2,55,100.67700000217883,9.932755246762996,1,0.8537830710411072,
bench_detect_20260903_2022,ncnn,640,2,56,161.11510000337148,6.2067428812015395,1,0.8273897767066956,
bench_detect_20260903_2022,ncnn,640,2,57,133.281900001748,7.50289424135524,1,0.826176106929779,
bench_detect_20260903_2022,ncnn,640,2,58,154.84339999966323,6.458137705592714,2,0.8604757785797119,
bench_detect_20260903_2022,ncnn,640,2,59,157.953500005533,6.330977154447168,1,0.818992555141449,
bench_detect_20260903_2022,ncnn,640,2,60,134.34950000373647,7.443272955777196,2,0.8329590559005737,
bench_detect_20260903_2022,ncnn,640,2,61,147.0340000014403,6.801148033721482,1,0.8284342288970947,
bench_detect_20260903_2022,ncnn,640,2,62,102.5004999974044,9.756049970734999,2,0.8373320698738098,
bench_detect_20260903_2022,ncnn,640,2,63,90.72649999870919,11.022137964257714,1,0.8421450257301331,
bench_detect_20260903_2022,ncnn,640,2,64,98.51600000547478,10.150635429213809,1,0.8202604651451111,
bench_detect_20260903_2022,ncnn,640,2,65,82.04319999640575,12.188700587541799,1,0.8330275416374207,
bench_detect_20260903_2022,ncnn,640,2,66,88.8801000037347,11.251112453271098,2,0.8189752101898193,
bench_detect_20260903_2022,ncnn,640,2,67,90.09730000252603,11.099111737776418,1,0.8267175555229187,
bench_detect_20260903_2022,ncnn,640,2,68,89.68949999689357,11.149577152672668,2,0.8485023379325867,
bench_detect_20260903_2022,ncnn,640,2,69,97.20709999965038,10.28731440402601,1,0.8594738841056824,
bench_detect_20260903_2022,ncnn,640,2,70,79.00720000179717,12.657074291675354,1,0.8575980067253113,
bench_detect_20260903_2022,ncnn,640,2,71,94.2642000009073,10.608481268502517,1,0.8561351895332336,
bench_detect_20260903_2022,ncnn,640,2,72,88.06819999881554,11.354836365605852,1,0.8265811800956726,
bench_detect_20260903_2022,ncnn,640,2,73,98.85790000407724,10.115529461568135,1,0.8261642456054688,
bench_detect_20260903_2022,ncnn,640,2,74,110.0077999944915,9.09026450897185,1,0.8381205797195435,
bench_detect_20260903_2022,ncnn,640,2,75,98.07790000195382,10.19597687124295,1,0.8184217214584351,
bench_detect_20260903_2022,ncnn,640,2,76,86.61330000177259,11.54557094556534,2,0.8448438048362732,
bench_detect_20260903_2022,ncnn,640,2,77,147.77860000322107,6.7668796427778,1,0.8476136922836304,
bench_detect_20260903_2022,ncnn,640,2,78,120.1710000023013,8.321475230969616,1,0.8524566292762756,
bench_detect_20260903_2022,ncnn,640,2,79,105.94059999857564,9.439251807271669,4,0.839610755443573,
bench_detect_20260903_2022,ncnn,640,2,80,96.42639999947278,10.370603901063065,1,0.8314980268478394,
bench_detect_20260903_2022,ncnn,640,2,81,107.50269999698503,9.302091947718946,1,0.8271514773368835,
bench_detect_20260903_2022,ncnn,640,2,82,95.95499999704771,10.421551769379057,2,0.8298346996307373,
bench_detect_20260903_2022,ncnn,640,2,83,148.35690000472823,6.740502126750622,1,0.8219830989837646,
bench_detect_20260903_2022,ncnn,640,2,84,173.37749999569496,5.767761099478482,1,0.8257671594619751,
bench_detect_20260903_2022,ncnn,640,2,85,97.10839999752352,10.297770327031465,1,0.811461329460144,
bench_detect_20260903_2022,ncnn,640,2,86,102.33449999941513,9.771875564992405,1,0.8388513922691345,
bench_detect_20260903_2022,ncnn,640,2,87,88.42909999657422,11.308494602328198,1,0.8571673035621643,
bench_detect_20260903_2022,ncnn,640,2,88,109.20720000285655,9.15690540526488,1,0.8460314273834229,
bench_detect_20260903_2022,ncnn,640,2,89,109.71120000613155,9.114839687690154,1,0.7928651571273804,
bench_detect_20260903_2022,ncnn,640,2,90,115.4681999978493,8.660393078082329,1,0.8154221177101135,
bench_detect_20260903_2022,ncnn,640,2,91,131.96460000472143,7.577789800933144,6,0.85065096616745,
bench_detect_20260903_2022,ncnn,640,2,92,83.63870000175666,11.956187745373816,1,0.8413549065589905,
bench_detect_20260903_2022,ncnn,640,2,93,130.42980000318494,7.666959544334049,1,0.8516277074813843,
bench_detect_20260903_2022,ncnn,640,2,94,158.52299999824027,6.30823287479483,1,0.8222675323486328,
bench_detect_20260903_2022,ncnn,640,2,95,144.57470000343164,6.916839529850408,1,0.8292026519775391,
bench_detect_20260903_2022,ncnn,640,2,96,156.81550000590505,6.376920648547777,1,0.8072890043258667,
bench_detect_20260903_2022,ncnn,640,2,97,141.92970000294736,7.045741659280853,1,0.8510768413543701,
bench_detect_20260903_2022,ncnn,640,2,98,126.04049999936251,7.93395773584727,1,0.8391404151916504,
bench_detect_20260903_2022,ncnn,640,2,99,89.70850000332575,11.147215703784225,1,0.8497687578201294,
bench_detect_20260903_2022,ncnn,640,4,0,99.44700000050943,10.055607509476177,1,0.8214687705039978,
bench_detect_20260903_2022,ncnn,640,4,1,89.4960000005085,11.173683739991935,1,0.8121480345726013,
bench_detect_20260903_2022,ncnn,640,4,2,100.373799999943,9.962759206093303,1,0.8395454287528992,
bench_detect_20260903_2022,ncnn,640,4,3,94.59799999604002,10.571048014142594,1,0.8316106796264648,
bench_detect_20260903_2022,ncnn,640,4,4,98.144500007038,10.18905796991466,1,0.7443011403083801,
bench_detect_20260903_2022,ncnn,640,4,5,104.72839999420103,9.548508332557086,1,0.8330689668655396,
bench_detect_20260903_2022,ncnn,640,4,6,90.76089999871328,11.017960377367093,1,0.8096312284469604,
bench_detect_20260903_2022,ncnn,640,4,7,90.8899999994901,11.002310485263616,2,0.8250117301940918,
bench_detect_20260903_2022,ncnn,640,4,8,87.57509999850299,11.418770860862208,1,0.848911464214325,
bench_detect_20260903_2022,ncnn,640,4,9,89.59750000212807,11.16102569799658,1,0.830953061580658,
bench_detect_20260903_2022,ncnn,640,4,10,87.46049999899697,11.433732942430794,1,0.8210681080818176,
bench_detect_20260903_2022,ncnn,640,4,11,92.59839999867836,10.799322666636495,1,0.8629554510116577,
bench_detect_20260903_2022,ncnn,640,4,12,95.81030000117607,10.437291188815033,1,0.8423637747764587,
bench_detect_20260903_2022,ncnn,640,4,13,93.40599999995902,10.705950367218794,2,0.8258850574493408,
bench_detect_20260903_2022,ncnn,640,4,14,95.46779999800492,10.474735984498416,1,0.8677327632904053,
bench_detect_20260903_2022,ncnn,640,4,15,96.14270000020042,10.401205707743962,1,0.8611426949501038,
bench_detect_20260903_2022,ncnn,640,4,16,101.84550000121817,9.818794153772519,2,0.8343462347984314,
bench_detect_20260903_2022,ncnn,640,4,17,97.07840000191936,10.300952631895754,3,0.839414656162262,
bench_detect_20260903_2022,ncnn,640,4,18,98.5482999967644,10.147308477496138,2,0.8466665744781494,
bench_detect_20260903_2022,ncnn,640,4,19,127.17580000025919,7.863131193182681,1,0.8641485571861267,
bench_detect_20260903_2022,ncnn,640,4,20,99.49240000423742,10.051018971875335,2,0.8630983233451843,
bench_detect_20260903_2022,ncnn,640,4,21,135.10849999875063,7.401458827603349,1,0.8406503796577454,
bench_detect_20260903_2022,ncnn,640,4,22,98.27850000147009,10.17516547347631,1,0.8391132950782776,
bench_detect_20260903_2022,ncnn,640,4,23,90.8110000018496,11.011881820260017,1,0.8192141056060791,
bench_detect_20260903_2022,ncnn,640,4,24,103.08770000119694,9.70047833047385,1,0.8192446231842041,
bench_detect_20260903_2022,ncnn,640,4,25,103.4665999977733,9.6649546812355,2,0.8416053652763367,
bench_detect_20260903_2022,ncnn,640,4,26,105.91720000229543,9.441337195265056,3,0.8323209881782532,
bench_detect_20260903_2022,ncnn,640,4,27,107.29049999645213,9.32048969883697,1,0.8368034958839417,
bench_detect_20260903_2022,ncnn,640,4,28,96.32709999277722,10.38129456897365,1,0.8446123003959656,
bench_detect_20260903_2022,ncnn,640,4,29,91.34269999776734,10.94778236273334,1,0.8436523079872131,
bench_detect_20260903_2022,ncnn,640,4,30,104.49599999992643,9.569744296439138,1,0.8377924561500549,
bench_detect_20260903_2022,ncnn,640,4,31,99.65950000332668,10.034166336040412,1,0.843222439289093,
bench_detect_20260903_2022,ncnn,640,4,32,94.07990000181599,10.629262998586281,1,0.8313406705856323,
bench_detect_20260903_2022,ncnn,640,4,33,87.9780999966897,11.366465063892337,1,0.8367629647254944,
bench_detect_20260903_2022,ncnn,640,4,34,101.36469999997644,9.865367332022217,1,0.794060230255127,
bench_detect_20260903_2022,ncnn,640,4,35,107.4746000012965,9.304524045569249,1,0.844182014465332,
bench_detect_20260903_2022,ncnn,640,4,36,94.80999999505002,10.547410611245748,1,0.8246176838874817,
bench_detect_20260903_2022,ncnn,640,4,37,105.79250000591855,9.452465911515986,1,0.845628023147583,
bench_detect_20260903_2022,ncnn,640,4,38,103.96829999808688,9.618316352372801,1,0.8481340408325195,
bench_detect_20260903_2022,ncnn,640,4,39,120.10880000161706,8.32578462183068,2,0.8228015303611755,
bench_detect_20260903_2022,ncnn,640,4,40,99.56170000077691,10.044022952522875,1,0.8118503093719482,
bench_detect_20260903_2022,ncnn,640,4,41,97.02199999446748,10.306940694450985,1,0.8480193018913269,
bench_detect_20260903_2022,ncnn,640,4,42,112.62189999979455,8.8792677090497,2,0.8532117605209351,
bench_detect_20260903_2022,ncnn,640,4,43,93.61840000201482,10.681660869855481,1,0.8299168944358826,
bench_detect_20260903_2022,ncnn,640,4,44,90.16620000329567,11.090630413208597,1,0.7718534469604492,
bench_detect_20260903_2022,ncnn,640,4,45,109.70990000350866,9.11494769358115,1,0.8479881286621094,
bench_detect_20260903_2022,ncnn,640,4,46,97.58509999664966,10.24746605818237,1,0.848056435585022,
bench_detect_20260903_2022,ncnn,640,4,47,100.84659999847645,9.916050714799583,1,0.8432230353355408,
bench_detect_20260903_2022,ncnn,640,4,48,91.63319999788655,10.913075173878727,1,0.815872073173523,
bench_detect_20260903_2022,ncnn,640,4,49,104.86089999903925,9.536443040343562,1,0.7787197828292847,
bench_detect_20260903_2022,ncnn,640,4,50,100.91590000229189,9.909241259080968,2,0.8698756694793701,
bench_detect_20260903_2022,ncnn,640,4,51,90.17959999619052,11.088982431084672,1,0.8253887891769409,
bench_detect_20260903_2022,ncnn,640,4,52,103.45899999811081,9.665664659606803,1,0.8267797231674194,
bench_detect_20260903_2022,ncnn,640,4,53,87.23270000336925,11.463591061166012,1,0.8350737690925598,
bench_detect_20260903_2022,ncnn,640,4,54,102.88869999931194,9.719240305365773,1,0.8424330353736877,
bench_detect_20260903_2022,ncnn,640,4,55,104.32830000354443,9.585126949888249,1,0.8537830710411072,
bench_detect_20260903_2022,ncnn,640,4,56,92.5580999974045,10.804024715589904,1,0.8273897767066956,
bench_detect_20260903_2022,ncnn,640,4,57,97.0041000036872,10.30884261553882,1,0.826176106929779,
bench_detect_20260903_2022,ncnn,640,4,58,107.98990000330377,9.260125252170866,2,0.8604757785797119,
bench_detect_20260903_2022,ncnn,640,4,59,83.58469999802765,11.963912055957575,1,0.818992555141449,
bench_detect_20260903_2022,ncnn,640,4,60,101.14749999775086,9.886551818109556,2,0.8329590559005737,
bench_detect_20260903_2022,ncnn,640,4,61,99.8836999933701,10.011643542103227,1,0.8284342288970947,
bench_detect_20260903_2022,ncnn,640,4,62,97.14220000023488,10.29418728418321,2,0.8373320698738098,
bench_detect_20260903_2022,ncnn,640,4,63,88.43979999801377,11.307126429757401,1,0.8421450257301331,
bench_detect_20260903_2022,ncnn,640,4,64,101.94590000173775,9.809124251028772,1,0.8202604651451111,
bench_detect_20260903_2022,ncnn,640,4,65,98.42930000013439,10.15957646756235,1,0.8330275416374207,
bench_detect_20260903_2022,ncnn,640,4,66,91.11290000146255,10.975394263424256,2,0.8189752101898193,
bench_detect_20260903_2022,ncnn,640,4,67,108.60489999322454,9.20768768317439,1,0.8267175555229187,
bench_detect_20260903_2022,ncnn,640,4,68,100.31829999934416,9.968270993493087,2,0.8485023379325867,
bench_detect_20260903_2022,ncnn,640,4,69,88.65650000370806,11.279488813095204,1,0.8594738841056824,
bench_detect_20260903_2022,ncnn,640,4,70,91.4857999960077,10.930658091678037,1,0.8575980067253113,
bench_detect_20260903_2022,ncnn,640,4,71,107.79669999465114,9.276721829607213,1,0.8561351895332336,
bench_detect_20260903_2022,ncnn,640,4,72,88.34329999808688,11.319477538439877,1,0.8265811800956726,
bench_detect_20260903_2022,ncnn,640,4,73,94.95099999912782,10.5317479543047,1,0.8261642456054688,
bench_detect_20260903_2022,ncnn,640,4,74,103.93900000053691,9.621027718131158,1,0.8381205797195435,
bench_detect_20260903_2022,ncnn,640,4,75,79.30409999971744,12.609688528128597,1,0.8184217214584351,
bench_detect_20260903_2022,ncnn,640,4,76,88.52409999963129,11.296358844700654,2,0.8448438048362732,
bench_detect_20260903_2022,ncnn,640,4,77,92.11469999718247,10.856030579598992,1,0.8476136922836304,
bench_detect_20260903_2022,ncnn,640,4,78,86.47349999955622,11.564236442437648,1,0.8524566292762756,
bench_detect_20260903_2022,ncnn,640,4,79,91.87540000129957,10.884306353886407,4,0.839610755443573,
bench_detect_20260903_2022,ncnn,640,4,80,87.43520000280114,11.437041374274472,1,0.8314980268478394,
bench_detect_20260903_2022,ncnn,640,4,81,88.52949999709381,11.295669805351068,1,0.8271514773368835,
bench_detect_20260903_2022,ncnn,640,4,82,90.61359999759588,11.035870995375214,2,0.8298346996307373,
bench_detect_20260903_2022,ncnn,640,4,83,101.25050000351621,9.876494436721519,1,0.8219830989837646,
bench_detect_20260903_2022,ncnn,640,4,84,84.84660000249278,11.785976102408585,1,0.8257671594619751,
bench_detect_20260903_2022,ncnn,640,4,85,112.54209999606246,8.885563713801211,1,0.811461329460144,
bench_detect_20260903_2022,ncnn,640,4,86,86.61470000515692,11.545384327838823,1,0.8388513922691345,
bench_detect_20260903_2022,ncnn,640,4,87,110.6013000025996,9.041485045623295,1,0.8571673035621643,
bench_detect_20260903_2022,ncnn,640,4,88,82.90879999549361,12.061445830290072,1,0.8460314273834229,
bench_detect_20260903_2022,ncnn,640,4,89,88.78840000397759,11.262732518608304,1,0.7928651571273804,
bench_detect_20260903_2022,ncnn,640,4,90,83.01029999711318,12.046697819846171,1,0.8154221177101135,
bench_detect_20260903_2022,ncnn,640,4,91,86.6359999999986,11.542545823907107,6,0.85065096616745,
bench_detect_20260903_2022,ncnn,640,4,92,89.73710000282153,11.143662988536043,1,0.8413549065589905,
bench_detect_20260903_2022,ncnn,640,4,93,92.62879999732831,10.795778419118491,1,0.8516277074813843,
bench_detect_20260903_2022,ncnn,640,4,94,94.25399999599904,10.60962930000264,1,0.8222675323486328,
bench_detect_20260903_2022,ncnn,640,4,95,82.12889999413164,12.175981902490513,1,0.8292026519775391,
bench_detect_20260903_2022,ncnn,640,4,96,92.81059999921126,10.774631346080064,1,0.8072890043258667,
bench_detect_20260903_2022,ncnn,640,4,97,89.25070000259439,11.204393914792057,1,0.8510768413543701,
bench_detect_20260903_2022,ncnn,640,4,98,106.94620000140276,9.35049585667264,1,0.8391404151916504,
bench_detect_20260903_2022,ncnn,640,4,99,91.31790000537876,10.950755546733976,1,0.8497687578201294,
