run_id,backend,imgsz,threads,sample_idx,latency_ms,fps_instant,n_faces,conf_top,cpu_temp_c
bench_detect_20260905_1911,onnx,320,1,0,94.51185999932932,10.58068267841831,3,0.867016077041626,44.1
bench_detect_20260905_1911,onnx,320,1,1,94.29302600074152,10.605238185824431,1,0.8328506946563721,42.45
bench_detect_20260905_1911,onnx,320,1,2,94.39924900107144,10.593304613987447,2,0.8697801232337952,44.1
bench_detect_20260905_1911,onnx,320,1,3,94.25082199959434,10.609987040795295,1,0.882756769657135,43.55
bench_detect_20260905_1911,onnx,320,1,4,95.48951199940348,10.472354283329535,1,0.8138210773468018,43.0
bench_detect_20260905_1911,onnx,320,1,5,94.45641499951307,10.586893436567067,1,0.8523719906806946,44.65
bench_detect_20260905_1911,onnx,320,1,6,94.33960000023944,10.600002543973707,1,0.8551887273788452,43.55
bench_detect_20260905_1911,onnx,320,1,7,94.49884200148517,10.582140255055016,2,0.8453741669654846,44.1
bench_detect_20260905_1911,onnx,320,1,8,94.21067400035099,10.614508500345453,1,0.8628569841384888,44.1
bench_detect_20260905_1911,onnx,320,1,9,94.3366369992873,10.600335477377204,1,0.8440909385681152,44.1
bench_detect_20260905_1911,onnx,320,1,10,95.09539900136588,10.51575586728057,1,0.8319575786590576,44.65
bench_detect_20260905_1911,onnx,320,1,11,94.43571200063161,10.589214385266791,2,0.8591510057449341,43.0
bench_detect_20260905_1911,onnx,320,1,12,94.28941500118526,10.605644334387158,1,0.8425633311271667,44.65
bench_detect_20260905_1911,onnx,320,1,13,94.42211900022812,10.590738807689585,2,0.8373708128929138,44.65
bench_detect_20260905_1911,onnx,320,1,14,94.46939699955692,10.585438583933062,1,0.8705060482025146,44.1
bench_detect_20260905_1911,onnx,320,1,15,94.49393400063855,10.582689889842479,1,0.8714586496353149,44.65
bench_detect_20260905_1911,onnx,320,1,16,94.43658200143545,10.58911683170405,2,0.8616287708282471,44.65
bench_detect_20260905_1911,onnx,320,1,17,94.38047100047697,10.595412264841805,3,0.8603709936141968,44.65
bench_detect_20260905_1911,onnx,320,1,18,94.56952700020338,10.574230745574623,2,0.8776814937591553,44.65
bench_detect_20260905_1911,onnx,320,1,19,94.28993399887986,10.605585958007774,1,0.8844536542892456,44.65
bench_detect_20260905_1911,onnx,320,1,20,95.09767800045665,10.515503859044783,2,0.8719527721405029,44.65
bench_detect_20260905_1911,onnx,320,1,21,94.47830399949453,10.58444063523145,2,0.8753690123558044,44.65
bench_detect_20260905_1911,onnx,320,1,22,94.3482300008327,10.599032965336756,1,0.848172664642334,45.75
bench_detect_20260905_1911,onnx,320,1,23,94.29198900033953,10.605354819659167,1,0.8727248907089233,44.1
bench_detect_20260905_1911,onnx,320,1,24,94.37126699958753,10.596445632168642,2,0.8595871925354004,44.65
bench_detect_20260905_1911,onnx,320,1,25,94.61756499877083,10.568862134773717,1,0.8494384288787842,45.2
bench_detect_20260905_1911,onnx,320,1,26,94.58673100016313,10.572307441286615,3,0.8744772672653198,44.65
bench_detect_20260905_1911,onnx,320,1,27,94.45191600025282,10.587397718827887,1,0.8549525737762451,45.2
bench_detect_20260905_1911,onnx,320,1,28,94.34387800138211,10.599521889330756,1,0.8621965646743774,44.65
bench_detect_20260905_1911,onnx,320,1,29,94.43139699942549,10.589698254766727,1,0.8918617963790894,44.65
bench_detect_20260905_1911,onnx,320,1,30,94.31274899907294,10.603020382852266,1,0.8513922095298767,44.65
bench_detect_20260905_1911,onnx,320,1,31,95.03610300089349,10.522316976639903,1,0.8696874380111694,44.1
bench_detect_20260905_1911,onnx,320,1,32,94.42437899997458,10.590485323713585,2,0.8461754322052002,44.65
bench_detect_20260905_1911,onnx,320,1,33,94.30243399947358,10.604180163638006,1,0.8386847376823425,44.1
bench_detect_20260905_1911,onnx,320,1,34,94.42734199910774,10.590153008960574,2,0.8442742824554443,45.2
bench_detect_20260905_1911,onnx,320,1,35,94.45719299947086,10.586806237250793,1,0.8503501415252686,45.2
bench_detect_20260905_1911,onnx,320,1,36,94.40817499853438,10.59230305019162,1,0.8418044447898865,45.75
bench_detect_20260905_1911,onnx,320,1,37,94.43680399999721,10.589091939198086,1,0.8386180400848389,45.75
bench_detect_20260905_1911,onnx,320,1,38,94.4011749998026,10.593088486473723,1,0.8658443093299866,45.2
bench_detect_20260905_1911,onnx,320,1,39,94.37239699946076,10.596318752036296,2,0.856456995010376,45.2
bench_detect_20260905_1911,onnx,320,1,40,94.36517500034824,10.59712971439209,1,0.8289915919303894,44.1
bench_detect_20260905_1911,onnx,320,1,41,94.29676699983247,10.604817448320118,1,0.8585206866264343,45.75
bench_detect_20260905_1911,onnx,320,1,42,95.59051200085378,10.461289296065999,2,0.873018741607666,45.75
bench_detect_20260905_1911,onnx,320,1,43,94.33826799977396,10.600152209731007,1,0.8427597880363464,44.65
bench_detect_20260905_1911,onnx,320,1,44,94.32949000074586,10.60113862581143,1,0.8694509267807007,45.75
bench_detect_20260905_1911,onnx,320,1,45,94.36473099958675,10.597179575538442,2,0.8572405576705933,44.1
bench_detect_20260905_1911,onnx,320,1,46,94.78756499993324,10.549907047413912,1,0.8312458992004395,44.1
bench_detect_20260905_1911,onnx,320,1,47,95.02908400099841,10.523094171774755,1,0.8782301545143127,45.2
bench_detect_20260905_1911,onnx,320,1,48,94.5249349988444,10.579219123633624,2,0.8465735912322998,44.1
bench_detect_20260905_1911,onnx,320,1,49,94.28773000036017,10.60583386614759,1,0.8420447111129761,45.75
bench_detect_20260905_1911,onnx,320,1,50,94.33667499979492,10.600331207371617,1,0.8569331169128418,45.2
bench_detect_20260905_1911,onnx,320,1,51,94.34969399990223,10.598868502965534,1,0.8843919038772583,45.75
bench_detect_20260905_1911,onnx,320,1,52,94.80952900048578,10.547463008648384,1,0.8464038968086243,44.65
bench_detect_20260905_1911,onnx,320,1,53,94.50636099973053,10.581298331895896,1,0.8297358155250549,44.1
bench_detect_20260905_1911,onnx,320,1,54,94.27634100029536,10.607115097910588,1,0.8656474351882935,44.1
bench_detect_20260905_1911,onnx,320,1,55,94.3180639987986,10.602422882776068,1,0.8580819964408875,44.65
bench_detect_20260905_1911,onnx,320,1,56,94.38226799829863,10.59521053274569,1,0.8371187448501587,45.2
bench_detect_20260905_1911,onnx,320,1,57,95.50523500001873,10.470630222519256,1,0.8488032817840576,45.2
bench_detect_20260905_1911,onnx,320,1,58,94.57013900100719,10.574162315541798,3,0.8435391187667847,45.2
bench_detect_20260905_1911,onnx,320,1,59,94.40434099997219,10.592733230353195,1,0.8659917712211609,45.75
bench_detect_20260905_1911,onnx,320,1,60,94.33448900017538,10.600576847330364,2,0.8362561464309692,45.75
bench_detect_20260905_1911,onnx,320,1,61,94.39143400049943,10.594181671132457,1,0.8599085807800293,45.75
bench_detect_20260905_1911,onnx,320,1,62,94.31673099970794,10.602572729149154,1,0.8583499193191528,45.2
bench_detect_20260905_1911,onnx,320,1,63,95.0305850001314,10.522927960494165,3,0.8242826461791992,45.75
bench_detect_20260905_1911,onnx,320,1,64,94.39928699976008,10.593300349848422,1,0.8813580274581909,45.2
bench_detect_20260905_1911,onnx,320,1,65,94.40860099857673,10.592255254529993,1,0.8344623446464539,46.3
bench_detect_20260905_1911,onnx,320,1,66,94.36691600058111,10.59693420513861,2,0.8658978343009949,45.2
bench_detect_20260905_1911,onnx,320,1,67,94.89912100070796,10.53750539999775,1,0.8395218849182129,45.75
bench_detect_20260905_1911,onnx,320,1,68,94.49104499981331,10.583013448543994,2,0.865976095199585,44.1
bench_detect_20260905_1911,onnx,320,1,69,94.34689699992305,10.599182716107936,1,0.8664168119430542,45.75
bench_detect_20260905_1911,onnx,320,1,70,94.35609999854933,10.598148927471296,1,0.8556602597236633,45.2
bench_detect_20260905_1911,onnx,320,1,71,94.24411799955124,10.610741775998813,1,0.8706232905387878,45.2
bench_detect_20260905_1911,onnx,320,1,72,94.3784709997999,10.595636795197924,1,0.8552777171134949,45.2
bench_detect_20260905_1911,onnx,320,1,73,94.74186100123916,10.554996381028664,1,0.8395990133285522,45.75
bench_detect_20260905_1911,onnx,320,1,74,94.46221300095203,10.586243623044503,1,0.8509732484817505,45.75
bench_detect_20260905_1911,onnx,320,1,75,94.37745300056122,10.595751084679659,1,0.8412084579467773,44.65
bench_detect_20260905_1911,onnx,320,1,76,94.39719300098659,10.59353533944117,2,0.8553757667541504,44.65
bench_detect_20260905_1911,onnx,320,1,77,94.25619400099094,10.609382339260236,1,0.8588329553604126,44.65
bench_detect_20260905_1911,onnx,320,1,78,95.24084500117169,10.499696847373599,1,0.8597087860107422,44.65
bench_detect_20260905_1911,onnx,320,1,79,94.46199000012712,10.586268614483501,3,0.8422040343284607,44.65
bench_detect_20260905_1911,onnx,320,1,80,94.33602699937182,10.60040402174939,1,0.8683739900588989,45.75
bench_detect_20260905_1911,onnx,320,1,81,94.33171199998469,10.600888914219667,1,0.8617998361587524,45.75
bench_detect_20260905_1911,onnx,320,1,82,94.38093499920797,10.59536017531922,2,0.8524227142333984,45.2
bench_detect_20260905_1911,onnx,320,1,83,94.44028600046295,10.588701520822353,1,0.8346425294876099,45.2
bench_detect_20260905_1911,onnx,320,1,84,95.02288099974976,10.52378110912711,1,0.865837574005127,45.75
bench_detect_20260905_1911,onnx,320,1,85,94.33084200099984,10.60098668460312,1,0.8456010818481445,46.3
bench_detect_20260905_1911,onnx,320,1,86,94.33387799981574,10.600645507247707,1,0.8597445487976074,45.75
bench_detect_20260905_1911,onnx,320,1,87,94.27198899902578,10.607604768054,1,0.8807274103164673,44.65
bench_detect_20260905_1911,onnx,320,1,88,94.53395300079137,10.578209926243417,1,0.8535925149917603,45.75
bench_detect_20260905_1911,onnx,320,1,89,94.51552800055651,10.58027205851415,1,0.8226958513259888,45.75
bench_detect_20260905_1911,onnx,320,1,90,94.28636000120605,10.605987970977019,1,0.835182785987854,46.3
bench_detect_20260905_1911,onnx,320,1,91,94.62602799976594,10.567916894942199,5,0.8622593879699707,45.2
bench_detect_20260905_1911,onnx,320,1,92,94.36584099967149,10.597054923756588,1,0.8443489074707031,46.3
bench_detect_20260905_1911,onnx,320,1,93,94.2959530002554,10.604908993255432,1,0.8922709226608276,45.75
bench_detect_20260905_1911,onnx,320,1,94,94.35300800032564,10.598496234444891,1,0.8305662870407104,45.2
bench_detect_20260905_1911,onnx,320,1,95,94.95701100058795,10.531081269963396,1,0.8475969433784485,45.75
bench_detect_20260905_1911,onnx,320,1,96,94.37922999859438,10.595551584971538,1,0.8309303522109985,45.2
bench_detect_20260905_1911,onnx,320,1,97,94.37589699882665,10.595925779782869,1,0.8784868717193604,45.75
bench_detect_20260905_1911,onnx,320,1,98,94.2454150008416,10.61059575143332,1,0.8540760278701782,45.75
bench_detect_20260905_1911,onnx,320,1,99,94.67210200091358,10.56277381472263,1,0.8631399869918823,45.75
bench_detect_20260905_1911,onnx,320,2,0,53.313091999370954,18.757118795732183,3,0.867016077041626,46.3
bench_detect_20260905_1911,onnx,320,2,1,52.8251640007511,18.930371895973316,1,0.8328506946563721,46.85
bench_detect_20260905_1911,onnx,320,2,2,52.937905998987844,18.890055832943595,2,0.8697801232337952,47.95
bench_detect_20260905_1911,onnx,320,2,3,52.81040499903611,18.935662394905926,1,0.882756769657135,45.75
bench_detect_20260905_1911,onnx,320,2,4,52.82305299988366,18.931128422323535,1,0.8138210773468018,47.4
bench_detect_20260905_1911,onnx,320,2,5,52.78023800019582,18.946485235558995,1,0.8523719310760498,46.85
bench_detect_20260905_1911,onnx,320,2,6,53.907539000647375,18.550281065288306,1,0.8551887273788452,47.4
bench_detect_20260905_1911,onnx,320,2,7,53.93748399910692,18.53998232502943,2,0.8453741669654846,46.3
bench_detect_20260905_1911,onnx,320,2,8,53.1257029997505,18.823280324491826,1,0.8628569841384888,45.75
bench_detect_20260905_1911,onnx,320,2,9,52.8578320008819,18.918672260022234,1,0.8440910577774048,47.4
bench_detect_20260905_1911,onnx,320,2,10,52.824202000920195,18.9307166435298,1,0.8319575786590576,46.85
bench_detect_20260905_1911,onnx,320,2,11,52.87373899955128,18.912980600983914,2,0.8591510057449341,46.85
bench_detect_20260905_1911,onnx,320,2,12,52.847868000753806,18.9222392090772,1,0.8425633311271667,47.4
bench_detect_20260905_1911,onnx,320,2,13,52.93361000076402,18.891588916485507,2,0.8373708128929138,47.95
bench_detect_20260905_1911,onnx,320,2,14,52.79492400040908,18.941214878768488,1,0.8705060482025146,46.3
bench_detect_20260905_1911,onnx,320,2,15,52.7946090005571,18.941327891820315,1,0.8714586496353149,47.4
bench_detect_20260905_1911,onnx,320,2,16,52.922443001079955,18.895575171758296,2,0.8616287708282471,47.95
bench_detect_20260905_1911,onnx,320,2,17,53.00264700053958,18.866982246939852,3,0.8603709936141968,47.4
bench_detect_20260905_1911,onnx,320,2,18,53.796371999851544,18.588614117003274,2,0.8776814937591553,46.85
bench_detect_20260905_1911,onnx,320,2,19,53.04740599967772,18.85106314163741,1,0.8844536542892456,47.95
bench_detect_20260905_1911,onnx,320,2,20,52.94340600084979,18.8880934480103,2,0.8719527721405029,47.95
bench_detect_20260905_1911,onnx,320,2,21,52.855535001071985,18.919494429102244,2,0.8753690123558044,47.4
bench_detect_20260905_1911,onnx,320,2,22,52.83975800011831,18.925143449706205,1,0.848172664642334,47.4
bench_detect_20260905_1911,onnx,320,2,23,52.86216500098817,18.917121536382528,1,0.8727248907089233,47.4
bench_detect_20260905_1911,onnx,320,2,24,52.90033200071775,18.903473044109287,2,0.8595871925354004,47.95
bench_detect_20260905_1911,onnx,320,2,25,54.50220800048555,18.347880511393065,1,0.8494384288787842,47.95
bench_detect_20260905_1911,onnx,320,2,26,53.023332000520895,18.85962202432273,3,0.8744772672653198,47.4
bench_detect_20260905_1911,onnx,320,2,27,52.877072999763186,18.91178810151762,1,0.8549525737762451,48.5
bench_detect_20260905_1911,onnx,320,2,28,52.77283100076602,18.94914449417134,1,0.8621965646743774,47.95
bench_detect_20260905_1911,onnx,320,2,29,52.88483200092742,18.90901345744019,1,0.8918617963790894,47.4
bench_detect_20260905_1911,onnx,320,2,30,52.8386469995894,18.92554137519401,1,0.8513922095298767,47.95
bench_detect_20260905_1911,onnx,320,2,31,52.852423999866005,18.92060806903644,1,0.8696874380111694,47.95
bench_detect_20260905_1911,onnx,320,2,32,52.8230159998202,18.93114168269763,2,0.8461754322052002,48.5
bench_detect_20260905_1911,onnx,320,2,33,52.882517000398366,18.90984122394301,1,0.8386847972869873,47.4
bench_detect_20260905_1911,onnx,320,2,34,52.86014699959196,18.917843720860617,2,0.8442742824554443,46.3
bench_detect_20260905_1911,onnx,320,2,35,52.93357300070056,18.89160212152626,1,0.8503501415252686,47.95
bench_detect_20260905_1911,onnx,320,2,36,52.80088600011368,18.93907613591649,1,0.8418044447898865,47.95
bench_detect_20260905_1911,onnx,320,2,37,53.796686999703525,18.588505273670684,1,0.8386180400848389,47.95
bench_detect_20260905_1911,onnx,320,2,38,53.04731400065066,18.85109583470587,1,0.8658443093299866,46.3
bench_detect_20260905_1911,onnx,320,2,39,52.91390499951376,18.89862409529573,2,0.856456995010376,47.95
bench_detect_20260905_1911,onnx,320,2,40,52.87297999893781,18.91325210003464,1,0.8289915919303894,48.5
bench_detect_20260905_1911,onnx,320,2,41,52.92279399873223,18.89544985141856,1,0.8585206866264343,48.5
bench_detect_20260905_1911,onnx,320,2,42,52.90157200033718,18.903029951428024,2,0.873018741607666,47.4
bench_detect_20260905_1911,onnx,320,2,43,52.826348999587935,18.929947250524553,1,0.8427597880363464,47.95
bench_detect_20260905_1911,onnx,320,2,44,54.63154199969722,18.304443978636776,1,0.8694509267807007,48.5
bench_detect_20260905_1911,onnx,320,2,45,52.928851000615396,18.893287518906714,2,0.8572405576705933,47.95
bench_detect_20260905_1911,onnx,320,2,46,53.02920299982361,18.857534027115705,1,0.8312458992004395,47.95
bench_detect_20260905_1911,onnx,320,2,47,52.827589999651536,18.92950255740601,1,0.8782301545143127,48.5
bench_detect_20260905_1911,onnx,320,2,48,52.85836799885146,18.91848041963249,2,0.8465735912322998,46.85
bench_detect_20260905_1911,onnx,320,2,49,52.78173899932881,18.945946438269424,1,0.8420446515083313,48.5
bench_detect_20260905_1911,onnx,320,2,50,52.87088700060849,18.914000818418103,1,0.8569331169128418,49.05
bench_detect_20260905_1911,onnx,320,2,51,52.814849999776925,18.934068732642878,1,0.8843919038772583,48.5
bench_detect_20260905_1911,onnx,320,2,52,52.8238130009413,18.930856051269537,1,0.8464040756225586,47.4
bench_detect_20260905_1911,onnx,320,2,53,52.74223900050856,18.960135537483676,1,0.8297357559204102,46.85
bench_detect_20260905_1911,onnx,320,2,54,52.814516000580625,18.93418847176421,1,0.8656474351882935,47.95
bench_detect_20260905_1911,onnx,320,2,55,52.8386469995894,18.92554137519401,1,0.8580819964408875,49.05
bench_detect_20260905_1911,onnx,320,2,56,53.93261300014274,18.54165678932251,1,0.8371187448501587,47.4
bench_detect_20260905_1911,onnx,320,2,57,53.028332000394585,18.85784376533961,1,0.8488032817840576,48.5
bench_detect_20260905_1911,onnx,320,2,58,53.000129000793095,18.86787860431502,3,0.8435391187667847,48.5
bench_detect_20260905_1911,onnx,320,2,59,52.80444199888734,18.937800725572885,1,0.8659917712211609,49.05
bench_detect_20260905_1911,onnx,320,2,60,52.906073000485776,18.90142177044246,2,0.8362561464309692,47.95
bench_detect_20260905_1911,onnx,320,2,61,52.86401699959242,18.916458808034015,1,0.8599085807800293,48.5
bench_detect_20260905_1911,onnx,320,2,62,52.81540599935397,18.93386940947177,1,0.8583499193191528,49.05
bench_detect_20260905_1911,onnx,320,2,63,55.08919100066123,18.152381289970243,3,0.8242826461791992,48.5
bench_detect_20260905_1911,onnx,320,2,64,52.87483199936105,18.912589642120928,1,0.8813580274581909,47.95
bench_detect_20260905_1911,onnx,320,2,65,52.943665001293994,18.888001047444657,1,0.8344623446464539,48.5
bench_detect_20260905_1911,onnx,320,2,66,52.943960999982664,18.887895448554133,2,0.8658978343009949,48.5
bench_detect_20260905_1911,onnx,320,2,67,52.865534999000374,18.915915634238996,1,0.8395219445228577,48.5
bench_detect_20260905_1911,onnx,320,2,68,52.84490600024583,18.923299816170516,2,0.865976095199585,49.05
bench_detect_20260905_1911,onnx,320,2,69,52.83894300009706,18.92543535547566,1,0.8664168119430542,48.5
bench_detect_20260905_1911,onnx,320,2,70,52.78286899920204,18.94554083475678,1,0.8556604385375977,48.5
bench_detect_20260905_1911,onnx,320,2,71,52.978925001298194,18.875430182388488,1,0.8706232905387878,49.05
bench_detect_20260905_1911,onnx,320,2,72,52.78729500059853,18.943952327708047,1,0.8552777171134949,49.05
bench_detect_20260905_1911,onnx,320,2,73,52.81760899924848,18.93307968587197,1,0.8395991325378418,46.85
bench_detect_20260905_1911,onnx,320,2,74,52.745609000339755,18.958924144634647,1,0.8509732484817505,47.4
bench_detect_20260905_1911,onnx,320,2,75,53.855001999181695,18.56837736288998,1,0.8412084579467773,47.95
bench_detect_20260905_1911,onnx,320,2,76,53.03049899885082,18.85707317258452,2,0.8553757667541504,47.4
bench_detect_20260905_1911,onnx,320,2,77,52.774609001062345,18.948506088976806,1,0.8588329553604126,48.5
bench_detect_20260905_1911,onnx,320,2,78,52.77534899869352,18.948240399599356,1,0.8597087860107422,47.4
bench_detect_20260905_1911,onnx,320,2,79,52.96146100045007,18.88165434090842,3,0.8422040343284607,47.95
bench_detect_20260905_1911,onnx,320,2,80,52.90486899866664,18.901851926430492,1,0.8683739900588989,47.95
bench_detect_20260905_1911,onnx,320,2,81,52.81931299941789,18.932468887109923,1,0.8617998361587524,49.05
bench_detect_20260905_1911,onnx,320,2,82,54.66161599906627,18.294373148739,2,0.8524225950241089,49.05
bench_detect_20260905_1911,onnx,320,2,83,52.81023899988213,18.935721915635185,1,0.8346425294876099,49.05
bench_detect_20260905_1911,onnx,320,2,84,52.86638699908508,18.915610783413406,1,0.865837574005127,48.5
bench_detect_20260905_1911,onnx,320,2,85,52.88322100022924,18.909589489559743,1,0.8456010818481445,49.05
bench_detect_20260905_1911,onnx,320,2,86,52.817368999967584,18.933165716766652,1,0.8597445487976074,47.4
bench_detect_20260905_1911,onnx,320,2,87,52.778997998757404,18.946930368468596,1,0.8807274103164673,48.5
bench_detect_20260905_1911,onnx,320,2,88,52.77440600002592,18.948578975943544,1,0.8535925149917603,48.5
bench_detect_20260905_1911,onnx,320,2,89,52.88553500031412,18.90876210279541,1,0.8226958513259888,48.5
bench_detect_20260905_1911,onnx,320,2,90,52.87323899938201,18.913159453153384,1,0.835182785987854,47.95
bench_detect_20260905_1911,onnx,320,2,91,53.041573000882636,18.853136199097253,5,0.8622593879699707,49.05
bench_detect_20260905_1911,onnx,320,2,92,52.79738600074779,18.94033162902869,1,0.8443489074707031,49.05
bench_detect_20260905_1911,onnx,320,2,93,52.842312999928254,18.924228392526228,1,0.8922709226608276,47.95
bench_detect_20260905_1911,onnx,320,2,94,53.866983000261826,18.564247416550867,1,0.8305662870407104,49.05
bench_detect_20260905_1911,onnx,320,2,95,53.07442500088655,18.841466487546423,1,0.8475969433784485,49.05
bench_detect_20260905_1911,onnx,320,2,96,52.87555399991106,18.912331396124607,1,0.8309303522109985,48.5
bench_detect_20260905_1911,onnx,320,2,97,52.84733200096525,18.922431126357242,1,0.8784868717193604,49.05
bench_detect_20260905_1911,onnx,320,2,98,52.901553999618045,18.903036383528924,1,0.8540760278701782,49.05
bench_detect_20260905_1911,onnx,320,2,99,52.795980000155396,18.940836025717424,1,0.8631399869918823,49.05
bench_detect_20260905_1911,onnx,320,4,0,35.38270900025964,28.26239223211151,3,0.867016077041626,49.6
bench_detect_20260905_1911,onnx,320,4,1,35.20728299918119,28.403214187906997,1,0.8328506946563721,49.6
bench_detect_20260905_1911,onnx,320,4,2,35.497523998856195,28.17097891200023,2,0.8697801828384399,49.05
bench_detect_20260905_1911,onnx,320,4,3,35.54857999915839,28.13051885683408,1,0.8827567100524902,49.6
bench_detect_20260905_1911,onnx,320,4,4,35.61911799988593,28.074810836225716,1,0.8138210773468018,50.7
bench_detect_20260905_1911,onnx,320,4,5,35.54389500095567,28.13422670681176,1,0.8523718118667603,50.7
bench_detect_20260905_1911,onnx,320,4,6,35.55195099943376,28.1278515492983,1,0.8551887273788452,50.7
bench_detect_20260905_1911,onnx,320,4,7,43.16451699924073,23.16717687394927,2,0.8453742861747742,51.25
bench_detect_20260905_1911,onnx,320,4,8,37.30080899913446,26.809070013017795,1,0.8628569841384888,49.6
bench_detect_20260905_1911,onnx,320,4,9,39.71798500060686,25.177510892980116,1,0.8440911173820496,50.7
bench_detect_20260905_1911,onnx,320,4,10,35.715691999939736,27.998897515458676,1,0.8319575786590576,51.25
bench_detect_20260905_1911,onnx,320,4,11,35.603562000687816,28.087077354245658,2,0.8591510057449341,51.25
bench_detect_20260905_1911,onnx,320,4,12,41.973011999289156,23.824832966882045,1,0.8425633907318115,50.15
bench_detect_20260905_1911,onnx,320,4,13,35.62680299910426,28.068754864845506,2,0.837370753288269,51.8
bench_detect_20260905_1911,onnx,320,4,14,35.54782100036391,28.131119485207343,1,0.8705060482025146,51.25
bench_detect_20260905_1911,onnx,320,4,15,35.4870060000394,28.179328512495243,1,0.8714585304260254,50.7
bench_detect_20260905_1911,onnx,320,4,16,35.61846899901866,28.07532238478727,2,0.8616288304328918,51.25
bench_detect_20260905_1911,onnx,320,4,17,41.791512001509545,23.928303909269403,3,0.8603709936141968,51.25
bench_detect_20260905_1911,onnx,320,4,18,35.441376001472236,28.215608783317556,2,0.8776813745498657,50.15
bench_detect_20260905_1911,onnx,320,4,19,39.0274639994459,25.62298180620185,1,0.8844536542892456,50.15
bench_detect_20260905_1911,onnx,320,4,20,35.666580999532016,28.037450520225672,2,0.8719526529312134,51.8
bench_detect_20260905_1911,onnx,320,4,21,35.62841399980243,28.06748568728165,2,0.8753691911697388,50.15
bench_detect_20260905_1911,onnx,320,4,22,35.52646899879619,28.14802675813025,1,0.8481728434562683,50.7
bench_detect_20260905_1911,onnx,320,4,23,35.36431999964407,28.277088319811174,1,0.8727248907089233,51.25
bench_detect_20260905_1911,onnx,320,4,24,35.398023999732686,28.250164472670892,2,0.8595873117446899,50.15
bench_detect_20260905_1911,onnx,320,4,25,39.29892799897061,25.44598672071141,1,0.8494384288787842,50.7
bench_detect_20260905_1911,onnx,320,4,26,38.901537998754065,25.7059245326503,3,0.8744773268699646,50.15
bench_detect_20260905_1911,onnx,320,4,27,35.22635599983914,28.387835517377,1,0.8549525737762451,51.8
bench_detect_20260905_1911,onnx,320,4,28,43.98635300094611,22.734323984043208,1,0.8621963858604431,51.8
bench_detect_20260905_1911,onnx,320,4,29,35.53833899968595,28.138625162218105,1,0.8918617963790894,51.8
bench_detect_20260905_1911,onnx,320,4,30,45.078228000420495,22.18365815068578,1,0.8513919711112976,51.8
bench_detect_20260905_1911,onnx,320,4,31,35.535746999812545,28.14067761134373,1,0.8696874380111694,51.8
bench_detect_20260905_1911,onnx,320,4,32,35.296227999424445,28.331639290643363,2,0.8461754322052002,51.8
bench_detect_20260905_1911,onnx,320,4,33,35.13037499942584,28.46539497561138,1,0.8386847972869873,51.8
bench_detect_20260905_1911,onnx,320,4,34,35.363226999834296,28.27796230261129,2,0.8442742824554443,51.8
bench_detect_20260905_1911,onnx,320,4,35,45.92099000001326,21.776533998934063,1,0.8503502607345581,52.35
bench_detect_20260905_1911,onnx,320,4,36,41.23904600055539,24.248863564558025,1,0.8418042659759521,51.25
bench_detect_20260905_1911,onnx,320,4,37,35.88563700031955,27.866302052575946,1,0.8386180400848389,51.25
bench_detect_20260905_1911,onnx,320,4,38,35.62098799920932,28.073336989479266,1,0.8658442497253418,52.35
bench_detect_20260905_1911,onnx,320,4,39,35.633673000120325,28.063343343713775,2,0.8564569354057312,51.25
bench_detect_20260905_1911,onnx,320,4,40,35.58552499998768,28.101313666170334,1,0.8289916515350342,52.35
bench_detect_20260905_1911,onnx,320,4,41,35.5616730012116,28.12016183732215,1,0.8585205078125,52.35
bench_detect_20260905_1911,onnx,320,4,42,35.51382099976763,28.158051481042918,2,0.8730186820030212,51.25
bench_detect_20260905_1911,onnx,320,4,43,35.56828399996448,28.11493520466151,1,0.8427597284317017,50.7
bench_detect_20260905_1911,onnx,320,4,44,37.894533001235686,26.38903083902344,1,0.8694509267807007,52.35
bench_detect_20260905_1911,onnx,320,4,45,43.68059300031746,22.89346209179743,2,0.8572405576705933,52.35
bench_detect_20260905_1911,onnx,320,4,46,35.62624799997138,28.06919213049893,1,0.8312457799911499,51.25
bench_detect_20260905_1911,onnx,320,4,47,35.73696999956155,27.982226809163418,1,0.8782301545143127,52.35
bench_detect_20260905_1911,onnx,320,4,48,35.37531999972998,28.268295523761566,2,0.8465737104415894,52.35
bench_detect_20260905_1911,onnx,320,4,49,35.318653001013445,28.313650579236576,1,0.8420445919036865,51.8
bench_detect_20260905_1911,onnx,320,4,50,43.90040900034364,22.7788310580927,1,0.8569329380989075,52.35
bench_detect_20260905_1911,onnx,320,4,51,35.43059900039225,28.224191185391167,1,0.8843920230865479,51.8
bench_detect_20260905_1911,onnx,320,4,52,35.50109900061216,28.168142061820582,1,0.8464040160179138,52.9
bench_detect_20260905_1911,onnx,320,4,53,35.36135800095508,28.27945691375854,1,0.8297357559204102,52.35
bench_detect_20260905_1911,onnx,320,4,54,40.50578500027768,24.687831626844034,1,0.8656472563743591,51.25
bench_detect_20260905_1911,onnx,320,4,55,41.44260299835878,24.129758452662884,1,0.8580819368362427,51.8
bench_detect_20260905_1911,onnx,320,4,56,44.08326200064039,22.684346725191826,1,0.8371188640594482,52.35
bench_detect_20260905_1911,onnx,320,4,57,35.37161699932767,28.271254888319287,1,0.8488032817840576,51.25
bench_detect_20260905_1911,onnx,320,4,58,35.496117001457606,28.172095555097933,3,0.8435393571853638,52.35
bench_detect_20260905_1911,onnx,320,4,59,35.43617300056212,28.219751607605513,1,0.8659919500350952,52.35
bench_detect_20260905_1911,onnx,320,4,60,35.329116999491816,28.305264465409206,2,0.8362561464309692,52.35
bench_detect_20260905_1911,onnx,320,4,61,35.29600500041852,28.331818289014368,1,0.8599084615707397,52.35
bench_detect_20260905_1911,onnx,320,4,62,35.33870899991598,28.2975815557489,1,0.8583500385284424,52.35
bench_detect_20260905_1911,onnx,320,4,63,36.77325099852169,27.193679450321124,3,0.8242825865745544,51.8
bench_detect_20260905_1911,onnx,320,4,64,40.53428400038683,24.670474011344485,1,0.8813580870628357,52.9
bench_detect_20260905_1911,onnx,320,4,65,35.39611700034584,28.25168647708531,1,0.8344623446464539,52.35
bench_detect_20260905_1911,onnx,320,4,66,35.38259900051344,28.262480096091554,2,0.8658976554870605,52.35
bench_detect_20260905_1911,onnx,320,4,67,35.42902399931336,28.22544589485109,1,0.8395218849182129,51.8
bench_detect_20260905_1911,onnx,320,4,68,43.975204998787376,22.74008728390408,2,0.8659761548042297,52.9
bench_detect_20260905_1911,onnx,320,4,69,35.14444899883529,28.453995680317558,1,0.8664168119430542,52.9
bench_detect_20260905_1911,onnx,320,4,70,36.45217600023898,27.433204536087064,1,0.8556604385375977,52.9
bench_detect_20260905_1911,onnx,320,4,71,37.24578999936057,26.8486720248696,1,0.8706231713294983,52.9
bench_detect_20260905_1911,onnx,320,4,72,35.44428300119762,28.21329465082454,1,0.8552777171134949,51.25
bench_detect_20260905_1911,onnx,320,4,73,35.37876500013226,28.265542903949914,1,0.8395990133285522,51.8
bench_detect_20260905_1911,onnx,320,4,74,35.389654000027804,28.256845913193,1,0.8509732484817505,52.9
bench_detect_20260905_1911,onnx,320,4,75,35.29674600031285,28.331223506867644,1,0.8412084579467773,53.45
bench_detect_20260905_1911,onnx,320,4,76,35.30424599921389,28.32520484992844,2,0.8553756475448608,52.9
bench_detect_20260905_1911,onnx,320,4,77,43.42633199848933,23.02750322165793,1,0.8588330149650574,52.35
bench_detect_20260905_1911,onnx,320,4,78,35.30826399946818,28.32198150594609,1,0.8597084283828735,51.8
bench_detect_20260905_1911,onnx,320,4,79,35.447172998829046,28.210994429175884,3,0.8422040939331055,51.8
bench_detect_20260905_1911,onnx,320,4,80,35.32126499885635,28.31155679255481,1,0.8683739900588989,53.45
bench_detect_20260905_1911,onnx,320,4,81,35.32809799980896,28.30608089927195,1,0.8618000149726868,52.9
bench_detect_20260905_1911,onnx,320,4,82,35.36691299996164,28.275015125043133,2,0.8524225950241089,53.45
bench_detect_20260905_1911,onnx,320,4,83,35.309969000081765,28.32061393193759,1,0.8346426486968994,52.9
bench_detect_20260905_1911,onnx,320,4,84,35.49835799822176,28.170317062273515,1,0.8658374547958374,51.25
bench_detect_20260905_1911,onnx,320,4,85,35.53152499989665,28.144021400795737,1,0.8456012010574341,53.45
bench_detect_20260905_1911,onnx,320,4,86,35.555098998884205,28.125361148098115,1,0.8597445487976074,52.35
bench_detect_20260905_1911,onnx,320,4,87,35.32970899868815,28.304790170706806,1,0.8807274103164673,52.9
bench_detect_20260905_1911,onnx,320,4,88,35.23411700007273,28.38158254392854,1,0.8535926342010498,52.9
bench_detect_20260905_1911,onnx,320,4,89,35.269708998384885,28.352941614737826,1,0.8226960301399231,52.9
bench_detect_20260905_1911,onnx,320,4,90,35.31857900088653,28.31370990251049,1,0.8351827263832092,52.35
bench_detect_20260905_1911,onnx,320,4,91,35.51932099981059,28.15369133901328,5,0.8622592687606812,53.45
bench_detect_20260905_1911,onnx,320,4,92,41.26163900036772,24.23558598801875,1,0.8443487882614136,53.45
bench_detect_20260905_1911,onnx,320,4,93,35.51683899968339,28.155658785088235,1,0.8922708034515381,52.9
bench_detect_20260905_1911,onnx,320,4,94,35.52706099981151,28.147557716786803,1,0.8305662870407104,53.45
bench_detect_20260905_1911,onnx,320,4,95,35.36383899881912,28.27747293028317,1,0.847597062587738,52.35
bench_detect_20260905_1911,onnx,320,4,96,35.32641200035869,28.307431844192003,1,0.8309303522109985,53.45
bench_detect_20260905_1911,onnx,320,4,97,35.285912999825086,28.339921373295827,1,0.8784871101379395,54.55
bench_detect_20260905_1911,onnx,320,4,98,36.78756699991936,27.183096941480038,1,0.8540760278701782,52.35
bench_detect_20260905_1911,onnx,320,4,99,35.66200699970068,28.041046596407018,1,0.863139808177948,53.45
bench_detect_20260905_1911,onnx,640,1,0,383.14776299921505,2.6099591243132187,1,0.8214684128761292,47.4
bench_detect_20260905_1911,onnx,640,1,1,382.82394700036093,2.612166787985855,1,0.8121476173400879,46.85
bench_detect_20260905_1911,onnx,640,1,2,383.9447840000503,2.6045411779832097,1,0.8395451307296753,47.95
bench_detect_20260905_1911,onnx,640,1,3,382.89765099943907,2.611663971794554,1,0.8316102027893066,47.4
bench_detect_20260905_1911,onnx,640,1,4,383.3538380004029,2.608556119370191,1,0.7443007230758667,46.3
bench_detect_20260905_1911,onnx,640,1,5,383.80254399999103,2.6055064397906214,1,0.8330685496330261,46.85
bench_detect_20260905_1911,onnx,640,1,6,382.7642989999731,2.6125738544912473,1,0.8096308708190918,47.4
bench_detect_20260905_1911,onnx,640,1,7,383.89274699875386,2.6048942258428394,2,0.8250113129615784,47.4
bench_detect_20260905_1911,onnx,640,1,8,383.554987000025,2.607188105730287,1,0.8489109873771667,46.3
bench_detect_20260905_1911,onnx,640,1,9,382.74968800033093,2.6126735862920816,1,0.8309524655342102,47.4
bench_detect_20260905_1911,onnx,640,1,10,385.111957000845,2.596647499048714,1,0.8210676908493042,46.3
bench_detect_20260905_1911,onnx,640,1,11,382.74152200028766,2.612729329114306,1,0.8629551529884338,47.4
bench_detect_20260905_1911,onnx,640,1,12,384.5329910000146,2.600557100183797,1,0.8423635959625244,47.4
bench_detect_20260905_1911,onnx,640,1,13,384.1003789984825,2.6034861059169923,2,0.8258845806121826,45.75
bench_detect_20260905_1911,onnx,640,1,14,382.8493189994333,2.6119936757716427,1,0.867732048034668,47.4
bench_detect_20260905_1911,onnx,640,1,15,384.3167689992697,2.6020202100572414,1,0.8611422777175903,45.2
bench_detect_20260905_1911,onnx,640,1,16,383.15665400114085,2.609898561221444,2,0.8343456983566284,47.4
bench_detect_20260905_1911,onnx,640,1,17,382.9501709988108,2.611305793105666,3,0.8394144177436829,46.3
bench_detect_20260905_1911,onnx,640,1,18,383.9297679987794,2.6046430450352034,2,0.8466662168502808,46.3
bench_detect_20260905_1911,onnx,640,1,19,382.6748560004489,2.613184494146192,1,0.8641481995582581,47.4
bench_detect_20260905_1911,onnx,640,1,20,383.7021370000002,2.6061882475259694,2,0.8630980253219604,47.4
bench_detect_20260905_1911,onnx,640,1,21,383.73513700025796,2.605964123632827,2,0.8476157188415527,46.85
bench_detect_20260905_1911,onnx,640,1,22,383.0459310011065,2.610652976749964,1,0.8146378993988037,46.85
bench_detect_20260905_1911,onnx,640,1,23,384.51038200037146,2.60071001151546,1,0.8654170632362366,47.4
bench_detect_20260905_1911,onnx,640,1,24,382.9035599992494,2.6116236683773852,1,0.842850923538208,46.3
bench_detect_20260905_1911,onnx,640,1,25,383.3000439990428,2.6089222155228793,1,0.8463841676712036,46.85
bench_detect_20260905_1911,onnx,640,1,26,383.59195300108695,2.606936856147153,3,0.8579727411270142,46.3
bench_detect_20260905_1911,onnx,640,1,27,382.86457999856793,2.6118895615879127,1,0.8502155542373657,47.4
bench_detect_20260905_1911,onnx,640,1,28,384.17147300060606,2.603004310000973,1,0.8369370698928833,46.85
bench_detect_20260905_1911,onnx,640,1,29,383.4968959999969,2.607583035039762,1,0.8458551168441772,45.75
bench_detect_20260905_1911,onnx,640,1,30,382.60476399955223,2.61366322140508,1,0.8377920985221863,46.3
bench_detect_20260905_1911,onnx,640,1,31,385.69029399877763,2.592753863811697,1,0.8432220816612244,46.85
bench_detect_20260905_1911,onnx,640,1,32,382.74776399885013,2.6126867197139374,1,0.8313401341438293,47.4
bench_detect_20260905_1911,onnx,640,1,33,383.574175000831,2.6070576831660617,1,0.8367627859115601,47.4
bench_detect_20260905_1911,onnx,640,1,34,384.1969179993612,2.602831915485753,1,0.7940596342086792,46.85
bench_detect_20260905_1911,onnx,640,1,35,382.74622800054203,2.6126972046830566,1,0.8441815376281738,46.85
bench_detect_20260905_1911,onnx,640,1,36,383.93239899960463,2.6046251960127744,1,0.8246172666549683,47.4
bench_detect_20260905_1911,onnx,640,1,37,382.92000599903986,2.611511501967613,1,0.8456274271011353,46.3
bench_detect_20260905_1911,onnx,640,1,38,382.82904400148254,2.612132009493322,1,0.8481337428092957,47.4
bench_detect_20260905_1911,onnx,640,1,39,384.3804200005252,2.601589331731917,2,0.8228009939193726,46.3
bench_detect_20260905_1911,onnx,640,1,40,382.89354399967124,2.611691985072641,1,0.8118500709533691,47.4
bench_detect_20260905_1911,onnx,640,1,41,383.447359999991,2.6079198980533427,1,0.8480185270309448,47.4
bench_detect_20260905_1911,onnx,640,1,42,382.8595810009574,2.6119236650303375,2,0.8532112240791321,46.85
bench_detect_20260905_1911,onnx,640,1,43,382.82169200101634,2.6121821748735834,1,0.831119179725647,47.4
bench_detect_20260905_1911,onnx,640,1,44,384.3157899991638,2.602026838403324,1,0.8604683876037598,47.4
bench_detect_20260905_1911,onnx,640,1,45,383.0479890002607,2.6106389505136374,2,0.8367143869400024,46.85
bench_detect_20260905_1911,onnx,640,1,46,383.6230649994832,2.6067254324276545,1,0.8205381631851196,47.4
bench_detect_20260905_1911,onnx,640,1,47,385.10716400014644,2.596679816633117,1,0.838666558265686,47.4
bench_detect_20260905_1911,onnx,640,1,48,382.9196739989129,2.611513766207894,3,0.8172842264175415,47.4
bench_detect_20260905_1911,onnx,640,1,49,383.90564099972835,2.6048067368739383,1,0.8204800486564636,46.85
bench_detect_20260905_1911,onnx,640,1,50,383.27699000001303,2.6090791414323253,1,0.8448473215103149,47.4
bench_detect_20260905_1911,onnx,640,1,51,382.7380809998431,2.6127528188145197,1,0.8738038539886475,47.4
bench_detect_20260905_1911,onnx,640,1,52,385.1581279996026,2.596336224796045,1,0.8473791480064392,47.4
bench_detect_20260905_1911,onnx,640,1,53,382.94060100088245,2.6113710517671005,1,0.816007137298584,46.85
bench_detect_20260905_1911,onnx,640,1,54,383.9757349996944,2.6043312346307403,1,0.8184460997581482,47.4
bench_detect_20260905_1911,onnx,640,1,55,383.04536099894904,2.6106568616105594,1,0.8368588089942932,45.75
bench_detect_20260905_1911,onnx,640,1,56,382.6888029998372,2.6130892572794333,1,0.8273892402648926,46.3
bench_detect_20260905_1911,onnx,640,1,57,384.34847699863894,2.60180554846726,1,0.8261758089065552,46.85
bench_detect_20260905_1911,onnx,640,1,58,383.0596389998391,2.6105595531050456,2,0.8604756593704224,47.4
bench_detect_20260905_1911,onnx,640,1,59,382.6615079997282,2.6132756472613656,1,0.8189921379089355,47.95
bench_detect_20260905_1911,onnx,640,1,60,385.5493890005164,2.5937014258857007,2,0.8329585790634155,46.85
bench_detect_20260905_1911,onnx,640,1,61,383.05037999998603,2.6106226549103972,1,0.8696655035018921,46.85
bench_detect_20260905_1911,onnx,640,1,62,383.50869600071746,2.6075028035299863,1,0.8464710712432861,47.4
bench_detect_20260905_1911,onnx,640,1,63,383.18560300103854,2.609701387964959,3,0.8384809494018555,45.75
bench_detect_20260905_1911,onnx,640,1,64,383.13056500010134,2.6100762803921307,1,0.820259690284729,47.4
bench_detect_20260905_1911,onnx,640,1,65,384.94603499930236,2.5977667233325636,1,0.8330271244049072,47.4
bench_detect_20260905_1911,onnx,640,1,66,383.0939910003508,2.610325464486558,2,0.8189748525619507,47.4
bench_detect_20260905_1911,onnx,640,1,67,383.54271500065806,2.6072715264537987,1,0.8267168998718262,46.3
bench_detect_20260905_1911,onnx,640,1,68,383.04708399846277,2.6106451185097996,2,0.8485020399093628,47.4
bench_detect_20260905_1911,onnx,640,1,69,382.691081998928,2.6130736958296854,1,0.8594735860824585,46.85
bench_detect_20260905_1911,onnx,640,1,70,384.22810699921683,2.6026206354602746,1,0.8575975894927979,47.4
bench_detect_20260905_1911,onnx,640,1,71,383.02349200057506,2.610805918918672,1,0.8561347126960754,47.4
bench_detect_20260905_1911,onnx,640,1,72,382.80182400012563,2.6123177511287716,1,0.8265809416770935,46.3
bench_detect_20260905_1911,onnx,640,1,73,384.3353480006044,2.6018944268389994,1,0.8261640071868896,47.4
bench_detect_20260905_1911,onnx,640,1,74,382.8272869995999,2.612143997982686,1,0.8381201028823853,47.95
bench_detect_20260905_1911,onnx,640,1,75,385.4497970005468,2.5943715829705867,1,0.818420946598053,46.3
bench_detect_20260905_1911,onnx,640,1,76,383.4127529989928,2.608155290031855,2,0.8448436260223389,47.4
bench_detect_20260905_1911,onnx,640,1,77,382.82789799995953,2.6121398289528672,1,0.8476133942604065,47.4
bench_detect_20260905_1911,onnx,640,1,78,384.5996460004244,2.6001063973909546,1,0.8524563312530518,47.95
bench_detect_20260905_1911,onnx,640,1,79,382.9168619995471,2.6115329441960764,4,0.8396103978157043,46.85
bench_detect_20260905_1911,onnx,640,1,80,383.18360399898665,2.609715002322084,1,0.8314975500106812,46.3
bench_detect_20260905_1911,onnx,640,1,81,383.86668100065435,2.6050711080034983,1,0.8271510004997253,47.4
bench_detect_20260905_1911,onnx,640,1,82,382.968047999384,2.611183896996045,2,0.8298342227935791,47.4
bench_detect_20260905_1911,onnx,640,1,83,384.2367010001908,2.60256242414361,1,0.821982741355896,46.3
bench_detect_20260905_1911,onnx,640,1,84,382.6943439999013,2.613051422574089,1,0.8257667422294617,46.3
bench_detect_20260905_1911,onnx,640,1,85,382.9128990000754,2.611559972545618,1,0.8114608526229858,47.4
bench_detect_20260905_1911,onnx,640,1,86,383.89440399987507,2.604882982353464,1,0.8342161774635315,46.3
bench_detect_20260905_1911,onnx,640,1,87,382.9058999999688,2.6116077083170604,1,0.8571672439575195,46.3
bench_detect_20260905_1911,onnx,640,1,88,383.87232900095114,2.605032779003777,1,0.8460310101509094,47.4
bench_detect_20260905_1911,onnx,640,1,89,383.0328999993071,2.6107417926810177,1,0.7928647994995117,46.85
bench_detect_20260905_1911,onnx,640,1,90,383.1668080001691,2.6098293983740852,1,0.8154217600822449,46.3
bench_detect_20260905_1911,onnx,640,1,91,385.42116999997234,2.5945642788642664,6,0.8506507873535156,47.95
bench_detect_20260905_1911,onnx,640,1,92,383.1995870004903,2.60960615283419,1,0.8413544297218323,47.4
bench_detect_20260905_1911,onnx,640,1,93,383.0046229995787,2.6109345421689594,1,0.8516272306442261,47.95
bench_detect_20260905_1911,onnx,640,1,94,384.6139259985648,2.6000098602870962,1,0.8222673535346985,47.4
bench_detect_20260905_1911,onnx,640,1,95,383.0638829986128,2.6105306304839533,1,0.8292021155357361,47.4
bench_detect_20260905_1911,onnx,640,1,96,383.75332999930833,2.6058405799418143,1,0.8072887659072876,47.4
bench_detect_20260905_1911,onnx,640,1,97,383.159994999005,2.6098758039773875,1,0.8510767221450806,47.4
bench_detect_20260905_1911,onnx,640,1,98,382.88030799958506,2.611782270090223,1,0.8391400575637817,47.4
bench_detect_20260905_1911,onnx,640,1,99,385.24078000045847,2.5957791903515766,1,0.8497682213783264,47.4
bench_detect_20260905_1911,onnx,640,2,0,206.07025699973747,4.852713897480479,1,0.8214684128761292,49.6
bench_detect_20260905_1911,onnx,640,2,1,206.33279499998025,4.8465393007451665,1,0.8121476173400879,48.5
bench_detect_20260905_1911,onnx,640,2,2,206.6814070003602,4.838364584958807,1,0.8395451307296753,48.5
bench_detect_20260905_1911,onnx,640,2,3,210.19406900086324,4.757508167349352,1,0.8316102027893066,49.6
bench_detect_20260905_1911,onnx,640,2,4,206.07849800035183,4.852519839300715,1,0.7443007230758667,49.6
bench_detect_20260905_1911,onnx,640,2,5,206.26305399855482,4.848177997049372,1,0.8330685496330261,50.15
bench_detect_20260905_1911,onnx,640,2,6,206.19779499975266,4.84971238417559,1,0.8096308708190918,49.6
bench_detect_20260905_1911,onnx,640,2,7,208.04783899984614,4.806586815836812,2,0.8250113129615784,50.15
bench_detect_20260905_1911,onnx,640,2,8,209.50697400076024,4.773110798671414,1,0.8489109873771667,50.7
bench_detect_20260905_1911,onnx,640,2,9,206.04818299943872,4.853233770096987,1,0.8309524655342102,50.15
bench_detect_20260905_1911,onnx,640,2,10,206.0182570003235,4.853938745819161,1,0.8210676908493042,50.7
bench_detect_20260905_1911,onnx,640,2,11,207.12174300024344,4.828078334580376,1,0.8629551529884338,50.15
bench_detect_20260905_1911,onnx,640,2,12,208.4414889995969,4.797509386444336,1,0.8423635959625244,50.7
bench_detect_20260905_1911,onnx,640,2,13,206.3844069998595,4.845327292583111,2,0.8258845806121826,49.6
bench_detect_20260905_1911,onnx,640,2,14,206.1060539999744,4.851871066340071,1,0.867732048034668,50.15
bench_detect_20260905_1911,onnx,640,2,15,206.32187000046542,4.8467959310263335,1,0.8611422777175903,50.7
bench_detect_20260905_1911,onnx,640,2,16,206.08009100033087,4.85248232930174,2,0.8343456983566284,50.7
bench_detect_20260905_1911,onnx,640,2,17,208.59973000005994,4.793870059178469,3,0.8394144177436829,50.7
bench_detect_20260905_1911,onnx,640,2,18,206.34451799924136,4.84626395552547,2,0.8466662168502808,50.7
bench_detect_20260905_1911,onnx,640,2,19,206.37005500066152,4.8456642607222955,1,0.8641481995582581,49.6
bench_detect_20260905_1911,onnx,640,2,20,206.31823999974586,4.846881206437355,2,0.8630980253219604,50.15
bench_detect_20260905_1911,onnx,640,2,21,207.0285209993017,4.830252349643038,2,0.8476157188415527,50.7
bench_detect_20260905_1911,onnx,640,2,22,208.13558099871443,4.804560542707864,1,0.8146378993988037,50.15
bench_detect_20260905_1911,onnx,640,2,23,206.14448000014818,4.850966661825149,1,0.8654170632362366,51.25
bench_detect_20260905_1911,onnx,640,2,24,206.06596200013882,4.852815041813292,1,0.842850923538208,51.25
bench_detect_20260905_1911,onnx,640,2,25,206.23225800045475,4.848901959836928,1,0.8463841676712036,50.7
bench_detect_20260905_1911,onnx,640,2,26,206.41977800005407,4.844497022953576,3,0.8579727411270142,51.25
bench_detect_20260905_1911,onnx,640,2,27,209.55416099968716,4.772035998853265,1,0.8502155542373657,49.6
bench_detect_20260905_1911,onnx,640,2,28,206.0587949999899,4.852983829202966,1,0.8369370698928833,50.7
bench_detect_20260905_1911,onnx,640,2,29,206.06998000039312,4.852720420500319,1,0.8458551168441772,49.6
bench_detect_20260905_1911,onnx,640,2,30,206.3723139999638,4.845611218955346,1,0.8377920985221863,50.7
bench_detect_20260905_1911,onnx,640,2,31,206.78676100033044,4.835899528395834,1,0.8432220816612244,49.6
bench_detect_20260905_1911,onnx,640,2,32,209.97773599992797,4.762409668043773,1,0.8313401341438293,50.7
bench_detect_20260905_1911,onnx,640,2,33,205.93288700001722,4.855950958430046,1,0.8367627859115601,50.7
bench_detect_20260905_1911,onnx,640,2,34,206.43062999988615,4.844242349115301,1,0.7940596342086792,50.15
bench_detect_20260905_1911,onnx,640,2,35,206.12923999942723,4.8513253141707535,1,0.8441815376281738,50.7
bench_detect_20260905_1911,onnx,640,2,36,207.71033799974248,4.814396864547203,1,0.8246172666549683,49.6
bench_detect_20260905_1911,onnx,640,2,37,208.44361900162767,4.79746036261341,1,0.8456274271011353,50.15
bench_detect_20260905_1911,onnx,640,2,38,206.1078879996785,4.851827893173889,1,0.8481337428092957,50.7
bench_detect_20260905_1911,onnx,640,2,39,206.19564799926593,4.849762881530652,2,0.8228009939193726,50.7
bench_detect_20260905_1911,onnx,640,2,40,206.12303600137238,4.851471331876471,1,0.8118500709533691,49.05
bench_detect_20260905_1911,onnx,640,2,41,206.92933600003016,4.832567577561135,1,0.8480185270309448,50.7
bench_detect_20260905_1911,onnx,640,2,42,208.9101950004988,4.786745807200134,2,0.8532112240791321,52.35
bench_detect_20260905_1911,onnx,640,2,43,206.85570600107894,4.83428772322473,1,0.831119179725647,50.7
bench_detect_20260905_1911,onnx,640,2,44,206.03424000000814,4.853562204029585,1,0.8604683876037598,50.7
bench_detect_20260905_1911,onnx,640,2,45,206.61909400041623,4.839823758001695,2,0.8367143869400024,51.25
bench_detect_20260905_1911,onnx,640,2,46,207.7938570000697,4.812461804391381,1,0.8205381631851196,51.25
bench_detect_20260905_1911,onnx,640,2,47,209.24028900117264,4.779194316608861,1,0.838666558265686,50.7
bench_detect_20260905_1911,onnx,640,2,48,206.30009199885535,4.847307581450562,3,0.8172842264175415,51.25
bench_detect_20260905_1911,onnx,640,2,49,205.80725800027722,4.858915131159529,1,0.8204800486564636,51.25
bench_detect_20260905_1911,onnx,640,2,50,206.28546300031303,4.8476513344931265,1,0.8448473215103149,51.25
bench_detect_20260905_1911,onnx,640,2,51,208.35078599884582,4.7995979242696,1,0.8738038539886475,50.7
bench_detect_20260905_1911,onnx,640,2,52,206.5853900003276,4.840613365729368,1,0.8473791480064392,50.15
bench_detect_20260905_1911,onnx,640,2,53,206.199721998928,4.849667062136965,1,0.816007137298584,50.7
bench_detect_20260905_1911,onnx,640,2,54,206.17216600112442,4.850315245727914,1,0.8184460997581482,50.7
bench_detect_20260905_1911,onnx,640,2,55,206.2449810000544,4.8486028370296985,1,0.8368588089942932,50.15
bench_detect_20260905_1911,onnx,640,2,56,209.6176060003927,4.77059164580921,1,0.8273892402648926,51.25
bench_detect_20260905_1911,onnx,640,2,57,206.28851900073641,4.847579520392165,1,0.8261758089065552,51.25
bench_detect_20260905_1911,onnx,640,2,58,206.2170370008971,4.849259860113545,2,0.8604756593704224,49.6
bench_detect_20260905_1911,onnx,640,2,59,206.06548099931388,4.8528263693196125,1,0.8189921379089355,49.6
bench_detect_20260905_1911,onnx,640,2,60,206.84324399917386,4.834578981965657,2,0.8329585790634155,50.7
bench_detect_20260905_1911,onnx,640,2,61,209.76382899971213,4.767266142921963,1,0.8696655035018921,50.7
bench_detect_20260905_1911,onnx,640,2,62,206.7722430001595,4.8362390690864085,1,0.8464710712432861,50.15
bench_detect_20260905_1911,onnx,640,2,63,206.26842599995143,4.8480517323588606,3,0.8384809494018555,50.7
bench_detect_20260905_1911,onnx,640,2,64,206.27490699916962,4.847899410295337,1,0.820259690284729,50.7
bench_detect_20260905_1911,onnx,640,2,65,206.1855560004915,4.8500002589784525,1,0.8330271244049072,52.35
bench_detect_20260905_1911,onnx,640,2,66,208.70025099975464,4.791561079632701,2,0.8189748525619507,50.7
bench_detect_20260905_1911,onnx,640,2,67,206.8706869995367,4.8339376375843885,1,0.8267168998718262,51.25
bench_detect_20260905_1911,onnx,640,2,68,206.08068399997137,4.852468366225623,2,0.8485020399093628,50.7
bench_detect_20260905_1911,onnx,640,2,69,206.1885559996881,4.849929692516556,1,0.8594735860824585,50.7
bench_detect_20260905_1911,onnx,640,2,70,207.17185600005905,4.8269104660611575,1,0.8575975894927979,51.25
bench_detect_20260905_1911,onnx,640,2,71,208.63221299987345,4.79312367740933,1,0.8561347126960754,51.8
bench_detect_20260905_1911,onnx,640,2,72,205.97422100036056,4.854976487558846,1,0.8265809416770935,50.7
bench_detect_20260905_1911,onnx,640,2,73,206.42803800001275,4.844303175520848,1,0.8261640071868896,50.15
bench_detect_20260905_1911,onnx,640,2,74,206.34176000021398,4.846328731513015,1,0.8381201028823853,51.8
bench_detect_20260905_1911,onnx,640,2,75,206.7364099984843,4.837077319894118,1,0.818420946598053,51.8
bench_detect_20260905_1911,onnx,640,2,76,208.30271200065908,4.8007056192184185,2,0.8448436260223389,51.8
bench_detect_20260905_1911,onnx,640,2,77,206.4105199988262,4.844714310131512,1,0.8476133942604065,50.7
bench_detect_20260905_1911,onnx,640,2,78,206.0742770008801,4.852619232994952,1,0.8524563312530518,51.8
bench_detect_20260905_1911,onnx,640,2,79,206.3893160011503,4.845212045736062,4,0.8396103978157043,50.15
bench_detect_20260905_1911,onnx,640,2,80,206.83705900046334,4.834723549215423,1,0.8314975500106812,52.35
bench_detect_20260905_1911,onnx,640,2,81,208.81047399961972,4.789031799246915,1,0.8271510004997253,50.7
bench_detect_20260905_1911,onnx,640,2,82,205.87757300017984,4.8572556273486205,2,0.8298342227935791,51.8
bench_detect_20260905_1911,onnx,640,2,83,206.06305500041344,4.852883502081407,1,0.821982741355896,51.25
bench_detect_20260905_1911,onnx,640,2,84,206.0147219999635,4.854022034406731,1,0.8257667422294617,50.7
bench_detect_20260905_1911,onnx,640,2,85,209.66851400044106,4.769433335125828,1,0.8114608526229858,51.8
bench_detect_20260905_1911,onnx,640,2,86,207.58895099970687,4.817212068292652,1,0.8342161774635315,51.25
bench_detect_20260905_1911,onnx,640,2,87,206.20431599854783,4.849559017023884,1,0.8571672439575195,51.8
bench_detect_20260905_1911,onnx,640,2,88,206.03920400026254,4.853445269564941,1,0.8460310101509094,51.8
bench_detect_20260905_1911,onnx,640,2,89,206.46466800099006,4.8434437217858735,1,0.7928647994995117,51.8
bench_detect_20260905_1911,onnx,640,2,90,209.81581100022595,4.7660850497054446,1,0.8154217600822449,51.25
bench_detect_20260905_1911,onnx,640,2,91,206.78829900134588,4.835863561088104,6,0.8506507873535156,51.8
bench_detect_20260905_1911,onnx,640,2,92,206.09361099923262,4.852164000385842,1,0.8413544297218323,51.8
bench_detect_20260905_1911,onnx,640,2,93,206.00064800055407,4.854353662020085,1,0.8516272306442261,50.7
bench_detect_20260905_1911,onnx,640,2,94,206.47805699991295,4.843129650335782,1,0.8222673535346985,51.8
bench_detect_20260905_1911,onnx,640,2,95,207.79837800000678,4.812357101266533,1,0.8292021155357361,51.8
bench_detect_20260905_1911,onnx,640,2,96,206.15916800124978,4.850621050206886,1,0.8072887659072876,51.8
bench_detect_20260905_1911,onnx,640,2,97,205.9864809998544,4.854687526802824,1,0.8510767221450806,51.8
bench_detect_20260905_1911,onnx,640,2,98,206.1198159990454,4.8515471215277595,1,0.8391400575637817,52.35
bench_detect_20260905_1911,onnx,640,2,99,207.07718999983626,4.829117103630732,1,0.8497682213783264,51.8
bench_detect_20260905_1911,onnx,640,4,0,154.4646530001046,6.473973045466414,1,0.8214683532714844,54.0
bench_detect_20260905_1911,onnx,640,4,1,146.63319699866406,6.8197380979773,1,0.8121473789215088,55.1
bench_detect_20260905_1911,onnx,640,4,2,150.40097099881677,6.6488932442322275,1,0.8395450115203857,54.0
bench_detect_20260905_1911,onnx,640,4,3,146.76395599963143,6.813662068379455,1,0.8316102027893066,54.55
bench_detect_20260905_1911,onnx,640,4,4,154.85509900099714,6.457649805858577,1,0.7443007230758667,54.55
bench_detect_20260905_1911,onnx,640,4,5,147.8027570010454,6.765773658693844,1,0.8330685496330261,55.1
bench_detect_20260905_1911,onnx,640,4,6,147.50021799954993,6.779650996875485,1,0.8096309900283813,54.55
bench_detect_20260905_1911,onnx,640,4,7,151.78093900067324,6.5884425711423775,2,0.8250113129615784,55.1
bench_detect_20260905_1911,onnx,640,4,8,151.43071499915095,6.603680105489873,1,0.8489111661911011,54.55
bench_detect_20260905_1911,onnx,640,4,9,157.06181200039282,6.366920050543533,1,0.8309526443481445,54.0
bench_detect_20260905_1911,onnx,640,4,10,148.0659429998923,6.753747551526603,1,0.8210678100585938,55.65
bench_detect_20260905_1911,onnx,640,4,11,154.8235440004646,6.458965956734585,1,0.8629552125930786,55.65
bench_detect_20260905_1911,onnx,640,4,12,147.6836830006505,6.771228748375644,1,0.8423634767532349,55.1
bench_detect_20260905_1911,onnx,640,4,13,148.2952220012521,6.743305593430088,2,0.8258845210075378,55.1
bench_detect_20260905_1911,onnx,640,4,14,148.25933300016914,6.744937939245006,1,0.8677321672439575,55.1
bench_detect_20260905_1911,onnx,640,4,15,152.80701700066857,6.544202089853143,1,0.8611422777175903,55.1
bench_detect_20260905_1911,onnx,640,4,16,153.71385400067084,6.505594479438631,2,0.8343458771705627,55.65
bench_detect_20260905_1911,onnx,640,4,17,149.23463299965078,6.700857434362036,3,0.8394144773483276,56.2
bench_detect_20260905_1911,onnx,640,4,18,152.14775599997665,6.572558322846072,2,0.8466662168502808,55.65
bench_detect_20260905_1911,onnx,640,4,19,153.2808149986522,6.523973662384252,1,0.8641482591629028,56.2
bench_detect_20260905_1911,onnx,640,4,20,146.97258699925442,6.803989916875267,2,0.86309814453125,55.65
bench_detect_20260905_1911,onnx,640,4,21,158.6095769998792,6.304789527310583,2,0.8476157188415527,56.2
bench_detect_20260905_1911,onnx,640,4,22,152.42799700172327,6.560474582557786,1,0.8146377801895142,55.65
bench_detect_20260905_1911,onnx,640,4,23,157.48820200133196,6.349681990728058,1,0.8654170036315918,54.55
bench_detect_20260905_1911,onnx,640,4,24,157.00757000013255,6.369119654543764,1,0.842850923538208,55.65
bench_detect_20260905_1911,onnx,640,4,25,148.12762899964582,6.750935033209713,1,0.8463841676712036,55.65
bench_detect_20260905_1911,onnx,640,4,26,157.24240400049894,6.359607679343461,3,0.8579727411270142,55.1
bench_detect_20260905_1911,onnx,640,4,27,147.14436500071315,6.7960468618363565,1,0.850215494632721,55.1
bench_detect_20260905_1911,onnx,640,4,28,154.83591399970464,6.458449943350401,1,0.8369370102882385,55.1
bench_detect_20260905_1911,onnx,640,4,29,147.89188699978695,6.761696130102394,1,0.8458551168441772,56.2
bench_detect_20260905_1911,onnx,640,4,30,148.41811200130905,6.7377221453347955,1,0.8377920389175415,55.65
bench_detect_20260905_1911,onnx,640,4,31,155.09169299912173,6.447798593607866,1,0.8432221412658691,56.2
bench_detect_20260905_1911,onnx,640,4,32,147.99329499874148,6.757062879156139,1,0.8313400745391846,56.2
bench_detect_20260905_1911,onnx,640,4,33,148.5863519992563,6.730093218824063,1,0.8367626667022705,54.55
bench_detect_20260905_1911,onnx,640,4,34,156.6324209998129,6.384374279710549,1,0.7940594553947449,55.65
bench_detect_20260905_1911,onnx,640,4,35,150.42000800167443,6.648051767081865,1,0.8441816568374634,55.65
bench_detect_20260905_1911,onnx,640,4,36,148.10374000080628,6.752023952903255,1,0.8246171474456787,56.2
bench_detect_20260905_1911,onnx,640,4,37,147.93016600015108,6.759946446615754,1,0.8456274271011353,55.65
bench_detect_20260905_1911,onnx,640,4,38,153.6950390000129,6.506390879668641,1,0.8481336832046509,55.65
bench_detect_20260905_1911,onnx,640,4,39,148.11972100142157,6.751295460449879,2,0.8228009939193726,56.75
bench_detect_20260905_1911,onnx,640,4,40,159.3230800008314,6.276554533058121,1,0.8118500709533691,56.2
bench_detect_20260905_1911,onnx,640,4,41,149.49170799991407,6.689334233846434,1,0.8480186462402344,56.2
bench_detect_20260905_1911,onnx,640,4,42,148.35916699848894,6.740399128893634,2,0.8532112836837769,55.1
bench_detect_20260905_1911,onnx,640,4,43,148.1194809985027,6.751306399798341,1,0.8311190605163574,57.3
bench_detect_20260905_1911,onnx,640,4,44,155.08602600129962,6.448034202589085,1,0.8604683876037598,56.2
bench_detect_20260905_1911,onnx,640,4,45,148.47713000017393,6.7350439761250005,2,0.8367142677307129,57.3
bench_detect_20260905_1911,onnx,640,4,46,155.81588100030785,6.417831055346818,1,0.8205381631851196,55.1
bench_detect_20260905_1911,onnx,640,4,47,148.03112899971893,6.755335899666743,1,0.8386666774749756,56.2
bench_detect_20260905_1911,onnx,640,4,48,160.11212000012165,6.2456233794121285,3,0.817284345626831,56.75
bench_detect_20260905_1911,onnx,640,4,49,156.10653099975025,6.405881891011977,1,0.820480227470398,55.1
bench_detect_20260905_1911,onnx,640,4,50,148.94235400061007,6.714006950607911,1,0.8448473215103149,55.65
bench_detect_20260905_1911,onnx,640,4,51,154.15076300087094,6.487155694418133,1,0.8738038539886475,56.75
bench_detect_20260905_1911,onnx,640,4,52,148.6994839997351,6.724972899043695,1,0.8473791480064392,56.2
bench_detect_20260905_1911,onnx,640,4,53,148.76550200096972,6.721988542703143,1,0.8160070776939392,56.2
bench_detect_20260905_1911,onnx,640,4,54,148.29440699941188,6.743342653536258,1,0.818446159362793,56.75
bench_detect_20260905_1911,onnx,640,4,55,153.51446499880694,6.514044132634482,1,0.8368588089942932,57.3
bench_detect_20260905_1911,onnx,640,4,56,148.82092800144164,6.719485044403922,1,0.8273893594741821,56.75
bench_detect_20260905_1911,onnx,640,4,57,148.56548299940187,6.731038595311039,1,0.8261758685112,56.75
bench_detect_20260905_1911,onnx,640,4,58,156.05151099953218,6.408140450514432,2,0.8604757785797119,56.75
bench_detect_20260905_1911,onnx,640,4,59,147.9993699995248,6.756785518770863,1,0.8189921379089355,56.2
bench_detect_20260905_1911,onnx,640,4,60,148.8259099987772,6.7192601073846365,2,0.8329586982727051,56.75
bench_detect_20260905_1911,onnx,640,4,61,150.39471200179833,6.649169952119345,1,0.8696654438972473,56.75
bench_detect_20260905_1911,onnx,640,4,62,159.97995299949253,6.250783184085397,1,0.8464710712432861,56.75
bench_detect_20260905_1911,onnx,640,4,63,147.32975600054488,6.78749512078403,3,0.8384809494018555,55.65
bench_detect_20260905_1911,onnx,640,4,64,157.82722299991292,6.336042546985394,1,0.8202599287033081,56.75
bench_detect_20260905_1911,onnx,640,4,65,151.50619799896958,6.600390038213494,1,0.8330271244049072,56.2
bench_detect_20260905_1911,onnx,640,4,66,147.91877700008627,6.760466928410426,2,0.8189748525619507,56.75
bench_detect_20260905_1911,onnx,640,4,67,147.10827399903792,6.797714178921982,1,0.8267168998718262,56.2
bench_detect_20260905_1911,onnx,640,4,68,150.48569400096312,6.645149936934204,2,0.8485020399093628,56.75
bench_detect_20260905_1911,onnx,640,4,69,155.61765900019964,6.42600593290455,1,0.8594735264778137,56.2
bench_detect_20260905_1911,onnx,640,4,70,148.9680029990268,6.712850946968343,1,0.8575977087020874,57.3
bench_detect_20260905_1911,onnx,640,4,71,155.19971200046712,6.443310925712222,1,0.8561347126960754,56.2
bench_detect_20260905_1911,onnx,640,4,72,148.09220300048764,6.75254996373244,1,0.8265808820724487,56.2
bench_detect_20260905_1911,onnx,640,4,73,148.5162600001786,6.7332694749975355,1,0.8261641263961792,56.2
bench_detect_20260905_1911,onnx,640,4,74,149.92098799848463,6.670180161900399,1,0.8381202220916748,56.75
bench_detect_20260905_1911,onnx,640,4,75,147.41923799920187,6.783375179333202,1,0.818420946598053,55.65
bench_detect_20260905_1911,onnx,640,4,76,148.34877800058166,6.740871165086908,2,0.8448436260223389,57.3
bench_detect_20260905_1911,onnx,640,4,77,147.7223319998302,6.769457173212981,1,0.8476133346557617,56.2
bench_detect_20260905_1911,onnx,640,4,78,153.25075999862747,6.525253121152261,1,0.8524563312530518,56.75
bench_detect_20260905_1911,onnx,640,4,79,148.37331600028847,6.739756358872884,4,0.83961021900177,56.75
bench_detect_20260905_1911,onnx,640,4,80,148.4535199997481,6.736115115368749,1,0.8314975500106812,56.75
bench_detect_20260905_1911,onnx,640,4,81,159.16150600060064,6.282926224612541,1,0.8271509408950806,57.85
bench_detect_20260905_1911,onnx,640,4,82,147.96896199914045,6.758174055487454,2,0.8298342227935791,57.3
bench_detect_20260905_1911,onnx,640,4,83,147.20918199964217,6.793054525650653,1,0.821982741355896,56.75
bench_detect_20260905_1911,onnx,640,4,84,147.57120099966414,6.776389927207246,1,0.8257665634155273,57.3
bench_detect_20260905_1911,onnx,640,4,85,155.18791599970427,6.4438006887205415,1,0.8114608526229858,57.3
bench_detect_20260905_1911,onnx,640,4,86,146.91708799909975,6.806560173627506,1,0.8342163562774658,57.85
bench_detect_20260905_1911,onnx,640,4,87,147.7709800001321,6.767228585741977,1,0.85716712474823,57.3
bench_detect_20260905_1911,onnx,640,4,88,150.52667599957203,6.64334074581467,1,0.8460310697555542,57.3
bench_detect_20260905_1911,onnx,640,4,89,146.62662299997464,6.820043860658053,1,0.7928648591041565,57.3
bench_detect_20260905_1911,onnx,640,4,90,147.93488800023624,6.759730672851174,1,0.8154217004776001,57.85
bench_detect_20260905_1911,onnx,640,4,91,154.65611800027546,6.465958236441826,6,0.8506509065628052,57.3
bench_detect_20260905_1911,onnx,640,4,92,154.1550969996024,6.486973311058144,1,0.841354489326477,57.3
bench_detect_20260905_1911,onnx,640,4,93,147.2215519988822,6.792483752702136,1,0.8516273498535156,57.85
bench_detect_20260905_1911,onnx,640,4,94,149.37517200087314,6.694552960877292,1,0.8222670555114746,57.85
bench_detect_20260905_1911,onnx,640,4,95,150.45656499933102,6.64643646493223,1,0.8292021155357361,57.3
bench_detect_20260905_1911,onnx,640,4,96,146.9557740001619,6.804768351591944,1,0.8072887659072876,57.3
bench_detect_20260905_1911,onnx,640,4,97,146.48527200006356,6.826624863689819,1,0.8510768413543701,57.3
bench_detect_20260905_1911,onnx,640,4,98,149.18968900019536,6.702876094866654,1,0.8391401171684265,56.75
bench_detect_20260905_1911,onnx,640,4,99,152.1152749992325,6.5739617537097805,1,0.8497682809829712,57.85
bench_detect_20260905_1911,ncnn,320,1,0,28.707538000162458,34.83405647653731,3,0.86865234375,54.55
bench_detect_20260905_1911,ncnn,320,1,1,28.005219999613473,35.70762879255374,1,0.83203125,54.55
bench_detect_20260905_1911,ncnn,320,1,2,28.158312999948976,35.51349116695351,2,0.86767578125,54.0
bench_detect_20260905_1911,ncnn,320,1,3,28.09149800123123,35.59795921015571,1,0.88427734375,54.0
bench_detect_20260905_1911,ncnn,320,1,4,28.106015999583178,35.57957129231088,1,0.81396484375,54.55
bench_detect_20260905_1911,ncnn,320,1,5,28.00073800062819,35.713344411763906,1,0.85205078125,54.55
bench_detect_20260905_1911,ncnn,320,1,6,28.108775999498903,35.57607773521789,1,0.85595703125,54.55
bench_detect_20260905_1911,ncnn,320,1,7,28.040313000019523,35.66293999640103,2,0.8447265625,54.55
bench_detect_20260905_1911,ncnn,320,1,8,28.07934999873396,35.61335999747458,1,0.86181640625,54.0
bench_detect_20260905_1911,ncnn,320,1,9,28.375850000884384,35.24123506322571,1,0.84423828125,54.0
bench_detect_20260905_1911,ncnn,320,1,10,28.062515999408788,35.63472355868119,1,0.8310546875,54.0
bench_detect_20260905_1911,ncnn,320,1,11,28.164387000288116,35.50583224089948,2,0.85888671875,54.0
bench_detect_20260905_1911,ncnn,320,1,12,28.070350001144106,35.624778456956946,1,0.8427734375,54.0
bench_detect_20260905_1911,ncnn,320,1,13,28.002404998915154,35.711218377090866,2,0.83740234375,54.0
bench_detect_20260905_1911,ncnn,320,1,14,28.179053999338066,35.48735170540112,1,0.87158203125,54.0
bench_detect_20260905_1911,ncnn,320,1,15,28.068831001291983,35.6267063617281,1,0.87060546875,54.0
bench_detect_20260905_1911,ncnn,320,1,16,28.12577500117186,35.55457582798465,2,0.86328125,54.0
bench_detect_20260905_1911,ncnn,320,1,17,28.12003500002902,35.5618334045092,3,0.85986328125,54.0
bench_detect_20260905_1911,ncnn,320,1,18,28.14125700024306,35.5350153687649,2,0.876953125,54.0
bench_detect_20260905_1911,ncnn,320,1,19,30.854137999995146,32.41056353608574,1,0.88427734375,53.45
bench_detect_20260905_1911,ncnn,320,1,20,28.507314000307815,35.078716991337814,2,0.87353515625,52.9
bench_detect_20260905_1911,ncnn,320,1,21,28.4178880010586,35.189103425375905,2,0.875,54.0
bench_detect_20260905_1911,ncnn,320,1,22,28.365406000375515,35.254210709579176,1,0.84814453125,52.35
bench_detect_20260905_1911,ncnn,320,1,23,28.218516999913845,35.43772339287189,1,0.8720703125,52.9
bench_detect_20260905_1911,ncnn,320,1,24,28.32742500140739,35.30147904196435,2,0.8603515625,53.45
bench_detect_20260905_1911,ncnn,320,1,25,28.13314599916339,35.54526038537381,1,0.84912109375,51.8
bench_detect_20260905_1911,ncnn,320,1,26,28.222257999004796,35.43302594835831,3,0.875,53.45
bench_detect_20260905_1911,ncnn,320,1,27,28.12394299871812,35.55689186418773,1,0.85400390625,51.8
bench_detect_20260905_1911,ncnn,320,1,28,28.13840499948128,35.53861706157242,1,0.86181640625,54.0
bench_detect_20260905_1911,ncnn,320,1,29,28.151164999144385,35.52250857221694,1,0.892578125,53.45
bench_detect_20260905_1911,ncnn,320,1,30,28.123553000114043,35.55738494335851,1,0.85205078125,53.45
bench_detect_20260905_1911,ncnn,320,1,31,28.117775000282563,35.564691729340275,1,0.87060546875,51.8
bench_detect_20260905_1911,ncnn,320,1,32,29.109946999597014,34.35251874604387,2,0.845703125,52.9
bench_detect_20260905_1911,ncnn,320,1,33,28.13234999848646,35.54626613325231,1,0.83984375,52.9
bench_detect_20260905_1911,ncnn,320,1,34,28.181072000734275,35.48481051302606,2,0.84326171875,52.9
bench_detect_20260905_1911,ncnn,320,1,35,28.056200999344583,35.6427443624089,1,0.8505859375,53.45
bench_detect_20260905_1911,ncnn,320,1,36,28.24118299940892,35.409281545356286,1,0.8408203125,52.35
bench_detect_20260905_1911,ncnn,320,1,37,28.13859100024274,35.53838214540925,1,0.837890625,52.35
bench_detect_20260905_1911,ncnn,320,1,38,28.114516000641743,35.568814344062474,1,0.8671875,52.9
bench_detect_20260905_1911,ncnn,320,1,39,28.17449900067004,35.49308898008154,2,0.857421875,52.9
bench_detect_20260905_1911,ncnn,320,1,40,28.106183001000318,35.57935988548888,1,0.82958984375,52.9
bench_detect_20260905_1911,ncnn,320,1,41,28.1527940005617,35.52045313797445,1,0.8583984375,52.9
bench_detect_20260905_1911,ncnn,320,1,42,28.14529399984167,35.529918429902544,2,0.87353515625,52.35
bench_detect_20260905_1911,ncnn,320,1,43,28.138850000686944,35.53805503691826,1,0.84326171875,52.9
bench_detect_20260905_1911,ncnn,320,1,44,28.295849999267375,35.34087154214811,1,0.869140625,52.35
bench_detect_20260905_1911,ncnn,320,1,45,28.08229400034179,35.609626478087186,2,0.8583984375,52.35
bench_detect_20260905_1911,ncnn,320,1,46,28.113275999203324,35.57038318936356,1,0.8310546875,52.9
bench_detect_20260905_1911,ncnn,320,1,47,28.283850000661914,35.35586562566968,1,0.87841796875,51.8
bench_detect_20260905_1911,ncnn,320,1,48,28.20129499923496,35.45936454432776,2,0.845703125,52.9
bench_detect_20260905_1911,ncnn,320,1,49,28.01992400054587,35.68889051877937,1,0.84228515625,52.35
bench_detect_20260905_1911,ncnn,320,1,50,28.20192499893892,35.45857242147918,1,0.857421875,52.35
bench_detect_20260905_1911,ncnn,320,1,51,28.19146099864156,35.47173380081956,1,0.88330078125,52.9
bench_detect_20260905_1911,ncnn,320,1,52,28.139701000327477,35.536980296569695,1,0.845703125,53.45
bench_detect_20260905_1911,ncnn,320,1,53,28.00132999982452,35.71258936651462,1,0.8271484375,51.25
bench_detect_20260905_1911,ncnn,320,1,54,30.90636100023403,32.355798859413696,1,0.86572265625,52.9
bench_detect_20260905_1911,ncnn,320,1,55,28.549758999361075,35.02656537389262,1,0.85693359375,52.35
bench_detect_20260905_1911,ncnn,320,1,56,28.10007200059772,35.587097427320785,1,0.8359375,52.9
bench_detect_20260905_1911,ncnn,320,1,57,28.323128000920406,35.30683475241518,1,0.849609375,52.9
bench_detect_20260905_1911,ncnn,320,1,58,28.488424999522977,35.10197562753099,3,0.84765625,52.35
bench_detect_20260905_1911,ncnn,320,1,59,28.116515999499825,35.56628424438467,1,0.8662109375,52.9
bench_detect_20260905_1911,ncnn,320,1,60,28.242110000064713,35.40811929412175,2,0.8388671875,52.9
bench_detect_20260905_1911,ncnn,320,1,61,28.12768299918389,35.55216403814756,1,0.8603515625,50.7
bench_detect_20260905_1911,ncnn,320,1,62,28.13579500070773,35.541913778332756,1,0.857421875,52.35
bench_detect_20260905_1911,ncnn,320,1,63,28.256276000320213,35.39036778904154,3,0.82373046875,52.35
bench_detect_20260905_1911,ncnn,320,1,64,28.125423999881605,35.55501954403282,1,0.8798828125,52.9
bench_detect_20260905_1911,ncnn,320,1,65,28.344239999569254,35.280536716285106,1,0.833984375,52.35
bench_detect_20260905_1911,ncnn,320,1,66,28.383664999637404,35.231531939683435,2,0.86572265625,52.9
bench_detect_20260905_1911,ncnn,320,1,67,28.927093000675086,34.569667957186795,1,0.83935546875,52.35
bench_detect_20260905_1911,ncnn,320,1,68,28.40544399987266,35.2045192465389,2,0.86572265625,52.35
bench_detect_20260905_1911,ncnn,320,1,69,28.3617580007558,35.2587452432727,1,0.8662109375,52.9
bench_detect_20260905_1911,ncnn,320,1,70,28.072238001186633,35.62238251035522,1,0.85498046875,52.35
bench_detect_20260905_1911,ncnn,320,1,71,28.133664000051795,35.544605921154066,1,0.87158203125,52.35
bench_detect_20260905_1911,ncnn,320,1,72,28.111405999879935,35.572749367437225,1,0.85498046875,52.35
bench_detect_20260905_1911,ncnn,320,1,73,28.160924000985688,35.51019845673381,1,0.83935546875,51.8
bench_detect_20260905_1911,ncnn,320,1,74,28.1525899990811,35.52071052903622,1,0.85107421875,52.35
bench_detect_20260905_1911,ncnn,320,1,75,28.09727599924372,35.590638751846136,1,0.8408203125,51.8
bench_detect_20260905_1911,ncnn,320,1,76,28.298572999119642,35.33747090466751,2,0.85595703125,52.35
bench_detect_20260905_1911,ncnn,320,1,77,27.998609000860597,35.716060036027606,1,0.85986328125,51.8
bench_detect_20260905_1911,ncnn,320,1,78,28.08697899854451,35.6036866781515,1,0.85986328125,52.35
bench_detect_20260905_1911,ncnn,320,1,79,28.46259100078896,35.133835846929074,3,0.84228515625,52.35
bench_detect_20260905_1911,ncnn,320,1,80,28.03925700027321,35.66428311528569,1,0.86767578125,52.35
bench_detect_20260905_1911,ncnn,320,1,81,27.99838600003568,35.716344506384246,1,0.8642578125,51.8
bench_detect_20260905_1911,ncnn,320,1,82,27.986885999780498,35.73102059328226,2,0.85107421875,51.8
bench_detect_20260905_1911,ncnn,320,1,83,28.11301600013394,35.57071215679014,1,0.83203125,51.8
bench_detect_20260905_1911,ncnn,320,1,84,28.214795000167214,35.44239821675378,1,0.86474609375,52.35
bench_detect_20260905_1911,ncnn,320,1,85,28.1132020008954,35.57047681612896,1,0.8447265625,51.25
bench_detect_20260905_1911,ncnn,320,1,86,28.297295000811573,35.33906686032427,1,0.8603515625,52.35
bench_detect_20260905_1911,ncnn,320,1,87,28.075349999198806,35.61843396533035,1,0.88134765625,52.35
bench_detect_20260905_1911,ncnn,320,1,88,28.128645999458968,35.55094688948889,1,0.853515625,52.35
bench_detect_20260905_1911,ncnn,320,1,89,28.060090000508353,35.63780443975352,1,0.82470703125,52.35
bench_detect_20260905_1911,ncnn,320,1,90,30.833619999611983,32.43213090167759,1,0.83447265625,50.7
bench_detect_20260905_1911,ncnn,320,1,91,28.62781499970879,34.93106267489057,5,0.86181640625,51.8
bench_detect_20260905_1911,ncnn,320,1,92,28.156460999525734,35.51582707844015,1,0.84619140625,52.35
bench_detect_20260905_1911,ncnn,320,1,93,28.163553000922548,35.506883665112966,1,0.890625,51.25
bench_detect_20260905_1911,ncnn,320,1,94,28.209443000378087,35.44912247953982,1,0.82958984375,52.35
bench_detect_20260905_1911,ncnn,320,1,95,28.14062800098327,35.53580964735608,1,0.8447265625,51.8
bench_detect_20260905_1911,ncnn,320,1,96,28.09051600161183,35.59920365801113,1,0.83251953125,52.35
bench_detect_20260905_1911,ncnn,320,1,97,28.143071998783853,35.53272365018336,1,0.87890625,52.35
bench_detect_20260905_1911,ncnn,320,1,98,28.103053000450018,35.58332256584318,1,0.853515625,52.35
bench_detect_20260905_1911,ncnn,320,1,99,28.135424001447973,35.54238244103006,1,0.86181640625,50.7
bench_detect_20260905_1911,ncnn,320,2,0,18.709535999732907,53.44867986112941,3,0.86865234375,53.45
bench_detect_20260905_1911,ncnn,320,2,1,18.64303500042297,53.639335010491166,1,0.83203125,53.45
bench_detect_20260905_1911,ncnn,320,2,2,18.689831000301638,53.50503169257448,2,0.86767578125,52.9
bench_detect_20260905_1911,ncnn,320,2,3,18.6101460003556,53.73412975808423,1,0.88427734375,53.45
bench_detect_20260905_1911,ncnn,320,2,4,18.6489799998526,53.62223564012101,1,0.81396484375,52.35
bench_detect_20260905_1911,ncnn,320,2,5,18.504534999010502,54.04080675647744,1,0.85205078125,52.35
bench_detect_20260905_1911,ncnn,320,2,6,18.569165000371868,53.85271766285527,1,0.85595703125,52.9
bench_detect_20260905_1911,ncnn,320,2,7,18.628423998961807,53.681406438662314,2,0.8447265625,54.0
bench_detect_20260905_1911,ncnn,320,2,8,18.5878309985128,53.7986384791216,1,0.86181640625,53.45
bench_detect_20260905_1911,ncnn,320,2,9,18.553441999756615,53.898354818104266,1,0.84423828125,53.45
bench_detect_20260905_1911,ncnn,320,2,10,18.652608998309006,53.61180305075055,1,0.8310546875,52.9
bench_detect_20260905_1911,ncnn,320,2,11,18.694090998906177,53.4928389970131,2,0.85888671875,53.45
bench_detect_20260905_1911,ncnn,320,2,12,18.693776000873186,53.49374037397742,1,0.8427734375,53.45
bench_detect_20260905_1911,ncnn,320,2,13,18.627202000061516,53.68492809584056,2,0.83740234375,53.45
bench_detect_20260905_1911,ncnn,320,2,14,18.661239000721253,53.58700994941173,1,0.87158203125,51.8
bench_detect_20260905_1911,ncnn,320,2,15,18.550627000877284,53.906533722698896,1,0.87060546875,53.45
bench_detect_20260905_1911,ncnn,320,2,16,18.70853600121336,53.451536770976844,2,0.86328125,53.45
bench_detect_20260905_1911,ncnn,320,2,17,18.674739001653506,53.54827180778578,3,0.85986328125,53.45
bench_detect_20260905_1911,ncnn,320,2,18,18.76949899997271,53.27792713068441,2,0.876953125,52.9
bench_detect_20260905_1911,ncnn,320,2,19,18.600794001031318,53.76114589218908,1,0.88427734375,53.45
bench_detect_20260905_1911,ncnn,320,2,20,18.68777599884197,53.51091537387687,2,0.87353515625,53.45
bench_detect_20260905_1911,ncnn,320,2,21,18.66001600137679,53.59052210492302,2,0.875,52.35
bench_detect_20260905_1911,ncnn,320,2,22,18.565293999927235,53.863946350858726,1,0.84814453125,53.45
bench_detect_20260905_1911,ncnn,320,2,23,18.712684001002344,53.439688285573304,1,0.8720703125,53.45
bench_detect_20260905_1911,ncnn,320,2,24,18.843702999220113,53.06812573098754,2,0.8603515625,53.45
bench_detect_20260905_1911,ncnn,320,2,25,18.52642399899196,53.97695745570818,1,0.84912109375,53.45
bench_detect_20260905_1911,ncnn,320,2,26,18.73772100043425,53.36828315336881,3,0.875,52.35
bench_detect_20260905_1911,ncnn,320,2,27,21.137026000360493,47.31034536187565,1,0.85400390625,51.8
bench_detect_20260905_1911,ncnn,320,2,28,18.718702000114718,53.422507607304794,1,0.86181640625,53.45
bench_detect_20260905_1911,ncnn,320,2,29,18.591258000014932,53.78872155930475,1,0.892578125,53.45
bench_detect_20260905_1911,ncnn,320,2,30,18.789313000525,53.221743656729686,1,0.85205078125,53.45
bench_detect_20260905_1911,ncnn,320,2,31,18.612887000927003,53.72621667719766,1,0.87060546875,53.45
bench_detect_20260905_1911,ncnn,320,2,32,18.711553999310127,53.44291553961092,2,0.845703125,52.9
bench_detect_20260905_1911,ncnn,320,2,33,18.556461000116542,53.88958595034471,1,0.83984375,51.8
bench_detect_20260905_1911,ncnn,320,2,34,18.69077599985758,53.502326495572994,2,0.84326171875,52.35
bench_detect_20260905_1911,ncnn,320,2,35,18.690703000174835,53.50253545790363,1,0.8505859375,53.45
bench_detect_20260905_1911,ncnn,320,2,36,18.729516999883344,53.391659806615856,1,0.8408203125,53.45
bench_detect_20260905_1911,ncnn,320,2,37,18.464609000147902,54.1576591192367,1,0.837890625,54.0
bench_detect_20260905_1911,ncnn,320,2,38,18.663961000129348,53.57919468397248,1,0.8671875,53.45
bench_detect_20260905_1911,ncnn,320,2,39,18.67049900101847,53.56043242044309,2,0.857421875,54.0
bench_detect_20260905_1911,ncnn,320,2,40,18.642461000126787,53.64098656251441,1,0.82958984375,52.9
bench_detect_20260905_1911,ncnn,320,2,41,18.562757000836427,53.87130801501849,1,0.8583984375,54.0
bench_detect_20260905_1911,ncnn,320,2,42,18.642480001290096,53.640931889469535,2,0.87353515625,54.0
bench_detect_20260905_1911,ncnn,320,2,43,18.565182999736862,53.86426840038009,1,0.84326171875,52.9
bench_detect_20260905_1911,ncnn,320,2,44,18.5876460000145,53.799173924402254,1,0.869140625,53.45
bench_detect_20260905_1911,ncnn,320,2,45,18.897350999395712,52.9174697571092,2,0.8583984375,52.9
bench_detect_20260905_1911,ncnn,320,2,46,20.302078999520745,49.256039247192675,1,0.8310546875,54.0
bench_detect_20260905_1911,ncnn,320,2,47,18.632812998475856,53.66876166694738,1,0.87841796875,54.0
bench_detect_20260905_1911,ncnn,320,2,48,18.633313000464113,53.66732153187639,2,0.845703125,53.45
bench_detect_20260905_1911,ncnn,320,2,49,18.542089999755262,53.93135293881105,1,0.84228515625,53.45
bench_detect_20260905_1911,ncnn,320,2,50,18.609534999995958,53.73589399198944,1,0.857421875,52.35
bench_detect_20260905_1911,ncnn,320,2,51,18.732962000285625,53.38184105560844,1,0.88330078125,53.45
bench_detect_20260905_1911,ncnn,320,2,52,18.554367999968235,53.89566489150759,1,0.845703125,54.0
bench_detect_20260905_1911,ncnn,320,2,53,18.52873899952101,53.970213516734795,1,0.8271484375,53.45
bench_detect_20260905_1911,ncnn,320,2,54,18.639813000845606,53.64860688004941,1,0.86572265625,54.0
bench_detect_20260905_1911,ncnn,320,2,55,18.53605299947958,53.94891782129001,1,0.85693359375,54.0
bench_detect_20260905_1911,ncnn,320,2,56,18.719499001235818,53.42023309138681,1,0.8359375,52.9
bench_detect_20260905_1911,ncnn,320,2,57,18.57303500037233,53.84149655562234,1,0.849609375,54.0
bench_detect_20260905_1911,ncnn,320,2,58,18.69544299916015,53.48897054993149,3,0.84765625,54.0
bench_detect_20260905_1911,ncnn,320,2,59,18.592423999507446,53.78534827016059,1,0.8662109375,53.45
bench_detect_20260905_1911,ncnn,320,2,60,18.625831000463222,53.68887970556214,2,0.8388671875,52.9
bench_detect_20260905_1911,ncnn,320,2,61,18.489627000235487,54.0843793110193,1,0.8603515625,52.9
bench_detect_20260905_1911,ncnn,320,2,62,18.618832000356633,53.70906187782593,1,0.857421875,54.0
bench_detect_20260905_1911,ncnn,320,2,63,18.661164998775348,53.58722245184723,3,0.82373046875,53.45
bench_detect_20260905_1911,ncnn,320,2,64,18.58209099918895,53.8152568536903,1,0.8798828125,52.35
bench_detect_20260905_1911,ncnn,320,2,65,18.56975800001237,53.850997950502844,1,0.833984375,52.35
bench_detect_20260905_1911,ncnn,320,2,66,18.65707300021313,53.59897557288736,2,0.86572265625,52.9
bench_detect_20260905_1911,ncnn,320,2,67,18.569165000371868,53.85271766285527,1,0.83935546875,54.0
bench_detect_20260905_1911,ncnn,320,2,68,18.662275999304256,53.58403230330967,2,0.86572265625,53.45
bench_detect_20260905_1911,ncnn,320,2,69,18.581813001219416,53.816061970614804,1,0.8662109375,53.45
bench_detect_20260905_1911,ncnn,320,2,70,18.534589999035234,53.953176199314484,1,0.85498046875,52.9
bench_detect_20260905_1911,ncnn,320,2,71,18.5789429997385,53.82437526257952,1,0.87158203125,53.45
bench_detect_20260905_1911,ncnn,320,2,72,18.66129500012903,53.586849143807314,1,0.85498046875,53.45
bench_detect_20260905_1911,ncnn,320,2,73,18.538312999226036,53.94234092615382,1,0.83935546875,52.9
bench_detect_20260905_1911,ncnn,320,2,74,18.596480000269366,53.77361737197121,1,0.85107421875,54.0
bench_detect_20260905_1911,ncnn,320,2,75,18.565739001132897,53.862655288808014,1,0.8408203125,53.45
bench_detect_20260905_1911,ncnn,320,2,76,18.695998998737196,53.487379843545355,2,0.85595703125,52.9
bench_detect_20260905_1911,ncnn,320,2,77,18.599887000164017,53.76376748908108,1,0.85986328125,54.0
bench_detect_20260905_1911,ncnn,320,2,78,18.625683998834575,53.68930344048417,1,0.85986328125,53.45
bench_detect_20260905_1911,ncnn,320,2,79,18.67642400065961,53.54344064820344,3,0.84228515625,53.45
bench_detect_20260905_1911,ncnn,320,2,80,18.58860900028958,53.796386807879045,1,0.86767578125,54.0
bench_detect_20260905_1911,ncnn,320,2,81,21.090045000164537,47.415735717595595,1,0.8642578125,53.45
bench_detect_20260905_1911,ncnn,320,2,82,18.789221001497936,53.22200425021755,2,0.85107421875,53.45
bench_detect_20260905_1911,ncnn,320,2,83,18.67329499873449,53.55241268708983,1,0.83203125,52.9
bench_detect_20260905_1911,ncnn,320,2,84,18.60281300105271,53.75531108888808,1,0.86474609375,52.35
bench_detect_20260905_1911,ncnn,320,2,85,18.54540500062285,53.921712681195956,1,0.8447265625,52.9
bench_detect_20260905_1911,ncnn,320,2,86,18.635275999258738,53.661668334817115,1,0.8603515625,53.45
bench_detect_20260905_1911,ncnn,320,2,87,18.618164000145043,53.71098890267642,1,0.88134765625,52.9
bench_detect_20260905_1911,ncnn,320,2,88,18.55149800030631,53.90400279176855,1,0.853515625,54.0
bench_detect_20260905_1911,ncnn,320,2,89,18.61901700067392,53.70852821949755,1,0.82470703125,53.45
bench_detect_20260905_1911,ncnn,320,2,90,18.570145999547094,53.8498728025288,1,0.83447265625,54.0
bench_detect_20260905_1911,ncnn,320,2,91,18.870609999794397,52.992457584089514,5,0.86181640625,53.45
bench_detect_20260905_1911,ncnn,320,2,92,18.668721000722144,53.56553349109015,1,0.84619140625,54.0
bench_detect_20260905_1911,ncnn,320,2,93,18.518368000513874,54.00043891406902,1,0.890625,52.9
bench_detect_20260905_1911,ncnn,320,2,94,18.59346099990944,53.782348536664074,1,0.82958984375,52.9
bench_detect_20260905_1911,ncnn,320,2,95,18.52870099901338,53.97032420423041,1,0.8447265625,54.0
bench_detect_20260905_1911,ncnn,320,2,96,18.64209099949221,53.642051206983105,1,0.83251953125,53.45
bench_detect_20260905_1911,ncnn,320,2,97,18.496515998776886,54.064235668280816,1,0.87890625,53.45
bench_detect_20260905_1911,ncnn,320,2,98,18.85996199962392,53.02237618612067,1,0.853515625,54.0
bench_detect_20260905_1911,ncnn,320,2,99,19.98480000111158,50.038028899182315,1,0.86181640625,53.45
bench_detect_20260905_1911,ncnn,320,4,0,16.52517599904968,60.51372766362715,3,0.86865234375,54.0
bench_detect_20260905_1911,ncnn,320,4,1,16.32287800021004,61.2637060686928,1,0.83203125,52.9
bench_detect_20260905_1911,ncnn,320,4,2,16.488507999383728,60.6483012312197,2,0.86767578125,53.45
bench_detect_20260905_1911,ncnn,320,4,3,16.39819299998635,60.982328967638836,1,0.88427734375,53.45
bench_detect_20260905_1911,ncnn,320,4,4,16.427323000243632,60.87419112567331,1,0.81396484375,54.55
bench_detect_20260905_1911,ncnn,320,4,5,16.336821998265805,61.21141554374238,1,0.85205078125,54.55
bench_detect_20260905_1911,ncnn,320,4,6,16.390803999456693,61.00981989859357,1,0.85595703125,54.55
bench_detect_20260905_1911,ncnn,320,4,7,16.46556400010013,60.73281182435772,2,0.8447265625,53.45
bench_detect_20260905_1911,ncnn,320,4,8,16.433045999292517,60.852990981894195,1,0.86181640625,52.9
bench_detect_20260905_1911,ncnn,320,4,9,16.38928600004874,61.015470716480635,1,0.84423828125,54.0
bench_detect_20260905_1911,ncnn,320,4,10,16.503139000633382,60.59453295288978,1,0.8310546875,54.0
bench_detect_20260905_1911,ncnn,320,4,11,16.437730999314226,60.835646966221766,2,0.85888671875,54.55
bench_detect_20260905_1911,ncnn,320,4,12,16.427471000497462,60.87364269093628,1,0.8427734375,54.0
bench_detect_20260905_1911,ncnn,320,4,13,16.444748998765135,60.80968460358329,2,0.83740234375,54.55
bench_detect_20260905_1911,ncnn,320,4,14,16.414379000707413,60.92219510448143,1,0.87158203125,52.9
bench_detect_20260905_1911,ncnn,320,4,15,16.469398000481306,60.71867350408168,1,0.87060546875,54.55
bench_detect_20260905_1911,ncnn,320,4,16,16.477527000461123,60.68871863915107,2,0.86328125,53.45
bench_detect_20260905_1911,ncnn,320,4,17,16.476916000101482,60.69096911059332,3,0.85986328125,53.45
bench_detect_20260905_1911,ncnn,320,4,18,16.491526999743655,60.63719872729457,2,0.876953125,54.55
bench_detect_20260905_1911,ncnn,320,4,19,16.455490000225836,60.76999226314597,1,0.88427734375,54.55
bench_detect_20260905_1911,ncnn,320,4,20,16.404525998950703,60.95878662168988,2,0.87353515625,54.0
bench_detect_20260905_1911,ncnn,320,4,21,16.44604499961133,60.80489260631556,2,0.875,55.1
bench_detect_20260905_1911,ncnn,320,4,22,16.43078600136505,60.86136110085794,1,0.84814453125,54.55
bench_detect_20260905_1911,ncnn,320,4,23,16.41421100066509,60.92281864534828,1,0.8720703125,54.0
bench_detect_20260905_1911,ncnn,320,4,24,16.44699000098626,60.8013989149403,2,0.8603515625,53.45
bench_detect_20260905_1911,ncnn,320,4,25,16.417008000644273,60.91243909735292,1,0.84912109375,54.0
bench_detect_20260905_1911,ncnn,320,4,26,16.535063999981503,60.477540334958405,3,0.875,53.45
bench_detect_20260905_1911,ncnn,320,4,27,16.497860000526998,60.61392204613547,1,0.85400390625,54.0
bench_detect_20260905_1911,ncnn,320,4,28,17.54067899855727,57.010335807539185,1,0.86181640625,53.45
bench_detect_20260905_1911,ncnn,320,4,29,21.214694001173484,47.13713994388443,1,0.892578125,54.55
bench_detect_20260905_1911,ncnn,320,4,30,16.57926799998677,60.31629381953402,1,0.85205078125,54.55
bench_detect_20260905_1911,ncnn,320,4,31,16.526879000593908,60.50749206574721,1,0.87060546875,54.0
bench_detect_20260905_1911,ncnn,320,4,32,16.471600998556823,60.7105526710862,2,0.845703125,54.0
bench_detect_20260905_1911,ncnn,320,4,33,16.37871200000518,61.05486194516905,1,0.83984375,54.55
bench_detect_20260905_1911,ncnn,320,4,34,16.51576699987345,60.5482022123261,2,0.84326171875,54.55
bench_detect_20260905_1911,ncnn,320,4,35,16.408415000114474,60.944338620946844,1,0.8505859375,54.55
bench_detect_20260905_1911,ncnn,320,4,36,16.461692999655497,60.74709326804525,1,0.8408203125,52.9
bench_detect_20260905_1911,ncnn,320,4,37,16.3149149993842,61.293607722611156,1,0.837890625,54.0
bench_detect_20260905_1911,ncnn,320,4,38,16.566805001275497,60.361669007573205,1,0.8671875,53.45
bench_detect_20260905_1911,ncnn,320,4,39,16.458971000247402,60.757139676895264,2,0.857421875,54.55
bench_detect_20260905_1911,ncnn,320,4,40,16.4445459995477,60.810435266957484,1,0.82958984375,54.55
bench_detect_20260905_1911,ncnn,320,4,41,16.400471000451944,60.97385861494119,1,0.8583984375,54.55
bench_detect_20260905_1911,ncnn,320,4,42,16.4619520000997,60.74613751722418,2,0.87353515625,54.55
bench_detect_20260905_1911,ncnn,320,4,43,16.37102600034268,61.08352646798483,1,0.84326171875,54.55
bench_detect_20260905_1911,ncnn,320,4,44,16.383784999561612,61.03595719955782,1,0.869140625,54.0
bench_detect_20260905_1911,ncnn,320,4,45,16.384377999202115,61.03374812572671,2,0.8583984375,54.55
bench_detect_20260905_1911,ncnn,320,4,46,16.464378999444307,60.73718298356417,1,0.8310546875,54.55
bench_detect_20260905_1911,ncnn,320,4,47,17.213993000041228,58.092274116621574,1,0.87841796875,54.55
bench_detect_20260905_1911,ncnn,320,4,48,18.352903998675174,54.48728986280243,2,0.845703125,54.55
bench_detect_20260905_1911,ncnn,320,4,49,16.416526001194143,60.91422752458466,1,0.84228515625,54.55
bench_detect_20260905_1911,ncnn,320,4,50,16.443970998807345,60.81256164174265,1,0.857421875,54.55
bench_detect_20260905_1911,ncnn,320,4,51,16.440711999166524,60.82461635789836,1,0.88330078125,53.45
bench_detect_20260905_1911,ncnn,320,4,52,16.403749001256074,60.961674061425086,1,0.845703125,54.55
bench_detect_20260905_1911,ncnn,320,4,53,16.446342000563163,60.80379454384188,1,0.8271484375,52.9
bench_detect_20260905_1911,ncnn,320,4,54,16.434414999821456,60.8479218767972,1,0.86572265625,54.55
bench_detect_20260905_1911,ncnn,320,4,55,16.508341999724507,60.57543513556286,1,0.85693359375,54.0
bench_detect_20260905_1911,ncnn,320,4,56,16.47230500020669,60.7079579929738,1,0.8359375,55.1
bench_detect_20260905_1911,ncnn,320,4,57,16.45198999904096,60.782920489150136,1,0.849609375,54.55
bench_detect_20260905_1911,ncnn,320,4,58,16.621101000055205,60.16448609491505,3,0.84765625,53.45
bench_detect_20260905_1911,ncnn,320,4,59,16.348507000657264,61.167665032641615,1,0.8662109375,54.55
bench_detect_20260905_1911,ncnn,320,4,60,16.38541599822929,61.029881701390195,2,0.8388671875,55.1
bench_detect_20260905_1911,ncnn,320,4,61,16.37945199945534,61.05210357667965,1,0.8603515625,55.1
bench_detect_20260905_1911,ncnn,320,4,62,16.429638000772684,60.86561371303313,1,0.857421875,53.45
bench_detect_20260905_1911,ncnn,320,4,63,16.495898000357556,60.62113138541015,3,0.82373046875,55.1
bench_detect_20260905_1911,ncnn,320,4,64,16.380193001168664,61.0493417219598,1,0.8798828125,55.1
bench_detect_20260905_1911,ncnn,320,4,65,16.353803999663796,61.147852818864536,1,0.833984375,54.55
bench_detect_20260905_1911,ncnn,320,4,66,16.506508998645586,60.58216186608891,2,0.86572265625,54.55
bench_detect_20260905_1911,ncnn,320,4,67,16.409989000749192,60.93849300900478,1,0.83935546875,54.55
bench_detect_20260905_1911,ncnn,320,4,68,16.339008001523325,61.20322604082008,2,0.86572265625,55.1
bench_detect_20260905_1911,ncnn,320,4,69,16.335805001290282,61.21522630326544,1,0.8662109375,55.1
bench_detect_20260905_1911,ncnn,320,4,70,16.420396999819786,60.89986740338708,1,0.85498046875,55.1
bench_detect_20260905_1911,ncnn,320,4,71,16.394674999901326,60.995414670069316,1,0.87158203125,55.1
bench_detect_20260905_1911,ncnn,320,4,72,16.416804999607848,60.913192306535116,1,0.85498046875,54.0
bench_detect_20260905_1911,ncnn,320,4,73,16.35093400000187,61.1585858031037,1,0.83935546875,55.1
bench_detect_20260905_1911,ncnn,320,4,74,16.40210100049444,60.96779918437614,1,0.85107421875,54.0
bench_detect_20260905_1911,ncnn,320,4,75,16.41147100053786,60.932990099865314,1,0.8408203125,54.0
bench_detect_20260905_1911,ncnn,320,4,76,16.461896999317105,60.74634047591741,2,0.85595703125,53.45
bench_detect_20260905_1911,ncnn,320,4,77,16.320655999152223,61.272046911101185,1,0.85986328125,53.45
bench_detect_20260905_1911,ncnn,320,4,78,16.462489998957608,60.74415231616355,1,0.85986328125,55.1
bench_detect_20260905_1911,ncnn,320,4,79,16.49599000120361,60.62079329140211,3,0.84228515625,53.45
bench_detect_20260905_1911,ncnn,320,4,80,16.514805000042543,60.55172919071245,1,0.86767578125,54.55
bench_detect_20260905_1911,ncnn,320,4,81,16.414767000242136,60.92075507287121,1,0.8642578125,54.55
bench_detect_20260905_1911,ncnn,320,4,82,16.58437900005083,60.297705449021336,2,0.85107421875,54.0
bench_detect_20260905_1911,ncnn,320,4,83,16.443805001472356,60.813175533914524,1,0.83203125,54.55
bench_detect_20260905_1911,ncnn,320,4,84,16.371044999687,61.083455577766664,1,0.86474609375,54.55
bench_detect_20260905_1911,ncnn,320,4,85,16.3805450010841,61.04802983867861,1,0.8447265625,54.55
bench_detect_20260905_1911,ncnn,320,4,86,16.54763899932732,60.43158181300977,1,0.8603515625,54.55
bench_detect_20260905_1911,ncnn,320,4,87,16.422452999904635,60.89224307756015,1,0.88134765625,54.55
bench_detect_20260905_1911,ncnn,320,4,88,16.46087900007842,60.75009724542875,1,0.853515625,55.65
bench_detect_20260905_1911,ncnn,320,4,89,16.43593399967358,60.842298345798916,1,0.82470703125,55.1
bench_detect_20260905_1911,ncnn,320,4,90,20.079354999325005,49.80239654279813,1,0.83447265625,54.55
bench_detect_20260905_1911,ncnn,320,4,91,18.646591001015622,53.629105714043554,5,0.86181640625,55.1
bench_detect_20260905_1911,ncnn,320,4,92,16.507287000422366,60.57930657984037,1,0.84619140625,54.0
bench_detect_20260905_1911,ncnn,320,4,93,16.478989000461297,60.683334394604366,1,0.890625,54.55
bench_detect_20260905_1911,ncnn,320,4,94,16.36063800106058,61.122310751889685,1,0.82958984375,54.55
bench_detect_20260905_1911,ncnn,320,4,95,16.434451999884914,60.847784885495585,1,0.8447265625,54.55
bench_detect_20260905_1911,ncnn,320,4,96,16.350359999705688,61.16073285346624,1,0.83251953125,54.0
bench_detect_20260905_1911,ncnn,320,4,97,16.469840998979635,60.71704032005856,1,0.87890625,55.1
bench_detect_20260905_1911,ncnn,320,4,98,16.44112000030873,60.82310694047742,1,0.853515625,53.45
bench_detect_20260905_1911,ncnn,320,4,99,16.4808230001654,60.67658150263273,1,0.86181640625,53.45
bench_detect_20260905_1911,ncnn,640,1,0,116.24909900092462,8.60221720937421,1,0.8212890625,51.8
bench_detect_20260905_1911,ncnn,640,1,1,116.05772800066916,8.616401658269876,1,0.81201171875,51.8
bench_detect_20260905_1911,ncnn,640,1,2,115.86159800026508,8.63098746486918,1,0.83984375,51.8
bench_detect_20260905_1911,ncnn,640,1,3,115.88004300028842,8.629613642769455,1,0.83251953125,51.25
bench_detect_20260905_1911,ncnn,640,1,4,116.02691299958678,8.618690044813667,1,0.7431640625,52.35
bench_detect_20260905_1911,ncnn,640,1,5,117.13799199969799,8.536939919565791,1,0.833984375,51.8
bench_detect_20260905_1911,ncnn,640,1,6,116.1938770001143,8.606305476828322,1,0.8095703125,51.8
bench_detect_20260905_1911,ncnn,640,1,7,117.11687999923015,8.538478825653256,2,0.82373046875,50.7
bench_detect_20260905_1911,ncnn,640,1,8,117.48354799965455,8.511830098993439,1,0.84765625,51.8
bench_detect_20260905_1911,ncnn,640,1,9,116.1219509995135,8.611636227195232,1,0.8310546875,51.25
bench_detect_20260905_1911,ncnn,640,1,10,115.82396799894923,8.633791582836052,1,0.81982421875,51.8
bench_detect_20260905_1911,ncnn,640,1,11,115.85358000047563,8.63158479863889,1,0.86279296875,51.8
bench_detect_20260905_1911,ncnn,640,1,12,116.17245100023865,8.607892761063857,1,0.84130859375,50.15
bench_detect_20260905_1911,ncnn,640,1,13,116.15659900053288,8.609067488239841,2,0.82470703125,50.7
bench_detect_20260905_1911,ncnn,640,1,14,116.88734300150827,8.555246225308554,1,0.86767578125,51.25
bench_detect_20260905_1911,ncnn,640,1,15,116.159006000089,8.608889094653874,1,0.8603515625,51.25
bench_detect_20260905_1911,ncnn,640,1,16,117.34730699936335,8.521712390088554,2,0.83544921875,51.8
bench_detect_20260905_1911,ncnn,640,1,17,116.31615499936743,8.597258050744871,3,0.83935546875,51.25
bench_detect_20260905_1911,ncnn,640,1,18,116.03969099996903,8.617740976234304,2,0.84716796875,51.8
bench_detect_20260905_1911,ncnn,640,1,19,115.89457999980368,8.628531204838863,1,0.86328125,51.25
bench_detect_20260905_1911,ncnn,640,1,20,116.12802499985264,8.611185801198884,2,0.86328125,50.15
bench_detect_20260905_1911,ncnn,640,1,21,116.10257999927853,8.613073025648646,2,0.84765625,50.15
bench_detect_20260905_1911,ncnn,640,1,22,116.52352700002666,8.581957873621274,1,0.81591796875,50.15
bench_detect_20260905_1911,ncnn,640,1,23,118.26892300086911,8.455306555828292,1,0.86474609375,51.25
bench_detect_20260905_1911,ncnn,640,1,24,116.24891499923251,8.602230825178903,1,0.84228515625,51.25
bench_detect_20260905_1911,ncnn,640,1,25,120.16861399933987,8.32164045767802,1,0.845703125,51.25
bench_detect_20260905_1911,ncnn,640,1,26,116.09830199995486,8.61339040083798,3,0.8583984375,50.7
bench_detect_20260905_1911,ncnn,640,1,27,115.97839400019438,8.62229563204957,1,0.849609375,51.8
bench_detect_20260905_1911,ncnn,640,1,28,116.143209999791,8.610059942391807,1,0.8359375,50.15
bench_detect_20260905_1911,ncnn,640,1,29,116.0292099993967,8.618519422869461,1,0.84619140625,51.25
bench_detect_20260905_1911,ncnn,640,1,30,115.99382100030198,8.621148879968327,1,0.837890625,51.25
bench_detect_20260905_1911,ncnn,640,1,31,117.76991999977326,8.491132540481688,1,0.84130859375,50.7
bench_detect_20260905_1911,ncnn,640,1,32,116.16796900125337,8.608224871256988,1,0.83203125,51.25
bench_detect_20260905_1911,ncnn,640,1,33,117.22421400008898,8.530660738738167,1,0.83642578125,50.7
bench_detect_20260905_1911,ncnn,640,1,34,116.03756200020143,8.617899090281336,1,0.79296875,50.15
bench_detect_20260905_1911,ncnn,640,1,35,116.03824700068799,8.61784821683898,1,0.84423828125,50.7
bench_detect_20260905_1911,ncnn,640,1,36,116.03432100127975,8.618139800111132,1,0.82373046875,49.6
bench_detect_20260905_1911,ncnn,640,1,37,116.0185429998819,8.619311828463644,1,0.84912109375,49.6
bench_detect_20260905_1911,ncnn,640,1,38,115.86020899994764,8.631090938222387,1,0.84765625,50.7
bench_detect_20260905_1911,ncnn,640,1,39,115.9499869991123,8.6244080390251,2,0.822265625,51.25
bench_detect_20260905_1911,ncnn,640,1,40,117.52810500001942,8.508603112420086,1,0.8125,51.25
bench_detect_20260905_1911,ncnn,640,1,41,116.08763600088423,8.614181789285322,1,0.84814453125,50.7
bench_detect_20260905_1911,ncnn,640,1,42,117.45247500039113,8.514081972275765,2,0.853515625,50.15
bench_detect_20260905_1911,ncnn,640,1,43,116.1114139995334,8.612417724962151,1,0.83056640625,50.15
bench_detect_20260905_1911,ncnn,640,1,44,116.08961799902318,8.614034719352892,1,0.861328125,49.6
bench_detect_20260905_1911,ncnn,640,1,45,116.09202500039828,8.61385611971683,2,0.8388671875,50.7
bench_detect_20260905_1911,ncnn,640,1,46,115.9109130003344,8.627315358969824,1,0.8212890625,49.6
bench_detect_20260905_1911,ncnn,640,1,47,115.93171000095026,8.625767704037171,1,0.83740234375,51.25
bench_detect_20260905_1911,ncnn,640,1,48,118.32162700011395,8.4515403088485,3,0.818359375,50.15
bench_detect_20260905_1911,ncnn,640,1,49,116.22667399933562,8.603876937971366,1,0.81982421875,51.25
bench_detect_20260905_1911,ncnn,640,1,50,117.59536400131765,8.503736592786048,1,0.84619140625,50.7
bench_detect_20260905_1911,ncnn,640,1,51,116.13647000012861,8.61055962867558,1,0.87353515625,50.15
bench_detect_20260905_1911,ncnn,640,1,52,116.07182099942293,8.615355487573265,1,0.84765625,50.7
bench_detect_20260905_1911,ncnn,640,1,53,116.07539499891573,8.615090217951368,1,0.81640625,50.15
bench_detect_20260905_1911,ncnn,640,1,54,115.80802400021639,8.634980249711639,1,0.81787109375,50.15
bench_detect_20260905_1911,ncnn,640,1,55,115.92957900029432,8.625926261644246,1,0.83447265625,50.15
bench_detect_20260905_1911,ncnn,640,1,56,116.08967299980577,8.614030638209078,1,0.82666015625,50.7
bench_detect_20260905_1911,ncnn,640,1,57,117.94403299973055,8.478597641326074,1,0.82568359375,50.7
bench_detect_20260905_1911,ncnn,640,1,58,115.93987599917455,8.62516016497309,2,0.8603515625,50.15
bench_detect_20260905_1911,ncnn,640,1,59,116.33980399892607,8.595510441200597,1,0.8193359375,50.7
bench_detect_20260905_1911,ncnn,640,1,60,116.21056299918564,8.605069747463556,2,0.8330078125,49.6
bench_detect_20260905_1911,ncnn,640,1,61,116.16998799945577,8.608075262990342,1,0.86865234375,50.15
bench_detect_20260905_1911,ncnn,640,1,62,115.82604199975322,8.633636984695814,1,0.84716796875,51.25
bench_detect_20260905_1911,ncnn,640,1,63,115.9723769997072,8.62274298303401,3,0.837890625,49.6
bench_detect_20260905_1911,ncnn,640,1,64,116.08961800084217,8.61403471921792,1,0.8203125,50.15
bench_detect_20260905_1911,ncnn,640,1,65,116.06383999969694,8.615947912826348,1,0.8310546875,50.7
bench_detect_20260905_1911,ncnn,640,1,66,118.01531099990825,8.47347680167345,2,0.8203125,50.7
bench_detect_20260905_1911,ncnn,640,1,67,116.37363800036837,8.593011417214907,1,0.82568359375,51.25
bench_detect_20260905_1911,ncnn,640,1,68,118.48155299958307,8.440132448327368,2,0.84814453125,50.7
bench_detect_20260905_1911,ncnn,640,1,69,115.97821000032127,8.62230931135452,1,0.85888671875,50.15
bench_detect_20260905_1911,ncnn,640,1,70,116.05008100013947,8.616969427180306,1,0.85693359375,49.6
bench_detect_20260905_1911,ncnn,640,1,71,115.8419679995859,8.63245002884943,1,0.85595703125,51.25
bench_detect_20260905_1911,ncnn,640,1,72,116.06128400126181,8.616137660420232,1,0.8271484375,50.7
bench_detect_20260905_1911,ncnn,640,1,73,115.9823210000468,8.62200369312834,1,0.82470703125,49.05
bench_detect_20260905_1911,ncnn,640,1,74,117.84230999910505,8.485916476073784,1,0.837890625,50.15
bench_detect_20260905_1911,ncnn,640,1,75,116.05315399901883,8.616741256411304,1,0.818359375,50.7
bench_detect_20260905_1911,ncnn,640,1,76,117.47047499920882,8.512777359644925,2,0.8447265625,50.15
bench_detect_20260905_1911,ncnn,640,1,77,118.37016400022549,8.448074803698802,1,0.84716796875,50.15
bench_detect_20260905_1911,ncnn,640,1,78,115.84082099943771,8.632535503221735,1,0.8525390625,51.25
bench_detect_20260905_1911,ncnn,640,1,79,116.02997000045434,8.618462971214113,4,0.8388671875,48.5
bench_detect_20260905_1911,ncnn,640,1,80,116.11176600126782,8.612391615756502,1,0.83251953125,50.15
bench_detect_20260905_1911,ncnn,640,1,81,116.05278400020325,8.616768728256003,1,0.82763671875,50.15
bench_detect_20260905_1911,ncnn,640,1,82,115.92137700063176,8.626536587764567,2,0.83056640625,50.15
bench_detect_20260905_1911,ncnn,640,1,83,117.1843070005707,8.533565846791499,1,0.82177734375,50.7
bench_detect_20260905_1911,ncnn,640,1,84,116.22398799954681,8.60407577826274,1,0.82666015625,50.15
bench_detect_20260905_1911,ncnn,640,1,85,118.1037930000457,8.467128570541448,1,0.810546875,50.7
bench_detect_20260905_1911,ncnn,640,1,86,116.114414000549,8.612195209418806,1,0.83544921875,50.15
bench_detect_20260905_1911,ncnn,640,1,87,116.04321000049822,8.617479643968023,1,0.85595703125,50.15
bench_detect_20260905_1911,ncnn,640,1,88,116.09339599999657,8.613754394780814,1,0.84619140625,50.7
bench_detect_20260905_1911,ncnn,640,1,89,116.02769199998875,8.618632179636021,1,0.79296875,50.7
bench_detect_20260905_1911,ncnn,640,1,90,115.8313759988232,8.633239408380675,1,0.81640625,50.15
bench_detect_20260905_1911,ncnn,640,1,91,116.24585900062812,8.602456970055137,6,0.8505859375,50.15
bench_detect_20260905_1911,ncnn,640,1,92,117.48530899967591,8.511702514250175,1,0.8408203125,49.6
bench_detect_20260905_1911,ncnn,640,1,93,117.02378799964208,8.54527115463959,1,0.8505859375,49.6
bench_detect_20260905_1911,ncnn,640,1,94,115.94424700160744,8.624835003552493,1,0.82177734375,51.25
bench_detect_20260905_1911,ncnn,640,1,95,116.12995099858381,8.611042985906321,1,0.82958984375,50.15
bench_detect_20260905_1911,ncnn,640,1,96,116.14071099938883,8.610245205105231,1,0.80712890625,50.15
bench_detect_20260905_1911,ncnn,640,1,97,115.97211700063781,8.62276231444926,1,0.849609375,50.15
bench_detect_20260905_1911,ncnn,640,1,98,115.86648699994839,8.630623279365029,1,0.837890625,50.15
bench_detect_20260905_1911,ncnn,640,1,99,115.85361700053909,8.631582041977566,1,0.8505859375,50.15
bench_detect_20260905_1911,ncnn,640,2,0,80.45040499928291,12.430018220653002,1,0.8212890625,51.8
bench_detect_20260905_1911,ncnn,640,2,1,80.46970100076578,12.427037600033875,1,0.81201171875,51.8
bench_detect_20260905_1911,ncnn,640,2,2,80.64418399953865,12.40015027005197,1,0.83984375,51.25
bench_detect_20260905_1911,ncnn,640,2,3,82.48631999958889,12.12322237196403,1,0.83251953125,51.8
bench_detect_20260905_1911,ncnn,640,2,4,80.67018399924564,12.396153701711542,1,0.7431640625,51.25
bench_detect_20260905_1911,ncnn,640,2,5,82.15768999980355,12.171715149274416,1,0.833984375,51.25
bench_detect_20260905_1911,ncnn,640,2,6,80.76457300012407,12.381666402154615,1,0.8095703125,51.8
bench_detect_20260905_1911,ncnn,640,2,7,80.843036999795,12.369649101660242,2,0.82373046875,50.7
bench_detect_20260905_1911,ncnn,640,2,8,80.74710999972012,12.384344157994832,1,0.84765625,51.8
bench_detect_20260905_1911,ncnn,640,2,9,80.56231299997307,12.412751853342819,1,0.8310546875,51.8
bench_detect_20260905_1911,ncnn,640,2,10,80.65144300053362,12.399034199467252,1,0.81982421875,51.8
bench_detect_20260905_1911,ncnn,640,2,11,80.60110900078143,12.40677718206464,1,0.86279296875,52.35
bench_detect_20260905_1911,ncnn,640,2,12,80.64338799886173,12.40027266729065,1,0.84130859375,52.35
bench_detect_20260905_1911,ncnn,640,2,13,80.61353599987342,12.40486461233471,2,0.82470703125,51.8
bench_detect_20260905_1911,ncnn,640,2,14,80.55470199906267,12.41392463982594,1,0.86767578125,52.9
bench_detect_20260905_1911,ncnn,640,2,15,84.67571800065343,11.809761093402043,1,0.8603515625,50.7
bench_detect_20260905_1911,ncnn,640,2,16,80.91396300005727,12.358806353352044,2,0.83544921875,50.7
bench_detect_20260905_1911,ncnn,640,2,17,82.44737600034568,12.128948773285487,3,0.83935546875,52.35
bench_detect_20260905_1911,ncnn,640,2,18,80.62097999936668,12.403719230501235,2,0.84716796875,50.7
bench_detect_20260905_1911,ncnn,640,2,19,80.57934999851568,12.410127408801642,1,0.86328125,52.35
bench_detect_20260905_1911,ncnn,640,2,20,80.80735099974845,12.375111764313534,2,0.86328125,52.35
bench_detect_20260905_1911,ncnn,640,2,21,80.71311000094283,12.38956100177925,2,0.84765625,53.45
bench_detect_20260905_1911,ncnn,640,2,22,80.8348880000267,12.370896091297482,1,0.81591796875,52.35
bench_detect_20260905_1911,ncnn,640,2,23,80.66088800114812,12.397582332415755,1,0.86474609375,52.35
bench_detect_20260905_1911,ncnn,640,2,24,81.00709300015296,12.344598021782016,1,0.84228515625,52.35
bench_detect_20260905_1911,ncnn,640,2,25,80.8710550008982,12.365363602451996,1,0.845703125,52.35
bench_detect_20260905_1911,ncnn,640,2,26,80.67794299859088,12.394961532639298,3,0.8583984375,52.35
bench_detect_20260905_1911,ncnn,640,2,27,80.71403599933547,12.389418861525314,1,0.849609375,52.35
bench_detect_20260905_1911,ncnn,640,2,28,82.88765600082115,12.064522611063982,1,0.8359375,51.8
bench_detect_20260905_1911,ncnn,640,2,29,81.01851900028123,12.342857069462463,1,0.84619140625,51.25
bench_detect_20260905_1911,ncnn,640,2,30,83.99225299945101,11.905859936946044,1,0.837890625,51.25
bench_detect_20260905_1911,ncnn,640,2,31,80.8310190004704,12.371488227733222,1,0.84130859375,51.8
bench_detect_20260905_1911,ncnn,640,2,32,80.71207299872185,12.389720184932381,1,0.83203125,52.35
bench_detect_20260905_1911,ncnn,640,2,33,80.61496200025431,12.404645182327883,1,0.83642578125,52.35
bench_detect_20260905_1911,ncnn,640,2,34,80.6750550000288,12.39540524638803,1,0.79296875,51.8
bench_detect_20260905_1911,ncnn,640,2,35,80.64055400063808,12.400708457336334,1,0.84423828125,52.9
bench_detect_20260905_1911,ncnn,640,2,36,80.77211000090756,12.380511045071918,1,0.82373046875,51.25
bench_detect_20260905_1911,ncnn,640,2,37,80.6526100004703,12.398854792103675,1,0.84912109375,52.35
bench_detect_20260905_1911,ncnn,640,2,38,80.57655499942484,12.410557885071384,1,0.84765625,52.35
bench_detect_20260905_1911,ncnn,640,2,39,80.65668500057654,12.398228367467022,2,0.822265625,51.8
bench_detect_20260905_1911,ncnn,640,2,40,83.45669499976793,11.982262178040727,1,0.8125,52.35
bench_detect_20260905_1911,ncnn,640,2,41,80.8703519996925,12.365471093829322,1,0.84814453125,51.8
bench_detect_20260905_1911,ncnn,640,2,42,82.69593300065026,12.092493109572109,2,0.853515625,52.35
bench_detect_20260905_1911,ncnn,640,2,43,80.8987230011553,12.361134550735976,1,0.83056640625,52.35
bench_detect_20260905_1911,ncnn,640,2,44,80.54442499997094,12.415508584242309,1,0.861328125,52.35
bench_detect_20260905_1911,ncnn,640,2,45,80.69401799912157,12.392492340769126,2,0.8388671875,52.35
bench_detect_20260905_1911,ncnn,640,2,46,80.73997999963467,12.38543779679565,1,0.8212890625,52.9
bench_detect_20260905_1911,ncnn,640,2,47,80.73123999929521,12.38677864986008,1,0.83740234375,52.35
bench_detect_20260905_1911,ncnn,640,2,48,80.82986999943387,12.371664089117106,3,0.818359375,52.9
bench_detect_20260905_1911,ncnn,640,2,49,80.54842399906192,12.414892189717406,1,0.81982421875,51.8
bench_detect_20260905_1911,ncnn,640,2,50,80.6662579998374,12.396757018306412,1,0.84619140625,51.25
bench_detect_20260905_1911,ncnn,640,2,51,80.60355499947036,12.406400685510347,1,0.87353515625,52.9
bench_detect_20260905_1911,ncnn,640,2,52,80.5343880001601,12.417055928928297,1,0.84765625,52.35
bench_detect_20260905_1911,ncnn,640,2,53,83.76499299993156,11.938161327140767,1,0.81640625,52.35
bench_detect_20260905_1911,ncnn,640,2,54,82.9231930001697,12.059352321345772,1,0.81787109375,51.25
bench_detect_20260905_1911,ncnn,640,2,55,80.78574099999969,12.378422078222986,1,0.83447265625,52.35
bench_detect_20260905_1911,ncnn,640,2,56,80.66722100011248,12.396609026590934,1,0.82666015625,51.25
bench_detect_20260905_1911,ncnn,640,2,57,80.58079500005988,12.409904866280568,1,0.82568359375,51.8
bench_detect_20260905_1911,ncnn,640,2,58,80.79631399959908,12.376802238836813,2,0.8603515625,52.35
bench_detect_20260905_1911,ncnn,640,2,59,80.8793340002012,12.364097854682042,1,0.8193359375,52.35
bench_detect_20260905_1911,ncnn,640,2,60,80.74022199980391,12.385400674306155,2,0.8330078125,52.35
bench_detect_20260905_1911,ncnn,640,2,61,80.65218400042795,12.398920282117764,1,0.86865234375,51.25
bench_detect_20260905_1911,ncnn,640,2,62,80.60581400059164,12.406052992562795,1,0.84716796875,52.35
bench_detect_20260905_1911,ncnn,640,2,63,80.85701799973322,12.367510263652061,3,0.837890625,52.35
bench_detect_20260905_1911,ncnn,640,2,64,80.57264700073574,12.41115983183311,1,0.8203125,51.25
bench_detect_20260905_1911,ncnn,640,2,65,82.525486999657,12.117468631286675,1,0.8310546875,52.35
bench_detect_20260905_1911,ncnn,640,2,66,82.59398799964401,12.107418762783437,2,0.8203125,52.35
bench_detect_20260905_1911,ncnn,640,2,67,81.51476199964236,12.267716613150235,1,0.82568359375,52.9
bench_detect_20260905_1911,ncnn,640,2,68,80.79040700067708,12.377707170006204,2,0.84814453125,51.25
bench_detect_20260905_1911,ncnn,640,2,69,80.63220199983334,12.401992940761644,1,0.85888671875,51.8
bench_detect_20260905_1911,ncnn,640,2,70,80.73879499897885,12.385619577461462,1,0.85693359375,52.35
bench_detect_20260905_1911,ncnn,640,2,71,80.61118499972508,12.405226396354431,1,0.85595703125,52.35
bench_detect_20260905_1911,ncnn,640,2,72,80.58590600012394,12.40911779286147,1,0.8271484375,52.35
bench_detect_20260905_1911,ncnn,640,2,73,80.48583100026008,12.42454712304292,1,0.82470703125,53.45
bench_detect_20260905_1911,ncnn,640,2,74,80.6282210014615,12.402605286080584,1,0.837890625,52.9
bench_detect_20260905_1911,ncnn,640,2,75,81.18711200040707,12.317225916288118,1,0.818359375,52.35
bench_detect_20260905_1911,ncnn,640,2,76,80.74588899944501,12.384531428056643,2,0.8447265625,51.8
bench_detect_20260905_1911,ncnn,640,2,77,80.54823900056363,12.414920703517835,1,0.84716796875,51.8
bench_detect_20260905_1911,ncnn,640,2,78,84.3420689998311,11.85647935672532,1,0.8525390625,52.9
bench_detect_20260905_1911,ncnn,640,2,79,82.93791500000225,12.057211710711234,4,0.8388671875,52.9
bench_detect_20260905_1911,ncnn,640,2,80,80.79375899978913,12.377193639456854,1,0.83251953125,51.8
bench_detect_20260905_1911,ncnn,640,2,81,80.5730729989591,12.411094212739268,1,0.82763671875,52.35
bench_detect_20260905_1911,ncnn,640,2,82,80.7703330010554,12.380783424366138,2,0.83056640625,51.8
bench_detect_20260905_1911,ncnn,640,2,83,80.93955500044103,12.354898664744958,1,0.82177734375,52.9
bench_detect_20260905_1911,ncnn,640,2,84,80.59133200003998,12.408282319983295,1,0.82666015625,52.9
bench_detect_20260905_1911,ncnn,640,2,85,80.55147999948531,12.41442118762299,1,0.810546875,52.35
bench_detect_20260905_1911,ncnn,640,2,86,80.65735099989979,12.398125993515983,1,0.83544921875,52.9
bench_detect_20260905_1911,ncnn,640,2,87,80.64953600114677,12.399327380950844,1,0.85595703125,52.9
bench_detect_20260905_1911,ncnn,640,2,88,80.46773999922152,12.427340447360326,1,0.84619140625,51.8
bench_detect_20260905_1911,ncnn,640,2,89,80.63861100163194,12.401007254201865,1,0.79296875,53.45
bench_detect_20260905_1911,ncnn,640,2,90,83.71521499975643,11.945259890963781,1,0.81640625,52.9
bench_detect_20260905_1911,ncnn,640,2,91,83.0095639994397,12.046804630930838,6,0.8505859375,52.9
bench_detect_20260905_1911,ncnn,640,2,92,80.6946840002638,12.39239006124283,1,0.8408203125,52.9
bench_detect_20260905_1911,ncnn,640,2,93,80.60046200080251,12.406876774354512,1,0.8505859375,52.35
bench_detect_20260905_1911,ncnn,640,2,94,80.5602579985134,12.41306848866414,1,0.82177734375,52.9
bench_detect_20260905_1911,ncnn,640,2,95,80.79564800027583,12.376904260939723,1,0.82958984375,52.9
bench_detect_20260905_1911,ncnn,640,2,96,80.67251799911901,12.395795058869002,1,0.80712890625,53.45
bench_detect_20260905_1911,ncnn,640,2,97,80.56427700103086,12.412449254490356,1,0.849609375,52.9
bench_detect_20260905_1911,ncnn,640,2,98,80.79359200019098,12.377219223000212,1,0.837890625,51.8
bench_detect_20260905_1911,ncnn,640,2,99,80.72781500050041,12.387304177547742,1,0.8505859375,51.8
bench_detect_20260905_1911,ncnn,640,4,0,72.52411599984043,13.78851691211514,1,0.8212890625,53.45
bench_detect_20260905_1911,ncnn,640,4,1,72.69530099983967,13.756047313184734,1,0.81201171875,54.0
bench_detect_20260905_1911,ncnn,640,4,2,72.6276349996624,13.768863601363975,1,0.83984375,53.45
bench_detect_20260905_1911,ncnn,640,4,3,72.4926709990541,13.794497929494806,1,0.83251953125,54.0
bench_detect_20260905_1911,ncnn,640,4,4,72.52352300019993,13.788629656025442,1,0.7431640625,54.0
bench_detect_20260905_1911,ncnn,640,4,5,72.67154199871584,13.760544671223169,1,0.833984375,52.9
bench_detect_20260905_1911,ncnn,640,4,6,72.50633800140349,13.791897750795844,1,0.8095703125,54.0
bench_detect_20260905_1911,ncnn,640,4,7,82.30643199931365,12.14971874869195,2,0.82373046875,54.0
bench_detect_20260905_1911,ncnn,640,4,8,72.59039400014444,13.775927431913514,1,0.84765625,54.0
bench_detect_20260905_1911,ncnn,640,4,9,72.78085699908843,13.73987668230569,1,0.8310546875,53.45
bench_detect_20260905_1911,ncnn,640,4,10,72.36250400092104,13.81931172513422,1,0.81982421875,51.8
bench_detect_20260905_1911,ncnn,640,4,11,72.6360240005306,13.767273384797262,1,0.86279296875,54.0
bench_detect_20260905_1911,ncnn,640,4,12,72.55746800001361,13.782178837880787,1,0.84130859375,54.0
bench_detect_20260905_1911,ncnn,640,4,13,73.01250599994091,13.69628375720742,2,0.82470703125,53.45
bench_detect_20260905_1911,ncnn,640,4,14,72.46611499977007,13.799553073918382,1,0.86767578125,54.0
bench_detect_20260905_1911,ncnn,640,4,15,72.54283799920813,13.784958344349802,1,0.8603515625,53.45
bench_detect_20260905_1911,ncnn,640,4,16,72.56722700003593,13.780325380209236,2,0.83544921875,53.45
bench_detect_20260905_1911,ncnn,640,4,17,72.56126399988716,13.781457831296256,3,0.83935546875,54.0
bench_detect_20260905_1911,ncnn,640,4,18,72.34517100005178,13.822622659904754,2,0.84716796875,54.0
bench_detect_20260905_1911,ncnn,640,4,19,72.76441300018632,13.742981751222803,1,0.86328125,52.9
bench_detect_20260905_1911,ncnn,640,4,20,73.08635799927288,13.682443993309242,2,0.86328125,52.9
bench_detect_20260905_1911,ncnn,640,4,21,79.44879099886748,12.586723944159889,2,0.84765625,52.9
bench_detect_20260905_1911,ncnn,640,4,22,72.44800399894302,13.803002771678699,1,0.81591796875,53.45
bench_detect_20260905_1911,ncnn,640,4,23,72.62544999866805,13.769277849821792,1,0.86474609375,54.55
bench_detect_20260905_1911,ncnn,640,4,24,72.42242999927839,13.807876924455087,1,0.84228515625,54.55
bench_detect_20260905_1911,ncnn,640,4,25,72.54448599996977,13.78464518999303,1,0.845703125,54.55
bench_detect_20260905_1911,ncnn,640,4,26,72.4538560007204,13.801887921466278,3,0.8583984375,54.0
bench_detect_20260905_1911,ncnn,640,4,27,72.84380200144369,13.72800392791388,1,0.849609375,54.0
bench_detect_20260905_1911,ncnn,640,4,28,72.46919000135676,13.798967533392853,1,0.8359375,54.55
bench_detect_20260905_1911,ncnn,640,4,29,72.53672699880553,13.786119685500381,1,0.84619140625,54.55
bench_detect_20260905_1911,ncnn,640,4,30,72.39929999923334,13.812288240502179,1,0.837890625,54.0
bench_detect_20260905_1911,ncnn,640,4,31,72.40239299972018,13.81169818522248,1,0.84130859375,54.55
bench_detect_20260905_1911,ncnn,640,4,32,72.5373010009207,13.78601059318856,1,0.83203125,54.0
bench_detect_20260905_1911,ncnn,640,4,33,72.56935700024769,13.779920910648096,1,0.83642578125,55.1
bench_detect_20260905_1911,ncnn,640,4,34,80.9853339997062,12.347914747176665,1,0.79296875,54.0
bench_detect_20260905_1911,ncnn,640,4,35,73.91386200106353,13.529261939872809,1,0.84423828125,54.0
bench_detect_20260905_1911,ncnn,640,4,36,72.72633899992798,13.750176535092606,1,0.82373046875,54.0
bench_detect_20260905_1911,ncnn,640,4,37,72.730006000711,13.749483259910965,1,0.84912109375,54.0
bench_detect_20260905_1911,ncnn,640,4,38,72.61607899999944,13.771054754966977,1,0.84765625,52.9
bench_detect_20260905_1911,ncnn,640,4,39,72.37528199948429,13.816871898435236,2,0.822265625,54.55
bench_detect_20260905_1911,ncnn,640,4,40,72.59994900050515,13.7741143591305,1,0.8125,54.55
bench_detect_20260905_1911,ncnn,640,4,41,72.6310600002762,13.768214314870212,1,0.84814453125,54.55
bench_detect_20260905_1911,ncnn,640,4,42,72.51552300112962,13.790150834110682,2,0.853515625,54.55
bench_detect_20260905_1911,ncnn,640,4,43,72.68635699983861,13.757739984165397,1,0.83056640625,54.0
bench_detect_20260905_1911,ncnn,640,4,44,72.51963399903616,13.78936909710949,1,0.861328125,54.0
bench_detect_20260905_1911,ncnn,640,4,45,72.65009799994004,13.764606346447396,2,0.8388671875,55.1
bench_detect_20260905_1911,ncnn,640,4,46,72.63917199998104,13.766676745713195,1,0.8212890625,54.55
bench_detect_20260905_1911,ncnn,640,4,47,72.40931900014402,13.810377086932844,1,0.83740234375,55.1
bench_detect_20260905_1911,ncnn,640,4,48,79.45077200020023,12.586410110621452,3,0.818359375,54.0
bench_detect_20260905_1911,ncnn,640,4,49,74.16921500043827,13.482682808414394,1,0.81982421875,53.45
bench_detect_20260905_1911,ncnn,640,4,50,72.45870799852128,13.800963716057534,1,0.84619140625,55.1
bench_detect_20260905_1911,ncnn,640,4,51,72.40287400054513,13.811606428668439,1,0.87353515625,54.55
bench_detect_20260905_1911,ncnn,640,4,52,72.62295000145969,13.769751848140299,1,0.84765625,54.55
bench_detect_20260905_1911,ncnn,640,4,53,72.58261599963589,13.777403669289303,1,0.81640625,54.55
bench_detect_20260905_1911,ncnn,640,4,54,72.37148600142973,13.817596615056994,1,0.81787109375,53.45
bench_detect_20260905_1911,ncnn,640,4,55,72.88311800039082,13.720598506702714,1,0.83447265625,53.45
bench_detect_20260905_1911,ncnn,640,4,56,72.46800500070094,13.79919317484078,1,0.82666015625,54.0
bench_detect_20260905_1911,ncnn,640,4,57,72.53524599946104,13.786401165681996,1,0.82568359375,53.45
bench_detect_20260905_1911,ncnn,640,4,58,72.31855999998515,13.82770895880954,2,0.8603515625,53.45
bench_detect_20260905_1911,ncnn,640,4,59,72.64189400120813,13.766160887591514,1,0.8193359375,54.55
bench_detect_20260905_1911,ncnn,640,4,60,72.46513400059484,13.799739885829664,2,0.8330078125,54.0
bench_detect_20260905_1911,ncnn,640,4,61,72.69209799960663,13.75665343990225,1,0.86865234375,54.55
bench_detect_20260905_1911,ncnn,640,4,62,81.97852299963415,12.198316868973874,1,0.84716796875,53.45
bench_detect_20260905_1911,ncnn,640,4,63,73.1966180010204,13.661833392166555,3,0.837890625,54.0
bench_detect_20260905_1911,ncnn,640,4,64,72.4588560005941,13.800935526663586,1,0.8203125,54.55
bench_detect_20260905_1911,ncnn,640,4,65,72.52024500121479,13.78925291804032,1,0.8310546875,54.0
bench_detect_20260905_1911,ncnn,640,4,66,72.37581899971701,13.816769382656796,2,0.8203125,54.0
bench_detect_20260905_1911,ncnn,640,4,67,72.46906000000308,13.798992287190664,1,0.82568359375,53.45
bench_detect_20260905_1911,ncnn,640,4,68,72.73243199961144,13.749024644265194,2,0.84814453125,53.45
bench_detect_20260905_1911,ncnn,640,4,69,73.10156200037454,13.679598255299611,1,0.85888671875,55.1
bench_detect_20260905_1911,ncnn,640,4,70,72.44420900133264,13.80372584345016,1,0.85693359375,55.1
bench_detect_20260905_1911,ncnn,640,4,71,72.31542999943485,13.828307458142957,1,0.85595703125,54.55
bench_detect_20260905_1911,ncnn,640,4,72,72.60761600082333,13.772659881694237,1,0.8271484375,54.55
bench_detect_20260905_1911,ncnn,640,4,73,72.62033900042297,13.770246927574595,1,0.82470703125,54.55
bench_detect_20260905_1911,ncnn,640,4,74,72.37883699963277,13.816193261091964,1,0.837890625,54.55
bench_detect_20260905_1911,ncnn,640,4,75,75.66757300082827,13.21570073337827,1,0.818359375,55.1
bench_detect_20260905_1911,ncnn,640,4,76,81.81031899948721,12.22339690432289,2,0.8447265625,53.45
bench_detect_20260905_1911,ncnn,640,4,77,72.95426500058966,13.707217802714036,1,0.84716796875,55.1
bench_detect_20260905_1911,ncnn,640,4,78,72.56015300117724,13.781668844934432,1,0.8525390625,53.45
bench_detect_20260905_1911,ncnn,640,4,79,72.82395000038377,13.731746218033079,4,0.8388671875,55.1
bench_detect_20260905_1911,ncnn,640,4,80,72.27887400040345,13.835301308020075,1,0.83251953125,54.0
bench_detect_20260905_1911,ncnn,640,4,81,72.47898700006772,13.7971023242787,1,0.82763671875,54.55
bench_detect_20260905_1911,ncnn,640,4,82,72.47009700040508,13.798794832500507,2,0.83056640625,54.55
bench_detect_20260905_1911,ncnn,640,4,83,72.47143099993991,13.798540834674965,1,0.82177734375,55.1
bench_detect_20260905_1911,ncnn,640,4,84,72.56437499927415,13.78086698893228,1,0.82666015625,55.1
bench_detect_20260905_1911,ncnn,640,4,85,72.57045000005746,13.779713368171317,1,0.810546875,54.55
bench_detect_20260905_1911,ncnn,640,4,86,72.51022700074827,13.791158038847133,1,0.83544921875,55.1
bench_detect_20260905_1911,ncnn,640,4,87,72.46270900031959,13.800201700927156,1,0.85595703125,55.1
bench_detect_20260905_1911,ncnn,640,4,88,72.66069099932793,13.762599642897003,1,0.84619140625,54.55
bench_detect_20260905_1911,ncnn,640,4,89,75.5865539995284,13.22986625380804,1,0.79296875,54.55
bench_detect_20260905_1911,ncnn,640,4,90,79.06578999973135,12.64769503983199,1,0.81640625,54.55
bench_detect_20260905_1911,ncnn,640,4,91,73.02045100004761,13.69479353118961,6,0.8505859375,55.1
bench_detect_20260905_1911,ncnn,640,4,92,72.61237599959713,13.77175703499288,1,0.8408203125,55.1
bench_detect_20260905_1911,ncnn,640,4,93,72.7350059987657,13.748538083807539,1,0.8505859375,55.1
bench_detect_20260905_1911,ncnn,640,4,94,72.35967099950358,13.819852774162841,1,0.82177734375,55.65
bench_detect_20260905_1911,ncnn,640,4,95,72.76178299980529,13.743478496158842,1,0.82958984375,55.65
bench_detect_20260905_1911,ncnn,640,4,96,72.2738370004663,13.83626553539074,1,0.80712890625,54.0
bench_detect_20260905_1911,ncnn,640,4,97,72.69165399884514,13.75673746556774,1,0.849609375,54.55
bench_detect_20260905_1911,ncnn,640,4,98,72.30070699915814,13.83112339429328,1,0.837890625,54.0
bench_detect_20260905_1911,ncnn,640,4,99,72.53319000119518,13.7867919497753,1,0.8505859375,55.1
