run_id,backend,imgsz,threads,sample_idx,latency_ms,fps_instant,n_faces,conf_top,cpu_temp_c
bench_detect_20260905_2011,onnx,320,1,0,94.14607999860891,10.621791157048449,1,0.8550834655761719,45.75
bench_detect_20260905_2011,onnx,320,1,1,94.22382200136781,10.613027350827304,3,0.8578341007232666,45.75
bench_detect_20260905_2011,onnx,320,1,2,94.18096900117234,10.617856352566857,1,0.8758753538131714,44.1
bench_detect_20260905_2011,onnx,320,1,3,94.09281999978703,10.627803481734988,1,0.8509515523910522,45.75
bench_detect_20260905_2011,onnx,320,1,4,95.85085299841012,10.432875334104612,1,0.855876624584198,45.75
bench_detect_20260905_2011,onnx,320,1,5,94.74332499667071,10.55483328282114,1,0.884371280670166,45.2
bench_detect_20260905_2011,onnx,320,1,6,94.3143959993904,10.602835223654123,1,0.8368264436721802,46.3
bench_detect_20260905_2011,onnx,320,1,7,94.11830099998042,10.624926176687019,1,0.8481487035751343,45.2
bench_detect_20260905_2011,onnx,320,1,8,94.2561179981567,10.60939089406967,1,0.8877274990081787,45.75
bench_detect_20260905_2011,onnx,320,1,9,94.21350699994946,10.614189322137605,3,0.8540425896644592,45.75
bench_detect_20260905_2011,onnx,320,1,10,94.39617499810993,10.593649584000865,2,0.858015775680542,45.75
bench_detect_20260905_2011,onnx,320,1,11,94.21574700172641,10.613936967263827,1,0.8618461489677429,46.3
bench_detect_20260905_2011,onnx,320,1,12,94.13459799907287,10.623086742345775,1,0.8387951850891113,45.75
bench_detect_20260905_2011,onnx,320,1,13,94.30609900300624,10.603768055002705,2,0.8324400186538696,46.3
bench_detect_20260905_2011,onnx,320,1,14,94.43545199974324,10.589243539626612,2,0.8652904033660889,46.3
bench_detect_20260905_2011,onnx,320,1,15,95.53825600232813,10.467011246004233,2,0.868909478187561,45.75
bench_detect_20260905_2011,onnx,320,1,16,94.306470000447,10.603726340252795,2,0.8473323583602905,46.3
bench_detect_20260905_2011,onnx,320,1,17,94.22024699961185,10.613430041253444,1,0.81826251745224,46.3
bench_detect_20260905_2011,onnx,320,1,18,94.21956100050011,10.613507316115516,3,0.8362680077552795,46.3
bench_detect_20260905_2011,onnx,320,1,19,94.35222899992368,10.598583738819872,2,0.8896258473396301,46.85
bench_detect_20260905_2011,onnx,320,1,20,94.12633899773937,10.624018852194146,1,0.8766541481018066,45.75
bench_detect_20260905_2011,onnx,320,1,21,94.13737599970773,10.622773254303421,1,0.8423831462860107,46.3
bench_detect_20260905_2011,onnx,320,1,22,94.16324599806103,10.619854800041532,1,0.8750083446502686,46.3
bench_detect_20260905_2011,onnx,320,1,23,94.15806000106386,10.620439715821474,1,0.8670154809951782,46.85
bench_detect_20260905_2011,onnx,320,1,24,94.10848499828717,10.626034411436978,1,0.7938642501831055,45.2
bench_detect_20260905_2011,onnx,320,1,25,95.13679000156117,10.511180795395665,1,0.8483924865722656,46.85
bench_detect_20260905_2011,onnx,320,1,26,94.36783999990439,10.596830445637128,2,0.85230553150177,46.85
bench_detect_20260905_2011,onnx,320,1,27,94.32391299924348,10.601765429388204,3,0.856187641620636,46.3
bench_detect_20260905_2011,onnx,320,1,28,94.25106100025005,10.60996013612353,2,0.8541820049285889,45.2
bench_detect_20260905_2011,onnx,320,1,29,94.11176399953547,10.625664183756411,1,0.8483415246009827,46.3
bench_detect_20260905_2011,onnx,320,1,30,94.3664139995235,10.59699057765456,3,0.83356773853302,46.85
bench_detect_20260905_2011,onnx,320,1,31,94.11187399746268,10.625651764483626,1,0.8304179906845093,46.85
bench_detect_20260905_2011,onnx,320,1,32,94.10341200054972,10.626607247717631,1,0.8543745279312134,46.85
bench_detect_20260905_2011,onnx,320,1,33,94.1255040015676,10.624113098861553,1,0.8535952568054199,46.3
bench_detect_20260905_2011,onnx,320,1,34,94.20946800310048,10.614644379130656,1,0.8730850219726562,46.3
bench_detect_20260905_2011,onnx,320,1,35,94.16987499935203,10.619107225180885,1,0.8527937531471252,45.2
bench_detect_20260905_2011,onnx,320,1,36,95.63714600153617,10.456188226109733,1,0.8367234468460083,45.75
bench_detect_20260905_2011,onnx,320,1,37,94.33178399922326,10.600880823034515,1,0.8604047894477844,46.85
bench_detect_20260905_2011,onnx,320,1,38,94.14650500184507,10.621743207359659,1,0.8545333743095398,46.85
bench_detect_20260905_2011,onnx,320,1,39,94.28633900097338,10.605990333230313,1,0.8680576682090759,46.3
bench_detect_20260905_2011,onnx,320,1,40,94.1668560008111,10.619447674788958,1,0.8315990567207336,46.85
bench_detect_20260905_2011,onnx,320,1,41,94.29450600146083,10.605071731162235,1,0.8532184362411499,46.85
bench_detect_20260905_2011,onnx,320,1,42,94.22798699961277,10.61255824136527,3,0.867016077041626,47.4
bench_detect_20260905_2011,onnx,320,1,43,94.13628200127278,10.62289670614439,1,0.8537071347236633,46.85
bench_detect_20260905_2011,onnx,320,1,44,94.25691200158326,10.609301522451773,1,0.8328506946563721,46.3
bench_detect_20260905_2011,onnx,320,1,45,94.08452099887654,10.628740938288255,1,0.8522931933403015,46.3
bench_detect_20260905_2011,onnx,320,1,46,94.53791500345687,10.577766602568229,1,0.8485375642776489,47.4
bench_detect_20260905_2011,onnx,320,1,47,95.51719999944908,10.469318614927655,3,0.8513432741165161,46.3
bench_detect_20260905_2011,onnx,320,1,48,94.19785600039177,10.615952872598724,1,0.8661335706710815,46.3
bench_detect_20260905_2011,onnx,320,1,49,94.22328200162156,10.613088174776063,1,0.8348678946495056,46.85
bench_detect_20260905_2011,onnx,320,1,50,94.20128200144973,10.615566781613548,1,0.8740547895431519,45.75
bench_detect_20260905_2011,onnx,320,1,51,94.16502199746901,10.61965450426888,2,0.8697801232337952,46.85
bench_detect_20260905_2011,onnx,320,1,52,94.27209800196579,10.607592502917965,1,0.8514136672019958,46.85
bench_detect_20260905_2011,onnx,320,1,53,94.11613300108002,10.62517092567461,1,0.8687376976013184,46.3
bench_detect_20260905_2011,onnx,320,1,54,94.09898500234704,10.627107189042027,1,0.856013298034668,46.3
bench_detect_20260905_2011,onnx,320,1,55,94.15798500049277,10.62044817542311,1,0.882756769657135,46.85
bench_detect_20260905_2011,onnx,320,1,56,94.12452199831023,10.624223940472733,1,0.8714977502822876,46.3
bench_detect_20260905_2011,onnx,320,1,57,95.14151099938317,10.510659222203053,1,0.8469418883323669,46.85
bench_detect_20260905_2011,onnx,320,1,58,94.32033799748751,10.602167265628733,1,0.8606361150741577,47.4
bench_detect_20260905_2011,onnx,320,1,59,94.22420800183318,10.612983873322072,2,0.8575255870819092,47.4
bench_detect_20260905_2011,onnx,320,1,60,94.1952070024854,10.616251418966725,1,0.8670728206634521,47.4
bench_detect_20260905_2011,onnx,320,1,61,94.07955899951048,10.62930152558648,1,0.8642690777778625,46.3
bench_detect_20260905_2011,onnx,320,1,62,94.3491720026941,10.598927142375404,3,0.8900690078735352,46.85
bench_detect_20260905_2011,onnx,320,1,63,94.23244800200337,10.61205583854449,1,0.8138210773468018,46.85
bench_detect_20260905_2011,onnx,320,1,64,94.14318799827015,10.622117449627632,1,0.8523719906806946,45.75
bench_detect_20260905_2011,onnx,320,1,65,94.15852200254449,10.62038760520239,1,0.831641674041748,46.85
bench_detect_20260905_2011,onnx,320,1,66,94.13194700027816,10.623385915910621,1,0.858432948589325,46.85
bench_detect_20260905_2011,onnx,320,1,67,94.50037599890493,10.581968478216298,1,0.8626172542572021,46.85
bench_detect_20260905_2011,onnx,320,1,68,94.94778700172901,10.5321043446941,1,0.8324653506278992,46.85
bench_detect_20260905_2011,onnx,320,1,69,94.23639199667377,10.611611701297909,1,0.8624890446662903,47.4
bench_detect_20260905_2011,onnx,320,1,70,94.13570700053242,10.622961593036573,1,0.8551887273788452,47.4
bench_detect_20260905_2011,onnx,320,1,71,94.27493000112008,10.607273853060606,2,0.8453741669654846,46.3
bench_detect_20260905_2011,onnx,320,1,72,94.19829999751528,10.615902835044556,1,0.8566012382507324,47.95
bench_detect_20260905_2011,onnx,320,1,73,94.2290029997821,10.612443814165289,1,0.8628569841384888,47.4
bench_detect_20260905_2011,onnx,320,1,74,94.27150400006212,10.607659341038422,1,0.8649660348892212,47.4
bench_detect_20260905_2011,onnx,320,1,75,94.16752200195333,10.619372568593839,1,0.8268183469772339,47.95
bench_detect_20260905_2011,onnx,320,1,76,94.16509500078973,10.61964627117525,1,0.8440909385681152,46.85
bench_detect_20260905_2011,onnx,320,1,77,94.1193540020322,10.624807305609092,1,0.8497852087020874,46.85
bench_detect_20260905_2011,onnx,320,1,78,95.1938069993048,10.504885050004388,1,0.8319575786590576,47.4
bench_detect_20260905_2011,onnx,320,1,79,94.42780100289383,10.590101531320782,1,0.8789681196212769,46.85
bench_detect_20260905_2011,onnx,320,1,80,94.23117000187631,10.612199763412555,1,0.8601321578025818,47.95
bench_detect_20260905_2011,onnx,320,1,81,94.2031330014288,10.615358196046758,2,0.8480327129364014,47.4
bench_detect_20260905_2011,onnx,320,1,82,94.1760030000296,10.618416243463695,1,0.8538399338722229,46.85
bench_detect_20260905_2011,onnx,320,1,83,94.20467000018107,10.615185000893034,2,0.8591510057449341,47.4
bench_detect_20260905_2011,onnx,320,1,84,94.23516999959247,10.611749307655778,1,0.8425633311271667,47.4
bench_detect_20260905_2011,onnx,320,1,85,94.19213300134288,10.616597884939532,2,0.8373708128929138,46.85
bench_detect_20260905_2011,onnx,320,1,86,94.1874110030767,10.617130138202166,1,0.8648215532302856,47.4
bench_detect_20260905_2011,onnx,320,1,87,94.20889199827798,10.614709278379781,1,0.8321530818939209,47.95
bench_detect_20260905_2011,onnx,320,1,88,94.17674300129875,10.618332808411196,2,0.8467687368392944,46.85
bench_detect_20260905_2011,onnx,320,1,89,95.84696000092663,10.43329908418934,3,0.8566588163375854,47.4
bench_detect_20260905_2011,onnx,320,1,90,94.32544800074538,10.601592901971669,2,0.8802833557128906,47.4
bench_detect_20260905_2011,onnx,320,1,91,94.28837400264456,10.605761426874881,3,0.8407909274101257,47.4
bench_detect_20260905_2011,onnx,320,1,92,94.13653899900964,10.622867705073801,1,0.8410496711730957,47.95
bench_detect_20260905_2011,onnx,320,1,93,94.24918800141313,10.610170986141615,2,0.8486853837966919,46.85
bench_detect_20260905_2011,onnx,320,1,94,94.0765380000812,10.629642855258309,1,0.8705060482025146,47.4
bench_detect_20260905_2011,onnx,320,1,95,94.21753900096519,10.613735092250241,1,0.8714586496353149,47.4
bench_detect_20260905_2011,onnx,320,1,96,94.16937199785025,10.619163946668653,1,0.8515918850898743,47.4
bench_detect_20260905_2011,onnx,320,1,97,94.35852200113004,10.597876893281818,4,0.8413540124893188,46.3
bench_detect_20260905_2011,onnx,320,1,98,94.1621319980186,10.619980439918697,1,0.857710063457489,47.95
bench_detect_20260905_2011,onnx,320,1,99,94.75941399796284,10.553041199911792,1,0.8929308652877808,46.3
bench_detect_20260905_2011,onnx,320,1,100,94.98400799930096,10.528088054647679,1,0.8631898164749146,47.4
bench_detect_20260905_2011,onnx,320,1,101,94.34631800104398,10.599247762789583,2,0.8618959188461304,45.75
bench_detect_20260905_2011,onnx,320,1,102,94.12053900086903,10.624673536886213,1,0.8216463327407837,47.4
bench_detect_20260905_2011,onnx,320,1,103,94.17072399810422,10.619011488327638,1,0.8684121966362,47.4
bench_detect_20260905_2011,onnx,320,1,104,94.17939099876094,10.61803425776194,1,0.8401709794998169,47.4
bench_detect_20260905_2011,onnx,320,1,105,94.23852100007934,10.611371967511651,2,0.847102701663971,47.4
bench_detect_20260905_2011,onnx,320,1,106,94.35981899878243,10.597731222999734,2,0.8616287708282471,47.95
bench_detect_20260905_2011,onnx,320,1,107,94.1774830025679,10.618249374669881,2,0.8417824506759644,47.95
bench_detect_20260905_2011,onnx,320,1,108,94.31924399905256,10.602290238989246,2,0.8494701385498047,46.85
bench_detect_20260905_2011,onnx,320,1,109,94.14920500057633,10.621438598380927,1,0.8568058013916016,47.95
bench_detect_20260905_2011,onnx,320,1,110,95.05641600117087,10.520068419028993,1,0.8377732634544373,47.4
bench_detect_20260905_2011,onnx,320,1,111,94.35665099954349,10.598087038981896,1,0.8630433082580566,47.95
bench_detect_20260905_2011,onnx,320,1,112,94.14590800224687,10.621810562134407,1,0.8539280891418457,47.4
bench_detect_20260905_2011,onnx,320,1,113,94.10464899701765,10.626467561997833,1,0.8458281755447388,47.4
bench_detect_20260905_2011,onnx,320,1,114,94.08789000008255,10.628360355398794,1,0.8404712677001953,47.95
bench_detect_20260905_2011,onnx,320,1,115,94.17687200038927,10.618318263913741,1,0.8264826536178589,46.3
bench_detect_20260905_2011,onnx,320,1,116,94.15665000051376,10.6205987574382,2,0.8622448444366455,47.95
bench_detect_20260905_2011,onnx,320,1,117,94.37733699814999,10.595764108279537,3,0.8603709936141968,47.95
bench_detect_20260905_2011,onnx,320,1,118,94.26615000120364,10.608261820252885,3,0.854290783405304,46.3
bench_detect_20260905_2011,onnx,320,1,119,94.21451999878627,10.614075197887573,2,0.8776814937591553,46.3
bench_detect_20260905_2011,onnx,320,1,120,94.69359699869528,10.560376115121894,1,0.8844536542892456,47.4
bench_detect_20260905_2011,onnx,320,1,121,95.08521199677489,10.516882478359706,1,0.8508930206298828,46.85
bench_detect_20260905_2011,onnx,320,1,122,94.2814099980751,10.606544811118294,2,0.8719527721405029,47.4
bench_detect_20260905_2011,onnx,320,1,123,94.17814900007215,10.618174285833902,1,0.825793981552124,47.4
bench_detect_20260905_2011,onnx,320,1,124,94.1961309981707,10.616147281244706,1,0.8709887266159058,47.4
bench_detect_20260905_2011,onnx,320,1,125,94.28039100021124,10.60665944838688,2,0.8750273585319519,47.4
bench_detect_20260905_2011,onnx,320,1,126,94.30892800082802,10.603449972320968,2,0.8379457592964172,47.95
bench_detect_20260905_2011,onnx,320,1,127,94.18377800102462,10.617539678532763,1,0.8637406826019287,46.3
bench_detect_20260905_2011,onnx,320,1,128,94.32092800125247,10.602100946109449,2,0.8753690123558044,47.4
bench_detect_20260905_2011,onnx,320,1,129,94.1801109984226,10.617953083711578,1,0.8563803434371948,47.95
bench_detect_20260905_2011,onnx,320,1,130,94.23187200081884,10.612120705734366,2,0.8551349639892578,47.95
bench_detect_20260905_2011,onnx,320,1,131,95.02872899975046,10.523133483166191,1,0.7960420250892639,47.95
bench_detect_20260905_2011,onnx,320,1,132,96.09592299966607,10.406268744652934,1,0.848172664642334,46.85
bench_detect_20260905_2011,onnx,320,1,133,94.35300200129859,10.598496908304378,1,0.844018816947937,47.4
bench_detect_20260905_2011,onnx,320,1,134,94.17116700205952,10.618961533928214,1,0.8516858816146851,47.95
bench_detect_20260905_2011,onnx,320,1,135,94.18924199781031,10.616923746166762,1,0.8711291551589966,47.95
bench_detect_20260905_2011,onnx,320,1,136,94.16572299960535,10.619575447896162,1,0.8716508150100708,46.85
bench_detect_20260905_2011,onnx,320,1,137,94.21961199768702,10.613501571462093,2,0.8611499071121216,46.3
bench_detect_20260905_2011,onnx,320,1,138,94.1504080001323,10.621302883770772,1,0.8727248907089233,47.4
bench_detect_20260905_2011,onnx,320,1,139,94.32916900186683,10.601174701117206,2,0.8595871925354004,47.95
bench_detect_20260905_2011,onnx,320,1,140,94.19055599937565,10.616775635198804,1,0.8476715087890625,47.4
bench_detect_20260905_2011,onnx,320,1,141,94.35368699996616,10.598419964239008,1,0.859252393245697,47.4
bench_detect_20260905_2011,onnx,320,1,142,94.85882000080892,10.541982284741392,1,0.8423335552215576,47.4
bench_detect_20260905_2011,onnx,320,1,143,94.27198200137354,10.607605555438836,1,0.8494384288787842,47.95
bench_detect_20260905_2011,onnx,320,1,144,94.24679700168781,10.610440161505878,3,0.8744772672653198,47.4
bench_detect_20260905_2011,onnx,320,1,145,94.07881500010262,10.62938558483022,1,0.8653944730758667,47.95
bench_detect_20260905_2011,onnx,320,1,146,94.12049999809824,10.624677939664638,1,0.8653128147125244,48.5
bench_detect_20260905_2011,onnx,320,1,147,94.30803800205467,10.603550038632054,3,0.8448787927627563,47.95
bench_detect_20260905_2011,onnx,320,1,148,94.10111000033794,10.626867206948024,1,0.8455986976623535,47.95
bench_detect_20260905_2011,onnx,320,1,149,94.30298300139839,10.60411842947928,1,0.8549525737762451,48.5
bench_detect_20260905_2011,onnx,320,1,150,94.15496300061932,10.620789049573759,1,0.8333731889724731,47.95
bench_detect_20260905_2011,onnx,320,1,151,94.17661099723773,10.618347691756828,2,0.8572773337364197,47.95
bench_detect_20260905_2011,onnx,320,1,152,94.7426889979397,10.554904136420978,2,0.8574246764183044,47.95
bench_detect_20260905_2011,onnx,320,1,153,95.19661900048959,10.504574747500824,1,0.8385026454925537,47.95
bench_detect_20260905_2011,onnx,320,1,154,94.20268499889062,10.615408679824535,1,0.8383744955062866,47.4
bench_detect_20260905_2011,onnx,320,1,155,94.13327699803631,10.623235819367691,1,0.845451831817627,46.3
bench_detect_20260905_2011,onnx,320,1,156,94.14046299934853,10.622424918463809,1,0.8644117116928101,47.4
bench_detect_20260905_2011,onnx,320,1,157,94.13733299879823,10.622778106670667,1,0.8561157584190369,47.95
bench_detect_20260905_2011,onnx,320,1,158,94.20607400170411,10.615026797336983,1,0.8688502311706543,47.95
bench_detect_20260905_2011,onnx,320,1,159,94.1462769987993,10.621768931051342,1,0.8725246787071228,48.5
bench_detect_20260905_2011,onnx,320,1,160,94.32546400057618,10.60159110369064,1,0.8681576251983643,47.95
bench_detect_20260905_2011,onnx,320,1,161,94.18412900049589,10.617500109755593,1,0.8540063500404358,47.4
bench_detect_20260905_2011,onnx,320,1,162,94.13225800017244,10.623350817720404,1,0.8380343914031982,47.95
bench_detect_20260905_2011,onnx,320,1,163,95.26508199996897,10.497025552345882,1,0.8509296774864197,47.4
bench_detect_20260905_2011,onnx,320,1,164,95.4195090016583,10.480037158676021,1,0.8621965646743774,48.5
bench_detect_20260905_2011,onnx,320,1,165,94.18866600026377,10.61698867247148,1,0.8689948320388794,47.95
bench_detect_20260905_2011,onnx,320,1,166,94.2072409998218,10.614895303025502,2,0.8491407632827759,47.95
bench_detect_20260905_2011,onnx,320,1,167,94.0824059980514,10.628979875586001,1,0.8458759784698486,47.95
bench_detect_20260905_2011,onnx,320,1,168,94.18831400034833,10.617028350208093,1,0.8918617963790894,47.95
bench_detect_20260905_2011,onnx,320,1,169,94.2271299973072,10.612654763321112,1,0.8665487766265869,47.95
bench_detect_20260905_2011,onnx,320,1,170,94.21968500100775,10.61349334790606,3,0.8640733957290649,47.4
bench_detect_20260905_2011,onnx,320,1,171,94.29900000031921,10.604566326224191,1,0.8532888889312744,47.95
bench_detect_20260905_2011,onnx,320,1,172,94.10264700272819,10.626693635631826,1,0.8629354238510132,47.95
bench_detect_20260905_2011,onnx,320,1,173,94.33894500034512,10.600076140308138,1,0.8510751724243164,47.95
bench_detect_20260905_2011,onnx,320,1,174,94.91033799713477,10.536260022909083,1,0.8851991891860962,46.85
bench_detect_20260905_2011,onnx,320,1,175,94.25614800056792,10.609387517024086,1,0.8513922095298767,47.95
bench_detect_20260905_2011,onnx,320,1,176,94.20785100155626,10.614826570913719,1,0.8597127199172974,47.95
bench_detect_20260905_2011,onnx,320,1,177,94.12423999674502,10.624255771250654,1,0.8755233883857727,48.5
bench_detect_20260905_2011,onnx,320,1,178,94.15633200114826,10.620634626971288,1,0.8519038558006287,47.4
bench_detect_20260905_2011,onnx,320,1,179,94.14772099989932,10.62160601849374,1,0.8696874380111694,47.95
bench_detect_20260905_2011,onnx,320,1,180,94.23727700050222,10.611512045224638,1,0.8505018353462219,47.4
bench_detect_20260905_2011,onnx,320,1,181,94.14433200072381,10.621988374109572,2,0.8461754322052002,47.95
bench_detect_20260905_2011,onnx,320,1,182,94.34520399736357,10.599372915956009,2,0.8419406414031982,48.5
bench_detect_20260905_2011,onnx,320,1,183,94.3524440008332,10.598559587827626,5,0.8549066781997681,48.5
bench_detect_20260905_2011,onnx,320,1,184,94.4357040025352,10.589215282105105,1,0.8568239808082581,46.85
bench_detect_20260905_2011,onnx,320,1,185,94.95555999819771,10.53124219391661,1,0.8576630353927612,46.85
bench_detect_20260905_2011,onnx,320,1,186,94.10279399889987,10.626677035877284,1,0.8386847376823425,47.95
bench_detect_20260905_2011,onnx,320,1,187,94.08464599982835,10.628726816932748,1,0.8484182953834534,47.4
bench_detect_20260905_2011,onnx,320,1,188,94.15961000195239,10.620264888302586,2,0.8442742824554443,47.4
bench_detect_20260905_2011,onnx,320,1,189,94.14820200254326,10.621551752767266,2,0.8330254554748535,47.95
bench_detect_20260905_2011,onnx,320,1,190,94.23462899940205,10.611810229616815,1,0.8503501415252686,48.5
bench_detect_20260905_2011,onnx,320,1,191,94.0833870008646,10.628869047739641,1,0.8418044447898865,47.4
bench_detect_20260905_2011,onnx,320,1,192,94.17136900083278,10.618938756121903,1,0.8623040914535522,47.95
bench_detect_20260905_2011,onnx,320,1,193,94.19983100087848,10.61573029776109,1,0.8386180400848389,47.95
bench_detect_20260905_2011,onnx,320,1,194,94.13288699943223,10.62327983211682,1,0.8400099277496338,47.95
bench_detect_20260905_2011,onnx,320,1,195,94.57253800064791,10.573894083218418,1,0.8514866828918457,48.5
bench_detect_20260905_2011,onnx,320,1,196,95.44110099886893,10.477666220676257,1,0.8658443093299866,47.95
bench_detect_20260905_2011,onnx,320,1,197,94.17231299812556,10.618832310298085,1,0.8718959093093872,47.95
bench_detect_20260905_2011,onnx,320,1,198,94.22183200149448,10.613251501882692,3,0.8199459314346313,48.5
bench_detect_20260905_2011,onnx,320,1,199,94.2077399995469,10.614839078029148,1,0.8561656475067139,47.95
bench_detect_20260905_2011,onnx,320,1,200,94.21059099986451,10.614517851835132,2,0.856456995010376,46.85
bench_detect_20260905_2011,onnx,320,1,201,94.16740600136109,10.619385650121297,1,0.8526103496551514,47.95
bench_detect_20260905_2011,onnx,320,1,202,94.14625700082979,10.621771187262242,1,0.8289915919303894,47.95
bench_detect_20260905_2011,onnx,320,1,203,94.22129499944276,10.613311990733242,1,0.8851549625396729,46.85
bench_detect_20260905_2011,onnx,320,1,204,94.2674990001251,10.608110012536484,1,0.8712186813354492,48.5
bench_detect_20260905_2011,onnx,320,1,205,95.014930000616,10.524661755721093,1,0.8585206866264343,48.5
bench_detect_20260905_2011,onnx,320,1,206,94.77990999948815,10.550759121900414,2,0.873018741607666,48.5
bench_detect_20260905_2011,onnx,320,1,207,94.30625799723202,10.60375017773848,2,0.8729461431503296,47.95
bench_detect_20260905_2011,onnx,320,1,208,94.19825700024376,10.615907680727174,2,0.8461097478866577,49.05
bench_detect_20260905_2011,onnx,320,1,209,94.15966400047182,10.620258797811653,1,0.8417419195175171,47.95
bench_detect_20260905_2011,onnx,320,1,210,94.09945999868796,10.627053545407627,1,0.8277000188827515,47.95
bench_detect_20260905_2011,onnx,320,1,211,94.13309000228764,10.62325692246688,1,0.8859622478485107,48.5
bench_detect_20260905_2011,onnx,320,1,212,94.19696100303554,10.616053738376703,1,0.8465409874916077,46.85
bench_detect_20260905_2011,onnx,320,1,213,94.13460799987661,10.623085613755473,2,0.8558121919631958,48.5
bench_detect_20260905_2011,onnx,320,1,214,94.32840600129566,10.601260451557554,2,0.8870669007301331,47.95
bench_detect_20260905_2011,onnx,320,1,215,94.12188599890214,10.624521484956901,1,0.8538153171539307,47.95
bench_detect_20260905_2011,onnx,320,1,216,94.7982059988135,10.548722831448055,1,0.8564086556434631,48.5
bench_detect_20260905_2011,onnx,320,1,217,95.01544800150441,10.52460437784987,1,0.8331515789031982,47.95
bench_detect_20260905_2011,onnx,320,1,218,94.19981199971517,10.615732439073485,1,0.8484243154525757,47.95
bench_detect_20260905_2011,onnx,320,1,219,94.12933100247756,10.623681156022231,1,0.815571665763855,48.5
bench_detect_20260905_2011,onnx,320,1,220,94.15442300087307,10.620849962520904,1,0.8427597880363464,47.4
bench_detect_20260905_2011,onnx,320,1,221,94.13073800169514,10.623522360804094,1,0.8437724113464355,46.85
bench_detect_20260905_2011,onnx,320,1,222,94.15344200169784,10.620960622788143,1,0.8694509267807007,48.5
bench_detect_20260905_2011,onnx,320,1,223,94.12723800051026,10.623917382921393,1,0.8678352236747742,48.5
bench_detect_20260905_2011,onnx,320,1,224,94.18929299863521,10.616917997404332,2,0.8572405576705933,47.95
bench_detect_20260905_2011,onnx,320,1,225,94.23618200162309,10.611635348116888,1,0.8517130017280579,47.95
bench_detect_20260905_2011,onnx,320,1,226,94.43794300023,10.588964225931567,1,0.8401914834976196,48.5
bench_detect_20260905_2011,onnx,320,1,227,94.92689200124005,10.534422637443315,5,0.8344098925590515,47.95
bench_detect_20260905_2011,onnx,320,1,228,95.24998699998832,10.498689096935232,4,0.8795956373214722,47.95
bench_detect_20260905_2011,onnx,320,1,229,94.11151499807602,10.62569229727567,1,0.8685336112976074,47.95
bench_detect_20260905_2011,onnx,320,1,230,94.12277400042512,10.624421247885058,1,0.8456904888153076,49.05
bench_detect_20260905_2011,onnx,320,1,231,94.17951499926858,10.618020277634328,1,0.8419914841651917,48.5
bench_detect_20260905_2011,onnx,320,1,232,94.13853399746586,10.622642583608954,1,0.858603835105896,49.05
bench_detect_20260905_2011,onnx,320,1,233,94.19083000102546,10.616744750939269,1,0.8517662286758423,47.95
bench_detect_20260905_2011,onnx,320,1,234,94.2101079999702,10.614572270741014,1,0.8578277826309204,47.95
bench_detect_20260905_2011,onnx,320,1,235,94.16264399987995,10.619922694622668,1,0.856397271156311,48.5
bench_detect_20260905_2011,onnx,320,1,236,94.33610799896996,10.600394919948561,1,0.8546580076217651,48.5
bench_detect_20260905_2011,onnx,320,1,237,94.60275899982662,10.570516236231892,1,0.8474241495132446,48.5
bench_detect_20260905_2011,onnx,320,1,238,94.96231699813507,10.530492848227773,5,0.841052770614624,48.5
bench_detect_20260905_2011,onnx,320,1,239,94.22025599997141,10.613429027408962,1,0.8312458992004395,47.95
bench_detect_20260905_2011,onnx,320,1,240,94.21977400052128,10.613483322454874,2,0.8532493114471436,47.4
bench_detect_20260905_2011,onnx,320,1,241,94.17136699994444,10.6189389817458,1,0.8619822263717651,47.95
bench_detect_20260905_2011,onnx,320,1,242,94.14262599966605,10.62218085995973,1,0.8782301545143127,47.95
bench_detect_20260905_2011,onnx,320,1,243,94.22221900240402,10.613207909850708,2,0.8465735912322998,46.85
bench_detect_20260905_2011,onnx,320,1,244,94.18662600000971,10.61721862719551,1,0.8494186997413635,46.85
bench_detect_20260905_2011,onnx,320,1,245,94.19875599996885,10.615851445005609,1,0.8278067111968994,48.5
bench_detect_20260905_2011,onnx,320,1,246,94.1132359985204,10.62549799069412,1,0.8509261608123779,46.85
bench_detect_20260905_2011,onnx,320,1,247,94.56060999946203,10.575227888289735,1,0.8441861271858215,47.95
bench_detect_20260905_2011,onnx,320,1,248,94.2217179981526,10.613264343360912,1,0.8583798408508301,48.5
bench_detect_20260905_2011,onnx,320,1,249,94.81738999966183,10.54658855304461,1,0.8420447111129761,47.4
bench_detect_20260905_2011,onnx,320,1,250,94.24803399815573,10.610300900489534,1,0.8569331169128418,48.5
bench_detect_20260905_2011,onnx,320,1,251,94.175162997999,10.618510955178785,1,0.8843919038772583,48.5
bench_detect_20260905_2011,onnx,320,1,252,94.15932900083135,10.620296582521004,1,0.8616536855697632,47.95
bench_detect_20260905_2011,onnx,320,1,253,94.36316400024225,10.597355552823904,2,0.8789486289024353,47.4
bench_detect_20260905_2011,onnx,320,1,254,94.24903300168808,10.610188435377253,2,0.8415122032165527,48.5
bench_detect_20260905_2011,onnx,320,1,255,94.18523700151127,10.617375204820627,1,0.8464038968086243,47.4
bench_detect_20260905_2011,onnx,320,1,256,94.13475499968627,10.623069024860508,1,0.8408629894256592,48.5
bench_detect_20260905_2011,onnx,320,1,257,94.19836600136478,10.615895396588002,1,0.8286349773406982,48.5
bench_detect_20260905_2011,onnx,320,1,258,94.96605699678184,10.530078131325252,1,0.8297358155250549,48.5
bench_detect_20260905_2011,onnx,320,1,259,94.9228720019164,10.534868771983753,1,0.8656474351882935,47.95
bench_detect_20260905_2011,onnx,320,1,260,94.29907099911361,10.604558341931066,1,0.8580819964408875,48.5
bench_detect_20260905_2011,onnx,320,1,261,94.16405099909753,10.619764011741424,1,0.8505577445030212,48.5
bench_detect_20260905_2011,onnx,320,1,262,94.15416199772153,10.620879404398494,1,0.8533304929733276,47.95
bench_detect_20260905_2011,onnx,320,1,263,94.14314400055446,10.622122413864895,1,0.8570945262908936,46.85
bench_detect_20260905_2011,onnx,320,1,264,94.13916199991945,10.622571719948555,1,0.8794301748275757,48.5
bench_detect_20260905_2011,onnx,320,1,265,94.1611060006835,10.620096157247145,1,0.8602474927902222,47.95
bench_detect_20260905_2011,onnx,320,1,266,94.20458900058293,10.61519412810996,1,0.8582555651664734,47.95
bench_detect_20260905_2011,onnx,320,1,267,94.11082799852011,10.625769863758132,1,0.865479588508606,48.5
bench_detect_20260905_2011,onnx,320,1,268,94.14155099875643,10.622302154478096,1,0.861156165599823,47.95
bench_detect_20260905_2011,onnx,320,1,269,95.42406000036863,10.479537340961357,1,0.8619387149810791,48.5
bench_detect_20260905_2011,onnx,320,1,270,95.0638539979991,10.519245306644605,2,0.8400784134864807,47.95
bench_detect_20260905_2011,onnx,320,1,271,94.22136599823716,10.61330399326528,1,0.8371187448501587,49.05
bench_detect_20260905_2011,onnx,320,1,272,94.13192099964363,10.62338885024758,1,0.8488032817840576,49.05
bench_detect_20260905_2011,onnx,320,1,273,94.08329099824186,10.628879893441303,2,0.8158573508262634,47.95
bench_detect_20260905_2011,onnx,320,1,274,94.17175499766017,10.61889523057998,1,0.8487420082092285,48.5
bench_detect_20260905_2011,onnx,320,1,275,94.19823600183008,10.61591004719634,1,0.8291551470756531,48.5
bench_detect_20260905_2011,onnx,320,1,276,94.21655200276291,10.613846280117265,1,0.8489717245101929,48.5
bench_detect_20260905_2011,onnx,320,1,277,94.17855100036832,10.61812896225266,1,0.8552470207214355,47.95
bench_detect_20260905_2011,onnx,320,1,278,94.17784600009327,10.618208447865856,1,0.8604497313499451,47.95
bench_detect_20260905_2011,onnx,320,1,279,94.84985200106166,10.54297902319138,1,0.8679122924804688,48.5
bench_detect_20260905_2011,onnx,320,1,280,94.33295900089433,10.60074877954925,1,0.8723326921463013,48.5
bench_detect_20260905_2011,onnx,320,1,281,94.95889000027091,10.530872886121005,1,0.8336538076400757,47.95
bench_detect_20260905_2011,onnx,320,1,282,94.22843900028965,10.612507334403853,1,0.8568246364593506,47.95
bench_detect_20260905_2011,onnx,320,1,283,94.19692099982058,10.616058246764826,2,0.8761523962020874,48.5
bench_detect_20260905_2011,onnx,320,1,284,94.13608700197074,10.622918711068424,1,0.8300376534461975,47.95
bench_detect_20260905_2011,onnx,320,1,285,94.11119799915468,10.625728088266204,1,0.8447681665420532,47.4
bench_detect_20260905_2011,onnx,320,1,286,94.13245700125117,10.623328359385205,1,0.8294003009796143,49.05
bench_detect_20260905_2011,onnx,320,1,287,94.2375330014329,10.61148321852605,2,0.8633768558502197,48.5
bench_detect_20260905_2011,onnx,320,1,288,94.26864299894078,10.607981277626285,2,0.8735128045082092,47.95
bench_detect_20260905_2011,onnx,320,1,289,94.14708699841867,10.621677546080596,1,0.8729038238525391,48.5
bench_detect_20260905_2011,onnx,320,1,290,94.56108899757965,10.575174319593502,1,0.8616001605987549,48.5
bench_detect_20260905_2011,onnx,320,1,291,94.62360900215572,10.56818705760016,1,0.8638525009155273,47.95
bench_detect_20260905_2011,onnx,320,1,292,94.40786699997261,10.592337606783238,1,0.876720666885376,48.5
bench_detect_20260905_2011,onnx,320,1,293,94.33521699975245,10.600495041026134,3,0.8435391187667847,48.5
bench_detect_20260905_2011,onnx,320,1,294,94.18786500100396,10.617078962235112,1,0.8659917712211609,48.5
bench_detect_20260905_2011,onnx,320,1,295,94.1190679986903,10.624839591632115,1,0.8343621492385864,47.4
bench_detect_20260905_2011,onnx,320,1,296,94.11434599678614,10.625372672027583,1,0.8745190501213074,48.5
bench_detect_20260905_2011,onnx,320,1,297,94.22531000018353,10.612859750719338,1,0.8219640254974365,48.5
bench_detect_20260905_2011,onnx,320,1,298,94.19562400216819,10.616204421311355,1,0.8345669507980347,49.05
bench_detect_20260905_2011,onnx,320,1,299,94.13908600254217,10.622580295425808,1,0.855242133140564,48.5
bench_detect_20260905_2011,onnx,320,1,300,94.419476998155,10.591035152837591,1,0.8685593605041504,48.5
bench_detect_20260905_2011,onnx,320,1,301,94.47901500243461,10.584360981898797,2,0.8362561464309692,47.95
bench_detect_20260905_2011,onnx,320,1,302,94.87525800068397,10.540155790593907,1,0.8392305374145508,46.85
bench_detect_20260905_2011,onnx,320,1,303,94.2207160005637,10.61337721095239,1,0.8752174377441406,48.5
bench_detect_20260905_2011,onnx,320,1,304,94.1465679970861,10.621736100151317,1,0.864077091217041,48.5
bench_detect_20260905_2011,onnx,320,1,305,94.12547499960056,10.624116372366181,1,0.8188387155532837,48.5
bench_detect_20260905_2011,onnx,320,1,306,94.07938200092758,10.62932152328701,1,0.845183253288269,48.5
bench_detect_20260905_2011,onnx,320,1,307,94.18451300007291,10.617456821157273,1,0.876358687877655,47.4
bench_detect_20260905_2011,onnx,320,1,308,94.19777199946111,10.615962339382303,2,0.8537335395812988,48.5
bench_detect_20260905_2011,onnx,320,1,309,94.22445699965465,10.612955827420318,2,0.8338170051574707,48.5
bench_detect_20260905_2011,onnx,320,1,310,94.14484599983552,10.621930381634987,1,0.8552501797676086,49.05
bench_detect_20260905_2011,onnx,320,1,311,94.7575539976242,10.553248346037641,1,0.8599085807800293,48.5
bench_detect_20260905_2011,onnx,320,1,312,94.43557000122382,10.589230307891832,1,0.8318244218826294,48.5
bench_detect_20260905_2011,onnx,320,1,313,95.38016899750801,10.484359699825307,1,0.8731364011764526,48.5
bench_detect_20260905_2011,onnx,320,1,314,94.25599400128704,10.6094048510734,2,0.8753018379211426,49.05
bench_detect_20260905_2011,onnx,320,1,315,94.16923400203814,10.619179508015927,1,0.8583499193191528,48.5
bench_detect_20260905_2011,onnx,320,1,316,94.09912300179712,10.627091604040793,1,0.8729783296585083,49.05
bench_detect_20260905_2011,onnx,320,1,317,94.24243900139118,10.610930814144552,3,0.8242826461791992,47.95
bench_detect_20260905_2011,onnx,320,1,318,94.14769700015313,10.621608726110141,1,0.8460519313812256,48.5
bench_detect_20260905_2011,onnx,320,1,319,94.12115899976925,10.624603549584974,1,0.8306981325149536,48.5
bench_detect_20260905_2011,onnx,320,1,320,94.18391899816925,10.617523783645465,1,0.8463257551193237,47.95
bench_detect_20260905_2011,onnx,320,1,321,94.36142099730205,10.597551302545472,1,0.8402522802352905,49.05
bench_detect_20260905_2011,onnx,320,1,322,94.68625600129599,10.561194857956078,1,0.8774834275245667,47.95
bench_detect_20260905_2011,onnx,320,1,323,94.95662900008028,10.531123635393106,1,0.8646566867828369,49.05
bench_detect_20260905_2011,onnx,320,1,324,94.24217899868381,10.610960088411856,1,0.8813580274581909,47.4
bench_detect_20260905_2011,onnx,320,1,325,94.1215849998116,10.62455546198039,1,0.8435973525047302,47.95
bench_detect_20260905_2011,onnx,320,1,326,94.09482600312913,10.627576908072978,1,0.8344623446464539,47.95
bench_detect_20260905_2011,onnx,320,1,327,94.16310400047223,10.619870814740612,2,0.8658978343009949,48.5
bench_detect_20260905_2011,onnx,320,1,328,94.1619190016354,10.620004462553828,1,0.8395218849182129,49.05
bench_detect_20260905_2011,onnx,320,1,329,94.21317799933604,10.614226387810072,2,0.8677598834037781,47.95
bench_detect_20260905_2011,onnx,320,1,330,94.17823300100281,10.618164815104908,2,0.8820549249649048,47.95
bench_detect_20260905_2011,onnx,320,1,331,94.18301199912094,10.61762603227569,2,0.8285723924636841,47.95
bench_detect_20260905_2011,onnx,320,1,332,94.68182999989949,10.561688552080811,2,0.865976095199585,48.5
bench_detect_20260905_2011,onnx,320,1,333,94.36197499962873,10.597489083965597,2,0.8436520099639893,47.95
bench_detect_20260905_2011,onnx,320,1,334,95.11624099832261,10.513451640899424,1,0.8508034348487854,49.05
bench_detect_20260905_2011,onnx,320,1,335,94.20315999886952,10.615355153818623,1,0.8664168119430542,49.05
bench_detect_20260905_2011,onnx,320,1,336,94.27597500325646,10.607156276723293,2,0.8436098098754883,48.5
bench_detect_20260905_2011,onnx,320,1,337,94.24699300143402,10.610418095618016,2,0.8630746006965637,47.95
bench_detect_20260905_2011,onnx,320,1,338,94.21475199997076,10.614049061025076,1,0.8556602597236633,46.85
bench_detect_20260905_2011,onnx,320,1,339,94.13532599864993,10.62300458824928,1,0.8617339134216309,49.05
bench_detect_20260905_2011,onnx,320,1,340,94.17178900184808,10.618891396237311,2,0.8389980792999268,47.4
bench_detect_20260905_2011,onnx,320,1,341,94.07438100242871,10.629886578516876,1,0.8706232905387878,48.5
bench_detect_20260905_2011,onnx,320,1,342,94.20228800081532,10.615453416496052,1,0.8552777171134949,49.05
bench_detect_20260905_2011,onnx,320,1,343,95.12809300213121,10.512141770545073,1,0.8395990133285522,49.05
bench_detect_20260905_2011,onnx,320,1,344,94.26934499788331,10.607902282788256,1,0.8509732484817505,48.5
bench_detect_20260905_2011,onnx,320,1,345,95.41505800007144,10.480526040232048,1,0.857119083404541,48.5
bench_detect_20260905_2011,onnx,320,1,346,94.29473400086863,10.605046088690257,3,0.8500730991363525,48.5
bench_detect_20260905_2011,onnx,320,1,347,94.11480599737843,10.625320738884115,1,0.8424994945526123,49.05
bench_detect_20260905_2011,onnx,320,1,348,94.0936020015215,10.627715155211401,1,0.8412084579467773,48.5
bench_detect_20260905_2011,onnx,320,1,349,94.10530599780031,10.626393372796372,1,0.8396528959274292,48.5
bench_detect_20260905_2011,onnx,320,1,350,94.09845399932237,10.627167158423253,1,0.8626636266708374,48.5
bench_detect_20260905_2011,onnx,320,1,351,94.20227000009618,10.6154554449588,2,0.8553757667541504,47.95
bench_detect_20260905_2011,onnx,320,1,352,94.12513899951591,10.624154297452279,1,0.8384062051773071,49.05
bench_detect_20260905_2011,onnx,320,1,353,94.4835129994317,10.583857101143295,3,0.8422119617462158,48.5
bench_detect_20260905_2011,onnx,320,1,354,94.20586300257128,10.615050572518037,1,0.8769232034683228,48.5
bench_detect_20260905_2011,onnx,320,1,355,94.83246000309009,10.54491257494971,1,0.8588329553604126,47.95
bench_detect_20260905_2011,onnx,320,1,356,94.24269599912805,10.610901878372115,1,0.8368146419525146,49.05
bench_detect_20260905_2011,onnx,320,1,357,94.14062200085027,10.622406977414787,1,0.8390980958938599,49.05
bench_detect_20260905_2011,onnx,320,1,358,94.15614000317873,10.620656283979354,1,0.8519054651260376,49.05
bench_detect_20260905_2011,onnx,320,1,359,94.09319500264246,10.627761125253707,1,0.8597087860107422,48.5
bench_detect_20260905_2011,onnx,320,1,360,94.09404700272717,10.627664893306338,1,0.8595193028450012,49.05
bench_detect_20260905_2011,onnx,320,1,361,94.27358499669936,10.607425187394872,2,0.8436980247497559,47.4
bench_detect_20260905_2011,onnx,320,1,362,94.1313250004896,10.623456112986817,1,0.8437498807907104,49.05
bench_detect_20260905_2011,onnx,320,1,363,94.08284299934166,10.628930505501385,1,0.8233067393302917,47.4
bench_detect_20260905_2011,onnx,320,1,364,94.49165999831166,10.582944569053687,3,0.866729736328125,48.5
bench_detect_20260905_2011,onnx,320,1,365,94.22938100033207,10.612401242415844,1,0.8756990432739258,49.05
bench_detect_20260905_2011,onnx,320,1,366,95.10081299958983,10.515157215368001,2,0.8642492294311523,48.5
bench_detect_20260905_2011,onnx,320,1,367,94.20362099990598,10.615303205818362,1,0.8451611995697021,48.5
bench_detect_20260905_2011,onnx,320,1,368,94.1797499981476,10.617993783373484,1,0.8578401207923889,48.5
bench_detect_20260905_2011,onnx,320,1,369,94.15356499812333,10.62094674821853,2,0.8566800951957703,48.5
bench_detect_20260905_2011,onnx,320,1,370,94.13873199810041,10.622620241158321,1,0.8550174236297607,48.5
bench_detect_20260905_2011,onnx,320,1,371,94.22080700096558,10.61336696033342,3,0.8316969871520996,49.05
bench_detect_20260905_2011,onnx,320,1,372,94.24950999891735,10.610134737161891,3,0.8422040343284607,48.5
bench_detect_20260905_2011,onnx,320,1,373,94.1444540003431,10.621974609320647,2,0.8576521873474121,47.95
bench_detect_20260905_2011,onnx,320,1,374,94.31588100051158,10.60266828228616,1,0.8683739900588989,49.05
bench_detect_20260905_2011,onnx,320,1,375,94.21141699931468,10.614424788953915,1,0.8617998361587524,49.05
bench_detect_20260905_2011,onnx,320,1,376,94.260731999384,10.608871571319169,2,0.8524227142333984,49.05
bench_detect_20260905_2011,onnx,320,1,377,95.53211300226394,10.467684306075192,1,0.8730734586715698,49.05
bench_detect_20260905_2011,onnx,320,1,378,94.1853619988251,10.617361114060106,1,0.82569420337677,49.05
bench_detect_20260905_2011,onnx,320,1,379,94.16143599810312,10.620058938142629,1,0.8742203712463379,47.4
bench_detect_20260905_2011,onnx,320,1,380,94.11508400080493,10.625289353101437,1,0.8543117046356201,48.5
bench_detect_20260905_2011,onnx,320,1,381,94.06487900196225,10.630960360658513,1,0.8607375621795654,47.95
bench_detect_20260905_2011,onnx,320,1,382,94.16647299804026,10.619490867209302,1,0.8638956546783447,49.05
bench_detect_20260905_2011,onnx,320,1,383,94.12234200135572,10.624470011441026,1,0.8346425294876099,48.5
bench_detect_20260905_2011,onnx,320,1,384,94.07011999792303,10.630368070350915,1,0.860990047454834,48.5
bench_detect_20260905_2011,onnx,320,1,385,94.71762400062289,10.55769726649207,1,0.8447827100753784,49.05
bench_detect_20260905_2011,onnx,320,1,386,94.80729200004134,10.547711878528963,1,0.847050666809082,48.5
bench_detect_20260905_2011,onnx,320,1,387,94.77669899933971,10.551116577788457,1,0.8639630079269409,48.5
bench_detect_20260905_2011,onnx,320,1,388,94.42165899963584,10.590790403331685,1,0.8422858715057373,47.4
bench_detect_20260905_2011,onnx,320,1,389,94.13178600152605,10.623404085669724,1,0.8769081830978394,48.5
bench_detect_20260905_2011,onnx,320,1,390,94.16745400085347,10.619380237156424,2,0.8661627173423767,49.05
bench_detect_20260905_2011,onnx,320,1,391,94.23736199823907,10.61150247413214,2,0.8411420583724976,47.95
bench_detect_20260905_2011,onnx,320,1,392,94.28100999866729,10.606589810759722,2,0.8301206231117249,49.05
bench_detect_20260905_2011,onnx,320,1,393,94.10526800274965,10.626397663208197,1,0.8439439535140991,47.95
bench_detect_20260905_2011,onnx,320,1,394,94.16376800072612,10.619795928220382,1,0.834558367729187,48.5
bench_detect_20260905_2011,onnx,320,1,395,94.20700899863732,10.614921444055874,3,0.8554973602294922,49.05
bench_detect_20260905_2011,onnx,320,1,396,94.76771700065001,10.552116603095346,1,0.8687582612037659,49.05
bench_detect_20260905_2011,onnx,320,1,397,94.2412870026601,10.611060521401555,1,0.8327751159667969,49.05
bench_detect_20260905_2011,onnx,320,1,398,94.98090399938519,10.528432115222582,1,0.8385521769523621,49.05
bench_detect_20260905_2011,onnx,320,1,399,94.31606500220369,10.602647597486548,1,0.8585875034332275,47.95
bench_detect_20260905_2011,onnx,320,1,400,94.14889800245874,10.621473232473571,1,0.8846098184585571,47.4
bench_detect_20260905_2011,onnx,320,1,401,94.13341600156855,10.623220132405871,1,0.8531303405761719,48.5
bench_detect_20260905_2011,onnx,320,1,402,94.08954499667743,10.628173406889287,1,0.865837574005127,49.6
bench_detect_20260905_2011,onnx,320,1,403,94.13411900095525,10.623140797544961,1,0.833716094493866,49.05
bench_detect_20260905_2011,onnx,320,1,404,94.19928600254934,10.615791716010849,1,0.8399890661239624,48.5
bench_detect_20260905_2011,onnx,320,1,405,94.06523000143352,10.630920691787606,1,0.8456010818481445,49.05
bench_detect_20260905_2011,onnx,320,1,406,94.54293700036942,10.577204725468732,2,0.850563645362854,49.05
bench_detect_20260905_2011,onnx,320,1,407,94.36847199685872,10.596759477395029,2,0.8714017868041992,48.5
bench_detect_20260905_2011,onnx,320,1,408,94.40512099899934,10.592645710507586,1,0.8834720253944397,48.5
bench_detect_20260905_2011,onnx,320,1,409,95.17255299942917,10.507231008145782,1,0.8588637113571167,48.5
bench_detect_20260905_2011,onnx,320,1,410,94.32478699818603,10.601667195063278,1,0.8723987340927124,48.5
bench_detect_20260905_2011,onnx,320,1,411,94.10891600055038,10.62598574607056,1,0.8418089747428894,49.05
bench_detect_20260905_2011,onnx,320,1,412,94.1466379990743,10.621728202443432,1,0.8597445487976074,49.05
bench_detect_20260905_2011,onnx,320,1,413,94.10108199881506,10.626870369169529,1,0.8807274103164673,49.05
bench_detect_20260905_2011,onnx,320,1,414,94.09354500166955,10.627721593253357,1,0.8395074605941772,47.95
bench_detect_20260905_2011,onnx,320,1,415,94.1320630008704,10.62337282452583,1,0.8535925149917603,49.05
bench_detect_20260905_2011,onnx,320,1,416,94.07367300082115,10.629966579398587,1,0.849682629108429,48.5
bench_detect_20260905_2011,onnx,320,1,417,94.69923399956315,10.55974750550372,2,0.8627136945724487,48.5
bench_detect_20260905_2011,onnx,320,1,418,94.34545299882302,10.59934494153603,1,0.8433709144592285,49.05
bench_detect_20260905_2011,onnx,320,1,419,94.60082700024941,10.570732114185043,2,0.837120532989502,49.05
bench_detect_20260905_2011,onnx,320,1,420,94.30865800095489,10.603480329344467,1,0.839464545249939,47.95
bench_detect_20260905_2011,onnx,320,1,421,94.16469400093774,10.619691494882801,1,0.8680297136306763,48.5
bench_detect_20260905_2011,onnx,320,1,422,94.1490259974671,10.621458792647552,1,0.8657561540603638,48.5
bench_detect_20260905_2011,onnx,320,1,423,94.09769200283336,10.627253216475163,1,0.8725913763046265,48.5
bench_detect_20260905_2011,onnx,320,1,424,94.13195199886104,10.62338535178894,1,0.8370130062103271,48.5
bench_detect_20260905_2011,onnx,320,1,425,94.25545300109661,10.609465746118323,2,0.8518810868263245,48.5
bench_detect_20260905_2011,onnx,320,1,426,94.12998800326022,10.623607005722391,1,0.8601315021514893,47.95
bench_detect_20260905_2011,onnx,320,1,427,94.44469500158448,10.588207204049134,1,0.8581137657165527,49.05
bench_detect_20260905_2011,onnx,320,1,428,94.33324999918113,10.600716078463114,1,0.8348511457443237,49.05
bench_detect_20260905_2011,onnx,320,1,429,94.23019299720181,10.612309793631594,2,0.842237114906311,49.6
bench_detect_20260905_2011,onnx,320,1,430,94.79014200042002,10.549620233669119,1,0.8286287784576416,49.05
bench_detect_20260905_2011,onnx,320,1,431,94.32324900262756,10.60184006142688,1,0.8634303212165833,48.5
bench_detect_20260905_2011,onnx,320,1,432,94.14963699964574,10.621389862647721,1,0.8606717586517334,49.6
bench_detect_20260905_2011,onnx,320,1,433,94.18867400017916,10.616987770717506,1,0.88245689868927,48.5
bench_detect_20260905_2011,onnx,320,1,434,94.18069300227216,10.617887468463143,1,0.8646353483200073,47.95
bench_detect_20260905_2011,onnx,320,1,435,94.19198900286574,10.616614115342394,1,0.8376504182815552,47.95
bench_detect_20260905_2011,onnx,320,1,436,94.05752399834455,10.631791668443244,1,0.8141570687294006,47.95
bench_detect_20260905_2011,onnx,320,1,437,94.18285900028422,10.617643280471897,2,0.8604079484939575,49.05
bench_detect_20260905_2011,onnx,320,1,438,94.54473200094071,10.577003909536177,1,0.8226958513259888,48.5
bench_detect_20260905_2011,onnx,320,1,439,94.36878599808551,10.596724217902807,2,0.8429867625236511,48.5
bench_detect_20260905_2011,onnx,320,1,440,94.75099399787723,10.553978990683767,1,0.835182785987854,49.05
bench_detect_20260905_2011,onnx,320,1,441,94.29319400078384,10.605219290712405,1,0.8699368238449097,48.5
bench_detect_20260905_2011,onnx,320,1,442,94.2740269965725,10.60737545492097,1,0.869713544845581,49.05
bench_detect_20260905_2011,onnx,320,1,443,94.13950599991949,10.62253290346409,1,0.8405208587646484,49.6
bench_detect_20260905_2011,onnx,320,1,444,94.32534100051271,10.601604928145072,5,0.8622593879699707,47.95
bench_detect_20260905_2011,onnx,320,1,445,94.18098800233565,10.617854210397542,1,0.8496624231338501,48.5
bench_detect_20260905_2011,onnx,320,1,446,94.32097100216197,10.602096112614008,2,0.8594504594802856,49.05
bench_detect_20260905_2011,onnx,320,1,447,94.17056199890794,10.619029755940042,1,0.8734868764877319,48.5
bench_detect_20260905_2011,onnx,320,1,448,94.18065499994555,10.617891752829477,1,0.8319277763366699,48.5
bench_detect_20260905_2011,onnx,320,1,449,95.03182799744536,10.522790322699906,1,0.8626531362533569,47.95
bench_detect_20260905_2011,onnx,320,1,450,94.32669300076668,10.601452973569975,1,0.8464371562004089,47.95
bench_detect_20260905_2011,onnx,320,1,451,95.12466199885239,10.512520927665049,1,0.8443489074707031,48.5
bench_detect_20260905_2011,onnx,320,1,452,94.16434000013396,10.619731418481534,1,0.8658708930015564,47.95
bench_detect_20260905_2011,onnx,320,1,453,94.3292490010208,10.601165710427509,1,0.8469278812408447,49.05
bench_detect_20260905_2011,onnx,320,1,454,94.11245099909138,10.62558661881683,1,0.8483244180679321,49.05
bench_detect_20260905_2011,onnx,320,1,455,94.15235800042865,10.621082904747295,1,0.8843204975128174,48.5
bench_detect_20260905_2011,onnx,320,1,456,94.10872900116374,10.626006860507426,1,0.851589560508728,47.4
bench_detect_20260905_2011,onnx,320,1,457,94.1709879989503,10.618981718776773,1,0.8655155897140503,47.95
bench_detect_20260905_2011,onnx,320,1,458,94.1119319977588,10.625645215994654,1,0.8697941303253174,48.5
bench_detect_20260905_2011,onnx,320,1,459,94.60799100270378,10.56993166646379,1,0.8746864795684814,47.95
bench_detect_20260905_2011,onnx,320,1,460,94.31248900000355,10.603049613078946,1,0.8862434029579163,49.05
bench_detect_20260905_2011,onnx,320,1,461,94.19007999895257,10.61682928829788,1,0.8422231674194336,48.5
bench_detect_20260905_2011,onnx,320,1,462,95.0403089991596,10.52185131267663,1,0.8588041663169861,49.05
bench_detect_20260905_2011,onnx,320,1,463,94.30865499962238,10.603480666795685,4,0.8324226140975952,49.05
bench_detect_20260905_2011,onnx,320,1,464,94.29158200146048,10.605400596465875,1,0.8706239461898804,48.5
bench_detect_20260905_2011,onnx,320,1,465,94.1754880004737,10.618474310374372,2,0.8332051038742065,49.05
bench_detect_20260905_2011,onnx,320,1,466,94.20304300147109,10.615368337776347,1,0.8770017623901367,49.6
bench_detect_20260905_2011,onnx,320,1,467,94.11639400059357,10.62514146041011,1,0.8266118764877319,49.05
bench_detect_20260905_2011,onnx,320,1,468,94.22276500117732,10.613146408805822,1,0.8922709226608276,49.05
bench_detect_20260905_2011,onnx,320,1,469,94.11111700319452,10.62573723321184,1,0.8305662870407104,49.05
bench_detect_20260905_2011,onnx,320,1,470,94.61250899767037,10.569426924558387,1,0.8544994592666626,49.05
bench_detect_20260905_2011,onnx,320,1,471,94.25543199904496,10.609468110125817,1,0.8506186604499817,47.95
bench_detect_20260905_2011,onnx,320,1,472,94.61563900185865,10.569077274639087,1,0.8551936745643616,48.5
bench_detect_20260905_2011,onnx,320,1,473,94.44054499908816,10.58867248182076,3,0.8736374378204346,47.95
bench_detect_20260905_2011,onnx,320,1,474,94.17376500277896,10.618668585359108,1,0.8475969433784485,48.5
bench_detect_20260905_2011,onnx,320,1,475,94.25885800010292,10.609082490675922,1,0.8480261564254761,49.6
bench_detect_20260905_2011,onnx,320,1,476,94.1529140000057,10.621020184249842,1,0.8539003133773804,49.05
bench_detect_20260905_2011,onnx,320,1,477,94.13906100235181,10.622583116428341,1,0.8390684127807617,49.05
bench_detect_20260905_2011,onnx,320,1,478,94.14156100319815,10.622301025644012,2,0.8545066118240356,49.05
bench_detect_20260905_2011,onnx,320,1,479,94.19744999831892,10.615998628602435,1,0.8259896039962769,49.6
bench_detect_20260905_2011,onnx,320,1,480,94.69330600040848,10.56040856779978,1,0.834699273109436,49.05
bench_detect_20260905_2011,onnx,320,1,481,94.2944880007417,10.605073755659337,3,0.8310866951942444,47.95
bench_detect_20260905_2011,onnx,320,1,482,94.14015400034259,10.62245978476263,1,0.8309303522109985,49.05
bench_detect_20260905_2011,onnx,320,1,483,94.88702999806264,10.538848144160667,1,0.8784868717193604,47.95
bench_detect_20260905_2011,onnx,320,1,484,94.34500699717319,10.599395048324736,3,0.8491495847702026,49.05
bench_detect_20260905_2011,onnx,320,1,485,94.10933799881605,10.62593809779621,1,0.8704551458358765,49.6
bench_detect_20260905_2011,onnx,320,1,486,94.32800700233201,10.601305293933303,2,0.8809659481048584,49.6
bench_detect_20260905_2011,onnx,320,1,487,94.1347459993267,10.623070040547542,2,0.8704651594161987,48.5
bench_detect_20260905_2011,onnx,320,1,488,94.15189400169766,10.621135247496657,1,0.8278812170028687,49.05
bench_detect_20260905_2011,onnx,320,1,489,94.25548699800856,10.60946191940134,3,0.8547295928001404,49.05
bench_detect_20260905_2011,onnx,320,1,490,94.11667099993792,10.625110189040361,1,0.8540760278701782,49.05
bench_detect_20260905_2011,onnx,320,1,491,94.78393500103266,10.550311083720096,2,0.8559008836746216,47.4
bench_detect_20260905_2011,onnx,320,1,492,94.22521000306006,10.612871013686508,1,0.8462686538696289,49.05
bench_detect_20260905_2011,onnx,320,1,493,94.18070900210296,10.617885664649977,1,0.8562260866165161,49.05
bench_detect_20260905_2011,onnx,320,1,494,94.96169599879067,10.53056171209005,1,0.8666104078292847,47.95
bench_detect_20260905_2011,onnx,320,1,495,94.14357900095638,10.622073333220541,1,0.8520021438598633,47.95
bench_detect_20260905_2011,onnx,320,1,496,94.30263499962166,10.604157561493505,1,0.8411298394203186,49.05
bench_detect_20260905_2011,onnx,320,1,497,94.13437499824795,10.623111908042224,1,0.8631399869918823,49.6
bench_detect_20260905_2011,onnx,320,1,498,94.17978199780919,10.61799017567552,2,0.8622463941574097,47.95
bench_detect_20260905_2011,onnx,320,1,499,94.15337500104215,10.620968180789392,1,0.8653539419174194,49.05
bench_detect_20260905_2011,onnx,320,2,0,52.66796199794044,18.986874791910587,1,0.8550834655761719,50.15
bench_detect_20260905_2011,onnx,320,2,1,52.767962999496376,18.95089260901627,3,0.8578341007232666,49.6
bench_detect_20260905_2011,onnx,320,2,2,52.59449900040636,19.01339529809522,1,0.8758753538131714,49.05
bench_detect_20260905_2011,onnx,320,2,3,52.69657299868413,18.97656608571056,1,0.8509514331817627,50.15
bench_detect_20260905_2011,onnx,320,2,4,52.64033200000995,18.996840673417694,1,0.855876624584198,49.6
bench_detect_20260905_2011,onnx,320,2,5,52.75835200154688,18.954344896343233,1,0.884371280670166,50.15
bench_detect_20260905_2011,onnx,320,2,6,52.68837000039639,18.979520527821922,1,0.8368264436721802,49.6
bench_detect_20260905_2011,onnx,320,2,7,52.530108998325886,19.036701409316887,1,0.8481487035751343,50.7
bench_detect_20260905_2011,onnx,320,2,8,52.69596200014348,18.976786114983103,1,0.8877274990081787,49.05
bench_detect_20260905_2011,onnx,320,2,9,52.79140700076823,18.942476755458475,3,0.8540425896644592,50.7
bench_detect_20260905_2011,onnx,320,2,10,52.68244400213007,18.98165544407104,2,0.858015775680542,51.25
bench_detect_20260905_2011,onnx,320,2,11,52.972926998336334,18.877567404032742,1,0.8618461489677429,50.7
bench_detect_20260905_2011,onnx,320,2,12,52.79162999795517,18.94239674051993,1,0.8387951850891113,50.7
bench_detect_20260905_2011,onnx,320,2,13,53.854582001804374,18.56852217266296,2,0.8324400782585144,50.15
bench_detect_20260905_2011,onnx,320,2,14,52.6830169983441,18.981448993922108,2,0.8652904033660889,51.25
bench_detect_20260905_2011,onnx,320,2,15,52.761572998861084,18.953187768332572,2,0.868909478187561,51.25
bench_detect_20260905_2011,onnx,320,2,16,52.69755500194151,18.976212463048,2,0.8473323583602905,51.25
bench_detect_20260905_2011,onnx,320,2,17,54.2989560017304,18.416560347276878,1,0.8182625770568848,50.7
bench_detect_20260905_2011,onnx,320,2,18,52.9520380005124,18.88501439718568,3,0.8362680077552795,51.25
bench_detect_20260905_2011,onnx,320,2,19,52.733610002178466,18.96323805555298,2,0.8896258473396301,51.25
bench_detect_20260905_2011,onnx,320,2,20,52.651758000138216,18.992718153824512,1,0.8766541481018066,50.7
bench_detect_20260905_2011,onnx,320,2,21,52.6462210000318,18.994715689078536,1,0.8423831462860107,51.25
bench_detect_20260905_2011,onnx,320,2,22,52.663758000562666,18.988390459893044,1,0.8750083446502686,51.25
bench_detect_20260905_2011,onnx,320,2,23,52.59475800266955,19.013301666855146,1,0.8670154809951782,51.25
bench_detect_20260905_2011,onnx,320,2,24,52.6144609975745,19.00618159038253,1,0.7938641309738159,50.7
bench_detect_20260905_2011,onnx,320,2,25,52.616517001297325,19.00543891902506,1,0.8483924865722656,51.25
bench_detect_20260905_2011,onnx,320,2,26,52.70096200183616,18.974985693148426,2,0.85230553150177,49.6
bench_detect_20260905_2011,onnx,320,2,27,52.78548100250191,18.944603345616994,3,0.856187641620636,50.15
bench_detect_20260905_2011,onnx,320,2,28,52.71231400183751,18.9708992848453,2,0.8541820049285889,51.25
bench_detect_20260905_2011,onnx,320,2,29,52.74120299873175,18.96050797370031,1,0.8483415246009827,49.6
bench_detect_20260905_2011,onnx,320,2,30,53.19020599927171,18.80045360256157,3,0.83356773853302,50.7
bench_detect_20260905_2011,onnx,320,2,31,52.73686999862548,18.9620658189624,1,0.8304179906845093,49.6
bench_detect_20260905_2011,onnx,320,2,32,52.69801800022833,18.97604574038567,1,0.854374349117279,51.8
bench_detect_20260905_2011,onnx,320,2,33,52.6642949989764,18.98819684227115,1,0.8535952568054199,50.15
bench_detect_20260905_2011,onnx,320,2,34,52.71390699999756,18.97032599006646,1,0.8730850219726562,51.25
bench_detect_20260905_2011,onnx,320,2,35,52.660146000562236,18.989692888229428,1,0.8527936935424805,51.8
bench_detect_20260905_2011,onnx,320,2,36,54.08000899842591,18.49112118359867,1,0.8367235064506531,51.25
bench_detect_20260905_2011,onnx,320,2,37,52.843574001599336,18.923776805288274,1,0.8604047894477844,51.25
bench_detect_20260905_2011,onnx,320,2,38,52.754981003090506,18.95555606287523,1,0.8545334339141846,50.15
bench_detect_20260905_2011,onnx,320,2,39,52.68705500202486,18.979994231250316,1,0.8680576682090759,51.25
bench_detect_20260905_2011,onnx,320,2,40,52.62394300007145,19.002756976964694,1,0.831599235534668,51.25
bench_detect_20260905_2011,onnx,320,2,41,52.81463000210351,18.934147601908254,1,0.8532184362411499,51.25
bench_detect_20260905_2011,onnx,320,2,42,52.89513000025181,18.905332116496158,3,0.867016077041626,50.15
bench_detect_20260905_2011,onnx,320,2,43,52.58618300285889,19.016402083141006,1,0.8537070751190186,51.25
bench_detect_20260905_2011,onnx,320,2,44,52.74585100050899,18.958837160298163,1,0.8328506946563721,51.8
bench_detect_20260905_2011,onnx,320,2,45,52.59955300061847,19.01156840607071,1,0.8522932529449463,51.8
bench_detect_20260905_2011,onnx,320,2,46,52.85711099713808,18.918930322433713,1,0.8485375642776489,51.25
bench_detect_20260905_2011,onnx,320,2,47,52.761516999453306,18.953207884647473,3,0.8513432741165161,50.7
bench_detect_20260905_2011,onnx,320,2,48,52.68177600009949,18.981896130421106,1,0.8661335706710815,50.7
bench_detect_20260905_2011,onnx,320,2,49,53.21661299967673,18.79112449351248,1,0.8348678946495056,50.15
bench_detect_20260905_2011,onnx,320,2,50,52.75475899907178,18.955635832164354,1,0.8740547895431519,50.7
bench_detect_20260905_2011,onnx,320,2,51,52.690461998281535,18.978766973662413,2,0.8697801232337952,51.8
bench_detect_20260905_2011,onnx,320,2,52,52.655646999483,18.99131540459124,1,0.8514136672019958,51.8
bench_detect_20260905_2011,onnx,320,2,53,52.604665001126705,19.009720905523906,1,0.8687376976013184,50.7
bench_detect_20260905_2011,onnx,320,2,54,52.76116599998204,18.95333397295163,1,0.856013298034668,51.25
bench_detect_20260905_2011,onnx,320,2,55,54.0798990004987,18.491158794338325,1,0.882756769657135,51.8
bench_detect_20260905_2011,onnx,320,2,56,52.715684003487695,18.969686515569816,1,0.8714977502822876,50.7
bench_detect_20260905_2011,onnx,320,2,57,52.70031399777508,18.975219009932623,1,0.8469418883323669,51.25
bench_detect_20260905_2011,onnx,320,2,58,52.66679499982274,18.9872955057046,1,0.8606361150741577,52.35
bench_detect_20260905_2011,onnx,320,2,59,52.699165000376524,18.975632725733988,2,0.8575255870819092,50.7
bench_detect_20260905_2011,onnx,320,2,60,52.65385000166134,18.991963550024316,1,0.8670728206634521,50.7
bench_detect_20260905_2011,onnx,320,2,61,52.67207300130394,18.985392885053987,1,0.8642690777778625,50.7
bench_detect_20260905_2011,onnx,320,2,62,52.709147003042744,18.972039140422304,3,0.8900690078735352,50.7
bench_detect_20260905_2011,onnx,320,2,63,52.65696099741035,18.990841496705052,1,0.8138210773468018,51.8
bench_detect_20260905_2011,onnx,320,2,64,52.678406002087286,18.983110460107255,1,0.8523719310760498,52.9
bench_detect_20260905_2011,onnx,320,2,65,52.66336899876478,18.988530719017522,1,0.831641674041748,51.25
bench_detect_20260905_2011,onnx,320,2,66,52.645350002421765,18.995029949539674,1,0.858432948589325,51.8
bench_detect_20260905_2011,onnx,320,2,67,52.646460997493705,18.99462909857523,1,0.8626172542572021,51.8
bench_detect_20260905_2011,onnx,320,2,68,53.36565199831966,18.73864485027724,1,0.8324653506278992,50.7
bench_detect_20260905_2011,onnx,320,2,69,52.74607300088974,18.95875736537072,1,0.8624890446662903,50.7
bench_detect_20260905_2011,onnx,320,2,70,52.85994499718072,18.917916014731663,1,0.8551887273788452,51.8
bench_detect_20260905_2011,onnx,320,2,71,52.677794999908656,18.98333064247913,2,0.8453741669654846,51.8
bench_detect_20260905_2011,onnx,320,2,72,52.72836899894173,18.965122930695433,1,0.8566012382507324,52.35
bench_detect_20260905_2011,onnx,320,2,73,52.645200998085784,18.995083712119566,1,0.8628569841384888,51.8
bench_detect_20260905_2011,onnx,320,2,74,53.71711800034973,18.616039676467555,1,0.8649660348892212,51.25
bench_detect_20260905_2011,onnx,320,2,75,52.74166600065655,18.960341525570154,1,0.8268184661865234,50.7
bench_detect_20260905_2011,onnx,320,2,76,52.74177599858376,18.960301981997198,1,0.8440910577774048,51.8
bench_detect_20260905_2011,onnx,320,2,77,52.65618300109054,18.991122086826717,1,0.8497852087020874,51.8
bench_detect_20260905_2011,onnx,320,2,78,52.647200998762855,18.994362112878495,1,0.8319575786590576,50.15
bench_detect_20260905_2011,onnx,320,2,79,52.59712699989905,19.012445299567776,1,0.8789681196212769,51.8
bench_detect_20260905_2011,onnx,320,2,80,52.67285000081756,18.985112823484556,1,0.8601321578025818,51.8
bench_detect_20260905_2011,onnx,320,2,81,52.727887999935774,18.96529593601811,2,0.8480327129364014,51.8
bench_detect_20260905_2011,onnx,320,2,82,52.69161000251188,18.978353478899745,1,0.8538399338722229,51.8
bench_detect_20260905_2011,onnx,320,2,83,52.693220000946894,18.97777361076112,2,0.8591510057449341,51.8
bench_detect_20260905_2011,onnx,320,2,84,52.692646997456905,18.977979983587897,1,0.8425633311271667,51.25
bench_detect_20260905_2011,onnx,320,2,85,52.72018400137313,18.96806733402058,2,0.8373708128929138,52.35
bench_detect_20260905_2011,onnx,320,2,86,52.65990499901818,18.989779795817036,1,0.8648215532302856,52.35
bench_detect_20260905_2011,onnx,320,2,87,53.574579000269296,18.665568981792156,1,0.8321530818939209,52.35
bench_detect_20260905_2011,onnx,320,2,88,52.79201699886471,18.942257880040934,2,0.8467687368392944,51.8
bench_detect_20260905_2011,onnx,320,2,89,52.81837000075029,18.932806900057592,3,0.8566588163375854,51.8
bench_detect_20260905_2011,onnx,320,2,90,52.75190600150381,18.956661015651125,2,0.8802833557128906,51.8
bench_detect_20260905_2011,onnx,320,2,91,52.7146280001034,18.97006652495088,3,0.8407909274101257,50.7
bench_detect_20260905_2011,onnx,320,2,92,52.64292400170234,18.995905318018856,1,0.8410496711730957,52.35
bench_detect_20260905_2011,onnx,320,2,93,53.69480300214491,18.623776307737895,2,0.8486853837966919,51.25
bench_detect_20260905_2011,onnx,320,2,94,52.86701799923321,18.915385014046073,1,0.8705060482025146,51.8
bench_detect_20260905_2011,onnx,320,2,95,52.701497999805724,18.974792708998258,1,0.8714586496353149,52.35
bench_detect_20260905_2011,onnx,320,2,96,52.630849997512996,19.000263154542512,1,0.8515918850898743,51.25
bench_detect_20260905_2011,onnx,320,2,97,52.76722100097686,18.95115909138909,4,0.8413540124893188,51.8
bench_detect_20260905_2011,onnx,320,2,98,52.68720199819654,18.979941277470562,1,0.8577100038528442,51.25
bench_detect_20260905_2011,onnx,320,2,99,52.76099900220288,18.95339396356479,1,0.8929308652877808,51.8
bench_detect_20260905_2011,onnx,320,2,100,52.649238001322374,18.993627219730765,1,0.8631898164749146,52.9
bench_detect_20260905_2011,onnx,320,2,101,52.580015999410534,19.018632478377544,2,0.8618959188461304,52.35
bench_detect_20260905_2011,onnx,320,2,102,52.58214499917813,19.017862432497385,1,0.8216464519500732,52.35
bench_detect_20260905_2011,onnx,320,2,103,52.742498002771754,18.96004243006176,1,0.8684121966362,52.35
bench_detect_20260905_2011,onnx,320,2,104,52.72216499724891,18.96735462309222,1,0.8401709198951721,51.8
bench_detect_20260905_2011,onnx,320,2,105,52.68942400289234,18.97914086031963,2,0.8471026420593262,50.7
bench_detect_20260905_2011,onnx,320,2,106,53.32539200026076,18.752792290680393,2,0.8616287708282471,51.8
bench_detect_20260905_2011,onnx,320,2,107,52.83268399944063,18.927677420488187,2,0.8417825698852539,51.25
bench_detect_20260905_2011,onnx,320,2,108,52.83631299971603,18.926377395133052,2,0.8494701385498047,51.8
bench_detect_20260905_2011,onnx,320,2,109,52.60814600114827,19.008463061560334,1,0.8568058013916016,50.7
bench_detect_20260905_2011,onnx,320,2,110,52.60155300129554,19.010845553844593,1,0.8377731442451477,50.7
bench_detect_20260905_2011,onnx,320,2,111,52.65022000094177,18.993272962242372,1,0.8630433082580566,52.35
bench_detect_20260905_2011,onnx,320,2,112,53.72963500121841,18.611702833591245,1,0.8539279103279114,51.25
bench_detect_20260905_2011,onnx,320,2,113,52.7583679977397,18.954339149437725,1,0.8458282947540283,51.8
bench_detect_20260905_2011,onnx,320,2,114,52.61947899998631,19.00436908545332,1,0.8404712677001953,50.7
bench_detect_20260905_2011,onnx,320,2,115,52.700719999847934,18.97507282638426,1,0.8264825344085693,51.8
bench_detect_20260905_2011,onnx,320,2,116,52.75157199866953,18.956781041998546,2,0.8622448444366455,50.7
bench_detect_20260905_2011,onnx,320,2,117,52.779351000936,18.94680364641592,3,0.8603709936141968,51.25
bench_detect_20260905_2011,onnx,320,2,118,52.842944001895376,18.924002416748998,3,0.854290783405304,52.9
bench_detect_20260905_2011,onnx,320,2,119,52.85031400126172,18.92136345634818,2,0.8776814937591553,51.8
bench_detect_20260905_2011,onnx,320,2,120,52.76922099801595,18.95044082681453,1,0.8844536542892456,52.35
bench_detect_20260905_2011,onnx,320,2,121,52.71677500059013,18.969293929471323,1,0.8508930206298828,51.8
bench_detect_20260905_2011,onnx,320,2,122,52.73242400289746,18.963664555702078,2,0.8719527721405029,52.35
bench_detect_20260905_2011,onnx,320,2,123,52.64468300083536,18.9952706142068,1,0.8257941603660583,52.35
bench_detect_20260905_2011,onnx,320,2,124,52.5692560004245,19.022525256814077,1,0.8709887266159058,51.8
bench_detect_20260905_2011,onnx,320,2,125,53.34503999984008,18.745885278237637,2,0.8750273585319519,51.8
bench_detect_20260905_2011,onnx,320,2,126,53.77358099940466,18.596492578968682,2,0.8379457592964172,52.35
bench_detect_20260905_2011,onnx,320,2,127,52.69799799862085,18.976052942773478,1,0.8637406826019287,51.25
bench_detect_20260905_2011,onnx,320,2,128,52.740479997737566,18.96076789674454,2,0.8753690123558044,51.8
bench_detect_20260905_2011,onnx,320,2,129,52.64883099880535,18.993774050228975,1,0.8563803434371948,52.35
bench_detect_20260905_2011,onnx,320,2,130,52.659182001661975,18.990040520728922,2,0.8551349639892578,52.35
bench_detect_20260905_2011,onnx,320,2,131,53.79430300308741,18.589329058554902,1,0.7960420846939087,52.35
bench_detect_20260905_2011,onnx,320,2,132,52.71059100050479,18.971519404713625,1,0.848172664642334,51.8
bench_detect_20260905_2011,onnx,320,2,133,52.60903399903327,19.008142214099117,1,0.844018816947937,52.35
bench_detect_20260905_2011,onnx,320,2,134,52.69457200120087,18.97728669239805,1,0.8516858816146851,52.35
bench_detect_20260905_2011,onnx,320,2,135,52.589979000913445,19.01502945994009,1,0.8711291551589966,51.8
bench_detect_20260905_2011,onnx,320,2,136,52.62718300218694,19.001587068767194,1,0.8716508150100708,50.7
bench_detect_20260905_2011,onnx,320,2,137,52.71370199989178,18.970399764411404,2,0.8611499071121216,52.9
bench_detect_20260905_2011,onnx,320,2,138,52.77490600201418,18.948399452607923,1,0.8727248907089233,51.25
bench_detect_20260905_2011,onnx,320,2,139,52.722071999596665,18.967388080036958,2,0.8595871925354004,51.8
bench_detect_20260905_2011,onnx,320,2,140,52.566237001883565,19.02361776370197,1,0.8476715683937073,52.35
bench_detect_20260905_2011,onnx,320,2,141,52.74690500300494,18.958458319839448,1,0.859252393245697,52.35
bench_detect_20260905_2011,onnx,320,2,142,52.67173799802549,18.98551363612659,1,0.8423335552215576,51.8
bench_detect_20260905_2011,onnx,320,2,143,52.67486800221377,18.98438549400775,1,0.8494384288787842,51.8
bench_detect_20260905_2011,onnx,320,2,144,53.79687599997851,18.58843996815725,3,0.8744772672653198,52.35
bench_detect_20260905_2011,onnx,320,2,145,52.7693870026269,18.95038121155774,1,0.8653944730758667,52.35
bench_detect_20260905_2011,onnx,320,2,146,52.75835000065854,18.954345615196797,1,0.8653128147125244,51.25
bench_detect_20260905_2011,onnx,320,2,147,52.80185000083293,18.93873036615621,3,0.8448787927627563,51.8
bench_detect_20260905_2011,onnx,320,2,148,52.62888600191218,19.00097220305341,1,0.8455986976623535,52.35
bench_detect_20260905_2011,onnx,320,2,149,52.66336800195859,18.988531078430253,1,0.8549525737762451,50.7
bench_detect_20260905_2011,onnx,320,2,150,53.591689000313636,18.659609701686165,1,0.8333731889724731,51.8
bench_detect_20260905_2011,onnx,320,2,151,52.790073001233395,18.942955429833102,2,0.8572773337364197,52.9
bench_detect_20260905_2011,onnx,320,2,152,52.72896099995705,18.964910004595282,2,0.8574246764183044,51.8
bench_detect_20260905_2011,onnx,320,2,153,52.706015998410294,18.973166175758035,1,0.8385025858879089,51.8
bench_detect_20260905_2011,onnx,320,2,154,52.64958900079364,18.993500594751577,1,0.8383744955062866,52.9
bench_detect_20260905_2011,onnx,320,2,155,52.6050150001538,19.009594427395875,1,0.845451831817627,52.9
bench_detect_20260905_2011,onnx,320,2,156,52.60301499947673,19.010317184479778,1,0.8644117116928101,51.25
bench_detect_20260905_2011,onnx,320,2,157,52.69451599815511,18.977306861211346,1,0.8561157584190369,52.35
bench_detect_20260905_2011,onnx,320,2,158,52.752924002561485,18.956295198943735,1,0.8688502311706543,52.35
bench_detect_20260905_2011,onnx,320,2,159,52.6947750004183,18.977213585067243,1,0.8725246787071228,51.8
bench_detect_20260905_2011,onnx,320,2,160,52.66023800140829,18.989659712006183,1,0.8681576251983643,52.35
bench_detect_20260905_2011,onnx,320,2,161,52.672498000902124,18.985239697249085,1,0.854006290435791,51.25
bench_detect_20260905_2011,onnx,320,2,162,53.14888999782852,18.81506838695703,1,0.8380343914031982,52.35
bench_detect_20260905_2011,onnx,320,2,163,53.797431999555556,18.588247855553057,1,0.8509296774864197,52.9
bench_detect_20260905_2011,onnx,320,2,164,52.815016999375075,18.93400886365013,1,0.8621965646743774,52.35
bench_detect_20260905_2011,onnx,320,2,165,52.653441998700146,18.992110715661987,1,0.8689948320388794,52.35
bench_detect_20260905_2011,onnx,320,2,166,52.691182998387376,18.97850727759529,2,0.8491407632827759,51.25
bench_detect_20260905_2011,onnx,320,2,167,52.56618199928198,19.02363766905611,1,0.8458759784698486,51.25
bench_detect_20260905_2011,onnx,320,2,168,52.66040399874328,18.989599852364684,1,0.8918617963790894,50.7
bench_detect_20260905_2011,onnx,320,2,169,53.5623370014946,18.669835111415995,1,0.8665487766265869,51.25
bench_detect_20260905_2011,onnx,320,2,170,52.97840700222878,18.875614737867267,3,0.8640733957290649,52.35
bench_detect_20260905_2011,onnx,320,2,171,52.65566299931379,18.99130963393305,1,0.8532887697219849,52.35
bench_detect_20260905_2011,onnx,320,2,172,52.65990499901818,18.989779795817036,1,0.8629354238510132,52.35
bench_detect_20260905_2011,onnx,320,2,173,52.682737998111406,18.981549516956548,1,0.8510751724243164,52.35
bench_detect_20260905_2011,onnx,320,2,174,52.58649700044771,19.016288534896823,1,0.8851991891860962,52.35
bench_detect_20260905_2011,onnx,320,2,175,52.702551998663694,18.974413231931457,1,0.8513922095298767,51.8
bench_detect_20260905_2011,onnx,320,2,176,52.65473799954634,18.99164325931345,1,0.8597127199172974,52.35
bench_detect_20260905_2011,onnx,320,2,177,52.70705300063128,18.97279288197014,1,0.8755233883857727,52.35
bench_detect_20260905_2011,onnx,320,2,178,52.59873700197204,19.011863344979325,1,0.8519038558006287,52.35
bench_detect_20260905_2011,onnx,320,2,179,52.60682999869459,19.008938573656966,1,0.8696874380111694,51.8
bench_detect_20260905_2011,onnx,320,2,180,52.66382999980124,18.988364499957072,1,0.8505018353462219,51.8
bench_detect_20260905_2011,onnx,320,2,181,53.099518998351414,18.83256230684589,2,0.8461754322052002,52.35
bench_detect_20260905_2011,onnx,320,2,182,52.86788699959288,18.915074097962354,2,0.8419406414031982,52.9
bench_detect_20260905_2011,onnx,320,2,183,52.93777699989732,18.89010186434424,5,0.8549066781997681,52.35
bench_detect_20260905_2011,onnx,320,2,184,52.737794001586735,18.96173359033396,1,0.8568239808082581,52.9
bench_detect_20260905_2011,onnx,320,2,185,52.651699999842094,18.99273907590826,1,0.8576630353927612,51.8
bench_detect_20260905_2011,onnx,320,2,186,52.558755000063684,19.02632587089988,1,0.8386847972869873,52.35
bench_detect_20260905_2011,onnx,320,2,187,52.599292001104914,19.011662742133367,1,0.8484182953834534,51.25
bench_detect_20260905_2011,onnx,320,2,188,53.77022700122325,18.597652562955528,2,0.8442742824554443,52.9
bench_detect_20260905_2011,onnx,320,2,189,52.86284999965574,18.91687640765703,2,0.8330254554748535,51.8
bench_detect_20260905_2011,onnx,320,2,190,52.67005300265737,18.986121011679007,1,0.8503501415252686,51.25
bench_detect_20260905_2011,onnx,320,2,191,52.63336700227228,18.999354534108146,1,0.8418044447898865,52.9
bench_detect_20260905_2011,onnx,320,2,192,52.608663001592504,19.00827625993326,1,0.8623040914535522,52.9
bench_detect_20260905_2011,onnx,320,2,193,52.6809039984073,18.982210328627485,1,0.8386180400848389,52.35
bench_detect_20260905_2011,onnx,320,2,194,52.595903998735594,19.01288739184025,1,0.8400099277496338,51.8
bench_detect_20260905_2011,onnx,320,2,195,52.635162999649765,18.998706245227243,1,0.8514866828918457,52.9
bench_detect_20260905_2011,onnx,320,2,196,52.6974779968441,18.976240192365317,1,0.8658443093299866,52.35
bench_detect_20260905_2011,onnx,320,2,197,52.65390400018077,18.991944073065632,1,0.8718959093093872,52.35
bench_detect_20260905_2011,onnx,320,2,198,52.790052999625914,18.942962607123853,3,0.8199459314346313,52.35
bench_detect_20260905_2011,onnx,320,2,199,52.7507560000231,18.957074283438935,1,0.8561657071113586,52.9
bench_detect_20260905_2011,onnx,320,2,200,53.30137200144236,18.761243143477422,2,0.856456995010376,52.9
bench_detect_20260905_2011,onnx,320,2,201,52.71088600056828,18.971413229313182,1,0.8526103496551514,51.25
bench_detect_20260905_2011,onnx,320,2,202,52.802053000050364,18.938657555588723,1,0.8289915919303894,51.25
bench_detect_20260905_2011,onnx,320,2,203,52.66175599899725,18.98911232696155,1,0.8851549625396729,51.25
bench_detect_20260905_2011,onnx,320,2,204,52.59964399738237,19.011535516281537,1,0.8712186813354492,52.35
bench_detect_20260905_2011,onnx,320,2,205,52.586811001674505,19.016174986693095,1,0.8585206866264343,52.35
bench_detect_20260905_2011,onnx,320,2,206,52.665810999315,18.987650261628108,2,0.873018741607666,51.25
bench_detect_20260905_2011,onnx,320,2,207,54.03733999992255,18.50572215437387,2,0.8729461431503296,52.35
bench_detect_20260905_2011,onnx,320,2,208,52.76184900139924,18.953088622301316,2,0.8461097478866577,52.35
bench_detect_20260905_2011,onnx,320,2,209,52.58064399822615,19.01840532865546,1,0.8417419195175171,52.9
bench_detect_20260905_2011,onnx,320,2,210,52.673681999294786,18.984812947258714,1,0.8277000188827515,51.8
bench_detect_20260905_2011,onnx,320,2,211,52.72214599972358,18.967361457654683,1,0.8859622478485107,53.45
bench_detect_20260905_2011,onnx,320,2,212,52.70201500024996,18.974606568558283,1,0.8465409874916077,52.35
bench_detect_20260905_2011,onnx,320,2,213,52.61668199818814,19.005379321228105,2,0.855812132358551,52.35
bench_detect_20260905_2011,onnx,320,2,214,52.682699999422766,18.98156320786438,2,0.8870669007301331,52.35
bench_detect_20260905_2011,onnx,320,2,215,52.732126001501456,18.963771723740603,1,0.8538153171539307,52.9
bench_detect_20260905_2011,onnx,320,2,216,52.79671999960556,18.940570550736314,1,0.8564086556434631,52.9
bench_detect_20260905_2011,onnx,320,2,217,52.661514997453196,18.989199229235272,1,0.8331515789031982,52.35
bench_detect_20260905_2011,onnx,320,2,218,52.641736998339184,18.996333651215753,1,0.8484243154525757,52.35
bench_detect_20260905_2011,onnx,320,2,219,52.97753600098076,18.87592507098645,1,0.815571665763855,52.35
bench_detect_20260905_2011,onnx,320,2,220,52.86109000007855,18.917506241330138,1,0.8427597880363464,52.35
bench_detect_20260905_2011,onnx,320,2,221,52.775812000618316,18.948074166784664,1,0.8437724113464355,52.9
bench_detect_20260905_2011,onnx,320,2,222,52.59877400021651,19.0118499719382,1,0.8694509267807007,52.9
bench_detect_20260905_2011,onnx,320,2,223,52.57705099938903,19.01970500421601,1,0.8678352236747742,52.9
bench_detect_20260905_2011,onnx,320,2,224,52.62651500015636,19.001828260849667,2,0.8572405576705933,52.9
bench_detect_20260905_2011,onnx,320,2,225,52.678830001241295,18.982957669645216,1,0.8517130017280579,51.8
bench_detect_20260905_2011,onnx,320,2,226,53.8592470002186,18.566913867101434,1,0.8401913642883301,52.9
bench_detect_20260905_2011,onnx,320,2,227,52.987942999607185,18.872217779946908,5,0.8344098925590515,52.35
bench_detect_20260905_2011,onnx,320,2,228,52.98431399933179,18.87351037540302,4,0.8795956373214722,52.9
bench_detect_20260905_2011,onnx,320,2,229,52.756034001504304,18.955177714296827,1,0.8685336112976074,51.25
bench_detect_20260905_2011,onnx,320,2,230,52.62655200203881,19.001814900608707,1,0.8456904888153076,52.9
bench_detect_20260905_2011,onnx,320,2,231,52.66975600170554,18.98622807304477,1,0.8419914841651917,51.25
bench_detect_20260905_2011,onnx,320,2,232,52.68512600014219,18.98068916068078,1,0.858603835105896,52.9
bench_detect_20260905_2011,onnx,320,2,233,52.732644999196054,18.96358508121953,1,0.8517662286758423,52.9
bench_detect_20260905_2011,onnx,320,2,234,52.7032190002501,18.974173095485014,1,0.8578277826309204,52.9
bench_detect_20260905_2011,onnx,320,2,235,52.84620100064785,18.922836099187922,1,0.856397271156311,52.35
bench_detect_20260905_2011,onnx,320,2,236,52.668663000076776,18.986622083012477,1,0.8546581268310547,52.9
bench_detect_20260905_2011,onnx,320,2,237,52.73018200023216,18.96447086026741,1,0.8474240303039551,52.35
bench_detect_20260905_2011,onnx,320,2,238,53.71852199823479,18.6155531239832,5,0.841052770614624,52.9
bench_detect_20260905_2011,onnx,320,2,239,52.81288599871914,18.934772851160847,1,0.8312458992004395,52.9
bench_detect_20260905_2011,onnx,320,2,240,52.67901499973959,18.982891005174324,2,0.8532493114471436,52.35
bench_detect_20260905_2011,onnx,320,2,241,52.67831099990872,18.983144695009923,1,0.8619822263717651,51.8
bench_detect_20260905_2011,onnx,320,2,242,52.66864399891347,18.986628932778856,1,0.8782301545143127,53.45
bench_detect_20260905_2011,onnx,320,2,243,52.644662999227876,18.995277831195665,2,0.8465735912322998,52.35
bench_detect_20260905_2011,onnx,320,2,244,52.60543999975198,19.009440848792725,1,0.8494187593460083,51.8
bench_detect_20260905_2011,onnx,320,2,245,53.95596900052624,18.533630634828317,1,0.8278065323829651,51.8
bench_detect_20260905_2011,onnx,320,2,246,52.71397799879196,18.970300439532696,1,0.8509260416030884,52.9
bench_detect_20260905_2011,onnx,320,2,247,52.729459002875956,18.964730890666985,1,0.8441861271858215,52.9
bench_detect_20260905_2011,onnx,320,2,248,52.5904400019499,19.014862776636264,1,0.8583798408508301,51.8
bench_detect_20260905_2011,onnx,320,2,249,52.6229040006001,19.003132172040452,1,0.8420446515083313,52.9
bench_detect_20260905_2011,onnx,320,2,250,52.73829300131183,18.961554178007347,1,0.8569331169128418,52.35
bench_detect_20260905_2011,onnx,320,2,251,52.64105199967162,18.99658084352566,1,0.8843919038772583,52.9
bench_detect_20260905_2011,onnx,320,2,252,52.65086599683855,18.99303992568794,1,0.8616536855697632,51.8
bench_detect_20260905_2011,onnx,320,2,253,52.69040300117922,18.978788224064633,2,0.8789486289024353,51.8
bench_detect_20260905_2011,onnx,320,2,254,52.7954419994785,18.941029038262013,2,0.8415122032165527,51.8
bench_detect_20260905_2011,onnx,320,2,255,52.66856999878655,18.98665560927588,1,0.8464040756225586,52.9
bench_detect_20260905_2011,onnx,320,2,256,52.655421997769736,18.99139655631961,1,0.8408629894256592,52.9
bench_detect_20260905_2011,onnx,320,2,257,53.44737199993688,18.709993823478936,1,0.8286349773406982,52.9
bench_detect_20260905_2011,onnx,320,2,258,52.69973699978436,18.975426765490155,1,0.8297357559204102,52.35
bench_detect_20260905_2011,onnx,320,2,259,52.783756000280846,18.94522246568962,1,0.8656474351882935,52.9
bench_detect_20260905_2011,onnx,320,2,260,52.64975600221078,18.993440348669605,1,0.8580819964408875,52.35
bench_detect_20260905_2011,onnx,320,2,261,52.54484700344619,19.03136191327028,1,0.8505577445030212,52.9
bench_detect_20260905_2011,onnx,320,2,262,52.53217999779736,19.03595091697945,1,0.8533304929733276,51.8
bench_detect_20260905_2011,onnx,320,2,263,52.55460599801154,19.02782793268084,1,0.8570945262908936,52.35
bench_detect_20260905_2011,onnx,320,2,264,54.08371099838405,18.489855476631007,1,0.8794301748275757,52.35
bench_detect_20260905_2011,onnx,320,2,265,52.76610799774062,18.95155883096056,1,0.8602474927902222,53.45
bench_detect_20260905_2011,onnx,320,2,266,52.64506999810692,18.99513097875944,1,0.8582555651664734,51.25
bench_detect_20260905_2011,onnx,320,2,267,52.68214500028989,18.981763176015278,1,0.865479588508606,52.35
bench_detect_20260905_2011,onnx,320,2,268,52.628440000262344,19.001133227490975,1,0.861156165599823,53.45
bench_detect_20260905_2011,onnx,320,2,269,52.74253300012788,18.96002984910822,1,0.8619387149810791,52.9
bench_detect_20260905_2011,onnx,320,2,270,52.70914499851642,18.972039861928067,2,0.8400784134864807,51.8
bench_detect_20260905_2011,onnx,320,2,271,52.602662002755096,19.010444755583364,1,0.8371187448501587,51.25
bench_detect_20260905_2011,onnx,320,2,272,52.64631099998951,18.994683217219137,1,0.8488032817840576,51.25
bench_detect_20260905_2011,onnx,320,2,273,52.806701001827605,18.93699059074701,2,0.8158573508262634,52.35
bench_detect_20260905_2011,onnx,320,2,274,52.77164500148501,18.94957036059535,1,0.8487420082092285,53.45
bench_detect_20260905_2011,onnx,320,2,275,52.69405199942412,18.97747396633929,1,0.8291550874710083,52.9
bench_detect_20260905_2011,onnx,320,2,276,53.463464999367716,18.704361941595565,1,0.8489717245101929,52.9
bench_detect_20260905_2011,onnx,320,2,277,52.679587999591604,18.982684526837083,1,0.8552470207214355,52.9
bench_detect_20260905_2011,onnx,320,2,278,52.614107000408694,19.00630946738737,1,0.8604497313499451,52.35
bench_detect_20260905_2011,onnx,320,2,279,52.621217000705656,19.003741399340687,1,0.8679122924804688,51.25
bench_detect_20260905_2011,onnx,320,2,280,52.643384002294624,18.99573933082288,1,0.8723326921463013,52.35
bench_detect_20260905_2011,onnx,320,2,281,52.67799600187573,18.98325820831135,1,0.8336538076400757,52.35
bench_detect_20260905_2011,onnx,320,2,282,52.65529200187302,18.99144344246403,1,0.8568246364593506,52.35
bench_detect_20260905_2011,onnx,320,2,283,54.13546999989194,18.472177298950136,2,0.8761523962020874,52.9
bench_detect_20260905_2011,onnx,320,2,284,52.758977999474155,18.954119998495173,1,0.8300376534461975,52.9
bench_detect_20260905_2011,onnx,320,2,285,52.690032996906666,18.978921498468374,1,0.8447681665420532,53.45
bench_detect_20260905_2011,onnx,320,2,286,52.61134700049297,19.00730654150767,1,0.8294003009796143,52.9
bench_detect_20260905_2011,onnx,320,2,287,52.67423700206564,18.98461291353465,2,0.8633768558502197,52.9
bench_detect_20260905_2011,onnx,320,2,288,52.642476999608334,18.996066617599322,2,0.8735128045082092,52.9
bench_detect_20260905_2011,onnx,320,2,289,52.73273700004211,18.96355199615756,1,0.8729038238525391,52.35
bench_detect_20260905_2011,onnx,320,2,290,52.674292001029244,18.984593091074867,1,0.8616001605987549,52.9
bench_detect_20260905_2011,onnx,320,2,291,52.613773001212394,19.006430121956026,1,0.8638525009155273,52.9
bench_detect_20260905_2011,onnx,320,2,292,52.69995900016511,18.975346830855543,1,0.876720666885376,52.9
bench_detect_20260905_2011,onnx,320,2,293,52.83268200219027,18.927678136017082,3,0.8435391187667847,53.45
bench_detect_20260905_2011,onnx,320,2,294,52.678811000077985,18.982964516767844,1,0.8659917712211609,52.9
bench_detect_20260905_2011,onnx,320,2,295,53.26011099896277,18.77577761750205,1,0.834362268447876,53.45
bench_detect_20260905_2011,onnx,320,2,296,52.714811001351336,18.97000066972383,1,0.8745190501213074,51.8
bench_detect_20260905_2011,onnx,320,2,297,52.80882999795722,18.936227143049422,1,0.8219640254974365,52.9
bench_detect_20260905_2011,onnx,320,2,298,52.65501399844652,18.991543711858153,1,0.8345670700073242,52.9
bench_detect_20260905_2011,onnx,320,2,299,52.715311001520604,18.96982074090684,1,0.855242133140564,52.9
bench_detect_20260905_2011,onnx,320,2,300,52.6918100003968,18.978281444354813,1,0.8685593605041504,51.8
bench_detect_20260905_2011,onnx,320,2,301,52.705218000483,18.97345344422702,2,0.8362561464309692,52.9
bench_detect_20260905_2011,onnx,320,2,302,54.00650600131485,18.51628764830026,1,0.8392307758331299,53.45
bench_detect_20260905_2011,onnx,320,2,303,52.72305099788355,18.967035880380724,1,0.8752174377441406,52.9
bench_detect_20260905_2011,onnx,320,2,304,52.64736500248546,18.994302942849856,1,0.864077091217041,51.8
bench_detect_20260905_2011,onnx,320,2,305,52.63018000187003,19.00050503274867,1,0.8188387155532837,52.35
bench_detect_20260905_2011,onnx,320,2,306,52.58075500023551,19.018365179342155,1,0.845183253288269,51.8
bench_detect_20260905_2011,onnx,320,2,307,52.687717998196604,18.97975539639481,1,0.876358687877655,52.9
bench_detect_20260905_2011,onnx,320,2,308,52.71056999845314,18.971526963744584,2,0.8537335395812988,52.35
bench_detect_20260905_2011,onnx,320,2,309,52.585346998967,19.016704406640965,2,0.8338170051574707,52.35
bench_detect_20260905_2011,onnx,320,2,310,52.55054999724962,19.029296554504906,1,0.8552501797676086,52.9
bench_detect_20260905_2011,onnx,320,2,311,52.641680998931406,18.996353859222303,1,0.8599085807800293,51.25
bench_detect_20260905_2011,onnx,320,2,312,52.86340399834444,18.916678162293856,1,0.8318243026733398,52.9
bench_detect_20260905_2011,onnx,320,2,313,52.76212600074359,18.9529891192388,1,0.8731364011764526,53.45
bench_detect_20260905_2011,onnx,320,2,314,53.25918500238913,18.776104064587948,2,0.8753018379211426,52.9
bench_detect_20260905_2011,onnx,320,2,315,52.89099699803046,18.906809414790153,1,0.8583499193191528,52.35
bench_detect_20260905_2011,onnx,320,2,316,52.749458998732734,18.957540399116212,1,0.8729783296585083,52.35
bench_detect_20260905_2011,onnx,320,2,317,52.834273999906145,18.927107808877555,3,0.8242826461791992,52.35
bench_detect_20260905_2011,onnx,320,2,318,52.66621800183202,18.987503525793603,1,0.8460519313812256,51.8
bench_detect_20260905_2011,onnx,320,2,319,52.601440002035815,19.010886393248878,1,0.8306981325149536,52.9
bench_detect_20260905_2011,onnx,320,2,320,52.55266099993605,19.028532161315614,1,0.8463257551193237,52.9
bench_detect_20260905_2011,onnx,320,2,321,53.71824500252842,18.615649114242878,1,0.8402522802352905,52.9
bench_detect_20260905_2011,onnx,320,2,322,52.82407099730335,18.93076359167868,1,0.8774834275245667,51.25
bench_detect_20260905_2011,onnx,320,2,323,52.707921000546776,18.9724804359031,1,0.8646566867828369,52.9
bench_detect_20260905_2011,onnx,320,2,324,52.72234799849684,18.96728878669271,1,0.8813580274581909,53.45
bench_detect_20260905_2011,onnx,320,2,325,52.66751399904024,18.987036297521524,1,0.8435973525047302,53.45
bench_detect_20260905_2011,onnx,320,2,326,52.64280999836046,18.99594645557759,1,0.8344623446464539,52.9
bench_detect_20260905_2011,onnx,320,2,327,52.721385000040755,18.96763523946169,2,0.8658978343009949,52.9
bench_detect_20260905_2011,onnx,320,2,328,52.62955099897226,19.00073211758025,1,0.8395219445228577,52.9
bench_detect_20260905_2011,onnx,320,2,329,52.67932900096639,18.982777855459307,2,0.8677598834037781,52.35
bench_detect_20260905_2011,onnx,320,2,330,52.74588500105892,18.958824939233157,2,0.8820549249649048,53.45
bench_detect_20260905_2011,onnx,320,2,331,52.74760699830949,18.95820600983944,2,0.8285723924636841,52.9
bench_detect_20260905_2011,onnx,320,2,332,52.782644001126755,18.945621594451634,2,0.865976095199585,52.9
bench_detect_20260905_2011,onnx,320,2,333,53.721263000625186,18.614603308718976,2,0.8436520099639893,52.9
bench_detect_20260905_2011,onnx,320,2,334,52.76964400036377,18.950288919764297,1,0.8508034348487854,52.9
bench_detect_20260905_2011,onnx,320,2,335,52.67201400056365,18.98541415160808,1,0.8664168119430542,52.35
bench_detect_20260905_2011,onnx,320,2,336,52.70501400082139,18.973526882744313,2,0.8436098098754883,53.45
bench_detect_20260905_2011,onnx,320,2,337,52.69612499978393,18.976727415993118,2,0.8630746006965637,52.9
bench_detect_20260905_2011,onnx,320,2,338,52.704976998938946,18.973540203236062,1,0.8556604385375977,53.45
bench_detect_20260905_2011,onnx,320,2,339,52.62616200343473,19.001955718046347,1,0.8617339134216309,53.45
bench_detect_20260905_2011,onnx,320,2,340,53.769930000271415,18.597755288038357,2,0.8389980792999268,52.9
bench_detect_20260905_2011,onnx,320,2,341,52.86416399758309,18.91640620753445,1,0.8706232905387878,52.9
bench_detect_20260905_2011,onnx,320,2,342,52.74308799926075,18.959830338603155,1,0.8552777171134949,52.35
bench_detect_20260905_2011,onnx,320,2,343,52.59386500256369,19.013624496911476,1,0.8395991325378418,52.9
bench_detect_20260905_2011,onnx,320,2,344,52.65877300189459,18.990188016040964,1,0.8509732484817505,51.8
bench_detect_20260905_2011,onnx,320,2,345,52.61477299791295,19.00606888562774,1,0.857119083404541,52.9
bench_detect_20260905_2011,onnx,320,2,346,52.76910700195003,18.95048176507982,3,0.8500732183456421,53.45
bench_detect_20260905_2011,onnx,320,2,347,52.7577549983107,18.95455938244567,1,0.8424996137619019,52.9
bench_detect_20260905_2011,onnx,320,2,348,52.63606900189188,18.998379228586717,1,0.8412084579467773,52.35
bench_detect_20260905_2011,onnx,320,2,349,52.729143000760814,18.96484454499045,1,0.8396528959274292,52.9
bench_detect_20260905_2011,onnx,320,2,350,52.667551000922685,18.987022958073005,1,0.8626636266708374,53.45
bench_detect_20260905_2011,onnx,320,2,351,53.31503699926543,18.75643451234551,2,0.8553757667541504,52.35
bench_detect_20260905_2011,onnx,320,2,352,53.44477899780031,18.710901583878908,1,0.8384063243865967,53.45
bench_detect_20260905_2011,onnx,320,2,353,53.63481699896511,18.644605425227706,3,0.8422119617462158,53.45
bench_detect_20260905_2011,onnx,320,2,354,52.72699499982991,18.965617137923864,1,0.8769232034683228,52.9
bench_detect_20260905_2011,onnx,320,2,355,52.714514000399504,18.970107549363377,1,0.8588329553604126,51.8
bench_detect_20260905_2011,onnx,320,2,356,52.59579099947587,19.012928240017633,1,0.8368147611618042,52.9
bench_detect_20260905_2011,onnx,320,2,357,52.62593900260981,19.002036238259013,1,0.8390980958938599,52.35
bench_detect_20260905_2011,onnx,320,2,358,52.64017999797943,18.99689552806211,1,0.8519054651260376,52.35
bench_detect_20260905_2011,onnx,320,2,359,53.67979899892816,18.62898182647754,1,0.8597087860107422,51.8
bench_detect_20260905_2011,onnx,320,2,360,52.84953400041559,18.921642714808733,1,0.8595193028450012,52.35
bench_detect_20260905_2011,onnx,320,2,361,52.75749600332347,18.954652433409745,2,0.8436979651451111,52.9
bench_detect_20260905_2011,onnx,320,2,362,52.707901999383466,18.97248727546957,1,0.8437498807907104,52.9
bench_detect_20260905_2011,onnx,320,2,363,52.566641999874264,19.02347119685507,1,0.8233068585395813,52.9
bench_detect_20260905_2011,onnx,320,2,364,52.800254998146556,18.9393024718366,3,0.866729736328125,53.45
bench_detect_20260905_2011,onnx,320,2,365,52.64023600102519,18.99687531759023,1,0.8756990432739258,52.35
bench_detect_20260905_2011,onnx,320,2,366,52.71536600048421,18.969800949324995,2,0.8642492294311523,53.45
bench_detect_20260905_2011,onnx,320,2,367,52.7757739982917,18.94808781075137,1,0.8451611995697021,52.35
bench_detect_20260905_2011,onnx,320,2,368,52.59725299765705,19.01239975487969,1,0.8578401207923889,52.9
bench_detect_20260905_2011,onnx,320,2,369,52.709939001942985,18.971754073992347,2,0.8566800951957703,52.9
bench_detect_20260905_2011,onnx,320,2,370,53.169906001130585,18.807631519580575,1,0.8550174832344055,52.9
bench_detect_20260905_2011,onnx,320,2,371,52.93297900061589,18.891814118158074,3,0.8316969871520996,52.9
bench_detect_20260905_2011,onnx,320,2,372,52.87486700035515,18.912577122761995,3,0.8422040343284607,54.0
bench_detect_20260905_2011,onnx,320,2,373,52.80084799960605,18.939089766275366,2,0.8576520681381226,52.9
bench_detect_20260905_2011,onnx,320,2,374,52.603902000555536,19.009996634649635,1,0.8683739900588989,53.45
bench_detect_20260905_2011,onnx,320,2,375,52.604234999307664,19.00987629633168,1,0.8617998361587524,53.45
bench_detect_20260905_2011,onnx,320,2,376,52.74562499835156,18.958918394298156,2,0.8524225950241089,52.35
bench_detect_20260905_2011,onnx,320,2,377,52.59653099710704,19.012660740971736,1,0.8730734586715698,51.8
bench_detect_20260905_2011,onnx,320,2,378,53.62433600021177,18.648249555874237,1,0.82569420337677,52.9
bench_detect_20260905_2011,onnx,320,2,379,52.79929199969047,18.939647902965486,1,0.8742203712463379,52.35
bench_detect_20260905_2011,onnx,320,2,380,52.6687919991673,18.9865755800097,1,0.8543117046356201,54.0
bench_detect_20260905_2011,onnx,320,2,381,52.616364002460614,19.005494183391974,1,0.8607374429702759,53.45
bench_detect_20260905_2011,onnx,320,2,382,52.601104998757364,19.01100746882834,1,0.8638956546783447,52.9
bench_detect_20260905_2011,onnx,320,2,383,52.587253998353845,19.016014793837748,1,0.8346425294876099,51.25
bench_detect_20260905_2011,onnx,320,2,384,52.628050001658266,19.00127403482536,1,0.860990047454834,53.45
bench_detect_20260905_2011,onnx,320,2,385,52.744550001079915,18.959304799823403,1,0.8447825908660889,52.9
bench_detect_20260905_2011,onnx,320,2,386,52.66349399971659,18.98848564824395,1,0.847050666809082,53.45
bench_detect_20260905_2011,onnx,320,2,387,52.62456899799872,19.002530928814437,1,0.8639630079269409,53.45
bench_detect_20260905_2011,onnx,320,2,388,52.671901998110116,18.985454522524748,1,0.8422858715057373,53.45
bench_detect_20260905_2011,onnx,320,2,389,53.21679500048049,18.791060228090984,1,0.8769081830978394,53.45
bench_detect_20260905_2011,onnx,320,2,390,52.98160800157348,18.874474326454973,2,0.8661627173423767,53.45
bench_detect_20260905_2011,onnx,320,2,391,52.7445700026874,18.959297610143544,2,0.8411420583724976,53.45
bench_detect_20260905_2011,onnx,320,2,392,52.688383002532646,18.979515844164958,2,0.8301206231117249,52.9
bench_detect_20260905_2011,onnx,320,2,393,52.67632799950661,18.98385931550442,1,0.8439439535140991,53.45
bench_detect_20260905_2011,onnx,320,2,394,52.684809001220856,18.98080336547917,1,0.834558367729187,53.45
bench_detect_20260905_2011,onnx,320,2,395,52.70490200200584,18.9735672018125,3,0.8554973602294922,53.45
bench_detect_20260905_2011,onnx,320,2,396,52.64738299956662,18.994296449801347,1,0.8687582015991211,53.45
bench_detect_20260905_2011,onnx,320,2,397,53.397445000882726,18.727487803648074,1,0.8327752947807312,53.45
bench_detect_20260905_2011,onnx,320,2,398,52.86868199982564,18.91478966703384,1,0.8385521769523621,52.9
bench_detect_20260905_2011,onnx,320,2,399,52.81001399998786,18.935802592293005,1,0.8585875034332275,52.9
bench_detect_20260905_2011,onnx,320,2,400,52.721791002113605,18.967489172739032,1,0.8846098184585571,52.9
bench_detect_20260905_2011,onnx,320,2,401,52.648512999439845,18.993888773470953,1,0.8531303405761719,52.9
bench_detect_20260905_2011,onnx,320,2,402,52.688735002448084,18.979389046890894,1,0.865837574005127,53.45
bench_detect_20260905_2011,onnx,320,2,403,52.62314300125581,19.00304586474692,1,0.8337161540985107,53.45
bench_detect_20260905_2011,onnx,320,2,404,52.675957998872036,18.9839926598281,1,0.8399890661239624,52.35
bench_detect_20260905_2011,onnx,320,2,405,52.70275399743696,18.974340506923642,1,0.8456010818481445,54.0
bench_detect_20260905_2011,onnx,320,2,406,52.72625400175457,18.96588367470071,2,0.850563645362854,53.45
bench_detect_20260905_2011,onnx,320,2,407,52.71543900016695,18.969774680181132,2,0.8714017868041992,53.45
bench_detect_20260905_2011,onnx,320,2,408,53.01338600111194,18.863160334241343,1,0.8834720253944397,53.45
bench_detect_20260905_2011,onnx,320,2,409,52.86797699955059,18.91504189782977,1,0.8588637113571167,51.8
bench_detect_20260905_2011,onnx,320,2,410,52.73747599858325,18.961847928157656,1,0.8723987340927124,54.0
bench_detect_20260905_2011,onnx,320,2,411,52.62543799835839,19.0022171412843,1,0.8418090343475342,51.8
bench_detect_20260905_2011,onnx,320,2,412,52.7302909977152,18.964431659277775,1,0.8597445487976074,53.45
bench_detect_20260905_2011,onnx,320,2,413,52.625882999564055,19.002056459713632,1,0.8807274103164673,52.9
bench_detect_20260905_2011,onnx,320,2,414,52.63051300062216,19.000384814569045,1,0.8395074605941772,52.35
bench_detect_20260905_2011,onnx,320,2,415,52.63829000250553,18.99757761797355,1,0.8535925149917603,51.8
bench_detect_20260905_2011,onnx,320,2,416,53.37720400348189,18.734589393906212,1,0.849682629108429,51.8
bench_detect_20260905_2011,onnx,320,2,417,52.931070000340696,18.892495466151797,2,0.8627136945724487,53.45
bench_detect_20260905_2011,onnx,320,2,418,52.69619899991085,18.97670076738726,1,0.843370795249939,52.9
bench_detect_20260905_2011,onnx,320,2,419,52.66069800200057,18.98949383394064,2,0.837120532989502,53.45
bench_detect_20260905_2011,onnx,320,2,420,52.60662400178262,19.009013008820222,1,0.839464545249939,52.9
bench_detect_20260905_2011,onnx,320,2,421,52.69130899978336,18.978461894049957,1,0.8680297136306763,53.45
bench_detect_20260905_2011,onnx,320,2,422,52.57708600038313,19.01969234264358,1,0.8657561540603638,52.9
bench_detect_20260905_2011,onnx,320,2,423,52.635234998888336,18.998680257077226,1,0.8725913763046265,54.0
bench_detect_20260905_2011,onnx,320,2,424,52.65227199924993,18.992532744156712,1,0.8370130062103271,52.9
bench_detect_20260905_2011,onnx,320,2,425,52.632938997703604,18.999509034516016,2,0.8518810868263245,52.9
bench_detect_20260905_2011,onnx,320,2,426,52.733495002030395,18.96327941020213,1,0.8601315021514893,52.35
bench_detect_20260905_2011,onnx,320,2,427,53.448889000719646,18.70946279138816,1,0.8581137657165527,52.9
bench_detect_20260905_2011,onnx,320,2,428,52.77053199824877,18.949970033146258,1,0.8348511457443237,53.45
bench_detect_20260905_2011,onnx,320,2,429,52.693531000841176,18.977661602978106,2,0.842237114906311,53.45
bench_detect_20260905_2011,onnx,320,2,430,52.66545699851122,18.987777890701086,1,0.8286287784576416,52.9
bench_detect_20260905_2011,onnx,320,2,431,52.636623000580585,18.998179271283608,1,0.8634303212165833,51.8
bench_detect_20260905_2011,onnx,320,2,432,52.58117899938952,19.01821182084202,1,0.8606717586517334,52.9
bench_detect_20260905_2011,onnx,320,2,433,52.54843799775699,19.030061370095996,1,0.88245689868927,53.45
bench_detect_20260905_2011,onnx,320,2,434,52.5843450013781,19.01706677099035,1,0.8646353483200073,53.45
bench_detect_20260905_2011,onnx,320,2,435,53.57407599876751,18.665744230903865,1,0.8376504182815552,52.9
bench_detect_20260905_2011,onnx,320,2,436,52.79075400176225,18.942711065779022,1,0.8141570687294006,53.45
bench_detect_20260905_2011,onnx,320,2,437,52.69410500113736,18.977454878082014,2,0.8604079484939575,53.45
bench_detect_20260905_2011,onnx,320,2,438,52.58958700142102,19.01517119678044,1,0.8226958513259888,53.45
bench_detect_20260905_2011,onnx,320,2,439,52.74538300000131,18.959005378726232,2,0.8429867029190063,54.0
bench_detect_20260905_2011,onnx,320,2,440,52.622882001742255,19.00314011625003,1,0.835182785987854,53.45
bench_detect_20260905_2011,onnx,320,2,441,52.590809002140304,19.014729360016172,1,0.8699368238449097,54.0
bench_detect_20260905_2011,onnx,320,2,442,52.61221600085264,19.00699259624027,1,0.869713544845581,52.35
bench_detect_20260905_2011,onnx,320,2,443,52.60771600296721,19.008618430490262,1,0.8405208587646484,52.9
bench_detect_20260905_2011,onnx,320,2,444,52.890846996888286,18.906863035466852,5,0.8622593879699707,53.45
bench_detect_20260905_2011,onnx,320,2,445,52.57684500247706,19.01977952372165,1,0.8496624231338501,52.35
bench_detect_20260905_2011,onnx,320,2,446,53.449832998012425,18.70913235663778,2,0.8594504594802856,52.9
bench_detect_20260905_2011,onnx,320,2,447,52.63745600313996,18.997878619748406,1,0.8734868764877319,53.45
bench_detect_20260905_2011,onnx,320,2,448,52.84955100069055,18.921636628226672,1,0.8319277763366699,52.9
bench_detect_20260905_2011,onnx,320,2,449,52.7282719995128,18.96515781911533,1,0.8626531362533569,53.45
bench_detect_20260905_2011,onnx,320,2,450,52.65977200178895,18.989827756299974,1,0.8464372158050537,53.45
bench_detect_20260905_2011,onnx,320,2,451,52.626307999162236,19.001903002884397,1,0.8443489074707031,53.45
bench_detect_20260905_2011,onnx,320,2,452,52.602752002712805,19.010412229923418,1,0.8658708930015564,52.9
bench_detect_20260905_2011,onnx,320,2,453,52.64730799899553,18.994323508793254,1,0.8469278812408447,53.45
bench_detect_20260905_2011,onnx,320,2,454,53.70620499888901,18.61982242127677,1,0.8483244180679321,53.45
bench_detect_20260905_2011,onnx,320,2,455,52.846550999674946,18.9227107745622,1,0.8843204975128174,52.9
bench_detect_20260905_2011,onnx,320,2,456,52.64697600068757,18.994443289334225,1,0.851589560508728,53.45
bench_detect_20260905_2011,onnx,320,2,457,52.72951200095122,18.964711829344456,1,0.8655155897140503,52.35
bench_detect_20260905_2011,onnx,320,2,458,52.66304899851093,18.988646100385782,1,0.8697941303253174,53.45
bench_detect_20260905_2011,onnx,320,2,459,52.56569700213731,19.023813190555433,1,0.8746864795684814,53.45
bench_detect_20260905_2011,onnx,320,2,460,52.61551200237591,19.005801938311347,1,0.8862434029579163,53.45
bench_detect_20260905_2011,onnx,320,2,461,52.61179000081029,19.007146496718676,1,0.8422231674194336,52.9
bench_detect_20260905_2011,onnx,320,2,462,52.706050002598204,18.973153934903184,1,0.8588041663169861,53.45
bench_detect_20260905_2011,onnx,320,2,463,52.88029100120184,18.910637234906147,4,0.8324226140975952,53.45
bench_detect_20260905_2011,onnx,320,2,464,52.697270999487955,18.976314731928277,1,0.8706239461898804,53.45
bench_detect_20260905_2011,onnx,320,2,465,53.577426999254385,18.664576781821133,2,0.8332051038742065,53.45
bench_detect_20260905_2011,onnx,320,2,466,52.95842200212064,18.88273785725633,1,0.8770017623901367,54.0
bench_detect_20260905_2011,onnx,320,2,467,52.87081099959323,18.91402800701683,1,0.8266116380691528,53.45
bench_detect_20260905_2011,onnx,320,2,468,52.66530899825739,18.987831250227515,1,0.8922709226608276,51.8
bench_detect_20260905_2011,onnx,320,2,469,52.59462299727602,19.013350472191654,1,0.8305662870407104,52.9
bench_detect_20260905_2011,onnx,320,2,470,52.64703099965118,18.9944234463407,1,0.8544994592666626,52.35
bench_detect_20260905_2011,onnx,320,2,471,52.70512299830443,18.973487644306815,1,0.8506186604499817,53.45
bench_detect_20260905_2011,onnx,320,2,472,52.65575300290948,18.991277172405933,1,0.8551936745643616,54.0
bench_detect_20260905_2011,onnx,320,2,473,53.80346500169253,18.586163548547336,3,0.8736374378204346,52.9
bench_detect_20260905_2011,onnx,320,2,474,52.888346999679925,18.907756750386845,1,0.8475969433784485,53.45
bench_detect_20260905_2011,onnx,320,2,475,52.689641997858416,18.97906233716003,1,0.8480261564254761,54.0
bench_detect_20260905_2011,onnx,320,2,476,52.69349399895873,18.977674929276105,1,0.8539003133773804,53.45
bench_detect_20260905_2011,onnx,320,2,477,52.61091899956227,19.007461169958276,1,0.8390684127807617,53.45
bench_detect_20260905_2011,onnx,320,2,478,52.613252999435645,19.006617971535167,2,0.8545066118240356,51.8
bench_detect_20260905_2011,onnx,320,2,479,52.733790998900076,18.963172968559345,1,0.8259896039962769,52.35
bench_detect_20260905_2011,onnx,320,2,480,52.60164100036491,19.010813749956256,1,0.834699273109436,54.0
bench_detect_20260905_2011,onnx,320,2,481,52.79373499797657,18.94164146632791,3,0.8310866951942444,52.35
bench_detect_20260905_2011,onnx,320,2,482,52.67949399785721,18.982718399699817,1,0.8309303522109985,52.35
bench_detect_20260905_2011,onnx,320,2,483,52.7158450022398,18.969628580505763,1,0.8784868717193604,54.0
bench_detect_20260905_2011,onnx,320,2,484,53.32338800144498,18.753497057855768,3,0.8491495847702026,53.45
bench_detect_20260905_2011,onnx,320,2,485,52.70653100160416,18.972980786186902,1,0.8704551458358765,53.45
bench_detect_20260905_2011,onnx,320,2,486,52.79342100038775,18.941754124868236,2,0.8809659481048584,53.45
bench_detect_20260905_2011,onnx,320,2,487,52.8372170010698,18.9260535803722,2,0.8704651594161987,53.45
bench_detect_20260905_2011,onnx,320,2,488,52.696215996547835,18.976694646642382,1,0.8278812170028687,52.9
bench_detect_20260905_2011,onnx,320,2,489,52.78066100072465,18.946333392571013,3,0.8547295928001404,54.0
bench_detect_20260905_2011,onnx,320,2,490,52.63406700032647,18.999101855340143,1,0.8540760278701782,53.45
bench_detect_20260905_2011,onnx,320,2,491,52.66258600022411,18.988813044534965,2,0.8559008836746216,52.9
bench_detect_20260905_2011,onnx,320,2,492,53.614999997080304,18.651496783632503,1,0.8462686538696289,53.45
bench_detect_20260905_2011,onnx,320,2,493,52.914272997441,18.89849266280879,1,0.8562260866165161,53.45
bench_detect_20260905_2011,onnx,320,2,494,52.68662299931748,18.980149857259867,1,0.8666104078292847,53.45
bench_detect_20260905_2011,onnx,320,2,495,52.60851200000616,19.008330819162552,1,0.8520021438598633,53.45
bench_detect_20260905_2011,onnx,320,2,496,52.77390200353693,18.948759936928287,1,0.8411298394203186,53.45
bench_detect_20260905_2011,onnx,320,2,497,52.652067999588326,18.992606330444964,1,0.8631399869918823,53.45
bench_detect_20260905_2011,onnx,320,2,498,52.74288299915497,18.959904031336734,2,0.8622463941574097,53.45
bench_detect_20260905_2011,onnx,320,2,499,52.611863997299224,19.007119763924994,1,0.8653539419174194,52.35
bench_detect_20260905_2011,onnx,320,4,0,35.2377310009615,28.37867171336071,1,0.8550834655761719,54.55
bench_detect_20260905_2011,onnx,320,4,1,42.86217799744918,23.330592301201122,3,0.8578343391418457,55.65
bench_detect_20260905_2011,onnx,320,4,2,35.050877999310615,28.529955797959417,1,0.8758753538131714,55.65
bench_detect_20260905_2011,onnx,320,4,3,34.969173000718,28.596615652862813,1,0.8509515523910522,55.65
bench_detect_20260905_2011,onnx,320,4,4,40.198156999394996,24.87676238527678,1,0.855876624584198,54.55
bench_detect_20260905_2011,onnx,320,4,5,37.74506500121788,26.49352968309192,1,0.884371280670166,55.1
bench_detect_20260905_2011,onnx,320,4,6,49.956509999901755,20.017411144252602,1,0.8368264436721802,54.55
bench_detect_20260905_2011,onnx,320,4,7,35.21537899723626,28.396684303141566,1,0.8481487035751343,55.65
bench_detect_20260905_2011,onnx,320,4,8,35.19800800131634,28.410698695295537,1,0.8877276182174683,55.65
bench_detect_20260905_2011,onnx,320,4,9,35.306638998008566,28.323285035893786,3,0.8540425300598145,55.1
bench_detect_20260905_2011,onnx,320,4,10,35.15641600097297,28.44431013594573,2,0.858015775680542,54.0
bench_detect_20260905_2011,onnx,320,4,11,35.070803001872264,28.51374688930318,1,0.8618462085723877,55.1
bench_detect_20260905_2011,onnx,320,4,12,35.031395997066284,28.545822155752667,1,0.8387951850891113,55.65
bench_detect_20260905_2011,onnx,320,4,13,35.25856399937766,28.36190379215815,2,0.832440197467804,55.65
bench_detect_20260905_2011,onnx,320,4,14,44.37833699921612,22.533516747544272,2,0.8652902841567993,55.1
bench_detect_20260905_2011,onnx,320,4,15,34.900655002275016,28.652757374748827,2,0.8689095973968506,54.55
bench_detect_20260905_2011,onnx,320,4,16,35.03408200049307,28.543633596162902,2,0.8473324775695801,55.65
bench_detect_20260905_2011,onnx,320,4,17,35.02252500038594,28.553052642234682,1,0.81826251745224,55.65
bench_detect_20260905_2011,onnx,320,4,18,35.178472000552574,28.42647628311691,3,0.8362679481506348,56.2
bench_detect_20260905_2011,onnx,320,4,19,42.66206600004807,23.44002749418824,2,0.8896260261535645,55.1
bench_detect_20260905_2011,onnx,320,4,20,36.8211689965392,27.158290387086552,1,0.8766541481018066,55.65
bench_detect_20260905_2011,onnx,320,4,21,35.334416999830864,28.30101880568135,1,0.8423831462860107,56.75
bench_detect_20260905_2011,onnx,320,4,22,35.20521300015389,28.404884242445252,1,0.8750083446502686,55.65
bench_detect_20260905_2011,onnx,320,4,23,35.22986100142589,28.385011225548865,1,0.8670154809951782,55.65
bench_detect_20260905_2011,onnx,320,4,24,51.25355600102921,19.51084135469389,1,0.7938642501831055,55.1
bench_detect_20260905_2011,onnx,320,4,25,34.96837700004107,28.597266610309806,1,0.8483924865722656,55.65
bench_detect_20260905_2011,onnx,320,4,26,34.99748900139821,28.573478513274146,2,0.85230553150177,54.55
bench_detect_20260905_2011,onnx,320,4,27,35.20582399869454,28.404391274497105,3,0.8561877012252808,56.2
bench_detect_20260905_2011,onnx,320,4,28,35.11591500137001,28.477116428860988,2,0.8541820049285889,55.65
bench_detect_20260905_2011,onnx,320,4,29,40.44623300069361,24.724181359061326,1,0.848341703414917,55.65
bench_detect_20260905_2011,onnx,320,4,30,35.27723200022592,28.3468952437537,3,0.8335679173469543,55.1
bench_detect_20260905_2011,onnx,320,4,31,35.22298999814666,28.39054833370527,1,0.8304182887077332,55.1
bench_detect_20260905_2011,onnx,320,4,32,35.13558199847466,28.461176480395654,1,0.8543745875358582,56.2
bench_detect_20260905_2011,onnx,320,4,33,53.54772200007574,18.67493074679415,1,0.8535951972007751,55.1
bench_detect_20260905_2011,onnx,320,4,34,35.46036199986702,28.20050173215237,1,0.8730851411819458,56.75
bench_detect_20260905_2011,onnx,320,4,35,35.238453001511516,28.378090262847408,1,0.8527937531471252,56.2
bench_detect_20260905_2011,onnx,320,4,36,35.033878000831464,28.543799803614856,1,0.8367233276367188,56.75
bench_detect_20260905_2011,onnx,320,4,37,35.07226700094179,28.512556658317727,1,0.8604047298431396,56.75
bench_detect_20260905_2011,onnx,320,4,38,45.50843799734139,21.97394689877996,1,0.854533314704895,55.65
bench_detect_20260905_2011,onnx,320,4,39,34.975653998117195,28.591316692858175,1,0.8680576086044312,56.2
bench_detect_20260905_2011,onnx,320,4,40,43.78536999865901,22.83867876486202,1,0.8315991163253784,56.2
bench_detect_20260905_2011,onnx,320,4,41,34.77765299976454,28.754096776075443,1,0.8532184362411499,56.75
bench_detect_20260905_2011,onnx,320,4,42,35.19717500239494,28.411371081115355,3,0.867016077041626,55.1
bench_detect_20260905_2011,onnx,320,4,43,35.1624159993662,28.439456492922012,1,0.8537070155143738,55.65
bench_detect_20260905_2011,onnx,320,4,44,35.22458299994469,28.389264395310807,1,0.8328506946563721,56.2
bench_detect_20260905_2011,onnx,320,4,45,35.10317399923224,28.48745244580651,1,0.8522932529449463,56.2
bench_detect_20260905_2011,onnx,320,4,46,35.00802500275313,28.564879050485057,1,0.8485376834869385,56.75
bench_detect_20260905_2011,onnx,320,4,47,41.711687998031266,23.974095703036486,3,0.8513431549072266,56.2
bench_detect_20260905_2011,onnx,320,4,48,34.948857999552274,28.613238235504316,1,0.8661336302757263,55.65
bench_detect_20260905_2011,onnx,320,4,49,35.04385799897136,28.535670930676435,1,0.8348678350448608,56.75
bench_detect_20260905_2011,onnx,320,4,50,35.117303999868454,28.475990070415026,1,0.8740547299385071,56.2
bench_detect_20260905_2011,onnx,320,4,51,35.3556390000449,28.284031296923526,2,0.8697801828384399,56.75
bench_detect_20260905_2011,onnx,320,4,52,35.15634100040188,28.44437081744567,1,0.8514136075973511,56.2
bench_detect_20260905_2011,onnx,320,4,53,35.272156997962156,28.350973830655576,1,0.868737518787384,55.1
bench_detect_20260905_2011,onnx,320,4,54,35.134934001689544,28.461701392463485,1,0.8560134172439575,55.65
bench_detect_20260905_2011,onnx,320,4,55,43.86724099822459,22.796054122493647,1,0.8827567100524902,56.2
bench_detect_20260905_2011,onnx,320,4,56,34.96907999942778,28.596691706397873,1,0.871497631072998,56.75
bench_detect_20260905_2011,onnx,320,4,57,35.288064002088504,28.338193898673943,1,0.8469417691230774,56.2
bench_detect_20260905_2011,onnx,320,4,58,35.16287800084683,28.43908282979331,1,0.8606359958648682,56.2
bench_detect_20260905_2011,onnx,320,4,59,35.31276899957447,28.318368350328182,2,0.8575255870819092,56.2
bench_detect_20260905_2011,onnx,320,4,60,35.05798900005175,28.524168913354497,1,0.8670728206634521,55.65
bench_detect_20260905_2011,onnx,320,4,61,40.68669800108182,24.578057427354043,1,0.8642690181732178,55.65
bench_detect_20260905_2011,onnx,320,4,62,35.401453998929355,28.24742735228454,3,0.8900691270828247,56.75
bench_detect_20260905_2011,onnx,320,4,63,35.07100700153387,28.513581031655686,1,0.8138210773468018,55.65
bench_detect_20260905_2011,onnx,320,4,64,34.9875259998953,28.581615059121145,1,0.8523718118667603,56.75
bench_detect_20260905_2011,onnx,320,4,65,35.056488999543944,28.52538940830638,1,0.831641674041748,56.2
bench_detect_20260905_2011,onnx,320,4,66,34.98311699877377,28.585217264517972,1,0.8584330081939697,56.75
bench_detect_20260905_2011,onnx,320,4,67,44.03053900023224,22.71150939112341,1,0.8626172542572021,56.75
bench_detect_20260905_2011,onnx,320,4,68,34.935118001158116,28.62449183560363,1,0.8324653506278992,56.2
bench_detect_20260905_2011,onnx,320,4,69,34.97202500147978,28.59428357258943,1,0.8624890446662903,56.75
bench_detect_20260905_2011,onnx,320,4,70,35.1566190001904,28.444145894535083,1,0.8551887273788452,55.65
bench_detect_20260905_2011,onnx,320,4,71,35.31889800069621,28.313454173465093,2,0.8453742861747742,56.75
bench_detect_20260905_2011,onnx,320,4,72,35.16430399758974,28.43792955687514,1,0.8566012382507324,56.75
bench_detect_20260905_2011,onnx,320,4,73,35.008266000659205,28.56468240903934,1,0.8628569841384888,57.3
bench_detect_20260905_2011,onnx,320,4,74,45.07952700078022,22.183018911948487,1,0.8649661540985107,55.65
bench_detect_20260905_2011,onnx,320,4,75,35.242044999904465,28.375197863878522,1,0.8268184065818787,56.2
bench_detect_20260905_2011,onnx,320,4,76,35.08522999982233,28.50202207610051,1,0.8440911173820496,57.3
bench_detect_20260905_2011,onnx,320,4,77,35.01019199757138,28.563110995488653,1,0.8497850894927979,57.3
bench_detect_20260905_2011,onnx,320,4,78,35.12043299997458,28.47345304657046,1,0.8319575786590576,56.2
bench_detect_20260905_2011,onnx,320,4,79,35.30093500012299,28.327861570706723,1,0.8789679408073425,56.75
bench_detect_20260905_2011,onnx,320,4,80,35.17849000127171,28.426461737381274,1,0.8601322174072266,57.3
bench_detect_20260905_2011,onnx,320,4,81,35.107432999211596,28.483996537783234,2,0.8480328321456909,56.75
bench_detect_20260905_2011,onnx,320,4,82,34.95546900012414,28.60782671794358,1,0.8538399338722229,56.75
bench_detect_20260905_2011,onnx,320,4,83,35.092210997390794,28.496352084351507,2,0.8591510057449341,56.2
bench_detect_20260905_2011,onnx,320,4,84,35.02021099848207,28.554939318993377,1,0.8425633907318115,57.3
bench_detect_20260905_2011,onnx,320,4,85,35.18454499862855,28.421569755669108,2,0.837370753288269,56.2
bench_detect_20260905_2011,onnx,320,4,86,44.30211400176631,22.572286278711896,1,0.8648216724395752,55.1
bench_detect_20260905_2011,onnx,320,4,87,35.247970998170786,28.37042733755925,1,0.8321530222892761,57.3
bench_detect_20260905_2011,onnx,320,4,88,35.23313799814787,28.38237116582031,2,0.8467687368392944,56.75
bench_detect_20260905_2011,onnx,320,4,89,41.299314001662424,24.21347724951913,3,0.8566588759422302,57.3
bench_detect_20260905_2011,onnx,320,4,90,35.429379997367505,28.225162282667736,2,0.8802833557128906,57.3
bench_detect_20260905_2011,onnx,320,4,91,35.29830499974196,28.329972218419844,3,0.8407907485961914,56.75
bench_detect_20260905_2011,onnx,320,4,92,35.54956600055448,28.12973862984439,1,0.8410496711730957,57.3
bench_detect_20260905_2011,onnx,320,4,93,35.14617399923736,28.452599137012722,2,0.8486853837966919,57.3
bench_detect_20260905_2011,onnx,320,4,94,35.02047000074526,28.55472813410897,1,0.8705060482025146,56.75
bench_detect_20260905_2011,onnx,320,4,95,34.99363599985372,28.576624618378613,1,0.8714585304260254,57.3
bench_detect_20260905_2011,onnx,320,4,96,35.0688580001588,28.515328329068254,1,0.851591944694519,56.75
bench_detect_20260905_2011,onnx,320,4,97,35.15932200025418,28.441959147925854,4,0.8413538932800293,56.75
bench_detect_20260905_2011,onnx,320,4,98,34.95341300003929,28.60950946332125,1,0.857710063457489,56.75
bench_detect_20260905_2011,onnx,320,4,99,35.2488419994188,28.369726302398487,1,0.8929308652877808,56.2
bench_detect_20260905_2011,onnx,320,4,100,35.024155000428436,28.551723802837426,1,0.8631898760795593,57.3
bench_detect_20260905_2011,onnx,320,4,101,35.105581002426334,28.48549921252933,2,0.8618959188461304,57.3
bench_detect_20260905_2011,onnx,320,4,102,37.10698500071885,26.949104056301735,1,0.8216463327407837,57.3
bench_detect_20260905_2011,onnx,320,4,103,35.202414997911546,28.40714195487233,1,0.8684120178222656,56.75
bench_detect_20260905_2011,onnx,320,4,104,38.553662998310756,25.937872622993446,1,0.8401709794998169,56.2
bench_detect_20260905_2011,onnx,320,4,105,35.25724899736815,28.36296161605368,2,0.847102701663971,57.85
bench_detect_20260905_2011,onnx,320,4,106,35.17661899968516,28.42797370631186,2,0.8616288304328918,56.75
bench_detect_20260905_2011,onnx,320,4,107,35.19824800241622,28.41050497545656,2,0.8417825698852539,56.75
bench_detect_20260905_2011,onnx,320,4,108,35.08695200071088,28.500623251051827,2,0.8494701385498047,57.85
bench_detect_20260905_2011,onnx,320,4,109,35.02724800273427,28.549202607122854,1,0.8568058013916016,57.3
bench_detect_20260905_2011,onnx,320,4,110,35.074062001513084,28.511097458767686,1,0.8377731442451477,57.3
bench_detect_20260905_2011,onnx,320,4,111,34.77878299963777,28.753162524704077,1,0.8630433082580566,55.65
bench_detect_20260905_2011,onnx,320,4,112,35.12295200198423,28.47141094357633,1,0.8539282083511353,57.3
bench_detect_20260905_2011,onnx,320,4,113,45.6081060001452,21.92592693932119,1,0.8458281755447388,55.65
bench_detect_20260905_2011,onnx,320,4,114,34.91543199925218,28.640630882682995,1,0.8404713869094849,56.2
bench_detect_20260905_2011,onnx,320,4,115,35.310527000547154,28.320166390733974,1,0.8264826536178589,56.2
bench_detect_20260905_2011,onnx,320,4,116,35.27889800170669,28.34555659736375,2,0.862244725227356,57.85
bench_detect_20260905_2011,onnx,320,4,117,37.35545000017737,26.76985553634749,3,0.8603709936141968,56.75
bench_detect_20260905_2011,onnx,320,4,118,39.664283001911826,25.21159905882579,3,0.8542906641960144,57.3
bench_detect_20260905_2011,onnx,320,4,119,35.349824000149965,28.28868398314395,2,0.8776813745498657,57.85
bench_detect_20260905_2011,onnx,320,4,120,35.20608200051356,28.40418311771849,1,0.8844536542892456,56.2
bench_detect_20260905_2011,onnx,320,4,121,35.19397099807975,28.413957608096055,1,0.8508932590484619,57.85
bench_detect_20260905_2011,onnx,320,4,122,35.19843400135869,28.410354845939995,2,0.8719526529312134,57.3
bench_detect_20260905_2011,onnx,320,4,123,35.13093299989123,28.46494284689496,1,0.8257941007614136,56.75
bench_detect_20260905_2011,onnx,320,4,124,41.49448099997244,24.099590497364318,1,0.8709887266159058,57.85
bench_detect_20260905_2011,onnx,320,4,125,36.78479800146306,27.185143165941174,2,0.8750271797180176,57.85
bench_detect_20260905_2011,onnx,320,4,126,35.058784000284504,28.52352209340418,2,0.8379457592964172,56.75
bench_detect_20260905_2011,onnx,320,4,127,35.07756300314213,28.508251839229064,1,0.8637406826019287,57.3
bench_detect_20260905_2011,onnx,320,4,128,35.085785002593184,28.501571218260906,2,0.8753691911697388,56.75
bench_detect_20260905_2011,onnx,320,4,129,45.51841899956344,21.969128585278654,1,0.8563803434371948,57.3
bench_detect_20260905_2011,onnx,320,4,130,36.67368499736767,27.26750802576226,2,0.8551349639892578,56.75
bench_detect_20260905_2011,onnx,320,4,131,43.409958998381626,23.036188539991045,1,0.7960423231124878,57.3
bench_detect_20260905_2011,onnx,320,4,132,35.18956399784656,28.41751605848812,1,0.8481728434562683,57.3
bench_detect_20260905_2011,onnx,320,4,133,34.994802001165226,28.57567246606233,1,0.8440189361572266,57.85
bench_detect_20260905_2011,onnx,320,4,134,35.121026001434075,28.4729722861504,1,0.8516858816146851,56.2
bench_detect_20260905_2011,onnx,320,4,135,35.41113900064374,28.239701636872535,1,0.871129035949707,57.3
bench_detect_20260905_2011,onnx,320,4,136,35.27580499940086,28.348041951614835,1,0.8716508746147156,57.3
bench_detect_20260905_2011,onnx,320,4,137,35.40688000066439,28.243098515916557,2,0.8611499071121216,58.4
bench_detect_20260905_2011,onnx,320,4,138,35.160154999175575,28.441285313544487,1,0.8727248907089233,57.3
bench_detect_20260905_2011,onnx,320,4,139,35.29976700156112,28.32879888288711,2,0.8595873117446899,57.85
bench_detect_20260905_2011,onnx,320,4,140,34.91759900134639,28.638853432088528,1,0.847671389579773,58.4
bench_detect_20260905_2011,onnx,320,4,141,35.093396003503585,28.495389842013694,1,0.8592525124549866,57.85
bench_detect_20260905_2011,onnx,320,4,142,35.027433001232566,28.549051823603843,1,0.8423335552215576,56.75
bench_detect_20260905_2011,onnx,320,4,143,42.69786100121564,23.420376959200116,1,0.8494384288787842,56.2
bench_detect_20260905_2011,onnx,320,4,144,35.20671099977335,28.403675651680093,3,0.8744773268699646,57.3
bench_detect_20260905_2011,onnx,320,4,145,41.83679899870185,23.90240228539064,1,0.8653944730758667,56.2
bench_detect_20260905_2011,onnx,320,4,146,35.51415800029645,28.157784283993237,1,0.8653128743171692,56.75
bench_detect_20260905_2011,onnx,320,4,147,35.510918001818936,28.160353386211476,3,0.8448787927627563,57.85
bench_detect_20260905_2011,onnx,320,4,148,35.28817500045989,28.33810476135328,1,0.8455986976623535,57.85
bench_detect_20260905_2011,onnx,320,4,149,35.14045200063265,28.457232137537574,1,0.8549525737762451,57.85
bench_detect_20260905_2011,onnx,320,4,150,35.14415500103496,28.4542337117097,1,0.8333730101585388,56.75
bench_detect_20260905_2011,onnx,320,4,151,35.189803998946445,28.417322245669205,2,0.857277512550354,57.85
bench_detect_20260905_2011,onnx,320,4,152,35.07911800261354,28.50698811542228,2,0.8574245572090149,57.3
bench_detect_20260905_2011,onnx,320,4,153,43.601793000561884,22.93483664736249,1,0.8385027647018433,57.3
bench_detect_20260905_2011,onnx,320,4,154,35.17289700175752,28.430981956079194,1,0.8383744955062866,57.85
bench_detect_20260905_2011,onnx,320,4,155,35.072044000116875,28.51273795153392,1,0.845451831817627,57.85
bench_detect_20260905_2011,onnx,320,4,156,35.014801997022005,28.55935041657667,1,0.8644115924835205,56.75
bench_detect_20260905_2011,onnx,320,4,157,44.69322799923248,22.374754403892535,1,0.8561155200004578,57.3
bench_detect_20260905_2011,onnx,320,4,158,35.132209999574115,28.463908191717014,1,0.8688502311706543,56.75
bench_detect_20260905_2011,onnx,320,4,159,35.142378001182806,28.455672520691184,1,0.8725248575210571,57.85
bench_detect_20260905_2011,onnx,320,4,160,35.118858999339864,28.47472920514864,1,0.8681576251983643,57.85
bench_detect_20260905_2011,onnx,320,4,161,35.05871100060176,28.52358148543555,1,0.8540060520172119,56.75
bench_detect_20260905_2011,onnx,320,4,162,42.88641799939796,23.317405524845604,1,0.8380343914031982,57.3
bench_detect_20260905_2011,onnx,320,4,163,35.203229999751784,28.406484291556513,1,0.8509296178817749,57.85
bench_detect_20260905_2011,onnx,320,4,164,35.19086000233074,28.416469501847033,1,0.8621963858604431,57.85
bench_detect_20260905_2011,onnx,320,4,165,35.07271000125911,28.512196518720682,1,0.8689948320388794,57.85
bench_detect_20260905_2011,onnx,320,4,166,35.733790002268506,27.984716984582843,2,0.8491407632827759,56.75
bench_detect_20260905_2011,onnx,320,4,167,35.30654600035632,28.3233596395951,1,0.8458758592605591,57.85
bench_detect_20260905_2011,onnx,320,4,168,35.07145100229536,28.513220052815946,1,0.8918617963790894,57.3
bench_detect_20260905_2011,onnx,320,4,169,35.14382199864485,28.4545033274571,1,0.8665488362312317,57.85
bench_detect_20260905_2011,onnx,320,4,170,35.125062000588514,28.46970063663504,3,0.8640733957290649,56.2
bench_detect_20260905_2011,onnx,320,4,171,44.07175999949686,22.690266964864037,1,0.8532889485359192,57.85
bench_detect_20260905_2011,onnx,320,4,172,34.83946800042759,28.70307893299998,1,0.8629355430603027,57.85
bench_detect_20260905_2011,onnx,320,4,173,42.12111599917989,23.741061372150497,1,0.8510751724243164,57.3
bench_detect_20260905_2011,onnx,320,4,174,35.26580499965348,28.356080344963793,1,0.8851989507675171,57.85
bench_detect_20260905_2011,onnx,320,4,175,35.06148800079245,28.521322311745532,1,0.8513919711112976,57.85
bench_detect_20260905_2011,onnx,320,4,176,35.08113599673379,28.50534829012106,1,0.8597127795219421,56.75
bench_detect_20260905_2011,onnx,320,4,177,35.03009900305187,28.546879068565538,1,0.8755233287811279,57.3
bench_detect_20260905_2011,onnx,320,4,178,35.054081003181636,28.52734892434454,1,0.8519039154052734,57.85
bench_detect_20260905_2011,onnx,320,4,179,43.76949899960891,22.84696016303351,1,0.8696874380111694,57.85
bench_detect_20260905_2011,onnx,320,4,180,35.03695000108564,28.541297115445676,1,0.8505019545555115,56.75
bench_detect_20260905_2011,onnx,320,4,181,35.25424899999052,28.36537519208731,2,0.8461754322052002,57.85
bench_detect_20260905_2011,onnx,320,4,182,35.24632300104713,28.371753841394778,2,0.8419405221939087,57.3
bench_detect_20260905_2011,onnx,320,4,183,35.33554499881575,28.30011536636875,5,0.8549065589904785,57.3
bench_detect_20260905_2011,onnx,320,4,184,37.70008200081065,26.525141244480512,1,0.8568240404129028,57.3
bench_detect_20260905_2011,onnx,320,4,185,35.10058000028948,28.489557722173046,1,0.8576629161834717,58.4
bench_detect_20260905_2011,onnx,320,4,186,35.09719100111397,28.49230868556576,1,0.8386847972869873,57.3
bench_detect_20260905_2011,onnx,320,4,187,35.31048999866471,28.320196067452358,1,0.8484182953834534,57.3
bench_detect_20260905_2011,onnx,320,4,188,35.12798799783923,28.467329243608017,2,0.8442742824554443,57.3
bench_detect_20260905_2011,onnx,320,4,189,35.09830300026806,28.491405980293763,2,0.8330255746841431,57.85
bench_detect_20260905_2011,onnx,320,4,190,34.93298700050218,28.626238002081656,1,0.8503502607345581,57.3
bench_detect_20260905_2011,onnx,320,4,191,35.071285001322394,28.51335501286292,1,0.8418042659759521,57.85
bench_detect_20260905_2011,onnx,320,4,192,35.13417300200672,28.462317867646526,1,0.8623040914535522,57.85
bench_detect_20260905_2011,onnx,320,4,193,42.088041998795234,23.75971778465306,1,0.8386180400848389,58.4
bench_detect_20260905_2011,onnx,320,4,194,35.20926700002747,28.40161370014377,1,0.8400099277496338,57.3
bench_detect_20260905_2011,onnx,320,4,195,35.116358998493524,28.476756375651004,1,0.8514866232872009,57.3
bench_detect_20260905_2011,onnx,320,4,196,35.028988000703976,28.547784480096972,1,0.8658442497253418,57.85
bench_detect_20260905_2011,onnx,320,4,197,35.49693599779857,28.171445559752463,1,0.8718960285186768,57.85
bench_detect_20260905_2011,onnx,320,4,198,35.096562998660374,28.492818514398966,3,0.8199459314346313,58.4
bench_detect_20260905_2011,onnx,320,4,199,35.03378499954124,28.543875576478385,1,0.8561658263206482,57.3
bench_detect_20260905_2011,onnx,320,4,200,35.13043299972196,28.465347979283788,2,0.8564569354057312,57.3
bench_detect_20260905_2011,onnx,320,4,201,40.349454000534024,24.783482819538648,1,0.8526101112365723,57.85
bench_detect_20260905_2011,onnx,320,4,202,36.69685199929518,27.250293840441863,1,0.8289916515350342,57.3
bench_detect_20260905_2011,onnx,320,4,203,34.931950001919176,28.627087807725008,1,0.8851550221443176,58.4
bench_detect_20260905_2011,onnx,320,4,204,35.04795100161573,28.532338451223566,1,0.8712186813354492,57.85
bench_detect_20260905_2011,onnx,320,4,205,35.034303000429645,28.543453540027226,1,0.8585205078125,57.3
bench_detect_20260905_2011,onnx,320,4,206,35.09182199923089,28.496667970728826,2,0.8730186820030212,58.4
bench_detect_20260905_2011,onnx,320,4,207,35.03776599973207,28.540632413825893,2,0.8729462623596191,58.4
bench_detect_20260905_2011,onnx,320,4,208,35.14574799919501,28.452944009696544,2,0.8461098074913025,57.3
bench_detect_20260905_2011,onnx,320,4,209,35.13360000215471,28.462782064424683,1,0.8417419195175171,58.4
bench_detect_20260905_2011,onnx,320,4,210,35.09969200240448,28.490278488241312,1,0.8276999592781067,58.4
bench_detect_20260905_2011,onnx,320,4,211,35.15037800025311,28.44919619336097,1,0.8859622478485107,58.4
bench_detect_20260905_2011,onnx,320,4,212,37.69954499875894,26.525519075440297,1,0.8465409874916077,58.4
bench_detect_20260905_2011,onnx,320,4,213,35.22150800199597,28.391742907297747,2,0.855812132358551,57.85
bench_detect_20260905_2011,onnx,320,4,214,35.310397997818654,28.32026985540566,2,0.8870669603347778,57.3
bench_detect_20260905_2011,onnx,320,4,215,35.30437899826211,28.325098142902498,1,0.8538154363632202,58.4
bench_detect_20260905_2011,onnx,320,4,216,35.22797099867603,28.386534099212895,1,0.8564087152481079,58.4
bench_detect_20260905_2011,onnx,320,4,217,34.718799997790484,28.802838809625918,1,0.8331515789031982,57.3
bench_detect_20260905_2011,onnx,320,4,218,35.01669099932769,28.557809760471073,1,0.8484243154525757,57.3
bench_detect_20260905_2011,onnx,320,4,219,35.041636001551524,28.537480383499314,1,0.815571665763855,57.85
bench_detect_20260905_2011,onnx,320,4,220,35.3341010013537,28.301271906187413,1,0.8427597284317017,57.3
bench_detect_20260905_2011,onnx,320,4,221,35.00094999981229,28.570653082426706,1,0.8437726497650146,58.4
bench_detect_20260905_2011,onnx,320,4,222,41.24012800093624,24.248227357036765,1,0.8694509267807007,58.95
bench_detect_20260905_2011,onnx,320,4,223,45.45191800207249,22.001271760509702,1,0.8678351640701294,58.4
bench_detect_20260905_2011,onnx,320,4,224,35.334379001142224,28.301049240675034,2,0.8572405576705933,57.85
bench_detect_20260905_2011,onnx,320,4,225,34.92237600221415,28.63493594870515,1,0.8517130613327026,58.4
bench_detect_20260905_2011,onnx,320,4,226,34.930227000586456,28.628499894467065,1,0.8401914834976196,58.4
bench_detect_20260905_2011,onnx,320,4,227,35.1558219990693,28.444790738400982,5,0.8344098329544067,57.85
bench_detect_20260905_2011,onnx,320,4,228,42.97297400262323,23.27043969400294,4,0.8795956373214722,57.85
bench_detect_20260905_2011,onnx,320,4,229,36.76027899928158,27.20327557958805,1,0.868533730506897,57.3
bench_detect_20260905_2011,onnx,320,4,230,40.68591900067986,24.57852801563337,1,0.8456906080245972,58.4
bench_detect_20260905_2011,onnx,320,4,231,35.16056299849879,28.440955283983815,1,0.841991662979126,57.85
bench_detect_20260905_2011,onnx,320,4,232,35.0303389968758,28.54668349310538,1,0.8586039543151855,58.4
bench_detect_20260905_2011,onnx,320,4,233,35.04830300153117,28.532051892963626,1,0.8517661690711975,57.85
bench_detect_20260905_2011,onnx,320,4,234,35.10576599728665,28.485349104112714,1,0.8578277826309204,57.85
bench_detect_20260905_2011,onnx,320,4,235,35.25939699829905,28.361233745666183,1,0.8563976287841797,58.95
bench_detect_20260905_2011,onnx,320,4,236,35.075432002486195,28.509983852205117,1,0.8546580076217651,58.95
bench_detect_20260905_2011,onnx,320,4,237,35.51834400059306,28.15446575953267,1,0.8474239110946655,58.4
bench_detect_20260905_2011,onnx,320,4,238,35.44517599948449,28.212583851030782,5,0.8410526514053345,57.3
bench_detect_20260905_2011,onnx,320,4,239,41.54992600160767,24.067431551173097,1,0.8312457799911499,58.4
bench_detect_20260905_2011,onnx,320,4,240,36.96853899964481,27.050027592640543,2,0.8532493114471436,57.85
bench_detect_20260905_2011,onnx,320,4,241,35.0449870020384,28.534751630578,1,0.8619822263717651,57.85
bench_detect_20260905_2011,onnx,320,4,242,35.047208999458235,28.532942523767247,1,0.8782301545143127,58.95
bench_detect_20260905_2011,onnx,320,4,243,34.87504100121441,28.67380141474753,2,0.8465737104415894,58.4
bench_detect_20260905_2011,onnx,320,4,244,35.11065500060795,28.48138264531621,1,0.8494189381599426,58.4
bench_detect_20260905_2011,onnx,320,4,245,35.17006300171488,28.43327292166751,1,0.8278065919876099,57.3
bench_detect_20260905_2011,onnx,320,4,246,35.17297000144026,28.43092294904445,1,0.8509259223937988,58.4
bench_detect_20260905_2011,onnx,320,4,247,35.10332199948607,28.487332338934774,1,0.8441860675811768,58.4
bench_detect_20260905_2011,onnx,320,4,248,35.11124800206744,28.48090161708628,1,0.8583798408508301,57.85
bench_detect_20260905_2011,onnx,320,4,249,35.20328499871539,28.406439911402906,1,0.8420445919036865,58.4
bench_detect_20260905_2011,onnx,320,4,250,44.610097000258975,22.416449800460974,1,0.8569329380989075,58.4
bench_detect_20260905_2011,onnx,320,4,251,43.08917800153722,23.20768337619076,1,0.8843920230865479,58.4
bench_detect_20260905_2011,onnx,320,4,252,34.82381899812026,28.715977419190544,1,0.861653208732605,58.95
bench_detect_20260905_2011,onnx,320,4,253,35.05117300301208,28.52971567924606,2,0.8789486289024353,58.4
bench_detect_20260905_2011,onnx,320,4,254,35.070005997113185,28.514394895806856,2,0.8415122032165527,57.3
bench_detect_20260905_2011,onnx,320,4,255,35.081543999694986,28.5050167691791,1,0.8464040160179138,57.3
bench_detect_20260905_2011,onnx,320,4,256,40.34293500080821,24.787487573226056,1,0.840863049030304,58.4
bench_detect_20260905_2011,onnx,320,4,257,35.959790999186225,27.808837932974363,1,0.8286349773406982,57.85
bench_detect_20260905_2011,onnx,320,4,258,44.62261500157183,22.41016130419015,1,0.8297357559204102,57.85
bench_detect_20260905_2011,onnx,320,4,259,35.220007001043996,28.39295290231935,1,0.8656472563743591,58.4
bench_detect_20260905_2011,onnx,320,4,260,35.075766001682496,28.50971237383761,1,0.8580819368362427,58.4
bench_detect_20260905_2011,onnx,320,4,261,34.98306099936599,28.585263022527485,1,0.8505575656890869,58.4
bench_detect_20260905_2011,onnx,320,4,262,35.042523999436526,28.536757227192872,1,0.8533305525779724,58.95
bench_detect_20260905_2011,onnx,320,4,263,35.0516360012989,28.529338829233055,1,0.8570945262908936,57.85
bench_detect_20260905_2011,onnx,320,4,264,37.46337600023253,26.692735860051513,1,0.8794301748275757,57.3
bench_detect_20260905_2011,onnx,320,4,265,36.005939000460785,27.77319597156465,1,0.8602476119995117,57.3
bench_detect_20260905_2011,onnx,320,4,266,36.9736689972342,27.04627447372898,1,0.8582555055618286,58.4
bench_detect_20260905_2011,onnx,320,4,267,36.144736001006095,27.666545965978692,1,0.865479588508606,57.3
bench_detect_20260905_2011,onnx,320,4,268,37.32172700256342,26.794044121573357,1,0.8611561059951782,58.4
bench_detect_20260905_2011,onnx,320,4,269,35.25750799963134,28.362753261247395,1,0.8619387149810791,58.95
bench_detect_20260905_2011,onnx,320,4,270,35.06239499984076,28.52058451810099,2,0.840078592300415,58.95
bench_detect_20260905_2011,onnx,320,4,271,35.14385800008313,28.454474178607104,1,0.8371188640594482,57.3
bench_detect_20260905_2011,onnx,320,4,272,35.05569200206082,28.526037938181705,1,0.8488032817840576,58.95
bench_detect_20260905_2011,onnx,320,4,273,35.136154998326674,28.460712335986223,2,0.8158572912216187,58.95
bench_detect_20260905_2011,onnx,320,4,274,35.58434400110855,28.10224631284048,1,0.848741888999939,59.5
bench_detect_20260905_2011,onnx,320,4,275,35.013838998565916,28.560135894865958,1,0.8291551470756531,58.4
bench_detect_20260905_2011,onnx,320,4,276,35.03704299873789,28.54122135923463,1,0.8489717245101929,58.4
bench_detect_20260905_2011,onnx,320,4,277,40.75064100106829,24.53949129226666,1,0.8552470803260803,58.4
bench_detect_20260905_2011,onnx,320,4,278,35.093192000204,28.495555491053278,1,0.8604496121406555,58.4
bench_detect_20260905_2011,onnx,320,4,279,35.05030200176407,28.53042464369267,1,0.867912232875824,57.85
bench_detect_20260905_2011,onnx,320,4,280,35.026636000111466,28.5497014328415,1,0.8723326921463013,58.95
bench_detect_20260905_2011,onnx,320,4,281,35.064728999714134,28.518686113563078,1,0.8336538076400757,58.4
bench_detect_20260905_2011,onnx,320,4,282,35.08644999965327,28.501031025078976,1,0.8568247556686401,58.95
bench_detect_20260905_2011,onnx,320,4,283,35.28265600107261,28.34253747704253,2,0.8761523365974426,57.85
bench_detect_20260905_2011,onnx,320,4,284,35.23247099656146,28.382908485118623,1,0.8300377130508423,58.4
bench_detect_20260905_2011,onnx,320,4,285,42.177078998065554,23.709560352575977,1,0.8447681665420532,58.95
bench_detect_20260905_2011,onnx,320,4,286,41.8234280004981,23.910043910989085,1,0.8294003009796143,58.4
bench_detect_20260905_2011,onnx,320,4,287,35.28563700092491,28.340143043861953,2,0.8633767366409302,58.4
bench_detect_20260905_2011,onnx,320,4,288,35.07989500212716,28.506356702018703,2,0.8735127449035645,58.4
bench_detect_20260905_2011,onnx,320,4,289,35.045653999986826,28.534208549806944,1,0.8729037642478943,58.95
bench_detect_20260905_2011,onnx,320,4,290,35.0335620023543,28.544057265224662,1,0.8616001605987549,58.4
bench_detect_20260905_2011,onnx,320,4,291,35.01708000112558,28.55749251416327,1,0.8638523817062378,58.95
bench_detect_20260905_2011,onnx,320,4,292,35.23521099850768,28.380701339984967,1,0.8767205476760864,58.4
bench_detect_20260905_2011,onnx,320,4,293,35.59562100053881,28.093343279075338,3,0.8435393571853638,58.4
bench_detect_20260905_2011,onnx,320,4,294,37.497172997973394,26.668677130781216,1,0.8659919500350952,56.75
bench_detect_20260905_2011,onnx,320,4,295,35.114580001391005,28.478199083126913,1,0.8343620300292969,58.95
bench_detect_20260905_2011,onnx,320,4,296,35.189303001970984,28.417726828632812,1,0.8745190501213074,58.4
bench_detect_20260905_2011,onnx,320,4,297,35.23878499981947,28.37782290181466,1,0.8219640254974365,58.95
bench_detect_20260905_2011,onnx,320,4,298,35.1014510015375,28.488850787285074,1,0.8345671892166138,58.95
bench_detect_20260905_2011,onnx,320,4,299,35.11265399720287,28.479761173269946,1,0.855242133140564,57.85
bench_detect_20260905_2011,onnx,320,4,300,35.17450600338634,28.429681426193373,1,0.8685594201087952,57.3
bench_detect_20260905_2011,onnx,320,4,301,35.266173999843886,28.35578364708422,2,0.8362561464309692,58.4
bench_detect_20260905_2011,onnx,320,4,302,35.096875999443,28.492564409888516,1,0.8392306566238403,58.95
bench_detect_20260905_2011,onnx,320,4,303,35.06304300026386,28.52005742891382,1,0.8752175569534302,58.95
bench_detect_20260905_2011,onnx,320,4,304,35.07907999664894,28.50701900094098,1,0.8640770316123962,58.95
bench_detect_20260905_2011,onnx,320,4,305,34.999171999515966,28.57210450618174,1,0.8188387155532837,58.95
bench_detect_20260905_2011,onnx,320,4,306,35.10113599986653,28.48910644954062,1,0.8451831340789795,58.4
bench_detect_20260905_2011,onnx,320,4,307,35.11080200041761,28.481263401163723,1,0.8763588666915894,58.95
bench_detect_20260905_2011,onnx,320,4,308,35.23856299943873,28.378001680032405,2,0.8537334203720093,58.95
bench_detect_20260905_2011,onnx,320,4,309,35.14611699938541,28.452645281340374,2,0.8338168859481812,57.3
bench_detect_20260905_2011,onnx,320,4,310,35.033191001275554,28.544359546453823,1,0.8552502989768982,57.85
bench_detect_20260905_2011,onnx,320,4,311,34.94906100240769,28.613072034499258,1,0.8599084615707397,57.85
bench_detect_20260905_2011,onnx,320,4,312,35.02809799829265,28.54850982913038,1,0.8318243026733398,58.4
bench_detect_20260905_2011,onnx,320,4,313,35.07430300305714,28.510901554133184,1,0.8731366395950317,59.5
bench_detect_20260905_2011,onnx,320,4,314,38.48977300003753,25.980927453093187,2,0.8753018379211426,58.4
bench_detect_20260905_2011,onnx,320,4,315,38.49267999976291,25.97896535149434,1,0.8583500385284424,57.85
bench_detect_20260905_2011,onnx,320,4,316,35.31237800052622,28.318681907661333,1,0.8729784488677979,58.4
bench_detect_20260905_2011,onnx,320,4,317,35.283488999994006,28.341868345280986,3,0.8242825865745544,58.95
bench_detect_20260905_2011,onnx,320,4,318,35.23900700020022,28.377644125849468,1,0.8460519313812256,57.85
bench_detect_20260905_2011,onnx,320,4,319,35.16241400211584,28.439458108303562,1,0.8306983113288879,58.95
bench_detect_20260905_2011,onnx,320,4,320,34.91257799760206,28.64297217090884,1,0.8463256359100342,57.85
bench_detect_20260905_2011,onnx,320,4,321,35.04804300246178,28.532263554052356,1,0.8402523398399353,58.95
bench_detect_20260905_2011,onnx,320,4,322,37.141651002457365,26.923951224834838,1,0.8774834871292114,57.85
bench_detect_20260905_2011,onnx,320,4,323,44.479115000285674,22.482461712504335,1,0.8646568059921265,58.4
bench_detect_20260905_2011,onnx,320,4,324,35.113691999868024,28.478919277521673,1,0.8813580870628357,57.85
bench_detect_20260905_2011,onnx,320,4,325,35.32911900038016,28.305262862321573,1,0.8435975313186646,57.3
bench_detect_20260905_2011,onnx,320,4,326,35.188210000342224,28.418609528312878,1,0.8344623446464539,58.4
bench_detect_20260905_2011,onnx,320,4,327,35.165896002581576,28.43664213551074,2,0.8658976554870605,58.95
bench_detect_20260905_2011,onnx,320,4,328,42.13844799960498,23.731296416265128,1,0.8395218849182129,58.95
bench_detect_20260905_2011,onnx,320,4,329,35.095543000352336,28.493646614613162,2,0.8677598237991333,58.4
bench_detect_20260905_2011,onnx,320,4,330,35.20043300159159,28.40874144800392,2,0.8820548057556152,58.4
bench_detect_20260905_2011,onnx,320,4,331,35.07845000058296,28.507530976522087,2,0.8285725116729736,58.95
bench_detect_20260905_2011,onnx,320,4,332,35.1113950018771,28.48078237696163,2,0.8659761548042297,58.95
bench_detect_20260905_2011,onnx,320,4,333,39.94683899873053,25.03326984224657,2,0.8436517715454102,58.95
bench_detect_20260905_2011,onnx,320,4,334,35.102209003525786,28.488235595074844,1,0.8508034944534302,57.85
bench_detect_20260905_2011,onnx,320,4,335,35.26902499652351,28.353491487178072,1,0.8664168119430542,58.95
bench_detect_20260905_2011,onnx,320,4,336,35.335582000698196,28.300085731720536,2,0.8436098694801331,57.85
bench_detect_20260905_2011,onnx,320,4,337,39.023721001285594,25.62543945942664,2,0.8630744814872742,58.4
bench_detect_20260905_2011,onnx,320,4,338,36.93902000304661,27.07164402080844,1,0.8556604385375977,58.4
bench_detect_20260905_2011,onnx,320,4,339,34.86148500087438,28.68495131446404,1,0.8617339134216309,57.85
bench_detect_20260905_2011,onnx,320,4,340,35.13437699803035,28.46215261070548,2,0.8389981389045715,58.95
bench_detect_20260905_2011,onnx,320,4,341,35.510453999449965,28.160721347451357,1,0.8706231713294983,59.5
bench_detect_20260905_2011,onnx,320,4,342,37.60282100120094,26.59374944151298,1,0.8552777171134949,57.85
bench_detect_20260905_2011,onnx,320,4,343,39.408167998772115,25.3754500851488,1,0.8395990133285522,58.4
bench_detect_20260905_2011,onnx,320,4,344,39.27392699915799,25.462185129117323,1,0.8509732484817505,58.4
bench_detect_20260905_2011,onnx,320,4,345,37.23146700212965,26.859000746406252,1,0.8571192026138306,58.4
bench_detect_20260905_2011,onnx,320,4,346,35.22372899897164,28.389952694366777,3,0.8500731587409973,58.4
bench_detect_20260905_2011,onnx,320,4,347,35.041135000938084,28.537888398113505,1,0.8424997329711914,58.95
bench_detect_20260905_2011,onnx,320,4,348,34.96991300198715,28.596010517474703,1,0.8412084579467773,58.95
bench_detect_20260905_2011,onnx,320,4,349,49.44913299914333,20.222801480004193,1,0.8396528959274292,57.85
bench_detect_20260905_2011,onnx,320,4,350,35.06211599960807,28.520811465319955,1,0.862663745880127,58.95
bench_detect_20260905_2011,onnx,320,4,351,35.09241400024621,28.496187238443728,2,0.8553756475448608,58.95
bench_detect_20260905_2011,onnx,320,4,352,35.100672001135536,28.48948304943134,1,0.8384063243865967,57.85
bench_detect_20260905_2011,onnx,320,4,353,35.15530200093053,28.44521147830079,3,0.8422120809555054,57.3
bench_detect_20260905_2011,onnx,320,4,354,44.10127799928887,22.675079847258054,1,0.8769230842590332,58.95
bench_detect_20260905_2011,onnx,320,4,355,35.21480400013388,28.397147972091457,1,0.8588330149650574,58.95
bench_detect_20260905_2011,onnx,320,4,356,35.192246999940835,28.4153495513282,1,0.8368146419525146,58.4
bench_detect_20260905_2011,onnx,320,4,357,35.12369100280921,28.470811906414376,1,0.8390979766845703,58.95
bench_detect_20260905_2011,onnx,320,4,358,35.108986998238834,28.482735775035685,1,0.8519054651260376,58.95
bench_detect_20260905_2011,onnx,320,4,359,43.99424000075669,22.73024832302593,1,0.8597084283828735,58.95
bench_detect_20260905_2011,onnx,320,4,360,35.11032099777367,28.481653587371348,1,0.859519362449646,58.4
bench_detect_20260905_2011,onnx,320,4,361,35.31550700063235,28.31617283540894,2,0.843698263168335,58.4
bench_detect_20260905_2011,onnx,320,4,362,35.29373000128544,28.333644530163824,1,0.8437500596046448,58.95
bench_detect_20260905_2011,onnx,320,4,363,42.07407799913199,23.76760341654143,1,0.823306679725647,58.4
bench_detect_20260905_2011,onnx,320,4,364,35.116488001222024,28.47665176441337,3,0.8667299747467041,57.85
bench_detect_20260905_2011,onnx,320,4,365,35.034264998103026,28.543484501648493,1,0.8756990432739258,57.85
bench_detect_20260905_2011,onnx,320,4,366,35.25763600191567,28.362650290724723,2,0.8642493486404419,58.4
bench_detect_20260905_2011,onnx,320,4,367,35.20935800042935,28.40154029470818,1,0.8451610803604126,58.95
bench_detect_20260905_2011,onnx,320,4,368,35.005561003345065,28.566889698023747,1,0.8578401803970337,57.85
bench_detect_20260905_2011,onnx,320,4,369,35.005560999707086,28.566889700992583,2,0.8566800355911255,58.95
bench_detect_20260905_2011,onnx,320,4,370,41.8770019969088,23.879455364875835,1,0.855017364025116,58.4
bench_detect_20260905_2011,onnx,320,4,371,35.57274999911897,28.111405500692722,3,0.8316968679428101,57.85
bench_detect_20260905_2011,onnx,320,4,372,35.235432002082234,28.38052333063222,3,0.8422040939331055,58.4
bench_detect_20260905_2011,onnx,320,4,373,35.08430199872237,28.50277597189809,2,0.8576520681381226,58.95
bench_detect_20260905_2011,onnx,320,4,374,35.06820899929153,28.515856056983196,1,0.8683739900588989,58.4
bench_detect_20260905_2011,onnx,320,4,375,35.07657999944058,28.5090507688021,1,0.8618000149726868,58.95
bench_detect_20260905_2011,onnx,320,4,376,36.369145000207936,27.495834724579932,2,0.8524225950241089,57.85
bench_detect_20260905_2011,onnx,320,4,377,36.85007500098436,27.136986830373814,1,0.8730735778808594,57.85
bench_detect_20260905_2011,onnx,320,4,378,35.26004400191596,28.36071333165841,1,0.8256940841674805,59.5
bench_detect_20260905_2011,onnx,320,4,379,35.236246996646514,28.379866905098364,1,0.8742203712463379,59.5
bench_detect_20260905_2011,onnx,320,4,380,35.30230400065193,28.32676303454678,1,0.8543117046356201,59.5
bench_detect_20260905_2011,onnx,320,4,381,35.333228999661515,28.301970363636446,1,0.8607375621795654,58.95
bench_detect_20260905_2011,onnx,320,4,382,35.133635999955004,28.462752901557945,1,0.8638956546783447,58.95
bench_detect_20260905_2011,onnx,320,4,383,41.466443002718734,24.115885703879528,1,0.8346426486968994,57.85
bench_detect_20260905_2011,onnx,320,4,384,49.25964999711141,20.30059084988708,1,0.860990047454834,57.85
bench_detect_20260905_2011,onnx,320,4,385,35.48715699798777,28.179208609376715,1,0.8447827100753784,58.4
bench_detect_20260905_2011,onnx,320,4,386,34.945190000144066,28.616241605665255,1,0.8470508456230164,58.95
bench_detect_20260905_2011,onnx,320,4,387,35.03048700076761,28.546562883298982,1,0.8639630079269409,57.85
bench_detect_20260905_2011,onnx,320,4,388,35.05576499810559,28.52597853888055,1,0.8422858119010925,58.4
bench_detect_20260905_2011,onnx,320,4,389,35.00832000281662,28.564638346528607,1,0.8769082427024841,58.95
bench_detect_20260905_2011,onnx,320,4,390,35.09845000007772,28.491286652196486,2,0.8661625385284424,58.4
bench_detect_20260905_2011,onnx,320,4,391,35.18263599835336,28.42311190232598,2,0.8411421775817871,58.95
bench_detect_20260905_2011,onnx,320,4,392,35.1170430003549,28.476201711798282,2,0.8301208019256592,59.5
bench_detect_20260905_2011,onnx,320,4,393,35.22993299702648,28.384953218173965,1,0.84394371509552,57.85
bench_detect_20260905_2011,onnx,320,4,394,35.124080000969116,28.470496593004253,1,0.834558367729187,58.95
bench_detect_20260905_2011,onnx,320,4,395,35.0365430022066,28.541628662879784,3,0.8554973602294922,58.95
bench_detect_20260905_2011,onnx,320,4,396,35.07522799918661,28.510149670964076,1,0.8687583208084106,58.95
bench_detect_20260905_2011,onnx,320,4,397,35.04280199922505,28.536530840830434,1,0.8327747583389282,57.85
bench_detect_20260905_2011,onnx,320,4,398,41.0138459992595,24.382009919724545,1,0.8385521173477173,58.95
bench_detect_20260905_2011,onnx,320,4,399,35.42754500085721,28.22662422631328,1,0.8585875630378723,57.85
bench_detect_20260905_2011,onnx,320,4,400,35.28672899847152,28.339266018205205,1,0.8846098184585571,59.5
bench_detect_20260905_2011,onnx,320,4,401,35.12591300022905,28.46901089783714,1,0.8531301021575928,57.85
bench_detect_20260905_2011,onnx,320,4,402,35.1536540001689,28.446544987761314,1,0.8658374547958374,58.95
bench_detect_20260905_2011,onnx,320,4,403,35.08632099692477,28.50113581551191,1,0.833716094493866,58.4
bench_detect_20260905_2011,onnx,320,4,404,37.79006299737375,26.461982878131103,1,0.8399888873100281,58.4
bench_detect_20260905_2011,onnx,320,4,405,35.30621100071585,28.323628383111533,1,0.8456012010574341,57.85
bench_detect_20260905_2011,onnx,320,4,406,35.21209899918176,28.39932944705277,2,0.8505637645721436,58.95
bench_detect_20260905_2011,onnx,320,4,407,41.00388400183874,24.3879335907583,2,0.8714015483856201,58.95
bench_detect_20260905_2011,onnx,320,4,408,35.10420900056488,28.486612530819553,1,0.8834721446037292,57.85
bench_detect_20260905_2011,onnx,320,4,409,34.98618999947212,28.582706491192333,1,0.8588636517524719,57.85
bench_detect_20260905_2011,onnx,320,4,410,35.12804300044081,28.467284670183627,1,0.872398853302002,58.4
bench_detect_20260905_2011,onnx,320,4,411,35.2407479986141,28.376242185305678,1,0.8418087959289551,57.85
bench_detect_20260905_2011,onnx,320,4,412,35.06889400159707,28.51529905546662,1,0.8597445487976074,59.5
bench_detect_20260905_2011,onnx,320,4,413,35.121580000122776,28.47252316087443,1,0.8807274103164673,60.05
bench_detect_20260905_2011,onnx,320,4,414,35.10030200050096,28.48978336385048,1,0.8395074605941772,58.4
bench_detect_20260905_2011,onnx,320,4,415,43.73412599670701,22.86543922417235,1,0.8535926342010498,58.95
bench_detect_20260905_2011,onnx,320,4,416,34.81142899909173,28.726197939937805,1,0.8496825695037842,59.5
bench_detect_20260905_2011,onnx,320,4,417,35.179802998754894,28.42540079134021,2,0.8627136945724487,58.95
bench_detect_20260905_2011,onnx,320,4,418,35.193340001569595,28.4144670541472,1,0.8433709144592285,57.85
bench_detect_20260905_2011,onnx,320,4,419,35.22083999996539,28.392281387978894,2,0.8371206521987915,58.95
bench_detect_20260905_2011,onnx,320,4,420,44.19114800111856,22.62896632544346,1,0.8394646048545837,58.95
bench_detect_20260905_2011,onnx,320,4,421,35.028800997679355,28.54793688388734,1,0.8680297136306763,58.95
bench_detect_20260905_2011,onnx,320,4,422,34.988430998055264,28.58087577735573,1,0.8657561540603638,57.3
bench_detect_20260905_2011,onnx,320,4,423,34.96435700071743,28.60055455844594,1,0.8725914359092712,59.5
bench_detect_20260905_2011,onnx,320,4,424,35.126413000398315,28.468605661177545,1,0.8370128870010376,59.5
bench_detect_20260905_2011,onnx,320,4,425,35.15794999839272,28.44306906533845,2,0.8518811464309692,58.4
bench_detect_20260905_2011,onnx,320,4,426,38.54143799981102,25.946099883582527,1,0.8601314425468445,58.95
bench_detect_20260905_2011,onnx,320,4,427,38.93410800083075,25.684420456702455,1,0.8581138849258423,58.95
bench_detect_20260905_2011,onnx,320,4,428,35.134690999257145,28.46189824242778,1,0.8348510265350342,59.5
bench_detect_20260905_2011,onnx,320,4,429,35.09530199880828,28.493842282193686,2,0.8422370553016663,59.5
bench_detect_20260905_2011,onnx,320,4,430,35.01776399934897,28.55693470372898,1,0.8286287784576416,59.5
bench_detect_20260905_2011,onnx,320,4,431,37.10122499978752,26.95328793067418,1,0.8634303212165833,57.85
bench_detect_20260905_2011,onnx,320,4,432,35.286618000100134,28.33935516283148,1,0.8606717586517334,59.5
bench_detect_20260905_2011,onnx,320,4,433,38.2255479999003,26.160514428795324,1,0.88245689868927,58.4
bench_detect_20260905_2011,onnx,320,4,434,35.213006998674246,28.39859714444863,1,0.8646352291107178,58.95
bench_detect_20260905_2011,onnx,320,4,435,35.20993200072553,28.40107728635756,1,0.8376504182815552,59.5
bench_detect_20260905_2011,onnx,320,4,436,35.289098999783164,28.33736276480577,1,0.8141576051712036,59.5
bench_detect_20260905_2011,onnx,320,4,437,44.81769000267377,22.312618074254633,2,0.860407829284668,58.95
bench_detect_20260905_2011,onnx,320,4,438,34.81828099756967,28.720544821549357,1,0.8226960301399231,57.85
bench_detect_20260905_2011,onnx,320,4,439,35.09485699760262,28.494203582830142,2,0.8429869413375854,58.95
bench_detect_20260905_2011,onnx,320,4,440,35.01593100008904,28.55842959016161,1,0.8351827263832092,58.95
bench_detect_20260905_2011,onnx,320,4,441,35.011152998777106,28.562326982916804,1,0.8699368238449097,58.95
bench_detect_20260905_2011,onnx,320,4,442,35.10637599902111,28.484854148086477,1,0.8697134256362915,58.95
bench_detect_20260905_2011,onnx,320,4,443,35.22693300328683,28.387370535683463,1,0.8405207991600037,59.5
bench_detect_20260905_2011,onnx,320,4,444,35.45560099883005,28.20428851376677,5,0.8622592687606812,58.95
bench_detect_20260905_2011,onnx,320,4,445,35.107560997857945,28.483892687988607,1,0.8496624231338501,59.5
bench_detect_20260905_2011,onnx,320,4,446,35.104431000945624,28.4864323815151,2,0.8594506978988647,58.95
bench_detect_20260905_2011,onnx,320,4,447,35.10263499993016,28.487889869292992,1,0.8734869360923767,59.5
bench_detect_20260905_2011,onnx,320,4,448,35.06557999935467,28.517993999198175,1,0.8319278955459595,59.5
bench_detect_20260905_2011,onnx,320,4,449,35.06178300085594,28.521082341294157,1,0.8626531362533569,59.5
bench_detect_20260905_2011,onnx,320,4,450,34.95815200221841,28.605631096762234,1,0.8464372754096985,58.95
bench_detect_20260905_2011,onnx,320,4,451,35.059228001045994,28.523160862816628,1,0.8443487882614136,59.5
bench_detect_20260905_2011,onnx,320,4,452,35.19576599865104,28.41250848293307,1,0.8658708930015564,58.4
bench_detect_20260905_2011,onnx,320,4,453,35.09915299946442,28.490716001473285,1,0.8469278812408447,58.95
bench_detect_20260905_2011,onnx,320,4,454,35.03904199897079,28.539593063913486,1,0.8483240604400635,59.5
bench_detect_20260905_2011,onnx,320,4,455,42.45861700110254,23.55234509814657,1,0.8843205571174622,58.95
bench_detect_20260905_2011,onnx,320,4,456,35.33995099860476,28.29658705637369,1,0.851589560508728,58.4
bench_detect_20260905_2011,onnx,320,4,457,35.08076399884885,28.50565056202351,1,0.8655157089233398,59.5
bench_detect_20260905_2011,onnx,320,4,458,35.02806100004818,28.54853998337574,1,0.8697941303253174,59.5
bench_detect_20260905_2011,onnx,320,4,459,37.34000399708748,26.78092910964873,1,0.874686598777771,59.5
bench_detect_20260905_2011,onnx,320,4,460,34.976708000613144,28.59045511036859,1,0.8862434029579163,57.85
bench_detect_20260905_2011,onnx,320,4,461,35.04415299903485,28.53543071871479,1,0.8422231674194336,59.5
bench_detect_20260905_2011,onnx,320,4,462,35.15456100285519,28.445811054752806,1,0.8588041663169861,58.95
bench_detect_20260905_2011,onnx,320,4,463,35.230284000135725,28.38467041583166,4,0.8324226140975952,58.95
bench_detect_20260905_2011,onnx,320,4,464,35.06298700085608,28.5201029785507,1,0.8706239461898804,58.4
bench_detect_20260905_2011,onnx,320,4,465,35.05926500292844,28.52313075920079,2,0.8332051038742065,57.85
bench_detect_20260905_2011,onnx,320,4,466,35.094784001557855,28.494262849875643,1,0.8770018219947815,58.95
bench_detect_20260905_2011,onnx,320,4,467,35.034542001085356,28.543258820652497,1,0.8266118764877319,58.95
bench_detect_20260905_2011,onnx,320,4,468,35.1372650002304,28.459813249364824,1,0.8922708034515381,59.5
bench_detect_20260905_2011,onnx,320,4,469,35.23791399857146,28.378524337182387,1,0.8305662870407104,58.95
bench_detect_20260905_2011,onnx,320,4,470,35.41832300106762,28.233973696887254,1,0.8544995784759521,59.5
bench_detect_20260905_2011,onnx,320,4,471,35.30367399798706,28.325663783803854,1,0.8506186604499817,59.5
bench_detect_20260905_2011,onnx,320,4,472,44.077424998249626,22.687350725222977,1,0.8551934957504272,60.05
bench_detect_20260905_2011,onnx,320,4,473,34.96137500042096,28.602994018054478,3,0.8736375570297241,57.3
bench_detect_20260905_2011,onnx,320,4,474,35.07326399994781,28.511746155176432,1,0.847597062587738,58.95
bench_detect_20260905_2011,onnx,320,4,475,41.77750000235392,23.936329362543376,1,0.848025918006897,58.4
bench_detect_20260905_2011,onnx,320,4,476,34.75172500111512,28.77554998976056,1,0.853900134563446,59.5
bench_detect_20260905_2011,onnx,320,4,477,35.15508000054979,28.44539110661563,1,0.8390684127807617,59.5
bench_detect_20260905_2011,onnx,320,4,478,35.12883900111774,28.46663961675994,2,0.8545064926147461,59.5
bench_detect_20260905_2011,onnx,320,4,479,35.02759700131719,28.54891815622966,1,0.8259894847869873,57.85
bench_detect_20260905_2011,onnx,320,4,480,35.052635001193266,28.52852574324178,1,0.8346991539001465,59.5
bench_detect_20260905_2011,onnx,320,4,481,43.52932799884002,22.973017181120927,3,0.8310865759849548,57.85
bench_detect_20260905_2011,onnx,320,4,482,35.04543100279989,28.534390115507694,1,0.8309303522109985,59.5
bench_detect_20260905_2011,onnx,320,4,483,41.650462000689004,24.009337519076198,1,0.8784871101379395,59.5
bench_detect_20260905_2011,onnx,320,4,484,35.54097100277431,28.136541343283515,3,0.8491495847702026,58.4
bench_detect_20260905_2011,onnx,320,4,485,35.203784002078464,28.406037258408332,1,0.870455265045166,59.5
bench_detect_20260905_2011,onnx,320,4,486,36.31351399963023,27.53795735687223,2,0.8809657096862793,59.5
bench_detect_20260905_2011,onnx,320,4,487,36.70651699940208,27.24311870876469,2,0.870465099811554,59.5
bench_detect_20260905_2011,onnx,320,4,488,35.132802000589436,28.463428564087277,1,0.8278810977935791,59.5
bench_detect_20260905_2011,onnx,320,4,489,35.07326399994781,28.511746155176432,3,0.8547298312187195,58.95
bench_detect_20260905_2011,onnx,320,4,490,42.41809800078045,23.574842982860783,1,0.8540760278701782,59.5
bench_detect_20260905_2011,onnx,320,4,491,34.88724500130047,28.663770955910206,2,0.8559008836746216,58.95
bench_detect_20260905_2011,onnx,320,4,492,35.453342003165744,28.20608561840818,1,0.8462687134742737,59.5
bench_detect_20260905_2011,onnx,320,4,493,35.208932000386994,28.40188393073123,1,0.8562261462211609,59.5
bench_detect_20260905_2011,onnx,320,4,494,35.03106100106379,28.54609513453312,1,0.8666103482246399,58.95
bench_detect_20260905_2011,onnx,320,4,495,34.98007799862535,28.58770069178514,1,0.8520021438598633,59.5
bench_detect_20260905_2011,onnx,320,4,496,35.06248600024264,28.520510496405752,1,0.8411297798156738,59.5
bench_detect_20260905_2011,onnx,320,4,497,35.25208000064595,28.367120464428663,1,0.863139808177948,58.95
bench_detect_20260905_2011,onnx,320,4,498,35.45326799940085,28.20614449468804,2,0.8622463941574097,59.5
bench_detect_20260905_2011,onnx,320,4,499,35.18715399695793,28.41946240058102,1,0.8653539419174194,58.95
bench_detect_20260905_2011,onnx,640,1,0,384.8970430008194,2.5980973826236204,1,0.8413964509963989,52.35
bench_detect_20260905_2011,onnx,640,1,1,386.5096650006308,2.5872574234291608,3,0.8362150192260742,52.9
bench_detect_20260905_2011,onnx,640,1,2,384.67279900214635,2.599611936674577,1,0.8449979424476624,52.35
bench_detect_20260905_2011,onnx,640,1,3,384.9795969981642,2.597540253554706,1,0.8480907678604126,52.35
bench_detect_20260905_2011,onnx,640,1,4,386.4084589986305,2.587935063822048,1,0.834947407245636,51.8
bench_detect_20260905_2011,onnx,640,1,5,385.138931000256,2.5964656374853345,1,0.8542405366897583,53.45
bench_detect_20260905_2011,onnx,640,1,6,386.1946960023488,2.5893675142392896,1,0.8101000785827637,52.35
bench_detect_20260905_2011,onnx,640,1,7,385.4615799973544,2.5942922768252634,1,0.8298007845878601,51.25
bench_detect_20260905_2011,onnx,640,1,8,384.8280199999863,2.5985633790388643,1,0.8437339067459106,51.8
bench_detect_20260905_2011,onnx,640,1,9,387.8085590004048,2.578591876820739,3,0.8526761531829834,51.8
bench_detect_20260905_2011,onnx,640,1,10,385.0044639984844,2.597372481384882,2,0.8372806310653687,52.35
bench_detect_20260905_2011,onnx,640,1,11,385.7400799970492,2.592419226977009,1,0.8646231293678284,51.25
bench_detect_20260905_2011,onnx,640,1,12,385.9737849998055,2.5908495314014757,1,0.7985750436782837,51.25
bench_detect_20260905_2011,onnx,640,1,13,385.0378879978962,2.597147011167545,2,0.8266360759735107,51.25
bench_detect_20260905_2011,onnx,640,1,14,386.9701610019547,2.584178577001312,2,0.856847882270813,51.8
bench_detect_20260905_2011,onnx,640,1,15,385.1042950009287,2.5966991617104362,1,0.8688619136810303,50.15
bench_detect_20260905_2011,onnx,640,1,16,385.112145999301,2.5966462247124635,2,0.8353570103645325,50.15
bench_detect_20260905_2011,onnx,640,1,17,386.6775089991279,2.586134380011886,1,0.8092879056930542,51.25
bench_detect_20260905_2011,onnx,640,1,18,384.87434800117626,2.5982505854013005,3,0.8541460037231445,50.15
bench_detect_20260905_2011,onnx,640,1,19,387.01697299984517,2.583866005278275,2,0.8839057087898254,50.7
bench_detect_20260905_2011,onnx,640,1,20,384.9561620008899,2.5976983841544232,1,0.8443048596382141,51.25
bench_detect_20260905_2011,onnx,640,1,21,384.98341999729746,2.597514459212347,1,0.8363469839096069,49.6
bench_detect_20260905_2011,onnx,640,1,22,386.2627810012782,2.58891109676107,1,0.8529219627380371,51.25
bench_detect_20260905_2011,onnx,640,1,23,384.76460299716564,2.5989916749368094,1,0.825797438621521,51.25
bench_detect_20260905_2011,onnx,640,1,24,385.91759300106787,2.5912267751867764,1,0.7516517639160156,51.25
bench_detect_20260905_2011,onnx,640,1,25,384.97260300209746,2.597587444409782,1,0.8432766199111938,51.8
bench_detect_20260905_2011,onnx,640,1,26,384.93330599885667,2.5978526264572444,2,0.8467707633972168,51.25
bench_detect_20260905_2011,onnx,640,1,27,386.5355210000416,2.5870843575069324,2,0.8420654535293579,50.7
bench_detect_20260905_2011,onnx,640,1,28,384.77089699881617,2.598949161175973,2,0.8587499856948853,51.8
bench_detect_20260905_2011,onnx,640,1,29,385.6014580014744,2.5933511900677937,1,0.8399636745452881,50.7
bench_detect_20260905_2011,onnx,640,1,30,386.9893929986574,2.584050152515341,3,0.8196526169776917,50.7
bench_detect_20260905_2011,onnx,640,1,31,384.6782649998204,2.599574998084352,1,0.8322136998176575,50.15
bench_detect_20260905_2011,onnx,640,1,32,385.74460400195676,2.5923888231367904,1,0.8366478681564331,50.7
bench_detect_20260905_2011,onnx,640,1,33,384.90202400134876,2.5980637607571944,1,0.8482257127761841,51.25
bench_detect_20260905_2011,onnx,640,1,34,385.0083769975754,2.597346083215996,1,0.8483883142471313,51.25
bench_detect_20260905_2011,onnx,640,1,35,386.6428690016619,2.58636607622447,1,0.8382237553596497,50.7
bench_detect_20260905_2011,onnx,640,1,36,385.17945099738427,2.596192495239812,1,0.8212432861328125,51.25
bench_detect_20260905_2011,onnx,640,1,37,385.6006009991688,2.5933569538242383,1,0.828599214553833,49.6
bench_detect_20260905_2011,onnx,640,1,38,385.05794900265755,2.5970117032776754,1,0.8383708000183105,51.25
bench_detect_20260905_2011,onnx,640,1,39,384.42540699907113,2.6012848833438738,1,0.8530669212341309,49.6
bench_detect_20260905_2011,onnx,640,1,40,387.6067250021151,2.579934597353911,1,0.8117971420288086,50.7
bench_detect_20260905_2011,onnx,640,1,41,385.23968899971806,2.5957865416113237,1,0.8417625427246094,50.7
bench_detect_20260905_2011,onnx,640,1,42,384.9121679995733,2.5979952912299424,1,0.8214684128761292,50.7
bench_detect_20260905_2011,onnx,640,1,43,389.0397710019897,2.570431288874282,1,0.8480296730995178,50.7
bench_detect_20260905_2011,onnx,640,1,44,385.0066490012978,2.5973577406883415,1,0.8121476173400879,50.7
bench_detect_20260905_2011,onnx,640,1,45,386.08958199984045,2.5900724770149672,1,0.8322126865386963,50.15
bench_detect_20260905_2011,onnx,640,1,46,384.8999059991911,2.5980780572134035,1,0.8232464790344238,50.7
bench_detect_20260905_2011,onnx,640,1,47,384.91012799931923,2.598009060446881,2,0.8517240285873413,50.15
bench_detect_20260905_2011,onnx,640,1,48,386.75021400194964,2.585648213745937,1,0.8291543126106262,51.25
bench_detect_20260905_2011,onnx,640,1,49,384.72619900130667,2.5992511105192597,1,0.8169819116592407,49.6
bench_detect_20260905_2011,onnx,640,1,50,385.50748199850204,2.593983376965653,1,0.8423439264297485,51.25
bench_detect_20260905_2011,onnx,640,1,51,384.99503300045035,2.597436107698642,1,0.8395451307296753,50.7
bench_detect_20260905_2011,onnx,640,1,52,384.99205200059805,2.59745621968956,1,0.8404999375343323,50.7
bench_detect_20260905_2011,onnx,640,1,53,387.3476420012594,2.5816602234453483,1,0.8209515810012817,51.25
bench_detect_20260905_2011,onnx,640,1,54,384.6519730032014,2.5997526860252895,1,0.8419967293739319,50.7
bench_detect_20260905_2011,onnx,640,1,55,384.9354010017123,2.5978384876987497,1,0.8316102027893066,50.7
bench_detect_20260905_2011,onnx,640,1,56,386.88843400086625,2.5847244634812756,1,0.861269474029541,51.25
bench_detect_20260905_2011,onnx,640,1,57,385.4057370008377,2.594668174329295,1,0.7984071373939514,50.7
bench_detect_20260905_2011,onnx,640,1,58,386.58141099949717,2.586777251949398,1,0.8373332023620605,50.7
bench_detect_20260905_2011,onnx,640,1,59,385.189012002229,2.5961280536066105,2,0.8378859758377075,50.7
bench_detect_20260905_2011,onnx,640,1,60,385.01789899964933,2.5972818474107116,1,0.8546028137207031,50.7
bench_detect_20260905_2011,onnx,640,1,61,386.1668890021974,2.589553968709911,1,0.8480463027954102,50.7
bench_detect_20260905_2011,onnx,640,1,62,385.13178799985326,2.5965137938714657,3,0.8664417862892151,50.7
bench_detect_20260905_2011,onnx,640,1,63,385.46501100063324,2.5942691851695905,1,0.7443007230758667,50.7
bench_detect_20260905_2011,onnx,640,1,64,387.21704199997475,2.582530962054261,1,0.8330685496330261,50.15
bench_detect_20260905_2011,onnx,640,1,65,384.8021170015272,2.598738301629539,1,0.8045856952667236,50.7
bench_detect_20260905_2011,onnx,640,1,66,386.23481200193055,2.5890985714539934,1,0.8326104283332825,51.25
bench_detect_20260905_2011,onnx,640,1,67,385.1477669995802,2.5964060697801994,1,0.843082070350647,50.15
bench_detect_20260905_2011,onnx,640,1,68,384.89287499760394,2.5981255174085134,1,0.8050702810287476,50.7
bench_detect_20260905_2011,onnx,640,1,69,386.6033129997959,2.5866307048448083,1,0.8731569051742554,50.7
bench_detect_20260905_2011,onnx,640,1,70,384.774540001672,2.598924554612305,1,0.8096308708190918,50.7
bench_detect_20260905_2011,onnx,640,1,71,386.33267999830423,2.5884426862474834,2,0.8250113129615784,50.7
bench_detect_20260905_2011,onnx,640,1,72,385.3473400013172,2.595061380199437,1,0.8652979135513306,51.25
bench_detect_20260905_2011,onnx,640,1,73,384.9361129978206,2.597833682613358,1,0.8489109873771667,50.15
bench_detect_20260905_2011,onnx,640,1,74,386.1694000006537,2.589537130591671,1,0.8298964500427246,50.7
bench_detect_20260905_2011,onnx,640,1,75,385.0213730001997,2.5972584124556675,1,0.8285864591598511,50.7
bench_detect_20260905_2011,onnx,640,1,76,385.14014999964274,2.5964574194638694,1,0.8309524655342102,50.7
bench_detect_20260905_2011,onnx,640,1,77,387.8416509978706,2.5783718624008496,1,0.8356117010116577,50.7
bench_detect_20260905_2011,onnx,640,1,78,384.70620199950645,2.5993862194124,1,0.8210676908493042,50.7
bench_detect_20260905_2011,onnx,640,1,79,386.6146040018066,2.5865551628135783,1,0.8535463809967041,50.7
bench_detect_20260905_2011,onnx,640,1,80,384.7784599965962,2.5988980776336756,1,0.8468974828720093,50.7
bench_detect_20260905_2011,onnx,640,1,81,385.0080730007903,2.597348134042756,2,0.8389437198638916,50.15
bench_detect_20260905_2011,onnx,640,1,82,387.50057200013543,2.580641351929799,1,0.8164992332458496,50.15
bench_detect_20260905_2011,onnx,640,1,83,385.2099440009624,2.5959869820948898,1,0.8629551529884338,51.25
bench_detect_20260905_2011,onnx,640,1,84,386.21719099683105,2.5892166980423332,1,0.8423635959625244,50.7
bench_detect_20260905_2011,onnx,640,1,85,384.76012500177603,2.5990219230628018,2,0.8258845806121826,50.7
bench_detect_20260905_2011,onnx,640,1,86,384.79547599854413,2.598783152023813,1,0.848955512046814,49.05
bench_detect_20260905_2011,onnx,640,1,87,386.98288000159664,2.584093642581486,1,0.8255360126495361,50.7
bench_detect_20260905_2011,onnx,640,1,88,385.2195519975794,2.595922233994716,2,0.8213478326797485,51.25
bench_detect_20260905_2011,onnx,640,1,89,386.5618389972951,2.5869082229997287,3,0.8091329336166382,50.15
bench_detect_20260905_2011,onnx,640,1,90,386.4631529977487,2.587568807642123,2,0.8426425457000732,51.25
bench_detect_20260905_2011,onnx,640,1,91,385.030605000793,2.5971961371692527,3,0.8236472606658936,50.15
bench_detect_20260905_2011,onnx,640,1,92,386.432169998443,2.5877762713286248,1,0.8207851648330688,50.7
bench_detect_20260905_2011,onnx,640,1,93,384.9912699988636,2.597461495693011,1,0.8628048896789551,50.7
bench_detect_20260905_2011,onnx,640,1,94,384.9929729985888,2.597450005934694,1,0.867732048034668,49.6
bench_detect_20260905_2011,onnx,640,1,95,385.6256809995102,2.5931882892448495,1,0.8611422777175903,51.25
bench_detect_20260905_2011,onnx,640,1,96,384.8798420003732,2.5982134964580204,1,0.8434416651725769,50.7
bench_detect_20260905_2011,onnx,640,1,97,386.57231599790975,2.586838111825388,4,0.8513892889022827,50.7
bench_detect_20260905_2011,onnx,640,1,98,384.9047299991071,2.598045495575801,1,0.8543432950973511,50.7
bench_detect_20260905_2011,onnx,640,1,99,385.01658200038946,2.597290731750843,1,0.8439679145812988,50.7
bench_detect_20260905_2011,onnx,640,1,100,387.2120410014759,2.5825643164753456,1,0.8431284427642822,50.7
bench_detect_20260905_2011,onnx,640,1,101,385.1397670005099,2.5964600014899943,2,0.8449569940567017,49.05
bench_detect_20260905_2011,onnx,640,1,102,384.94382000135374,2.5977816710928967,1,0.7983802556991577,51.25
bench_detect_20260905_2011,onnx,640,1,103,385.7444919995032,2.592389575847237,1,0.8477780818939209,51.25
bench_detect_20260905_2011,onnx,640,1,104,385.1388019975275,2.5964665071747817,1,0.8130369186401367,51.25
bench_detect_20260905_2011,onnx,640,1,105,386.10053099910147,2.589999028005292,2,0.8290848731994629,51.25
bench_detect_20260905_2011,onnx,640,1,106,385.0335230017663,2.5971764541536104,2,0.8343456983566284,50.7
bench_detect_20260905_2011,onnx,640,1,107,385.2973760003806,2.5953978985805817,2,0.8187958002090454,50.7
bench_detect_20260905_2011,onnx,640,1,108,385.9676389984088,2.5908907871007356,2,0.8311048746109009,50.7
bench_detect_20260905_2011,onnx,640,1,109,385.144781001145,2.5964261995206086,1,0.835879385471344,51.25
bench_detect_20260905_2011,onnx,640,1,110,386.3072700005432,2.588612945333889,1,0.8328205347061157,49.6
bench_detect_20260905_2011,onnx,640,1,111,384.90200099840877,2.59806391602556,1,0.8654910326004028,49.6
bench_detect_20260905_2011,onnx,640,1,112,385.2541879969067,2.5956888494824857,1,0.8493067026138306,50.15
bench_detect_20260905_2011,onnx,640,1,113,386.49789999908535,2.587336179581743,1,0.8118448853492737,51.25
bench_detect_20260905_2011,onnx,640,1,114,385.127352001291,2.5965437012031485,1,0.811266303062439,49.6
bench_detect_20260905_2011,onnx,640,1,115,385.48639100190485,2.594125300768552,1,0.8126435279846191,50.7
bench_detect_20260905_2011,onnx,640,1,116,385.97320999906515,2.5908533911004397,2,0.8389898538589478,50.15
bench_detect_20260905_2011,onnx,640,1,117,385.1491659988824,2.5963966387062145,3,0.8394144177436829,50.7
bench_detect_20260905_2011,onnx,640,1,118,385.9581889992114,2.590954223805945,3,0.8534187078475952,51.25
bench_detect_20260905_2011,onnx,640,1,119,384.948978000466,2.5977468629590423,2,0.8466662168502808,51.25
bench_detect_20260905_2011,onnx,640,1,120,385.8989290019963,2.5913520998521014,1,0.8641481995582581,49.6
bench_detect_20260905_2011,onnx,640,1,121,385.84294699830934,2.5917280794674777,1,0.8371380567550659,50.7
bench_detect_20260905_2011,onnx,640,1,122,385.10662599946954,2.596683444240135,2,0.8630980253219604,50.7
bench_detect_20260905_2011,onnx,640,1,123,387.34514099996886,2.5816768926503206,1,0.8229697942733765,51.25
bench_detect_20260905_2011,onnx,640,1,124,385.3944610018516,2.5947440899914636,1,0.8306680917739868,50.15
bench_detect_20260905_2011,onnx,640,1,125,385.4917930002557,2.5940889486052865,2,0.8539453744888306,50.15
bench_detect_20260905_2011,onnx,640,1,126,387.480418998166,2.5807755720547343,2,0.8451641201972961,51.25
bench_detect_20260905_2011,onnx,640,1,127,385.2701989999332,2.595580978221919,2,0.8374444246292114,50.15
bench_detect_20260905_2011,onnx,640,1,128,385.2570119997836,2.5956698226184702,2,0.8476157188415527,50.7
bench_detect_20260905_2011,onnx,640,1,129,385.3929580000113,2.5947542092867475,1,0.8654491901397705,50.7
bench_detect_20260905_2011,onnx,640,1,130,385.3832539971336,2.594819545551499,1,0.8401824235916138,50.7
bench_detect_20260905_2011,onnx,640,1,131,387.5521949994436,2.5802976035303726,1,0.7544558048248291,50.7
bench_detect_20260905_2011,onnx,640,1,132,384.86985999770695,2.598280883844627,1,0.8146378993988037,50.7
bench_detect_20260905_2011,onnx,640,1,133,385.017896998761,2.5972818609084505,1,0.8302575349807739,50.7
bench_detect_20260905_2011,onnx,640,1,134,385.810087002028,2.591948820650569,1,0.823908269405365,51.25
bench_detect_20260905_2011,onnx,640,1,135,384.7913019999396,2.598811342154914,1,0.8147644400596619,50.7
bench_detect_20260905_2011,onnx,640,1,136,385.81040099961683,2.5919467111540966,1,0.8382574319839478,51.25
bench_detect_20260905_2011,onnx,640,1,137,387.17574499969487,2.5828064203783945,2,0.8215377330780029,50.15
bench_detect_20260905_2011,onnx,640,1,138,385.26682200244977,2.59560372939054,1,0.8654170632362366,50.7
bench_detect_20260905_2011,onnx,640,1,139,387.1742249975796,2.5828165601836006,1,0.842850923538208,50.7
bench_detect_20260905_2011,onnx,640,1,140,384.73968799735303,2.5991599806227423,1,0.8235273361206055,49.6
bench_detect_20260905_2011,onnx,640,1,141,385.4537299994263,2.5943451111537783,1,0.8433858752250671,50.7
bench_detect_20260905_2011,onnx,640,1,142,386.01947400093195,2.5905428802215966,1,0.8033332824707031,51.25
bench_detect_20260905_2011,onnx,640,1,143,384.9488179985201,2.597747942698825,1,0.8463841676712036,50.7
bench_detect_20260905_2011,onnx,640,1,144,386.5363469994918,2.5870788290999056,3,0.8579727411270142,50.7
bench_detect_20260905_2011,onnx,640,1,145,384.8418160014262,2.5984702244422784,1,0.8492755889892578,49.6
bench_detect_20260905_2011,onnx,640,1,146,386.8777190000401,2.5847960502473297,1,0.8545253276824951,50.7
bench_detect_20260905_2011,onnx,640,1,147,386.56999399972847,2.5868536501069,3,0.836837649345398,50.7
bench_detect_20260905_2011,onnx,640,1,148,384.6235900018655,2.5999445327707273,1,0.8250657320022583,50.7
bench_detect_20260905_2011,onnx,640,1,149,385.67139400038286,2.5928809228692944,1,0.8502155542373657,50.15
bench_detect_20260905_2011,onnx,640,1,150,386.0770440005581,2.590156590606704,1,0.8256538510322571,50.15
bench_detect_20260905_2011,onnx,640,1,151,385.11612900038017,2.5966193693201896,2,0.8366051912307739,50.7
bench_detect_20260905_2011,onnx,640,1,152,388.05700200100546,2.576941003109149,2,0.8437267541885376,50.7
bench_detect_20260905_2011,onnx,640,1,153,385.11585100059165,2.5966212437162546,1,0.8078584671020508,50.7
bench_detect_20260905_2011,onnx,640,1,154,385.9755599987693,2.590837616773426,1,0.8050262928009033,50.7
bench_detect_20260905_2011,onnx,640,1,155,386.056726998504,2.59029290274192,1,0.8458560705184937,49.6
bench_detect_20260905_2011,onnx,640,1,156,385.19486900258926,2.5960885787221586,1,0.8294092416763306,50.7
bench_detect_20260905_2011,onnx,640,1,157,386.3402649985801,2.5883918674738067,1,0.8547412753105164,50.7
bench_detect_20260905_2011,onnx,640,1,158,384.64719699913985,2.5997849660717436,1,0.8530368804931641,50.7
bench_detect_20260905_2011,onnx,640,1,159,385.0899400022172,2.596795958871952,1,0.8486629724502563,50.7
bench_detect_20260905_2011,onnx,640,1,160,385.9259450000536,2.5911706972690345,1,0.8368614912033081,50.7
bench_detect_20260905_2011,onnx,640,1,161,385.034587001428,2.597169277149357,1,0.8281562924385071,50.7
bench_detect_20260905_2011,onnx,640,1,162,385.62988600097015,2.5931600124931298,1,0.8530679941177368,50.7
bench_detect_20260905_2011,onnx,640,1,163,385.69142399865086,2.5927462675537685,1,0.8188627362251282,50.7
bench_detect_20260905_2011,onnx,640,1,164,385.181196998019,2.5961807268726647,1,0.8369370698928833,51.25
bench_detect_20260905_2011,onnx,640,1,165,385.85190599769703,2.5916679027781413,1,0.850145697593689,50.7
bench_detect_20260905_2011,onnx,640,1,166,384.7907130002568,2.5988153201590722,2,0.8114591836929321,50.15
bench_detect_20260905_2011,onnx,640,1,167,385.53099400087376,2.5938251802337158,1,0.8295873403549194,51.25
bench_detect_20260905_2011,onnx,640,1,168,385.7211989998177,2.592546125525428,1,0.8458551168441772,50.7
bench_detect_20260905_2011,onnx,640,1,169,384.79311800256255,2.598799077257251,1,0.8504824638366699,51.25
bench_detect_20260905_2011,onnx,640,1,170,387.78432400067686,2.5787530287022498,2,0.8550819158554077,51.8
bench_detect_20260905_2011,onnx,640,1,171,385.01904499935335,2.5972741166652664,1,0.8166817426681519,49.6
bench_detect_20260905_2011,onnx,640,1,172,385.2407310005219,2.595779520516602,1,0.8460331559181213,50.7
bench_detect_20260905_2011,onnx,640,1,173,385.95310600067023,2.5909883466471273,1,0.8488940596580505,50.7
bench_detect_20260905_2011,onnx,640,1,174,384.68004099922837,2.59956299630842,1,0.8448196053504944,51.25
bench_detect_20260905_2011,onnx,640,1,175,385.5697869985306,2.5935642099566554,1,0.8377920985221863,50.7
bench_detect_20260905_2011,onnx,640,1,176,386.21129199964344,2.5892562457778245,1,0.8450409173965454,50.7
bench_detect_20260905_2011,onnx,640,1,177,385.1510610002151,2.5963838640430006,1,0.8278704881668091,50.15
bench_detect_20260905_2011,onnx,640,1,178,385.97908500014455,2.5908139556308485,1,0.8152850866317749,49.6
bench_detect_20260905_2011,onnx,640,1,179,384.86633600041387,2.5983046747921454,1,0.8432220816612244,51.25
bench_detect_20260905_2011,onnx,640,1,180,385.3591350016359,2.5949819510461456,1,0.847132682800293,51.25
bench_detect_20260905_2011,onnx,640,1,181,385.77484199777246,2.5921856252248148,1,0.8313401341438293,51.25
bench_detect_20260905_2011,onnx,640,1,182,384.5744440004637,2.6002767880197317,2,0.8418444991111755,51.25
bench_detect_20260905_2011,onnx,640,1,183,386.20926899966435,2.5892698085422414,5,0.8385757207870483,50.7
bench_detect_20260905_2011,onnx,640,1,184,385.40780100083794,2.5946542789304514,1,0.8379875421524048,50.15
bench_detect_20260905_2011,onnx,640,1,185,385.82611700257985,2.5918411323962123,1,0.8498717546463013,50.7
bench_detect_20260905_2011,onnx,640,1,186,386.2630279982113,2.588909441274899,1,0.8367627859115601,50.15
bench_detect_20260905_2011,onnx,640,1,187,384.75079399722745,2.5990849547335984,1,0.8186553120613098,50.7
bench_detect_20260905_2011,onnx,640,1,188,385.52455799799645,2.593868481927413,1,0.7940596342086792,50.7
bench_detect_20260905_2011,onnx,640,1,189,386.98327200108906,2.5840910249918654,2,0.8086881637573242,50.7
bench_detect_20260905_2011,onnx,640,1,190,385.03514600233757,2.597165506532562,1,0.8441815376281738,50.15
bench_detect_20260905_2011,onnx,640,1,191,385.8896889978496,2.5914141489423748,1,0.8246172666549683,49.6
bench_detect_20260905_2011,onnx,640,1,192,384.9121820021537,2.597995196718416,1,0.8393661975860596,49.6
bench_detect_20260905_2011,onnx,640,1,193,386.5881370002171,2.586732246259896,1,0.8456274271011353,50.15
bench_detect_20260905_2011,onnx,640,1,194,386.403098997107,2.587970962436528,1,0.8337699770927429,50.15
bench_detect_20260905_2011,onnx,640,1,195,384.75808600196615,2.5990356964061045,1,0.8599885106086731,50.15
bench_detect_20260905_2011,onnx,640,1,196,386.0961319987837,2.590028537253386,1,0.8481337428092957,50.15
bench_detect_20260905_2011,onnx,640,1,197,384.8176790015714,2.5986332088342454,1,0.8535662293434143,51.25
bench_detect_20260905_2011,onnx,640,1,198,385.48266399811837,2.5941503818311302,3,0.8211638927459717,50.7
bench_detect_20260905_2011,onnx,640,1,199,386.0482790005335,2.590349586815845,1,0.8522990942001343,50.7
bench_detect_20260905_2011,onnx,640,1,200,384.87439900200116,2.598250241099566,2,0.8228009939193726,49.6
bench_detect_20260905_2011,onnx,640,1,201,386.45041000199853,2.587654131340755,1,0.8213120698928833,49.6
bench_detect_20260905_2011,onnx,640,1,202,385.6858489998558,2.5927837450950237,1,0.8118500709533691,49.6
bench_detect_20260905_2011,onnx,640,1,203,385.3639570006635,2.5949494804421427,1,0.8608063459396362,51.25
bench_detect_20260905_2011,onnx,640,1,204,385.7789600006072,2.59215795490357,1,0.8367810845375061,50.7
bench_detect_20260905_2011,onnx,640,1,205,384.82267500148737,2.5985994718116205,1,0.8480185270309448,51.25
bench_detect_20260905_2011,onnx,640,1,206,385.6355679999979,2.593121804573808,2,0.8532112240791321,51.25
bench_detect_20260905_2011,onnx,640,1,207,386.2401469996257,2.5890628091568355,2,0.8323181867599487,50.15
bench_detect_20260905_2011,onnx,640,1,208,384.9457659998734,2.5977685386474128,3,0.8442710638046265,50.7
bench_detect_20260905_2011,onnx,640,1,209,386.84024199756095,2.585046464753026,1,0.8415298461914062,50.7
bench_detect_20260905_2011,onnx,640,1,210,386.8198720010696,2.585182593714407,1,0.8462017774581909,51.25
bench_detect_20260905_2011,onnx,640,1,211,386.0041789994284,2.5906455277041984,1,0.8482033014297485,50.7
bench_detect_20260905_2011,onnx,640,1,212,385.63175099989166,2.5931474714079776,1,0.8100107908248901,51.25
bench_detect_20260905_2011,onnx,640,1,213,385.4544710011396,2.5943401237575565,2,0.8383665680885315,51.25
bench_detect_20260905_2011,onnx,640,1,214,385.647102000803,2.593044249034491,2,0.85907381772995,50.7
bench_detect_20260905_2011,onnx,640,1,215,385.88817799973185,2.5914242959801035,1,0.8372085094451904,51.25
bench_detect_20260905_2011,onnx,640,1,216,386.9342210018658,2.5844186058569836,1,0.8646249175071716,51.25
bench_detect_20260905_2011,onnx,640,1,217,386.77022000047145,2.5855144690270646,1,0.8238210678100586,50.7
bench_detect_20260905_2011,onnx,640,1,218,384.8725950010703,2.5982624197943194,1,0.8375449776649475,50.15
bench_detect_20260905_2011,onnx,640,1,219,385.66797000021324,2.5929039427345937,1,0.772466242313385,51.25
bench_detect_20260905_2011,onnx,640,1,220,385.9418790016207,2.5910637181610463,1,0.831119179725647,50.7
bench_detect_20260905_2011,onnx,640,1,221,385.2315029980673,2.5958417009447357,1,0.8348863124847412,51.25
bench_detect_20260905_2011,onnx,640,1,222,385.3524669975741,2.5950268537045473,1,0.8604683876037598,50.7
bench_detect_20260905_2011,onnx,640,1,223,386.2944909997168,2.588698579190282,1,0.8571023941040039,50.15
bench_detect_20260905_2011,onnx,640,1,224,385.7770789982169,2.5921705939523227,2,0.8367143869400024,50.7
bench_detect_20260905_2011,onnx,640,1,225,385.9251360008784,2.591176129034839,1,0.8515375852584839,50.7
bench_detect_20260905_2011,onnx,640,1,226,385.0138319976395,2.597309283179548,1,0.8213057518005371,50.7
bench_detect_20260905_2011,onnx,640,1,227,385.7190039998386,2.592560878852675,4,0.8453085422515869,51.25
bench_detect_20260905_2011,onnx,640,1,228,386.23784000083106,2.5890782736301765,3,0.8464270830154419,50.7
bench_detect_20260905_2011,onnx,640,1,229,384.8739770000975,2.598253089997162,1,0.8449910879135132,51.25
bench_detect_20260905_2011,onnx,640,1,230,386.00724500065553,2.5906249505713337,1,0.8310876488685608,50.15
bench_detect_20260905_2011,onnx,640,1,231,384.94340300167096,2.597784485205632,1,0.8199989199638367,51.25
bench_detect_20260905_2011,onnx,640,1,232,385.6961120000051,2.5927147536296316,1,0.8652216196060181,51.25
bench_detect_20260905_2011,onnx,640,1,233,386.17270800023107,2.5895149483204847,1,0.8412675857543945,51.25
bench_detect_20260905_2011,onnx,640,1,234,385.5249250009365,2.5938660126775743,1,0.8288929462432861,50.7
bench_detect_20260905_2011,onnx,640,1,235,385.0259950013424,2.597227233959914,1,0.8418834209442139,51.25
bench_detect_20260905_2011,onnx,640,1,236,386.0290759985219,2.5904784436595887,1,0.8206291794776917,51.25
bench_detect_20260905_2011,onnx,640,1,237,386.5255420023459,2.5871511487174392,1,0.8267115950584412,50.7
bench_detect_20260905_2011,onnx,640,1,238,385.8800550005981,2.591478846965672,5,0.8348259329795837,51.25
bench_detect_20260905_2011,onnx,640,1,239,385.2336240015575,2.595827408865943,1,0.8205381631851196,50.15
bench_detect_20260905_2011,onnx,640,1,240,385.34547600283986,2.5950739330663124,2,0.8033685684204102,51.25
bench_detect_20260905_2011,onnx,640,1,241,386.0747219987388,2.5901721688043247,1,0.804533839225769,50.7
bench_detect_20260905_2011,onnx,640,1,242,385.020417998021,2.597264854678798,1,0.838666558265686,51.25
bench_detect_20260905_2011,onnx,640,1,243,386.03099799729534,2.5904655460000297,3,0.8172842264175415,50.7
bench_detect_20260905_2011,onnx,640,1,244,384.7633590012265,2.5990000778551585,1,0.8154523372650146,50.7
bench_detect_20260905_2011,onnx,640,1,245,385.88127399998484,2.5914706604810247,1,0.8171716928482056,51.25
bench_detect_20260905_2011,onnx,640,1,246,385.96719999986817,2.5908937339762073,1,0.8221317529678345,50.7
bench_detect_20260905_2011,onnx,640,1,247,385.2897320030024,2.595449390258361,1,0.805841326713562,51.25
bench_detect_20260905_2011,onnx,640,1,248,386.2614229983592,2.58892019875422,1,0.8068088293075562,50.7
bench_detect_20260905_2011,onnx,640,1,249,385.9018830007699,2.5913322635899263,1,0.8204800486564636,50.15
bench_detect_20260905_2011,onnx,640,1,250,386.60583200180554,2.5866138511726584,1,0.8448473215103149,50.7
bench_detect_20260905_2011,onnx,640,1,251,385.81534500190173,2.591913496844121,1,0.8738038539886475,51.25
bench_detect_20260905_2011,onnx,640,1,252,385.1266179990489,2.5965486498844634,1,0.8493813276290894,50.15
bench_detect_20260905_2011,onnx,640,1,253,386.73420200211694,2.5857552676308835,2,0.8506397008895874,51.25
bench_detect_20260905_2011,onnx,640,1,254,385.8727890001319,2.5915276446188025,2,0.8243682980537415,50.7
bench_detect_20260905_2011,onnx,640,1,255,385.3770240020822,2.594861493337488,1,0.8473791480064392,51.25
bench_detect_20260905_2011,onnx,640,1,256,385.36437599759665,2.594946659019246,1,0.8175316452980042,50.15
bench_detect_20260905_2011,onnx,640,1,257,384.821206000197,2.598609391602728,1,0.8049615621566772,50.7
bench_detect_20260905_2011,onnx,640,1,258,386.3082520001626,2.588606365052691,1,0.816007137298584,50.7
bench_detect_20260905_2011,onnx,640,1,259,385.75374799984274,2.5923273725402862,1,0.8184460997581482,50.15
bench_detect_20260905_2011,onnx,640,1,260,385.2489470009459,2.5957241617004203,1,0.8368588089942932,49.6
bench_detect_20260905_2011,onnx,640,1,261,384.8969999999099,2.5980976728845224,1,0.8424324989318848,50.7
bench_detect_20260905_2011,onnx,640,1,262,386.5964750002604,2.586676456373086,1,0.8658171892166138,49.6
bench_detect_20260905_2011,onnx,640,1,263,386.0934139993333,2.5900467703956402,1,0.8466576933860779,51.25
bench_detect_20260905_2011,onnx,640,1,264,385.94045100035146,2.591073305241822,1,0.832748532295227,50.7
bench_detect_20260905_2011,onnx,640,1,265,384.99566500104265,2.5974318438034665,1,0.8468754887580872,50.7
bench_detect_20260905_2011,onnx,640,1,266,385.4028530004143,2.5946875904391007,1,0.8375554084777832,50.7
bench_detect_20260905_2011,onnx,640,1,267,385.6828919997497,2.592803623762106,1,0.8382368087768555,50.7
bench_detect_20260905_2011,onnx,640,1,268,385.30959200215875,2.595315613098979,1,0.8615672588348389,50.7
bench_detect_20260905_2011,onnx,640,1,269,385.35957299973234,2.5949790016003953,1,0.8405944108963013,50.15
bench_detect_20260905_2011,onnx,640,1,270,385.0413119980658,2.5971239159008044,2,0.837300181388855,51.25
bench_detect_20260905_2011,onnx,640,1,271,385.3356649997295,2.5951400060534286,1,0.8273892402648926,49.6
bench_detect_20260905_2011,onnx,640,1,272,385.6904630010831,2.592752727715727,1,0.8261758089065552,50.15
bench_detect_20260905_2011,onnx,640,1,273,385.4997029993683,2.594035720960435,2,0.8210894465446472,50.7
bench_detect_20260905_2011,onnx,640,1,274,385.10688400128856,2.5966817045956883,1,0.8512016534805298,51.25
bench_detect_20260905_2011,onnx,640,1,275,385.7836480019614,2.5921264552791925,1,0.8327212333679199,51.25
bench_detect_20260905_2011,onnx,640,1,276,386.03235299888183,2.590456453277885,1,0.8410636186599731,50.15
bench_detect_20260905_2011,onnx,640,1,277,385.8115729999554,2.5919388374596934,1,0.8475862741470337,51.25
bench_detect_20260905_2011,onnx,640,1,278,385.26125399948796,2.5956412424523982,1,0.8322214484214783,51.25
bench_detect_20260905_2011,onnx,640,1,279,386.87065400154097,2.5848432535697494,1,0.8221357464790344,51.25
bench_detect_20260905_2011,onnx,640,1,280,385.8545540024352,2.5916501169341877,1,0.8491877317428589,51.25
bench_detect_20260905_2011,onnx,640,1,281,385.9798320008849,2.590808941534819,1,0.8259184956550598,51.25
bench_detect_20260905_2011,onnx,640,1,282,385.90005300284247,2.5913445520895904,1,0.851664662361145,50.7
bench_detect_20260905_2011,onnx,640,1,283,384.99960099943564,2.5974052892627957,2,0.8576101064682007,51.25
bench_detect_20260905_2011,onnx,640,1,284,385.79445899813436,2.5920538169389205,1,0.8422410488128662,51.25
bench_detect_20260905_2011,onnx,640,1,285,385.896514999331,2.5913683102365765,1,0.8402208089828491,51.25
bench_detect_20260905_2011,onnx,640,1,286,384.98261899803765,2.5975198636307715,1,0.8319294452667236,50.15
bench_detect_20260905_2011,onnx,640,1,287,385.12543400065624,2.596556632502999,2,0.8530330657958984,50.15
bench_detect_20260905_2011,onnx,640,1,288,386.4334620011505,2.5877676193502697,2,0.8324416279792786,49.6
bench_detect_20260905_2011,onnx,640,1,289,385.3126939975482,2.595294719271209,1,0.8509499430656433,51.25
bench_detect_20260905_2011,onnx,640,1,290,387.2997260004922,2.5819796216399316,1,0.842361330986023,51.25
bench_detect_20260905_2011,onnx,640,1,291,384.9403749991325,2.5978049197937567,1,0.8634496927261353,51.25
bench_detect_20260905_2011,onnx,640,1,292,384.94255999830784,2.597790174212994,1,0.8571218252182007,50.15
bench_detect_20260905_2011,onnx,640,1,293,386.1072170002444,2.5899541784513365,2,0.8604756593704224,51.25
bench_detect_20260905_2011,onnx,640,1,294,385.64437799868756,2.593062565023062,1,0.8189921379089355,51.8
bench_detect_20260905_2011,onnx,640,1,295,384.9086520021956,2.5980190229506603,1,0.8286945223808289,49.6
bench_detect_20260905_2011,onnx,640,1,296,385.9655840024061,2.5909045817768197,1,0.8542360067367554,51.25
bench_detect_20260905_2011,onnx,640,1,297,386.22254800066,2.5891807849558566,1,0.8379127383232117,51.25
bench_detect_20260905_2011,onnx,640,1,298,385.8518240012927,2.5916684535269936,1,0.8328551054000854,51.25
bench_detect_20260905_2011,onnx,640,1,299,385.16129900017404,2.596314849378333,1,0.8246837854385376,51.8
bench_detect_20260905_2011,onnx,640,1,300,385.3330599995388,2.5951575502013684,1,0.8435987830162048,51.25
bench_detect_20260905_2011,onnx,640,1,301,385.82163600221975,2.5918712344951196,2,0.8329585790634155,51.25
bench_detect_20260905_2011,onnx,640,1,302,385.45628099745954,2.594327941452304,1,0.801422655582428,51.25
bench_detect_20260905_2011,onnx,640,1,303,386.3040460018965,2.588634549261466,1,0.8476638793945312,51.25
bench_detect_20260905_2011,onnx,640,1,304,385.00166599988006,2.597391357782622,1,0.8487242460250854,51.25
bench_detect_20260905_2011,onnx,640,1,305,384.8143679970235,2.598655567891204,1,0.7891408205032349,51.25
bench_detect_20260905_2011,onnx,640,1,306,385.67541199881816,2.5928539100207515,1,0.8120340704917908,51.25
bench_detect_20260905_2011,onnx,640,1,307,385.1202949990693,2.5965912806605442,1,0.8586093187332153,51.25
bench_detect_20260905_2011,onnx,640,1,308,385.04559099965263,2.5970950541306217,1,0.8641974925994873,51.25
bench_detect_20260905_2011,onnx,640,1,309,386.1518200028513,2.58965502219468,2,0.823830246925354,51.25
bench_detect_20260905_2011,onnx,640,1,310,385.5152600008296,2.5939310417902735,1,0.8171632289886475,51.8
bench_detect_20260905_2011,onnx,640,1,311,385.5557780007075,2.5936584459594454,1,0.8696655035018921,51.25
bench_detect_20260905_2011,onnx,640,1,312,385.28057200164767,2.59551109676956,1,0.8447204828262329,50.7
bench_detect_20260905_2011,onnx,640,1,313,384.88173599762376,2.5982007106883707,1,0.8461319208145142,50.7
bench_detect_20260905_2011,onnx,640,1,314,386.18861400027527,2.589408293635729,2,0.8373314142227173,51.25
bench_detect_20260905_2011,onnx,640,1,315,385.3952190002019,2.594738986628363,1,0.8464710712432861,51.25
bench_detect_20260905_2011,onnx,640,1,316,385.52921999871614,2.5938371156493147,1,0.8324310779571533,51.25
bench_detect_20260905_2011,onnx,640,1,317,385.38247799806413,2.59482477043241,3,0.8384809494018555,49.6
bench_detect_20260905_2011,onnx,640,1,318,385.05208600327023,2.5970512467020033,1,0.84232497215271,50.7
bench_detect_20260905_2011,onnx,640,1,319,386.2111310008913,2.5892573251538216,1,0.827883243560791,50.7
bench_detect_20260905_2011,onnx,640,1,320,386.63426299899584,2.586423645548965,1,0.84635329246521,50.15
bench_detect_20260905_2011,onnx,640,1,321,384.84830600282294,2.59842640438351,1,0.8185778856277466,49.6
bench_detect_20260905_2011,onnx,640,1,322,386.1666479970154,2.589555584841001,1,0.8590344786643982,50.7
bench_detect_20260905_2011,onnx,640,1,323,386.4698900033545,2.587523700724318,1,0.8147457242012024,50.7
bench_detect_20260905_2011,onnx,640,1,324,385.66529200033983,2.592921947456757,1,0.820259690284729,51.25
bench_detect_20260905_2011,onnx,640,1,325,385.866217999137,2.591571776315066,1,0.8212151527404785,50.15
bench_detect_20260905_2011,onnx,640,1,326,385.1543800010404,2.5963614901570087,1,0.8330271244049072,51.25
bench_detect_20260905_2011,onnx,640,1,327,386.27033199736616,2.5888604874961474,2,0.8189748525619507,50.7
bench_detect_20260905_2011,onnx,640,1,328,386.5804070010199,2.5867839701388737,1,0.8267168998718262,51.8
bench_detect_20260905_2011,onnx,640,1,329,385.4174359985336,2.5945894155234965,2,0.8531997203826904,51.25
bench_detect_20260905_2011,onnx,640,1,330,385.41452799836406,2.5946089920207798,1,0.8511329293251038,50.7
bench_detect_20260905_2011,onnx,640,1,331,385.08754299982684,2.5968121227968406,2,0.8457157611846924,50.7
bench_detect_20260905_2011,onnx,640,1,332,385.88351200087345,2.591455630780453,2,0.8485020399093628,51.25
bench_detect_20260905_2011,onnx,640,1,333,385.6751950006583,2.592855368876635,2,0.8420946002006531,51.25
bench_detect_20260905_2011,onnx,640,1,334,384.91250399965793,2.5979930233726276,1,0.8088648319244385,50.7
bench_detect_20260905_2011,onnx,640,1,335,386.5734600003634,2.5868304564908824,1,0.8594735860824585,50.7
bench_detect_20260905_2011,onnx,640,1,336,385.64048999978695,2.5930887080880756,2,0.830318808555603,51.25
bench_detect_20260905_2011,onnx,640,1,337,386.067974002799,2.590217441845487,2,0.8382816314697266,51.25
bench_detect_20260905_2011,onnx,640,1,338,385.1921149980626,2.596107139952825,1,0.8575975894927979,51.8
bench_detect_20260905_2011,onnx,640,1,339,384.7482229975867,2.5991023225759573,1,0.8459829688072205,51.25
bench_detect_20260905_2011,onnx,640,1,340,386.6712179988099,2.586176455479233,2,0.8323137760162354,51.25
bench_detect_20260905_2011,onnx,640,1,341,385.43407900215243,2.5944773814212096,1,0.8561347126960754,51.25
bench_detect_20260905_2011,onnx,640,1,342,385.38861499910126,2.594783449953061,1,0.8265809416770935,51.25
bench_detect_20260905_2011,onnx,640,1,343,386.95231000019703,2.5842977911140803,1,0.8261640071868896,50.7
bench_detect_20260905_2011,onnx,640,1,344,384.91757399970083,2.597958803514586,1,0.8381201028823853,51.25
bench_detect_20260905_2011,onnx,640,1,345,385.68346700049005,2.592799758250279,1,0.8122726678848267,51.25
bench_detect_20260905_2011,onnx,640,1,346,385.27546399927814,2.5955455081922207,3,0.8168864250183105,51.25
bench_detect_20260905_2011,onnx,640,1,347,384.92577700162656,2.5979034394357394,1,0.8434978723526001,51.25
bench_detect_20260905_2011,onnx,640,1,348,386.6537130015786,2.5862935396043056,1,0.818420946598053,50.15
bench_detect_20260905_2011,onnx,640,1,349,387.3155889996269,2.581873873403436,1,0.827080249786377,51.8
bench_detect_20260905_2011,onnx,640,1,350,385.85083699945244,2.5916750829839956,1,0.8186516761779785,51.25
bench_detect_20260905_2011,onnx,640,1,351,385.8588549992419,2.5916212289645775,2,0.8448436260223389,51.8
bench_detect_20260905_2011,onnx,640,1,352,385.14066400239244,2.5964539542721154,1,0.8338804841041565,51.25
bench_detect_20260905_2011,onnx,640,1,353,386.0830409976188,2.5901163579111146,2,0.8244379162788391,51.8
bench_detect_20260905_2011,onnx,640,1,354,385.4069429980882,2.594660055215872,1,0.8554971814155579,51.25
bench_detect_20260905_2011,onnx,640,1,355,385.77140900088125,2.592208693199748,1,0.8476133942604065,51.8
bench_detect_20260905_2011,onnx,640,1,356,385.881629998039,2.5914682696999125,1,0.8257490396499634,51.25
bench_detect_20260905_2011,onnx,640,1,357,385.0112540021655,2.5973266744934564,1,0.8074175119400024,51.25
bench_detect_20260905_2011,onnx,640,1,358,386.2244850024581,2.5891677996376528,1,0.8484216928482056,51.25
bench_detect_20260905_2011,onnx,640,1,359,385.7457020021684,2.5923814440695407,1,0.8524563312530518,50.7
bench_detect_20260905_2011,onnx,640,1,360,384.93612200181815,2.5978336218477223,1,0.8479984402656555,51.8
bench_detect_20260905_2011,onnx,640,1,361,387.2869900005753,2.5820645304881387,2,0.8036640882492065,51.25
bench_detect_20260905_2011,onnx,640,1,362,385.0777699990431,2.5968780280473864,1,0.8262161016464233,51.8
bench_detect_20260905_2011,onnx,640,1,363,386.94263600336853,2.5843624014369264,1,0.8112316131591797,51.8
bench_detect_20260905_2011,onnx,640,1,364,386.96204199732165,2.5842327966806664,4,0.8479008078575134,51.25
bench_detect_20260905_2011,onnx,640,1,365,385.12012099818094,2.5965924538248766,1,0.8517649173736572,51.8
bench_detect_20260905_2011,onnx,640,1,366,385.9431820019381,2.5910549703530665,2,0.8653112053871155,51.25
bench_detect_20260905_2011,onnx,640,1,367,385.98547800211236,2.590771044486102,1,0.8195593357086182,51.8
bench_detect_20260905_2011,onnx,640,1,368,384.78833999761264,2.598831347140624,1,0.8525645732879639,51.8
bench_detect_20260905_2011,onnx,640,1,369,386.8185209976218,2.5851916227303606,2,0.8261860609054565,51.25
bench_detect_20260905_2011,onnx,640,1,370,384.8249319999013,2.5985842310244505,1,0.8398631811141968,51.8
bench_detect_20260905_2011,onnx,640,1,371,385.96638399758376,2.5908992115910805,3,0.8272657990455627,51.25
bench_detect_20260905_2011,onnx,640,1,372,386.2659039987193,2.5888901651627934,4,0.8396103978157043,50.15
bench_detect_20260905_2011,onnx,640,1,373,385.1027479977347,2.5967095929574677,2,0.8498581647872925,49.6
bench_detect_20260905_2011,onnx,640,1,374,386.11471699914546,2.589903870466075,1,0.8314975500106812,50.7
bench_detect_20260905_2011,onnx,640,1,375,384.96411600135616,2.5976447113748056,1,0.8271510004997253,51.25
bench_detect_20260905_2011,onnx,640,1,376,385.44563699906575,2.594399583260619,2,0.8298342227935791,51.8
bench_detect_20260905_2011,onnx,640,1,377,386.2771980020625,2.58881447098687,1,0.8406117558479309,51.25
bench_detect_20260905_2011,onnx,640,1,378,385.24778400096693,2.5957319977666375,1,0.8187170028686523,50.7
bench_detect_20260905_2011,onnx,640,1,379,385.79071200001636,2.5920789923007725,1,0.8152703046798706,51.25
bench_detect_20260905_2011,onnx,640,1,380,386.512846002006,2.5872361302961973,1,0.840563178062439,51.8
bench_detect_20260905_2011,onnx,640,1,381,385.0742809991061,2.5969015572928416,1,0.859058141708374,50.7
bench_detect_20260905_2011,onnx,640,1,382,386.4329559983162,2.5877710078235596,1,0.8251925110816956,51.25
bench_detect_20260905_2011,onnx,640,1,383,384.8587230022531,2.5983560725844472,1,0.821982741355896,51.25
bench_detect_20260905_2011,onnx,640,1,384,385.56495000011637,2.5935967467989456,1,0.840075671672821,51.25
bench_detect_20260905_2011,onnx,640,1,385,385.8927660003246,2.5913934857207424,1,0.828844428062439,51.25
bench_detect_20260905_2011,onnx,640,1,386,385.0704639989999,2.5969272990062335,1,0.7791667580604553,51.25
bench_detect_20260905_2011,onnx,640,1,387,386.7843450025248,2.5854200484600076,1,0.8621634244918823,51.8
bench_detect_20260905_2011,onnx,640,1,388,386.00409900027444,2.5906460646141714,1,0.8253549933433533,51.8
bench_detect_20260905_2011,onnx,640,1,389,385.26109399754205,2.59564232044251,1,0.8457764983177185,50.15
bench_detect_20260905_2011,onnx,640,1,390,385.45503899877076,2.5943363007979485,1,0.8428510427474976,51.25
bench_detect_20260905_2011,onnx,640,1,391,385.0638320000144,2.5969720261859406,2,0.8441576361656189,51.25
bench_detect_20260905_2011,onnx,640,1,392,385.89735600180575,2.591362662757712,1,0.8354012966156006,51.25
bench_detect_20260905_2011,onnx,640,1,393,385.5387419971521,2.5937730533119465,1,0.8392190337181091,51.25
bench_detect_20260905_2011,onnx,640,1,394,384.79277299848036,2.598801407332952,1,0.8457963466644287,51.25
bench_detect_20260905_2011,onnx,640,1,395,386.8323609967774,2.5850991303396427,1,0.8648865222930908,51.8
bench_detect_20260905_2011,onnx,640,1,396,385.0330329987628,2.597179759387588,1,0.8551069498062134,51.25
bench_detect_20260905_2011,onnx,640,1,397,385.7827969986829,2.5921321732845803,1,0.8186825513839722,52.35
bench_detect_20260905_2011,onnx,640,1,398,385.3647750001983,2.594943972238992,1,0.8284015655517578,50.7
bench_detect_20260905_2011,onnx,640,1,399,385.38031300049624,2.594839347693177,1,0.8415845036506653,50.15
bench_detect_20260905_2011,onnx,640,1,400,386.0359639984381,2.590432222019724,1,0.8375536203384399,51.8
bench_detect_20260905_2011,onnx,640,1,401,384.90217899743584,2.598062714544055,1,0.8526433110237122,51.25
bench_detect_20260905_2011,onnx,640,1,402,385.77388799967594,2.5921920355605823,1,0.8257667422294617,50.15
bench_detect_20260905_2011,onnx,640,1,403,386.5604849997908,2.5869172841102506,1,0.8084406852722168,51.25
bench_detect_20260905_2011,onnx,640,1,404,384.9726970001939,2.5975868101614914,1,0.825127124786377,50.7
bench_detect_20260905_2011,onnx,640,1,405,386.2188899984176,2.58920530791256,1,0.8114608526229858,51.8
bench_detect_20260905_2011,onnx,640,1,406,387.0453390009061,2.583676637422726,1,0.8355257511138916,51.25
bench_detect_20260905_2011,onnx,640,1,407,385.10080800188007,2.596722674222792,2,0.8502674102783203,51.8
bench_detect_20260905_2011,onnx,640,1,408,386.45838999946136,2.587600698748949,1,0.8472632169723511,50.7
bench_detect_20260905_2011,onnx,640,1,409,385.12500999786425,2.596559491178061,1,0.8343692421913147,50.15
bench_detect_20260905_2011,onnx,640,1,410,385.3388070019719,2.59511884562118,1,0.8598241209983826,51.8
bench_detect_20260905_2011,onnx,640,1,411,386.1085339995043,2.5899453442313294,1,0.8202672004699707,51.25
bench_detect_20260905_2011,onnx,640,1,412,384.9819339993701,2.5975244853999726,1,0.8342161774635315,50.7
bench_detect_20260905_2011,onnx,640,1,413,386.23312699928647,2.5891098668029255,1,0.8571672439575195,50.7
bench_detect_20260905_2011,onnx,640,1,414,385.44476900278823,2.5944054256779037,1,0.8417298793792725,51.8
bench_detect_20260905_2011,onnx,640,1,415,385.7908079990011,2.592078347295898,1,0.8460310101509094,50.15
bench_detect_20260905_2011,onnx,640,1,416,385.52584299759474,2.5938598362814265,1,0.8316047787666321,51.8
bench_detect_20260905_2011,onnx,640,1,417,385.3415820012742,2.5951001571294046,1,0.8438540101051331,51.25
bench_detect_20260905_2011,onnx,640,1,418,385.99556799817947,2.5907033212482804,1,0.8437722325325012,50.7
bench_detect_20260905_2011,onnx,640,1,419,387.08820499959984,2.5833905220672735,1,0.8251679539680481,51.8
bench_detect_20260905_2011,onnx,640,1,420,385.0794499994663,2.5968666985511324,1,0.8317579030990601,51.8
bench_detect_20260905_2011,onnx,640,1,421,387.29359400167596,2.5820205019855624,1,0.8452275991439819,50.7
bench_detect_20260905_2011,onnx,640,1,422,385.0416329987638,2.5971217507360054,1,0.8503724336624146,51.25
bench_detect_20260905_2011,onnx,640,1,423,385.89484299882315,2.591379538085845,1,0.8202143311500549,50.7
bench_detect_20260905_2011,onnx,640,1,424,386.4499570008775,2.587657164618935,1,0.7998971939086914,51.8
bench_detect_20260905_2011,onnx,640,1,425,384.94202100264374,2.5977938116377586,2,0.8588688373565674,50.7
bench_detect_20260905_2011,onnx,640,1,426,386.26058400041074,2.5889258221567246,1,0.8299671411514282,50.7
bench_detect_20260905_2011,onnx,640,1,427,385.0810019976052,2.5968562323576245,1,0.8318255543708801,51.8
bench_detect_20260905_2011,onnx,640,1,428,385.7543029989756,2.59232364286201,1,0.8314688205718994,51.25
bench_detect_20260905_2011,onnx,640,1,429,385.0065380029264,2.597358489513233,2,0.8297910690307617,52.35
bench_detect_20260905_2011,onnx,640,1,430,385.08948200251325,2.596799047327586,1,0.8067337870597839,51.8
bench_detect_20260905_2011,onnx,640,1,431,386.07884099837975,2.590144534764071,1,0.8329706192016602,51.8
bench_detect_20260905_2011,onnx,640,1,432,385.45990999773494,2.5943035165599353,1,0.8356505632400513,51.25
bench_detect_20260905_2011,onnx,640,1,433,384.7918120009126,2.598807897704508,1,0.8473972678184509,51.8
bench_detect_20260905_2011,onnx,640,1,434,386.71258500107797,2.5858998097959818,1,0.8313782811164856,51.8
bench_detect_20260905_2011,onnx,640,1,435,384.93140599894105,2.5978654493126783,1,0.8395224809646606,51.8
bench_detect_20260905_2011,onnx,640,1,436,385.40233399908175,2.5946910845702935,1,0.8013919591903687,51.8
bench_detect_20260905_2011,onnx,640,1,437,385.29585099968244,2.5954081711635775,2,0.8264315128326416,51.25
bench_detect_20260905_2011,onnx,640,1,438,384.902626999974,2.598059690561861,1,0.7928647994995117,51.25
bench_detect_20260905_2011,onnx,640,1,439,386.13294899914763,2.5897815832396303,2,0.8462106585502625,51.8
bench_detect_20260905_2011,onnx,640,1,440,384.8617170006037,2.598335858898721,1,0.8154217600822449,51.25
bench_detect_20260905_2011,onnx,640,1,441,385.1138300015009,2.596634870256679,1,0.8418785333633423,50.7
bench_detect_20260905_2011,onnx,640,1,442,387.3826600029133,2.581426850630019,1,0.8670620322227478,51.8
bench_detect_20260905_2011,onnx,640,1,443,384.65986299706856,2.5996993609068615,1,0.8210878372192383,51.25
bench_detect_20260905_2011,onnx,640,1,444,386.79872899956536,2.585323903691327,6,0.8506507873535156,51.25
bench_detect_20260905_2011,onnx,640,1,445,384.9954940014868,2.597432997478506,1,0.821259081363678,51.8
bench_detect_20260905_2011,onnx,640,1,446,384.8083080010838,2.5986964917534565,2,0.8468059301376343,51.8
bench_detect_20260905_2011,onnx,640,1,447,386.9764139999461,2.5841368202872936,1,0.8413017392158508,51.8
bench_detect_20260905_2011,onnx,640,1,448,384.7256209992338,2.599255015568593,1,0.7867920994758606,51.8
bench_detect_20260905_2011,onnx,640,1,449,385.77714699931676,2.5921701370293224,1,0.8636918067932129,51.25
bench_detect_20260905_2011,onnx,640,1,450,386.7114300010144,2.585907533163364,1,0.8329508304595947,51.25
bench_detect_20260905_2011,onnx,640,1,451,384.95963999957894,2.5976749147029903,1,0.8413544297218323,51.25
bench_detect_20260905_2011,onnx,640,1,452,386.6143720006221,2.58655671496452,1,0.8490844964981079,51.25
bench_detect_20260905_2011,onnx,640,1,453,385.36649299931014,2.594932403741158,1,0.8320471048355103,51.25
bench_detect_20260905_2011,onnx,640,1,454,384.6241179999197,2.5999409636610693,1,0.8395622968673706,50.7
bench_detect_20260905_2011,onnx,640,1,455,387.3860799976683,2.581404060791289,1,0.8511794805526733,51.8
bench_detect_20260905_2011,onnx,640,1,456,384.8549149988685,2.598381782399583,1,0.8278295993804932,51.25
bench_detect_20260905_2011,onnx,640,1,457,386.40322200080846,2.587970138607974,1,0.8525112867355347,51.8
bench_detect_20260905_2011,onnx,640,1,458,385.2033049988677,2.5960317240864264,1,0.8351011872291565,51.8
bench_detect_20260905_2011,onnx,640,1,459,384.70269100071164,2.599409942776174,1,0.8482077121734619,51.8
bench_detect_20260905_2011,onnx,640,1,460,387.1648730018933,2.5828789483055967,1,0.8448058366775513,50.7
bench_detect_20260905_2011,onnx,640,1,461,385.01474800068536,2.5973031038234926,1,0.8221828937530518,51.25
bench_detect_20260905_2011,onnx,640,1,462,385.6696959992405,2.5928923386346883,1,0.8502912521362305,50.7
bench_detect_20260905_2011,onnx,640,1,463,385.6339720005053,2.5931325365667983,3,0.8285478353500366,50.7
bench_detect_20260905_2011,onnx,640,1,464,384.8573189970921,2.5983655516956814,1,0.8668149709701538,50.7
bench_detect_20260905_2011,onnx,640,1,465,387.85691399971256,2.5782703979353094,2,0.8442308902740479,51.8
bench_detect_20260905_2011,onnx,640,1,466,385.10235699868645,2.596712229427905,1,0.8423841595649719,52.35
bench_detect_20260905_2011,onnx,640,1,467,385.1007640005264,2.596722970922574,1,0.7846071124076843,51.25
bench_detect_20260905_2011,onnx,640,1,468,386.61731100000907,2.586537052397989,1,0.8516272306442261,52.35
bench_detect_20260905_2011,onnx,640,1,469,384.7582610032987,2.5990345142749947,1,0.8222673535346985,51.8
bench_detect_20260905_2011,onnx,640,1,470,387.5780759990448,2.5801253010050664,1,0.8337501287460327,51.25
bench_detect_20260905_2011,onnx,640,1,471,384.87750199783477,2.5982292932404913,1,0.8463741540908813,50.15
bench_detect_20260905_2011,onnx,640,1,472,384.77764799972647,2.5989035620923358,1,0.8360079526901245,51.8
bench_detect_20260905_2011,onnx,640,1,473,386.0189900005935,2.590546128309549,3,0.8304916620254517,51.25
bench_detect_20260905_2011,onnx,640,1,474,384.8411670005589,2.5984746065343565,1,0.8292021155357361,51.8
bench_detect_20260905_2011,onnx,640,1,475,386.1890640000638,2.5894052763747726,1,0.8376526832580566,51.25
bench_detect_20260905_2011,onnx,640,1,476,386.829642997327,2.585117294144156,1,0.8403865694999695,51.8
bench_detect_20260905_2011,onnx,640,1,477,384.57325600029435,2.6002848206356672,1,0.8461527824401855,50.15
bench_detect_20260905_2011,onnx,640,1,478,386.6868449986214,2.5860719415049283,2,0.8360172510147095,51.8
bench_detect_20260905_2011,onnx,640,1,479,384.71686800039606,2.5993141532826436,1,0.8256915807723999,51.8
bench_detect_20260905_2011,onnx,640,1,480,384.779238000192,2.5988928227970063,1,0.8141642212867737,51.8
bench_detect_20260905_2011,onnx,640,1,481,387.24723599807476,2.582329599907,2,0.8237465620040894,50.7
bench_detect_20260905_2011,onnx,640,1,482,384.9295899999561,2.597877705374934,1,0.8072887659072876,51.25
bench_detect_20260905_2011,onnx,640,1,483,385.5787419997796,2.593503974865325,1,0.8510767221450806,50.7
bench_detect_20260905_2011,onnx,640,1,484,385.43127800221555,2.5944962359651873,3,0.8452200293540955,52.35
bench_detect_20260905_2011,onnx,640,1,485,384.6535499978927,2.599742027612844,1,0.8519858121871948,50.7
bench_detect_20260905_2011,onnx,640,1,486,386.88491599896224,2.584747966764055,2,0.8611037731170654,51.25
bench_detect_20260905_2011,onnx,640,1,487,385.03931100058253,2.5971374128042917,2,0.8390295505523682,51.25
bench_detect_20260905_2011,onnx,640,1,488,385.61236999885296,2.5932778038292046,1,0.8167492151260376,51.8
bench_detect_20260905_2011,onnx,640,1,489,385.0924960024713,2.596778722983952,2,0.8312814235687256,51.8
bench_detect_20260905_2011,onnx,640,1,490,385.0780510001641,2.5968761330402956,1,0.8391400575637817,51.8
bench_detect_20260905_2011,onnx,640,1,491,386.2154839989671,2.58922814188018,2,0.8572989702224731,51.8
bench_detect_20260905_2011,onnx,640,1,492,385.1597729990317,2.596325135965105,1,0.8422598838806152,51.8
bench_detect_20260905_2011,onnx,640,1,493,384.8929189989576,2.5981252203881366,1,0.8546093702316284,50.7
bench_detect_20260905_2011,onnx,640,1,494,388.76825899933465,2.572226453296208,1,0.8627359867095947,51.8
bench_detect_20260905_2011,onnx,640,1,495,385.51029299924267,2.593964462583012,1,0.8365155458450317,51.8
bench_detect_20260905_2011,onnx,640,1,496,386.1323890014319,2.5897853391322005,1,0.8113290071487427,51.8
bench_detect_20260905_2011,onnx,640,1,497,385.1902339993103,2.5961198175179865,1,0.8497682213783264,51.25
bench_detect_20260905_2011,onnx,640,1,498,385.0288809990161,2.597207766350793,2,0.831873893737793,50.7
bench_detect_20260905_2011,onnx,640,1,499,386.5024450024066,2.5873057542851337,1,0.8281845450401306,51.8
bench_detect_20260905_2011,onnx,640,2,0,206.78518500062637,4.835936384886427,1,0.8413964509963989,54.0
bench_detect_20260905_2011,onnx,640,2,1,206.73848200021894,4.837028841098586,3,0.8362150192260742,54.0
bench_detect_20260905_2011,onnx,640,2,2,206.86283399845706,4.8341211452583055,1,0.8449979424476624,54.0
bench_detect_20260905_2011,onnx,640,2,3,210.3925990013522,4.753018902502236,1,0.8480907678604126,54.55
bench_detect_20260905_2011,onnx,640,2,4,206.67681400300353,4.838472108368515,1,0.834947407245636,54.0
bench_detect_20260905_2011,onnx,640,2,5,206.82029599993257,4.8351154085976455,1,0.8542405366897583,54.0
bench_detect_20260905_2011,onnx,640,2,6,206.5224060024775,4.842089627737552,1,0.8101000785827637,54.0
bench_detect_20260905_2011,onnx,640,2,7,207.01164900310687,4.830646027968174,1,0.8298007845878601,54.55
bench_detect_20260905_2011,onnx,640,2,8,210.4311359980784,4.752148465373165,1,0.8437339067459106,54.0
bench_detect_20260905_2011,onnx,640,2,9,207.19489100156352,4.826373831739191,3,0.8526761531829834,54.55
bench_detect_20260905_2011,onnx,640,2,10,206.7033139974228,4.8378518015074885,2,0.8372806310653687,53.45
bench_detect_20260905_2011,onnx,640,2,11,206.82216600107495,4.835071691468518,1,0.8646231293678284,54.0
bench_detect_20260905_2011,onnx,640,2,12,209.6052589986357,4.77087266215257,1,0.7985750436782837,54.0
bench_detect_20260905_2011,onnx,640,2,13,207.38741000241134,4.821893479398642,2,0.8266360759735107,54.55
bench_detect_20260905_2011,onnx,640,2,14,206.9628700010071,4.8317845611395605,2,0.856847882270813,54.55
bench_detect_20260905_2011,onnx,640,2,15,206.8092030021944,4.835374758392107,1,0.8688619136810303,54.55
bench_detect_20260905_2011,onnx,640,2,16,206.89505399786867,4.833368322136407,2,0.8353570103645325,55.65
bench_detect_20260905_2011,onnx,640,2,17,209.7347409981012,4.767927312571709,1,0.8092879056930542,54.55
bench_detect_20260905_2011,onnx,640,2,18,206.97288800147362,4.831550690798111,3,0.8541460037231445,54.55
bench_detect_20260905_2011,onnx,640,2,19,206.9608519996109,4.831831674146182,2,0.8839057087898254,54.55
bench_detect_20260905_2011,onnx,640,2,20,206.7306089993508,4.837213051518367,1,0.8443048596382141,54.55
bench_detect_20260905_2011,onnx,640,2,21,206.5728300003684,4.84090768373661,1,0.8363469839096069,54.55
bench_detect_20260905_2011,onnx,640,2,22,208.25693300139392,4.8017609094113896,1,0.8529219627380371,54.0
bench_detect_20260905_2011,onnx,640,2,23,206.65369999915129,4.839013286498655,1,0.825797438621521,54.0
bench_detect_20260905_2011,onnx,640,2,24,206.59171800070908,4.840465095491232,1,0.7516517639160156,55.1
bench_detect_20260905_2011,onnx,640,2,25,206.86994299830985,4.833955022688676,1,0.8432766199111938,55.1
bench_detect_20260905_2011,onnx,640,2,26,206.6094219990191,4.840050324543029,2,0.8467707633972168,54.55
bench_detect_20260905_2011,onnx,640,2,27,211.3318800002162,4.731893739832235,2,0.8420654535293579,55.1
bench_detect_20260905_2011,onnx,640,2,28,207.21229699847754,4.825968412518237,2,0.8587499856948853,55.1
bench_detect_20260905_2011,onnx,640,2,29,206.97399900018354,4.831524755914453,1,0.8399636745452881,55.65
bench_detect_20260905_2011,onnx,640,2,30,206.63819999754196,4.839376262529849,3,0.8196526169776917,55.65
bench_detect_20260905_2011,onnx,640,2,31,207.40227900023456,4.821547790219166,1,0.8322136998176575,55.1
bench_detect_20260905_2011,onnx,640,2,32,208.45113800169202,4.797287314362769,1,0.8366478681564331,54.55
bench_detect_20260905_2011,onnx,640,2,33,206.83164500223938,4.834850102309891,1,0.8482257127761841,55.65
bench_detect_20260905_2011,onnx,640,2,34,207.1946289979678,4.826379934828369,1,0.8483883142471313,54.0
bench_detect_20260905_2011,onnx,640,2,35,206.74727400182746,4.8368231447209356,1,0.8382237553596497,55.1
bench_detect_20260905_2011,onnx,640,2,36,208.19544999903883,4.803178935969142,1,0.8212432861328125,55.1
bench_detect_20260905_2011,onnx,640,2,37,208.87743599814712,4.787496529825608,1,0.828599214553833,55.1
bench_detect_20260905_2011,onnx,640,2,38,206.78816299914615,4.835866741580025,1,0.8383708000183105,55.65
bench_detect_20260905_2011,onnx,640,2,39,206.80325500143226,4.835513831699962,1,0.8530669212341309,54.55
bench_detect_20260905_2011,onnx,640,2,40,206.4577899982396,4.843605077863745,1,0.8117971420288086,55.1
bench_detect_20260905_2011,onnx,640,2,41,207.5275560018781,4.818637193370841,1,0.8417625427246094,55.1
bench_detect_20260905_2011,onnx,640,2,42,209.12975299870595,4.781720370540426,1,0.8214684128761292,55.65
bench_detect_20260905_2011,onnx,640,2,43,206.72416200250154,4.837363907117442,1,0.8480296730995178,54.0
bench_detect_20260905_2011,onnx,640,2,44,206.64747599948896,4.839159032372953,1,0.8121476173400879,55.1
bench_detect_20260905_2011,onnx,640,2,45,206.70349500142038,4.837847565147016,1,0.8322126865386963,55.65
bench_detect_20260905_2011,onnx,640,2,46,209.07569599876297,4.782956695291435,1,0.8232464790344238,55.65
bench_detect_20260905_2011,onnx,640,2,47,207.2906649991637,4.824143914073672,2,0.8517240285873413,55.1
bench_detect_20260905_2011,onnx,640,2,48,206.82971700080088,4.834895171258818,1,0.8291543126106262,55.1
bench_detect_20260905_2011,onnx,640,2,49,206.57253099852824,4.840914690671649,1,0.8169819116592407,54.55
bench_detect_20260905_2011,onnx,640,2,50,206.88705099746585,4.8335552910570945,1,0.8423439264297485,55.65
bench_detect_20260905_2011,onnx,640,2,51,209.78962699882686,4.766679908371218,1,0.8395451307296753,54.0
bench_detect_20260905_2011,onnx,640,2,52,206.78875299927313,4.835852944108208,1,0.8404999375343323,55.65
bench_detect_20260905_2011,onnx,640,2,53,206.60245599719929,4.840213516210843,1,0.8209515810012817,55.65
bench_detect_20260905_2011,onnx,640,2,54,206.67205000063404,4.8385836401048525,1,0.8419967293739319,55.1
bench_detect_20260905_2011,onnx,640,2,55,206.54028900025878,4.841670382279493,1,0.8316102027893066,55.1
bench_detect_20260905_2011,onnx,640,2,56,209.5647909991385,4.771793941302434,1,0.861269474029541,55.1
bench_detect_20260905_2011,onnx,640,2,57,206.5035479972721,4.8425318097353465,1,0.7984071373939514,54.0
bench_detect_20260905_2011,onnx,640,2,58,206.84701199934352,4.8344909135219885,1,0.8373332023620605,55.65
bench_detect_20260905_2011,onnx,640,2,59,206.72141999966698,4.837428071080447,2,0.8378859758377075,55.65
bench_detect_20260905_2011,onnx,640,2,60,207.11631100130035,4.828204959645702,1,0.8546028137207031,54.55
bench_detect_20260905_2011,onnx,640,2,61,208.99673100211658,4.78476383436769,1,0.8480463027954102,54.55
bench_detect_20260905_2011,onnx,640,2,62,206.93125399702694,4.832522785631828,3,0.8664417862892151,55.65
bench_detect_20260905_2011,onnx,640,2,63,207.13299599810853,4.827816037620253,1,0.7443007230758667,55.1
bench_detect_20260905_2011,onnx,640,2,64,206.6611219997867,4.838839498805354,1,0.8330685496330261,55.65
bench_detect_20260905_2011,onnx,640,2,65,207.03790200059302,4.8300334882505505,1,0.8045856952667236,55.65
bench_detect_20260905_2011,onnx,640,2,66,208.36289200087776,4.799319064911939,1,0.8326104283332825,55.1
bench_detect_20260905_2011,onnx,640,2,67,206.6586209984962,4.8388980588778665,1,0.843082070350647,55.65
bench_detect_20260905_2011,onnx,640,2,68,206.78197400047793,4.836011479403368,1,0.8050702810287476,55.1
bench_detect_20260905_2011,onnx,640,2,69,206.5543059979973,4.841341821311127,1,0.8731569051742554,55.65
bench_detect_20260905_2011,onnx,640,2,70,207.86398099880898,4.81083829528758,1,0.8096308708190918,55.1
bench_detect_20260905_2011,onnx,640,2,71,208.46463400084758,4.796976738010795,2,0.8250113129615784,54.55
bench_detect_20260905_2011,onnx,640,2,72,206.66689899735502,4.8387042378411955,1,0.8652979135513306,55.1
bench_detect_20260905_2011,onnx,640,2,73,207.1297170004982,4.827892465075857,1,0.8489109873771667,55.65
bench_detect_20260905_2011,onnx,640,2,74,206.60949099692516,4.840048708192609,1,0.8298964500427246,55.65
bench_detect_20260905_2011,onnx,640,2,75,207.16016100050183,4.827182963994595,1,0.8285864591598511,55.1
bench_detect_20260905_2011,onnx,640,2,76,209.7417340009997,4.767768345022043,1,0.8309524655342102,55.65
bench_detect_20260905_2011,onnx,640,2,77,206.67888000025414,4.838423742178061,1,0.8356117010116577,55.1
bench_detect_20260905_2011,onnx,640,2,78,207.16680999976234,4.8270280360118845,1,0.8210676908493042,54.55
bench_detect_20260905_2011,onnx,640,2,79,207.0119749987498,4.830638420825845,1,0.8535463809967041,54.0
bench_detect_20260905_2011,onnx,640,2,80,209.42554700013716,4.7749666376630975,1,0.8468974828720093,55.1
bench_detect_20260905_2011,onnx,640,2,81,206.8628439992608,4.834120911552262,2,0.8389437198638916,54.55
bench_detect_20260905_2011,onnx,640,2,82,206.75239900083398,4.836703249068304,1,0.8164992332458496,54.55
bench_detect_20260905_2011,onnx,640,2,83,207.1871240004839,4.826554762146631,1,0.8629551529884338,55.65
bench_detect_20260905_2011,onnx,640,2,84,207.24593799968716,4.825185041752228,1,0.8423635959625244,56.2
bench_detect_20260905_2011,onnx,640,2,85,210.51979399999254,4.75014715243373,2,0.8258845806121826,55.65
bench_detect_20260905_2011,onnx,640,2,86,206.78065800166223,4.836042256872794,1,0.848955512046814,56.2
bench_detect_20260905_2011,onnx,640,2,87,206.66504600012559,4.838747622563093,1,0.8255360126495361,55.1
bench_detect_20260905_2011,onnx,640,2,88,206.7954349986394,4.835696687436933,2,0.8213478326797485,54.55
bench_detect_20260905_2011,onnx,640,2,89,208.4590759986895,4.7971046365296495,3,0.8091329336166382,55.1
bench_detect_20260905_2011,onnx,640,2,90,207.87455300160218,4.810593627553309,2,0.8426425457000732,55.65
bench_detect_20260905_2011,onnx,640,2,91,206.8009720023838,4.835567213815963,3,0.8236472606658936,56.2
bench_detect_20260905_2011,onnx,640,2,92,206.66239599813707,4.8388096691234255,1,0.8207851648330688,54.0
bench_detect_20260905_2011,onnx,640,2,93,206.60069299992756,4.840254819476093,1,0.8628048896789551,55.1
bench_detect_20260905_2011,onnx,640,2,94,207.284604999586,4.824284948715787,1,0.867732048034668,56.2
bench_detect_20260905_2011,onnx,640,2,95,208.80396600114182,4.78918106370897,1,0.8611422777175903,55.65
bench_detect_20260905_2011,onnx,640,2,96,206.61543399910443,4.839909491003148,1,0.8434416651725769,55.65
bench_detect_20260905_2011,onnx,640,2,97,206.85684199997922,4.8342611746924975,4,0.8513892889022827,54.55
bench_detect_20260905_2011,onnx,640,2,98,207.30562199969427,4.823795854419592,1,0.8543432950973511,55.65
bench_detect_20260905_2011,onnx,640,2,99,208.15659099753248,4.804075601006812,1,0.8439679145812988,54.55
bench_detect_20260905_2011,onnx,640,2,100,208.58381600191933,4.7942358096986695,1,0.8431284427642822,55.65
bench_detect_20260905_2011,onnx,640,2,101,206.738322001911,4.837032584557576,2,0.8449569940567017,55.1
bench_detect_20260905_2011,onnx,640,2,102,207.13789900037227,4.827701762091363,1,0.7983802556991577,56.2
bench_detect_20260905_2011,onnx,640,2,103,206.6792660007195,4.8384147057911395,1,0.8477780818939209,55.65
bench_detect_20260905_2011,onnx,640,2,104,207.24232599968673,4.825269139285339,1,0.8130369186401367,56.2
bench_detect_20260905_2011,onnx,640,2,105,208.30529500017292,4.800646090149412,2,0.8290848731994629,55.65
bench_detect_20260905_2011,onnx,640,2,106,206.7612300015753,4.836496668124779,2,0.8343456983566284,56.2
bench_detect_20260905_2011,onnx,640,2,107,206.97906500208774,4.831406499927485,2,0.8187958002090454,55.65
bench_detect_20260905_2011,onnx,640,2,108,207.1092869991844,4.828368705667641,2,0.8311048746109009,55.65
bench_detect_20260905_2011,onnx,640,2,109,208.3760360001179,4.799016332182431,1,0.835879385471344,55.65
bench_detect_20260905_2011,onnx,640,2,110,209.08022599905962,4.782853066193346,1,0.8328205347061157,54.55
bench_detect_20260905_2011,onnx,640,2,111,206.652116998157,4.839050354412379,1,0.8654910326004028,54.55
bench_detect_20260905_2011,onnx,640,2,112,206.73846899808268,4.8370291453076115,1,0.8493067026138306,54.55
bench_detect_20260905_2011,onnx,640,2,113,207.01052599906689,4.830672233568005,1,0.8118448853492737,55.65
bench_detect_20260905_2011,onnx,640,2,114,207.82216099905781,4.811806379034494,1,0.811266303062439,55.1
bench_detect_20260905_2011,onnx,640,2,115,206.71141400089255,4.837662229893518,1,0.8126435279846191,54.55
bench_detect_20260905_2011,onnx,640,2,116,206.94134100267547,4.832287232482326,2,0.8389898538589478,56.2
bench_detect_20260905_2011,onnx,640,2,117,206.81765400149743,4.835177174927048,3,0.8394144177436829,56.2
bench_detect_20260905_2011,onnx,640,2,118,207.07521099757287,4.829163255140767,3,0.8534187078475952,56.2
bench_detect_20260905_2011,onnx,640,2,119,209.133465999912,4.78163547483319,2,0.8466662168502808,56.75
bench_detect_20260905_2011,onnx,640,2,120,206.4947819999361,4.8427373821015465,1,0.8641481995582581,55.65
bench_detect_20260905_2011,onnx,640,2,121,206.72756099884282,4.837284371606346,1,0.8371380567550659,56.2
bench_detect_20260905_2011,onnx,640,2,122,206.87939499839558,4.833734166748483,2,0.8630980253219604,55.1
bench_detect_20260905_2011,onnx,640,2,123,207.96769899970968,4.80843902591525,1,0.8229697942733765,54.55
bench_detect_20260905_2011,onnx,640,2,124,207.90119799858076,4.809977093094127,1,0.8306680917739868,55.1
bench_detect_20260905_2011,onnx,640,2,125,206.6779669985408,4.838445115956943,2,0.8539453744888306,56.2
bench_detect_20260905_2011,onnx,640,2,126,206.7127829977835,4.8376301915045214,2,0.8451641201972961,56.75
bench_detect_20260905_2011,onnx,640,2,127,207.009672998538,4.830692138753644,2,0.8374444246292114,56.2
bench_detect_20260905_2011,onnx,640,2,128,208.2546999990882,4.801812396091797,2,0.8476157188415527,55.1
bench_detect_20260905_2011,onnx,640,2,129,208.9726679987507,4.785314795358684,1,0.8654491901397705,56.2
bench_detect_20260905_2011,onnx,640,2,130,206.52028000040445,4.842139474138044,1,0.8401824235916138,55.1
bench_detect_20260905_2011,onnx,640,2,131,206.78937500269967,4.83583839830719,1,0.7544558048248291,55.65
bench_detect_20260905_2011,onnx,640,2,132,206.7764490020636,4.836140696032652,1,0.8146378993988037,55.65
bench_detect_20260905_2011,onnx,640,2,133,207.67293599783443,4.815263939882989,1,0.8302575349807739,55.65
bench_detect_20260905_2011,onnx,640,2,134,208.14740200148663,4.8042876845172335,1,0.823908269405365,55.65
bench_detect_20260905_2011,onnx,640,2,135,206.96037500238162,4.831842810434086,1,0.8147644400596619,54.55
bench_detect_20260905_2011,onnx,640,2,136,206.73126300243894,4.83719774879043,1,0.8382574319839478,55.1
bench_detect_20260905_2011,onnx,640,2,137,207.63917599833803,4.81604685239169,2,0.8215377330780029,56.2
bench_detect_20260905_2011,onnx,640,2,138,208.25521699953242,4.801800475434165,1,0.8654170632362366,56.2
bench_detect_20260905_2011,onnx,640,2,139,208.71538700157544,4.791213596496609,1,0.842850923538208,55.1
bench_detect_20260905_2011,onnx,640,2,140,206.56961299755494,4.840983073400232,1,0.8235273361206055,55.1
bench_detect_20260905_2011,onnx,640,2,141,206.97004200337688,4.831617128355631,1,0.8433858752250671,56.2
bench_detect_20260905_2011,onnx,640,2,142,208.70557200032636,4.791438917588824,1,0.8033332824707031,56.75
bench_detect_20260905_2011,onnx,640,2,143,206.7930039993371,4.8357535345016105,1,0.8463841676712036,56.75
bench_detect_20260905_2011,onnx,640,2,144,209.48491099989042,4.773613503840967,3,0.8579727411270142,56.75
bench_detect_20260905_2011,onnx,640,2,145,206.60114999918733,4.840244112890628,1,0.8492755889892578,56.2
bench_detect_20260905_2011,onnx,640,2,146,206.8715780005732,4.833916817694643,1,0.8545253276824951,55.65
bench_detect_20260905_2011,onnx,640,2,147,207.66180500140763,4.815522045535632,3,0.836837649345398,56.2
bench_detect_20260905_2011,onnx,640,2,148,207.95784399888362,4.808666895033632,1,0.8250657320022583,56.2
bench_detect_20260905_2011,onnx,640,2,149,207.20204199824366,4.826207262998289,1,0.8502155542373657,55.65
bench_detect_20260905_2011,onnx,640,2,150,206.57574200231466,4.840839443717429,1,0.8256538510322571,56.75
bench_detect_20260905_2011,onnx,640,2,151,206.84479899864527,4.834542636996879,2,0.8366051912307739,56.2
bench_detect_20260905_2011,onnx,640,2,152,207.97026899890625,4.80837960547745,2,0.8437267541885376,55.65
bench_detect_20260905_2011,onnx,640,2,153,208.66547700279625,4.792359590880476,1,0.8078584671020508,56.2
bench_detect_20260905_2011,onnx,640,2,154,206.84594699923764,4.834515805154672,1,0.8050262928009033,56.2
bench_detect_20260905_2011,onnx,640,2,155,206.73865000208025,4.8370249103877665,1,0.8458560705184937,55.1
bench_detect_20260905_2011,onnx,640,2,156,206.64751900039846,4.839158025401078,1,0.8294092416763306,56.2
bench_detect_20260905_2011,onnx,640,2,157,207.58915500118746,4.8172073343343955,1,0.8547412753105164,56.2
bench_detect_20260905_2011,onnx,640,2,158,208.12338099858607,4.804842181603775,1,0.8530368804931641,56.75
bench_detect_20260905_2011,onnx,640,2,159,206.5436850025435,4.84159077527684,1,0.8486629724502563,55.65
bench_detect_20260905_2011,onnx,640,2,160,206.86272500097402,4.834123692392099,1,0.8368614912033081,55.1
bench_detect_20260905_2011,onnx,640,2,161,206.7593339997984,4.836541019236283,1,0.8281562924385071,56.2
bench_detect_20260905_2011,onnx,640,2,162,208.61775500088697,4.793455858997947,1,0.8530679941177368,55.65
bench_detect_20260905_2011,onnx,640,2,163,209.28403600191814,4.778195313429615,1,0.8188627362251282,55.1
bench_detect_20260905_2011,onnx,640,2,164,206.7252599990752,4.8373382140357375,1,0.8369370698928833,54.55
bench_detect_20260905_2011,onnx,640,2,165,206.75929699791595,4.836541884789247,1,0.850145697593689,54.55
bench_detect_20260905_2011,onnx,640,2,166,207.21657700050855,4.825868733453433,2,0.8114591836929321,55.1
bench_detect_20260905_2011,onnx,640,2,167,206.94192700102576,4.832273548873657,1,0.8295873403549194,55.1
bench_detect_20260905_2011,onnx,640,2,168,208.81021799868904,4.7890376705908055,1,0.8458551168441772,55.65
bench_detect_20260905_2011,onnx,640,2,169,206.6449259982619,4.839218747661924,1,0.8504824638366699,56.2
bench_detect_20260905_2011,onnx,640,2,170,206.65190699946834,4.839055271832419,2,0.8550819158554077,56.75
bench_detect_20260905_2011,onnx,640,2,171,206.87400099996012,4.833860200732487,1,0.8166817426681519,56.2
bench_detect_20260905_2011,onnx,640,2,172,206.8931120011257,4.833413690420777,1,0.8460331559181213,56.2
bench_detect_20260905_2011,onnx,640,2,173,208.6074010003358,4.793693776945096,1,0.8488940596580505,55.65
bench_detect_20260905_2011,onnx,640,2,174,206.69420299964258,4.838065052079517,1,0.8448196053504944,56.75
bench_detect_20260905_2011,onnx,640,2,175,206.96800099904067,4.831664775100355,1,0.8377920985221863,56.75
bench_detect_20260905_2011,onnx,640,2,176,208.00130399948102,4.807662167360715,1,0.8450409173965454,56.2
bench_detect_20260905_2011,onnx,640,2,177,206.82146299805027,4.835088126271629,1,0.8278704881668091,56.2
bench_detect_20260905_2011,onnx,640,2,178,208.7053270006436,4.791444542270434,1,0.8152850866317749,56.2
bench_detect_20260905_2011,onnx,640,2,179,206.57047900022008,4.840962778611432,1,0.8432220816612244,56.75
bench_detect_20260905_2011,onnx,640,2,180,206.9246299979568,4.8326774826654235,1,0.847132682800293,55.1
bench_detect_20260905_2011,onnx,640,2,181,207.40079999814043,4.821582173303893,1,0.8313401341438293,55.65
bench_detect_20260905_2011,onnx,640,2,182,207.94380300139892,4.8089915908351095,2,0.8418444991111755,56.2
bench_detect_20260905_2011,onnx,640,2,183,207.0756680004706,4.829152597483,5,0.8385757207870483,55.1
bench_detect_20260905_2011,onnx,640,2,184,206.5322569978889,4.841858673970825,1,0.8379875421524048,56.2
bench_detect_20260905_2011,onnx,640,2,185,206.65646100314916,4.8389486355559015,1,0.8498717546463013,56.75
bench_detect_20260905_2011,onnx,640,2,186,207.97339499767986,4.8083073318640395,1,0.8367627859115601,55.65
bench_detect_20260905_2011,onnx,640,2,187,209.0965329989558,4.782480061517776,1,0.8186553120613098,56.75
bench_detect_20260905_2011,onnx,640,2,188,206.6612199996598,4.838837204201379,1,0.7940596342086792,56.2
bench_detect_20260905_2011,onnx,640,2,189,206.87122199888108,4.833925136312139,2,0.8086881637573242,56.2
bench_detect_20260905_2011,onnx,640,2,190,207.2855940023146,4.8242619310478165,1,0.8441815376281738,56.75
bench_detect_20260905_2011,onnx,640,2,191,208.55612100058352,4.794872455444269,1,0.8246172666549683,55.1
bench_detect_20260905_2011,onnx,640,2,192,207.84428300248692,4.81129423217301,1,0.8393661975860596,55.65
bench_detect_20260905_2011,onnx,640,2,193,206.55544100009138,4.841315218607859,1,0.8456274271011353,56.2
bench_detect_20260905_2011,onnx,640,2,194,206.76573899982031,4.836391197290519,1,0.8337699770927429,56.2
bench_detect_20260905_2011,onnx,640,2,195,208.60654699936276,4.793713401540819,1,0.8599885106086731,55.65
bench_detect_20260905_2011,onnx,640,2,196,206.70949700070196,4.837707093818743,1,0.8481337428092957,56.2
bench_detect_20260905_2011,onnx,640,2,197,209.31116200154065,4.777576075912471,1,0.8535662293434143,55.65
bench_detect_20260905_2011,onnx,640,2,198,206.90546200057724,4.833125188339446,3,0.8211638927459717,57.3
bench_detect_20260905_2011,onnx,640,2,199,206.70312699803617,4.8378561781965725,1,0.8522990942001343,56.2
bench_detect_20260905_2011,onnx,640,2,200,207.61942800163524,4.8165049370626525,2,0.8228009939193726,54.55
bench_detect_20260905_2011,onnx,640,2,201,206.7792570014717,4.836075022713147,1,0.8213120698928833,55.65
bench_detect_20260905_2011,onnx,640,2,202,208.5563419968821,4.79486737456754,1,0.8118500709533691,55.1
bench_detect_20260905_2011,onnx,640,2,203,206.76529399861465,4.83640160619364,1,0.8608063459396362,56.2
bench_detect_20260905_2011,onnx,640,2,204,207.01166499929968,4.830645654694787,1,0.8367810845375061,56.75
bench_detect_20260905_2011,onnx,640,2,205,207.4504269985482,4.820428737931681,1,0.8480185270309448,55.1
bench_detect_20260905_2011,onnx,640,2,206,206.87688599718967,4.833792790237497,2,0.8532112240791321,56.75
bench_detect_20260905_2011,onnx,640,2,207,208.99534500131267,4.784795565631948,2,0.8323181867599487,56.75
bench_detect_20260905_2011,onnx,640,2,208,206.83832999930019,4.834693840369836,3,0.8442710638046265,56.2
bench_detect_20260905_2011,onnx,640,2,209,207.00934900014545,4.830699699458005,1,0.8415298461914062,55.1
bench_detect_20260905_2011,onnx,640,2,210,207.94868899974972,4.808878597937222,1,0.8462017774581909,56.75
bench_detect_20260905_2011,onnx,640,2,211,206.83533000192256,4.83476396411921,1,0.8482033014297485,55.1
bench_detect_20260905_2011,onnx,640,2,212,209.0039370013983,4.784598866160639,1,0.8100107908248901,56.2
bench_detect_20260905_2011,onnx,640,2,213,206.59927200176753,4.84028811094477,2,0.8383665680885315,56.2
bench_detect_20260905_2011,onnx,640,2,214,206.50434599883738,4.8425130965797205,2,0.85907381772995,56.75
bench_detect_20260905_2011,onnx,640,2,215,209.78944199669058,4.766684111852373,1,0.8372085094451904,56.75
bench_detect_20260905_2011,onnx,640,2,216,207.73057599944877,4.813927825447582,1,0.8646249175071716,56.75
bench_detect_20260905_2011,onnx,640,2,217,206.9855159970757,4.831255922342547,1,0.8238210678100586,55.1
bench_detect_20260905_2011,onnx,640,2,218,206.81971800149768,4.835128921279926,1,0.8375449776649475,55.1
bench_detect_20260905_2011,onnx,640,2,219,207.35842499925639,4.822567493959245,1,0.772466242313385,55.1
bench_detect_20260905_2011,onnx,640,2,220,206.87879199977033,4.833748255843983,1,0.831119179725647,56.2
bench_detect_20260905_2011,onnx,640,2,221,208.67350699700182,4.792175175425445,1,0.8348863124847412,56.75
bench_detect_20260905_2011,onnx,640,2,222,206.44962299775216,4.843796687441217,1,0.8604683876037598,56.2
bench_detect_20260905_2011,onnx,640,2,223,206.89501400192967,4.833369256499691,1,0.8571023941040039,56.75
bench_detect_20260905_2011,onnx,640,2,224,206.94610700229532,4.832175944188738,2,0.8367143869400024,56.75
bench_detect_20260905_2011,onnx,640,2,225,206.63297500141198,4.839498632748073,1,0.8515375852584839,55.1
bench_detect_20260905_2011,onnx,640,2,226,208.0867250006122,4.805688589683258,1,0.8213057518005371,56.75
bench_detect_20260905_2011,onnx,640,2,227,206.7107170005329,4.837678541831104,4,0.8453085422515869,56.75
bench_detect_20260905_2011,onnx,640,2,228,206.89249499992002,4.833428104776766,3,0.8464270830154419,56.2
bench_detect_20260905_2011,onnx,640,2,229,207.78666700061876,4.812628329020852,1,0.8449910879135132,56.75
bench_detect_20260905_2011,onnx,640,2,230,206.71138200123096,4.8376629787809415,1,0.8310876488685608,56.2
bench_detect_20260905_2011,onnx,640,2,231,209.67929199832724,4.769188175282363,1,0.8199989199638367,56.75
bench_detect_20260905_2011,onnx,640,2,232,206.6987899997912,4.837957687130197,1,0.8652216196060181,56.75
bench_detect_20260905_2011,onnx,640,2,233,206.9664949995058,4.831699932891977,1,0.8412675857543945,56.75
bench_detect_20260905_2011,onnx,640,2,234,207.2438670002157,4.825233260094299,1,0.8288929462432861,56.2
bench_detect_20260905_2011,onnx,640,2,235,206.67858500019065,4.838430648240975,1,0.8418834209442139,56.75
bench_detect_20260905_2011,onnx,640,2,236,208.54006099762046,4.7952417162255,1,0.8206291794776917,56.75
bench_detect_20260905_2011,onnx,640,2,237,206.5944549976848,4.840400968221565,1,0.8267115950584412,56.2
bench_detect_20260905_2011,onnx,640,2,238,206.76441899922793,4.836422073198842,5,0.8348259329795837,56.2
bench_detect_20260905_2011,onnx,640,2,239,207.71001699904446,4.814404304846792,1,0.8205381631851196,55.65
bench_detect_20260905_2011,onnx,640,2,240,206.65599199855933,4.8389596175221055,2,0.8033685684204102,56.75
bench_detect_20260905_2011,onnx,640,2,241,208.95991499855882,4.785606847164428,1,0.804533839225769,56.2
bench_detect_20260905_2011,onnx,640,2,242,206.67475200025365,4.838520382009568,1,0.838666558265686,56.2
bench_detect_20260905_2011,onnx,640,2,243,206.87871600239305,4.8337500315326425,3,0.8172842264175415,55.1
bench_detect_20260905_2011,onnx,640,2,244,209.30141700227978,4.777798518149104,1,0.8154523372650146,55.65
bench_detect_20260905_2011,onnx,640,2,245,207.13573499961058,4.827752198344144,1,0.8171716928482056,55.1
bench_detect_20260905_2011,onnx,640,2,246,208.64846800031955,4.792750263560375,1,0.8221317529678345,55.65
bench_detect_20260905_2011,onnx,640,2,247,206.73469599933014,4.8371174232081495,1,0.805841326713562,56.75
bench_detect_20260905_2011,onnx,640,2,248,208.96263599934173,4.78554453152644,1,0.8068088293075562,56.2
bench_detect_20260905_2011,onnx,640,2,249,206.83251100126654,4.834829858995796,1,0.8204800486564636,56.75
bench_detect_20260905_2011,onnx,640,2,250,207.99362999969162,4.807839547785587,1,0.8448473215103149,56.2
bench_detect_20260905_2011,onnx,640,2,251,207.1469389993581,4.827491078702828,1,0.8738038539886475,56.75
bench_detect_20260905_2011,onnx,640,2,252,206.68884299811907,4.8381905162104,1,0.8493813276290894,55.1
bench_detect_20260905_2011,onnx,640,2,253,207.75960899845813,4.813255111619994,2,0.8506397008895874,55.65
bench_detect_20260905_2011,onnx,640,2,254,207.08601200021803,4.828911380064373,2,0.8243682980537415,56.75
bench_detect_20260905_2011,onnx,640,2,255,207.99792599791544,4.80774024645814,1,0.8473791480064392,56.2
bench_detect_20260905_2011,onnx,640,2,256,207.0446779980557,4.829875414664803,1,0.8175316452980042,56.75
bench_detect_20260905_2011,onnx,640,2,257,206.743232000008,4.836917708628843,1,0.8049615621566772,56.2
bench_detect_20260905_2011,onnx,640,2,258,208.01729600134422,4.807292562795057,1,0.816007137298584,56.75
bench_detect_20260905_2011,onnx,640,2,259,206.82080600090558,4.835103485650382,1,0.8184460997581482,56.2
bench_detect_20260905_2011,onnx,640,2,260,208.04409199990914,4.806673385372735,1,0.8368588089942932,56.75
bench_detect_20260905_2011,onnx,640,2,261,206.45585999955074,4.843650357040851,1,0.8424324989318848,55.65
bench_detect_20260905_2011,onnx,640,2,262,206.72776799983694,4.8372795279286755,1,0.8658171892166138,56.2
bench_detect_20260905_2011,onnx,640,2,263,207.68214499912574,4.815050422385658,1,0.8466576933860779,55.65
bench_detect_20260905_2011,onnx,640,2,264,206.8586019995564,4.834220043709589,1,0.832748532295227,56.2
bench_detect_20260905_2011,onnx,640,2,265,208.93457899728674,4.786187163461277,1,0.8468754887580872,56.75
bench_detect_20260905_2011,onnx,640,2,266,206.75410200055921,4.836663409934644,1,0.8375554084777832,56.2
bench_detect_20260905_2011,onnx,640,2,267,206.82230499733123,4.835068442027583,1,0.8382368087768555,56.2
bench_detect_20260905_2011,onnx,640,2,268,208.56913199895644,4.7945733408192135,1,0.8615672588348389,56.2
bench_detect_20260905_2011,onnx,640,2,269,206.60765600041486,4.840091695333846,1,0.8405944108963013,55.65
bench_detect_20260905_2011,onnx,640,2,270,208.25090799917234,4.801899831351393,2,0.837300181388855,55.65
bench_detect_20260905_2011,onnx,640,2,271,207.2840120017645,4.824298750023651,1,0.8273892402648926,56.75
bench_detect_20260905_2011,onnx,640,2,272,207.43356800085166,4.820820514430404,1,0.8261758089065552,56.2
bench_detect_20260905_2011,onnx,640,2,273,208.1724249983381,4.803710193643482,2,0.8210894465446472,56.75
bench_detect_20260905_2011,onnx,640,2,274,206.71769299951848,4.8375152871037965,1,0.8512016534805298,55.65
bench_detect_20260905_2011,onnx,640,2,275,209.11209800033248,4.782124083506685,1,0.8327212333679199,56.75
bench_detect_20260905_2011,onnx,640,2,276,206.93158300127834,4.8325151023168,1,0.8410636186599731,56.75
bench_detect_20260905_2011,onnx,640,2,277,207.07576900167624,4.829150242063837,1,0.8475862741470337,57.3
bench_detect_20260905_2011,onnx,640,2,278,206.59474700005376,4.840394126767124,1,0.8322214484214783,56.75
bench_detect_20260905_2011,onnx,640,2,279,206.93893499992555,4.832343415705506,1,0.8221357464790344,56.2
bench_detect_20260905_2011,onnx,640,2,280,209.16632100124843,4.780884394835397,1,0.8491877317428589,56.2
bench_detect_20260905_2011,onnx,640,2,281,206.77898899884894,4.836081290665207,1,0.8259184956550598,55.1
bench_detect_20260905_2011,onnx,640,2,282,207.6227719990129,4.816427361853902,1,0.851664662361145,56.75
bench_detect_20260905_2011,onnx,640,2,283,206.79311899948516,4.835750845280735,2,0.8576101064682007,56.2
bench_detect_20260905_2011,onnx,640,2,284,207.73284700044314,4.813875198070466,1,0.8422410488128662,56.75
bench_detect_20260905_2011,onnx,640,2,285,206.90795300106402,4.833067001512782,1,0.8402208089828491,56.75
bench_detect_20260905_2011,onnx,640,2,286,206.75791399844456,4.836574236319307,1,0.8319294452667236,56.75
bench_detect_20260905_2011,onnx,640,2,287,207.42784399772063,4.820953545711003,2,0.8530330657958984,55.65
bench_detect_20260905_2011,onnx,640,2,288,206.52535699991859,4.8420204401360465,2,0.8324416279792786,56.75
bench_detect_20260905_2011,onnx,640,2,289,207.93790400057333,4.809128017358696,1,0.8509499430656433,55.65
bench_detect_20260905_2011,onnx,640,2,290,206.95284099929268,4.832018710984586,1,0.842361330986023,56.75
bench_detect_20260905_2011,onnx,640,2,291,206.6845050030679,4.838292062509265,1,0.8634496927261353,56.75
bench_detect_20260905_2011,onnx,640,2,292,208.19453399963095,4.803200068652007,1,0.8571218252182007,56.75
bench_detect_20260905_2011,onnx,640,2,293,206.76185800039093,4.836481978209488,2,0.8604756593704224,56.75
bench_detect_20260905_2011,onnx,640,2,294,208.17581200026325,4.803632037706357,1,0.8189921379089355,56.2
bench_detect_20260905_2011,onnx,640,2,295,206.79672899859725,4.835666428779844,1,0.8286945223808289,56.75
bench_detect_20260905_2011,onnx,640,2,296,206.68659799775924,4.838243067945999,1,0.8542360067367554,56.75
bench_detect_20260905_2011,onnx,640,2,297,209.45832000143128,4.774219520108663,1,0.8379127383232117,56.2
bench_detect_20260905_2011,onnx,640,2,298,206.576208001934,4.840828523634425,1,0.8328551054000854,57.3
bench_detect_20260905_2011,onnx,640,2,299,207.96662499924423,4.808463858100472,1,0.8246837854385376,55.65
bench_detect_20260905_2011,onnx,640,2,300,206.68952299820376,4.838174598761305,1,0.8435987830162048,56.75
bench_detect_20260905_2011,onnx,640,2,301,208.71464800075046,4.791230560858404,2,0.8329585790634155,56.75
bench_detect_20260905_2011,onnx,640,2,302,207.03528499871027,4.830094541644095,1,0.801422655582428,55.65
bench_detect_20260905_2011,onnx,640,2,303,206.65179999923566,4.839057777399948,1,0.8476638793945312,56.2
bench_detect_20260905_2011,onnx,640,2,304,208.45470200220007,4.797205293980108,1,0.8487242460250854,56.2
bench_detect_20260905_2011,onnx,640,2,305,206.93804299662588,4.8323642454486,1,0.7891408205032349,56.2
bench_detect_20260905_2011,onnx,640,2,306,207.23676700072247,4.825398574165721,1,0.8120340704917908,56.2
bench_detect_20260905_2011,onnx,640,2,307,206.8209309982194,4.835100563436732,1,0.8586093187332153,57.3
bench_detect_20260905_2011,onnx,640,2,308,206.5202630001295,4.842139872731873,1,0.8641974925994873,55.65
bench_detect_20260905_2011,onnx,640,2,309,209.16620600110036,4.78088702337862,2,0.823830246925354,56.75
bench_detect_20260905_2011,onnx,640,2,310,206.61033599753864,4.84002891322878,1,0.8171632289886475,56.2
bench_detect_20260905_2011,onnx,640,2,311,207.50965700062807,4.819052830861618,1,0.8696655035018921,56.75
bench_detect_20260905_2011,onnx,640,2,312,206.53157600099803,4.841874639039058,1,0.8447204828262329,55.1
bench_detect_20260905_2011,onnx,640,2,313,206.47670600010315,4.843161339466063,1,0.8461319208145142,56.2
bench_detect_20260905_2011,onnx,640,2,314,209.2937070010521,4.7779745235960345,2,0.8373314142227173,56.75
bench_detect_20260905_2011,onnx,640,2,315,206.83657900008257,4.834734769035224,1,0.8464710712432861,55.65
bench_detect_20260905_2011,onnx,640,2,316,207.73389900205075,4.813850819745737,1,0.8324310779571533,56.75
bench_detect_20260905_2011,onnx,640,2,317,206.6620219993638,4.838818425976101,3,0.8384809494018555,56.75
bench_detect_20260905_2011,onnx,640,2,318,207.61336099894834,4.816645687871049,1,0.84232497215271,56.75
bench_detect_20260905_2011,onnx,640,2,319,207.28687700102455,4.824232071358079,1,0.827883243560791,56.2
bench_detect_20260905_2011,onnx,640,2,320,206.94430000003194,4.8322181379233236,1,0.84635329246521,56.75
bench_detect_20260905_2011,onnx,640,2,321,208.986110999831,4.785006980683078,1,0.8185778856277466,56.75
bench_detect_20260905_2011,onnx,640,2,322,206.44126000115648,4.843992911079878,1,0.8590344786643982,55.65
bench_detect_20260905_2011,onnx,640,2,323,207.90215899978648,4.809954859588673,1,0.8147457242012024,57.3
bench_detect_20260905_2011,onnx,640,2,324,206.82998499978567,4.834888906466034,1,0.820259690284729,56.75
bench_detect_20260905_2011,onnx,640,2,325,206.93630000096164,4.832404947780321,1,0.8212151527404785,56.2
bench_detect_20260905_2011,onnx,640,2,326,206.81600300304126,4.835215773826239,1,0.8330271244049072,56.75
bench_detect_20260905_2011,onnx,640,2,327,206.667873000697,4.8386814335512485,2,0.8189748525619507,56.75
bench_detect_20260905_2011,onnx,640,2,328,208.22979099830263,4.802386801647184,1,0.8267168998718262,56.75
bench_detect_20260905_2011,onnx,640,2,329,206.9613549974747,4.831819930886139,2,0.8531997203826904,56.75
bench_detect_20260905_2011,onnx,640,2,330,207.33887599999434,4.82302219097603,1,0.8511329293251038,56.75
bench_detect_20260905_2011,onnx,640,2,331,206.8560769985197,4.83427905290477,2,0.8457157611846924,56.75
bench_detect_20260905_2011,onnx,640,2,332,206.73494600123377,4.8371115737444415,2,0.8485020399093628,56.75
bench_detect_20260905_2011,onnx,640,2,333,208.54294000309892,4.795175516299618,2,0.8420946002006531,56.75
bench_detect_20260905_2011,onnx,640,2,334,206.64405600109603,4.839239121374466,1,0.8088648319244385,57.3
bench_detect_20260905_2011,onnx,640,2,335,207.49980300024617,4.819281683842435,1,0.8594735860824585,56.75
bench_detect_20260905_2011,onnx,640,2,336,206.97855799880926,4.831418334674807,2,0.830318808555603,57.3
bench_detect_20260905_2011,onnx,640,2,337,206.67416799915372,4.838534054261173,2,0.8382816314697266,56.75
bench_detect_20260905_2011,onnx,640,2,338,208.28941899890197,4.801011999583482,1,0.8575975894927979,56.75
bench_detect_20260905_2011,onnx,640,2,339,207.33450500119943,4.823123869296213,1,0.8459829688072205,57.3
bench_detect_20260905_2011,onnx,640,2,340,207.60737800083007,4.816784497880426,2,0.8323137760162354,55.1
bench_detect_20260905_2011,onnx,640,2,341,206.563333998929,4.841130226941364,1,0.8561347126960754,57.3
bench_detect_20260905_2011,onnx,640,2,342,206.5434260002803,4.841596846556825,1,0.8265809416770935,55.65
bench_detect_20260905_2011,onnx,640,2,343,208.780293000018,4.789724095271357,1,0.8261640071868896,56.2
bench_detect_20260905_2011,onnx,640,2,344,206.7650560020411,4.836407173125658,1,0.8381201028823853,56.75
bench_detect_20260905_2011,onnx,640,2,345,208.44095700158505,4.797521630993066,1,0.8122726678848267,56.75
bench_detect_20260905_2011,onnx,640,2,346,206.5949250027188,4.840389956272352,3,0.8168864250183105,56.2
bench_detect_20260905_2011,onnx,640,2,347,206.71944499918027,4.837474287936316,1,0.8434978723526001,56.75
bench_detect_20260905_2011,onnx,640,2,348,209.36912999968627,4.776253309174559,1,0.818420946598053,57.3
bench_detect_20260905_2011,onnx,640,2,349,207.10074299859116,4.828567901404403,1,0.827080249786377,57.3
bench_detect_20260905_2011,onnx,640,2,350,208.34754799943767,4.7996725164372895,1,0.8186516761779785,56.75
bench_detect_20260905_2011,onnx,640,2,351,206.67531499930192,4.838507201517403,2,0.8448436260223389,57.3
bench_detect_20260905_2011,onnx,640,2,352,208.19845400183112,4.803109633038893,1,0.8338804841041565,56.2
bench_detect_20260905_2011,onnx,640,2,353,206.89811200281838,4.833296883764594,2,0.8244379162788391,57.3
bench_detect_20260905_2011,onnx,640,2,354,207.3859110023477,4.821928332386473,1,0.8554971814155579,56.75
bench_detect_20260905_2011,onnx,640,2,355,207.12927999920794,4.827902650961873,1,0.8476133942604065,56.75
bench_detect_20260905_2011,onnx,640,2,356,206.87003800048842,4.833952802762278,1,0.8257490396499634,57.3
bench_detect_20260905_2011,onnx,640,2,357,207.885730000271,4.810334985468683,1,0.8074175119400024,56.75
bench_detect_20260905_2011,onnx,640,2,358,206.8675929986057,4.834009936040297,1,0.8484216928482056,57.85
bench_detect_20260905_2011,onnx,640,2,359,207.71061699997517,4.814390397772105,1,0.8524563312530518,56.75
bench_detect_20260905_2011,onnx,640,2,360,207.0123719968251,4.8306291568667055,1,0.8479984402656555,57.3
bench_detect_20260905_2011,onnx,640,2,361,206.47636799913016,4.843169267701438,2,0.8036640882492065,57.3
bench_detect_20260905_2011,onnx,640,2,362,208.26793500236818,4.8015072506894985,1,0.8262161016464233,57.3
bench_detect_20260905_2011,onnx,640,2,363,206.92201900237706,4.832738462640423,1,0.8112316131591797,55.65
bench_detect_20260905_2011,onnx,640,2,364,207.7061349991709,4.8144942854191175,4,0.8479008078575134,56.2
bench_detect_20260905_2011,onnx,640,2,365,206.84666599845514,4.834499000372907,1,0.8517649173736572,56.75
bench_detect_20260905_2011,onnx,640,2,366,206.45692299876828,4.84362541819906,2,0.8653112053871155,56.75
bench_detect_20260905_2011,onnx,640,2,367,207.72111599944765,4.8141470605360075,1,0.8195593357086182,56.2
bench_detect_20260905_2011,onnx,640,2,368,207.5145229973714,4.8189398291543535,1,0.8525645732879639,57.3
bench_detect_20260905_2011,onnx,640,2,369,207.56279999841354,4.817818992650144,2,0.8261860609054565,56.75
bench_detect_20260905_2011,onnx,640,2,370,206.83216600082233,4.834837923594651,1,0.8398631811141968,57.3
bench_detect_20260905_2011,onnx,640,2,371,206.68873799877474,4.8381929740454845,3,0.8272657990455627,57.3
bench_detect_20260905_2011,onnx,640,2,372,208.74975200058543,4.790424852802678,4,0.8396103978157043,56.2
bench_detect_20260905_2011,onnx,640,2,373,206.86385000226437,4.834097402659062,2,0.8498581647872925,57.3
bench_detect_20260905_2011,onnx,640,2,374,208.20778499910375,4.802894377865384,1,0.8314975500106812,56.75
bench_detect_20260905_2011,onnx,640,2,375,206.6988489968935,4.837956306254173,1,0.8271510004997253,56.75
bench_detect_20260905_2011,onnx,640,2,376,206.45553300346364,4.843658028691453,2,0.8298342227935791,57.3
bench_detect_20260905_2011,onnx,640,2,377,209.0557359988452,4.78341335731407,1,0.8406117558479309,57.3
bench_detect_20260905_2011,onnx,640,2,378,206.91768400138244,4.832839710274927,1,0.8187170028686523,56.2
bench_detect_20260905_2011,onnx,640,2,379,206.864776002476,4.8340757635221125,1,0.8152703046798706,57.3
bench_detect_20260905_2011,onnx,640,2,380,206.59573800003272,4.840370908328427,1,0.840563178062439,57.3
bench_detect_20260905_2011,onnx,640,2,381,206.81518399942433,4.835234921642811,1,0.859058141708374,56.2
bench_detect_20260905_2011,onnx,640,2,382,209.02719800142222,4.784066425619866,1,0.8251925110816956,57.3
bench_detect_20260905_2011,onnx,640,2,383,207.2067410008458,4.826097815012293,1,0.821982741355896,57.85
bench_detect_20260905_2011,onnx,640,2,384,207.23746400108212,4.825382344935365,1,0.840075671672821,57.3
bench_detect_20260905_2011,onnx,640,2,385,206.6230890013685,4.83973018133214,1,0.828844428062439,57.85
bench_detect_20260905_2011,onnx,640,2,386,207.55259499856038,4.818055876424654,1,0.7791667580604553,56.75
bench_detect_20260905_2011,onnx,640,2,387,206.66175500082318,4.838824677531732,1,0.8621634244918823,57.3
bench_detect_20260905_2011,onnx,640,2,388,207.981078998273,4.808129685721573,1,0.8253549933433533,57.3
bench_detect_20260905_2011,onnx,640,2,389,206.5630510005576,4.841136859453632,1,0.8457764983177185,56.75
bench_detect_20260905_2011,onnx,640,2,390,206.7067739990307,4.837770822182582,1,0.8428510427474976,57.3
bench_detect_20260905_2011,onnx,640,2,391,207.7962999974261,4.812405225754196,2,0.8441576361656189,57.3
bench_detect_20260905_2011,onnx,640,2,392,206.95799700115458,4.831898329565014,1,0.8354012966156006,56.75
bench_detect_20260905_2011,onnx,640,2,393,207.13736900142976,4.827714114651604,1,0.8392190337181091,56.75
bench_detect_20260905_2011,onnx,640,2,394,206.89984899945557,4.833256306545837,1,0.8457963466644287,57.3
bench_detect_20260905_2011,onnx,640,2,395,206.39690099778818,4.845033986293798,1,0.8648865222930908,57.3
bench_detect_20260905_2011,onnx,640,2,396,207.8621140026371,4.810881505743337,1,0.8551069498062134,56.75
bench_detect_20260905_2011,onnx,640,2,397,206.8078289994446,4.835406883956437,1,0.8186825513839722,57.3
bench_detect_20260905_2011,onnx,640,2,398,207.22353599921917,4.825706670712192,1,0.8284015655517578,57.3
bench_detect_20260905_2011,onnx,640,2,399,206.87292300135596,4.833885389599515,1,0.8415845036506653,56.2
bench_detect_20260905_2011,onnx,640,2,400,206.5684199988027,4.841011031627177,1,0.8375536203384399,56.2
bench_detect_20260905_2011,onnx,640,2,401,209.16871599911246,4.780829653341866,1,0.8526433110237122,57.3
bench_detect_20260905_2011,onnx,640,2,402,206.63243899980444,4.8395111863386875,1,0.8257667422294617,57.85
bench_detect_20260905_2011,onnx,640,2,403,207.85542899830034,4.8110362323429,1,0.8084406852722168,57.3
bench_detect_20260905_2011,onnx,640,2,404,206.7015499997069,4.8378930878913,1,0.825127124786377,56.75
bench_detect_20260905_2011,onnx,640,2,405,206.9057740009157,4.833117900303615,1,0.8114608526229858,56.75
bench_detect_20260905_2011,onnx,640,2,406,208.62150800167,4.793369627028078,1,0.8355257511138916,57.3
bench_detect_20260905_2011,onnx,640,2,407,207.62564799952088,4.816360645397276,2,0.8502674102783203,57.3
bench_detect_20260905_2011,onnx,640,2,408,206.96473700081697,4.831740974289995,1,0.8472632169723511,56.2
bench_detect_20260905_2011,onnx,640,2,409,206.91986600286327,4.832788747244609,1,0.8343692421913147,57.3
bench_detect_20260905_2011,onnx,640,2,410,206.58614199783187,4.840595745335595,1,0.8598241209983826,55.65
bench_detect_20260905_2011,onnx,640,2,411,208.79295299891965,4.7894336740626215,1,0.8202672004699707,57.3
bench_detect_20260905_2011,onnx,640,2,412,207.423720999941,4.821049372652439,1,0.8342161774635315,57.3
bench_detect_20260905_2011,onnx,640,2,413,206.9775700001628,4.831441397245186,1,0.8571672439575195,57.3
bench_detect_20260905_2011,onnx,640,2,414,207.11377399857156,4.828264101869424,1,0.8417298793792725,57.3
bench_detect_20260905_2011,onnx,640,2,415,206.3137330005702,4.846987088335202,1,0.8460310101509094,57.3
bench_detect_20260905_2011,onnx,640,2,416,209.33291899928008,4.777079518981146,1,0.8316047787666321,57.85
bench_detect_20260905_2011,onnx,640,2,417,210.37831499779713,4.753341617031541,1,0.8438540101051331,57.3
bench_detect_20260905_2011,onnx,640,2,418,206.64599299925612,4.839193760721021,1,0.8437722325325012,57.3
bench_detect_20260905_2011,onnx,640,2,419,206.78278999912436,4.835992395712596,1,0.8251679539680481,56.75
bench_detect_20260905_2011,onnx,640,2,420,207.59377700233017,4.817100080937278,1,0.8317579030990601,57.3
bench_detect_20260905_2011,onnx,640,2,421,206.81210499969893,4.835306908178589,1,0.8452275991439819,57.3
bench_detect_20260905_2011,onnx,640,2,422,207.71857399813598,4.814205974709675,1,0.8503724336624146,57.85
bench_detect_20260905_2011,onnx,640,2,423,206.85041999968234,4.834411262019849,1,0.8202143311500549,57.3
bench_detect_20260905_2011,onnx,640,2,424,206.7829379993782,4.835988934459414,1,0.7998971939086914,57.85
bench_detect_20260905_2011,onnx,640,2,425,207.92557499953546,4.809413175855035,2,0.8588688373565674,57.3
bench_detect_20260905_2011,onnx,640,2,426,206.79282600031001,4.835757696925622,1,0.8299671411514282,56.2
bench_detect_20260905_2011,onnx,640,2,427,208.01020500221057,4.807456441809539,1,0.8318255543708801,56.75
bench_detect_20260905_2011,onnx,640,2,428,206.77528899977915,4.836167826616207,1,0.8314688205718994,57.3
bench_detect_20260905_2011,onnx,640,2,429,206.70028899985482,4.837922602037109,2,0.8297910690307617,56.2
bench_detect_20260905_2011,onnx,640,2,430,208.53439299753518,4.795372051706693,1,0.8067337870597839,57.3
bench_detect_20260905_2011,onnx,640,2,431,207.051216999389,4.829722879643596,1,0.8329706192016602,57.3
bench_detect_20260905_2011,onnx,640,2,432,206.86853000006522,4.833988040615384,1,0.8356505632400513,57.3
bench_detect_20260905_2011,onnx,640,2,433,206.65575099701528,4.8389652607076155,1,0.8473972678184509,55.65
bench_detect_20260905_2011,onnx,640,2,434,206.76762199946097,4.836347153049944,1,0.8313782811164856,57.3
bench_detect_20260905_2011,onnx,640,2,435,208.3791149998433,4.798945422149202,1,0.8395224809646606,56.75
bench_detect_20260905_2011,onnx,640,2,436,207.2028100010357,4.8261893745311735,1,0.8013919591903687,57.3
bench_detect_20260905_2011,onnx,640,2,437,206.79121400098666,4.835795393102285,2,0.8264315128326416,57.3
bench_detect_20260905_2011,onnx,640,2,438,206.893548998778,4.833403481352174,1,0.7928647994995117,57.3
bench_detect_20260905_2011,onnx,640,2,439,206.47852700130898,4.8431186260528705,2,0.8462106585502625,56.75
bench_detect_20260905_2011,onnx,640,2,440,208.167205000791,4.803830651404481,1,0.8154217600822449,57.3
bench_detect_20260905_2011,onnx,640,2,441,207.1483090003312,4.8274591514932474,1,0.8418785333633423,57.3
bench_detect_20260905_2011,onnx,640,2,442,206.7333619997953,4.837148635937098,1,0.8670620322227478,57.3
bench_detect_20260905_2011,onnx,640,2,443,207.02286400046432,4.83038433860019,1,0.8210878372192383,57.3
bench_detect_20260905_2011,onnx,640,2,444,206.87043699945207,4.8339434793316975,6,0.8506507873535156,57.3
bench_detect_20260905_2011,onnx,640,2,445,208.96809799887706,4.785419447160656,1,0.821259081363678,57.3
bench_detect_20260905_2011,onnx,640,2,446,208.6482079976122,4.79275623594833,2,0.8468059301376343,57.85
bench_detect_20260905_2011,onnx,640,2,447,207.02425200215657,4.830351953111189,1,0.8413017392158508,57.3
bench_detect_20260905_2011,onnx,640,2,448,206.7547500009823,4.836648251105471,1,0.7867920994758606,57.3
bench_detect_20260905_2011,onnx,640,2,449,206.61750900035258,4.839860885159997,1,0.8636918067932129,56.2
bench_detect_20260905_2011,onnx,640,2,450,209.25680400250712,4.778817132216255,1,0.8329508304595947,57.3
bench_detect_20260905_2011,onnx,640,2,451,207.20706800057087,4.826090198801737,1,0.8413544297218323,57.3
bench_detect_20260905_2011,onnx,640,2,452,206.77508399967337,4.83617262126988,1,0.8490844964981079,56.2
bench_detect_20260905_2011,onnx,640,2,453,207.13301199793932,4.827815664699302,1,0.8320471048355103,57.85
bench_detect_20260905_2011,onnx,640,2,454,207.93501699881745,4.8091947880317205,1,0.8395622968673706,57.3
bench_detect_20260905_2011,onnx,640,2,455,207.11865900011617,4.828150224743581,1,0.8511794805526733,57.3
bench_detect_20260905_2011,onnx,640,2,456,207.51717999883112,4.818878128575343,1,0.8278295993804932,56.75
bench_detect_20260905_2011,onnx,640,2,457,206.87632400222355,4.833805921596189,1,0.8525112867355347,57.3
bench_detect_20260905_2011,onnx,640,2,458,206.84460200209287,4.834547241362779,1,0.8351011872291565,57.3
bench_detect_20260905_2011,onnx,640,2,459,208.0835919987294,4.805760946332118,1,0.8482077121734619,56.75
bench_detect_20260905_2011,onnx,640,2,460,207.39810499799205,4.821644826550761,1,0.8448058366775513,57.85
bench_detect_20260905_2011,onnx,640,2,461,206.95723199969507,4.831916190304833,1,0.8221828937530518,57.85
bench_detect_20260905_2011,onnx,640,2,462,206.76582400119514,4.8363892090513945,1,0.8502912521362305,56.75
bench_detect_20260905_2011,onnx,640,2,463,206.66121100293822,4.838837414853736,3,0.8285478353500366,57.3
bench_detect_20260905_2011,onnx,640,2,464,208.13238799746614,4.804634250447241,1,0.8668149709701538,57.3
bench_detect_20260905_2011,onnx,640,2,465,207.32460399813135,4.823354202615591,2,0.8442308902740479,57.3
bench_detect_20260905_2011,onnx,640,2,466,206.71521099939127,4.837573370461571,1,0.8423841595649719,56.75
bench_detect_20260905_2011,onnx,640,2,467,206.94336099768407,4.8322400640395085,1,0.7846071124076843,57.3
bench_detect_20260905_2011,onnx,640,2,468,206.5435799995612,4.84159323665313,1,0.8516272306442261,57.3
bench_detect_20260905_2011,onnx,640,2,469,208.85120700040716,4.788097777179954,1,0.8222673535346985,56.75
bench_detect_20260905_2011,onnx,640,2,470,207.3155299985956,4.823565316147682,1,0.8337501287460327,57.3
bench_detect_20260905_2011,onnx,640,2,471,206.57194999876083,4.840928306122873,1,0.8463741540908813,57.85
bench_detect_20260905_2011,onnx,640,2,472,206.80002600056469,4.835589334003611,1,0.8360079526901245,57.3
bench_detect_20260905_2011,onnx,640,2,473,206.5200429969991,4.842145031000845,3,0.8304916620254517,57.85
bench_detect_20260905_2011,onnx,640,2,474,208.21496099961223,4.80272884906605,1,0.8292021155357361,57.3
bench_detect_20260905_2011,onnx,640,2,475,207.87714399921242,4.810533667923534,1,0.8376526832580566,57.3
bench_detect_20260905_2011,onnx,640,2,476,207.07360099913785,4.829200801912763,1,0.8403865694999695,57.3
bench_detect_20260905_2011,onnx,640,2,477,206.65059800012386,4.839085924152035,1,0.8461527824401855,57.3
bench_detect_20260905_2011,onnx,640,2,478,206.78621099796146,4.835912390743782,2,0.8360172510147095,57.3
bench_detect_20260905_2011,onnx,640,2,479,208.43979499841225,4.797548376055625,1,0.8256915807723999,57.3
bench_detect_20260905_2011,onnx,640,2,480,208.7930759989831,4.789430852605813,1,0.8141642212867737,57.85
bench_detect_20260905_2011,onnx,640,2,481,206.73332099977415,4.837149595256067,2,0.8237465620040894,57.85
bench_detect_20260905_2011,onnx,640,2,482,206.87139599976945,4.833921070465994,1,0.8072887659072876,56.75
bench_detect_20260905_2011,onnx,640,2,483,206.9203219980409,4.832778097114444,1,0.8510767221450806,57.3
bench_detect_20260905_2011,onnx,640,2,484,209.65284000340034,4.769789905940606,3,0.8452200293540955,57.3
bench_detect_20260905_2011,onnx,640,2,485,207.04930399733712,4.829767503168526,1,0.8519858121871948,57.3
bench_detect_20260905_2011,onnx,640,2,486,206.81063599840854,4.835341253956084,2,0.8611037731170654,57.3
bench_detect_20260905_2011,onnx,640,2,487,206.6034489980666,4.840190252629123,2,0.8390295505523682,57.85
bench_detect_20260905_2011,onnx,640,2,488,207.94790299987653,4.808896774499302,1,0.8167492151260376,57.85
bench_detect_20260905_2011,onnx,640,2,489,208.95351999934064,4.785753310129236,2,0.8312814235687256,57.3
bench_detect_20260905_2011,onnx,640,2,490,206.8558020000637,4.834285479697069,1,0.8391400575637817,56.2
bench_detect_20260905_2011,onnx,640,2,491,206.77195000098436,4.836245922114868,2,0.8572989702224731,57.3
bench_detect_20260905_2011,onnx,640,2,492,206.8300430000818,4.834887550642749,1,0.8422598838806152,57.3
bench_detect_20260905_2011,onnx,640,2,493,207.6698819982994,4.815334753299417,1,0.8546093702316284,57.85
bench_detect_20260905_2011,onnx,640,2,494,207.32567500090227,4.8233292861371275,1,0.8627359867095947,57.3
bench_detect_20260905_2011,onnx,640,2,495,206.74915299969143,4.836779186231986,1,0.8365155458450317,57.3
bench_detect_20260905_2011,onnx,640,2,496,206.91117300157202,4.8329917881834366,1,0.8113290071487427,57.85
bench_detect_20260905_2011,onnx,640,2,497,206.59191099912277,4.840460573522872,1,0.8497682213783264,57.3
bench_detect_20260905_2011,onnx,640,2,498,208.1455140032631,4.804331262139635,2,0.831873893737793,57.85
bench_detect_20260905_2011,onnx,640,2,499,207.43884299736237,4.820697924991392,1,0.8281845450401306,57.3
bench_detect_20260905_2011,onnx,640,4,0,147.8313529987645,6.76446491028434,1,0.8413965702056885,60.6
bench_detect_20260905_2011,onnx,640,4,1,155.30790300181252,6.438822369447159,3,0.8362149596214294,60.05
bench_detect_20260905_2011,onnx,640,4,2,149.9210520014458,6.670177314326452,1,0.8449982404708862,60.6
bench_detect_20260905_2011,onnx,640,4,3,146.8849949997093,6.808047343447021,1,0.8480908870697021,59.5
bench_detect_20260905_2011,onnx,640,4,4,151.0550230013905,6.620104251619588,1,0.8349473476409912,61.15
bench_detect_20260905_2011,onnx,640,4,5,147.29303499916568,6.789187282383477,1,0.8542405366897583,60.6
bench_detect_20260905_2011,onnx,640,4,6,146.54608499768074,6.823791983360225,1,0.8100999593734741,60.6
bench_detect_20260905_2011,onnx,640,4,7,146.63345600274624,6.8197260520223395,1,0.8298010230064392,60.6
bench_detect_20260905_2011,onnx,640,4,8,155.2224759980163,6.442365988368718,1,0.8437339067459106,60.05
bench_detect_20260905_2011,onnx,640,4,9,150.43973999854643,6.647179794445684,3,0.8526763319969177,61.15
bench_detect_20260905_2011,onnx,640,4,10,146.93951300068875,6.805521398422715,2,0.8372806310653687,61.15
bench_detect_20260905_2011,onnx,640,4,11,147.20242300245445,6.7933664378834715,1,0.8646231889724731,61.15
bench_detect_20260905_2011,onnx,640,4,12,153.33568600181025,6.521639065730558,1,0.7985748052597046,61.15
bench_detect_20260905_2011,onnx,640,4,13,147.34434999991208,6.7868228405133735,2,0.8266360759735107,61.15
bench_detect_20260905_2011,onnx,640,4,14,147.3921649994736,6.784621150001911,2,0.8568480014801025,61.15
bench_detect_20260905_2011,onnx,640,4,15,157.04711799844517,6.367515766891694,1,0.8688617944717407,61.7
bench_detect_20260905_2011,onnx,640,4,16,158.6453870004334,6.30336638781226,2,0.8353570103645325,61.7
bench_detect_20260905_2011,onnx,640,4,17,146.14308200179948,6.842609217641153,1,0.8092879056930542,60.05
bench_detect_20260905_2011,onnx,640,4,18,147.7873699986958,6.7664780827267235,3,0.854145884513855,61.15
bench_detect_20260905_2011,onnx,640,4,19,147.76837099998374,6.767348068011862,2,0.8839057683944702,61.7
bench_detect_20260905_2011,onnx,640,4,20,147.27916400079266,6.789826699414304,1,0.8443048596382141,61.7
bench_detect_20260905_2011,onnx,640,4,21,148.77874700323446,6.721390118833707,1,0.8363469839096069,61.15
bench_detect_20260905_2011,onnx,640,4,22,155.74012700017192,6.420952770886697,1,0.8529220223426819,61.7
bench_detect_20260905_2011,onnx,640,4,23,147.8537969996978,6.763438073910566,1,0.825797438621521,61.15
bench_detect_20260905_2011,onnx,640,4,24,153.72515100170858,6.505116394316539,1,0.7516517639160156,62.25
bench_detect_20260905_2011,onnx,640,4,25,147.08425400021952,6.798824298340647,1,0.8432767391204834,61.15
bench_detect_20260905_2011,onnx,640,4,26,148.03085399762494,6.755348449290472,2,0.8467706441879272,61.15
bench_detect_20260905_2011,onnx,640,4,27,153.67664900259115,6.507169478839553,2,0.8420654535293579,61.15
bench_detect_20260905_2011,onnx,640,4,28,155.99268300138647,6.4105570899829445,2,0.85875004529953,61.15
bench_detect_20260905_2011,onnx,640,4,29,150.2579420011898,6.655222257683269,1,0.8399636745452881,61.7
bench_detect_20260905_2011,onnx,640,4,30,148.2410950011399,6.745767764278255,3,0.8196526169776917,61.7
bench_detect_20260905_2011,onnx,640,4,31,147.65798100052052,6.772407378348718,1,0.8322136402130127,62.25
bench_detect_20260905_2011,onnx,640,4,32,148.30074400015292,6.74305450550517,1,0.8366478681564331,61.7
bench_detect_20260905_2011,onnx,640,4,33,153.9717630002997,6.494697342642324,1,0.8482257127761841,61.7
bench_detect_20260905_2011,onnx,640,4,34,148.2252800014976,6.746487508675284,1,0.8483884334564209,62.8
bench_detect_20260905_2011,onnx,640,4,35,157.06607899846858,6.3667470810788505,1,0.8382234573364258,61.15
bench_detect_20260905_2011,onnx,640,4,36,151.12311399934697,6.6171214550563136,1,0.821243166923523,60.6
bench_detect_20260905_2011,onnx,640,4,37,147.92064799985383,6.7603814174812715,1,0.828599214553833,62.8
bench_detect_20260905_2011,onnx,640,4,38,154.4764700011001,6.473477805343937,1,0.8383709192276001,62.25
bench_detect_20260905_2011,onnx,640,4,39,147.6157949982735,6.774342813461771,1,0.8530669212341309,61.7
bench_detect_20260905_2011,onnx,640,4,40,147.83229599925107,6.764421760756973,1,0.8117971420288086,61.7
bench_detect_20260905_2011,onnx,640,4,41,148.24657600183855,6.745518358465143,1,0.8417627215385437,62.25
bench_detect_20260905_2011,onnx,640,4,42,157.5155270002142,6.348580479933513,1,0.8214683532714844,61.7
bench_detect_20260905_2011,onnx,640,4,43,147.71564600232523,6.769763576596746,1,0.8480296730995178,61.7
bench_detect_20260905_2011,onnx,640,4,44,147.36290400105645,6.785968332931542,1,0.8121473789215088,62.8
bench_detect_20260905_2011,onnx,640,4,45,147.79142500265152,6.76629242854962,1,0.8322126865386963,60.6
bench_detect_20260905_2011,onnx,640,4,46,147.71272099824273,6.769897631307574,1,0.823246419429779,62.25
bench_detect_20260905_2011,onnx,640,4,47,147.3621250006545,6.786004205595967,2,0.8517239093780518,60.6
bench_detect_20260905_2011,onnx,640,4,48,148.231131999637,6.746221164946975,1,0.829154372215271,61.15
bench_detect_20260905_2011,onnx,640,4,49,157.7721570029098,6.338253966962985,1,0.8169820308685303,61.7
bench_detect_20260905_2011,onnx,640,4,50,147.12360599878593,6.797005777633346,1,0.8423439264297485,62.25
bench_detect_20260905_2011,onnx,640,4,51,151.43878199887695,6.603328333738288,1,0.8395450115203857,62.8
bench_detect_20260905_2011,onnx,640,4,52,150.4942379979184,6.644772672385184,1,0.8404999375343323,62.25
bench_detect_20260905_2011,onnx,640,4,53,147.16471600331715,6.79510705526357,1,0.8209514617919922,62.25
bench_detect_20260905_2011,onnx,640,4,54,147.36349499798962,6.78594111800648,1,0.8419967889785767,62.25
bench_detect_20260905_2011,onnx,640,4,55,160.76588099895162,6.220225297720486,1,0.8316102027893066,62.8
bench_detect_20260905_2011,onnx,640,4,56,153.8173349981662,6.5012178244534145,1,0.861269474029541,61.7
bench_detect_20260905_2011,onnx,640,4,57,147.41068100192933,6.783768945392172,1,0.7984071373939514,61.7
bench_detect_20260905_2011,onnx,640,4,58,147.36699599961867,6.785779904223519,1,0.8373332023620605,62.25
bench_detect_20260905_2011,onnx,640,4,59,155.223603000195,6.442319213520277,2,0.837885856628418,63.35
bench_detect_20260905_2011,onnx,640,4,60,147.88540599693079,6.761992458003287,1,0.8546028137207031,62.25
bench_detect_20260905_2011,onnx,640,4,61,148.73304200227722,6.723455572062388,1,0.8480464220046997,62.25
bench_detect_20260905_2011,onnx,640,4,62,150.2036070014583,6.657629733154752,3,0.8664417266845703,62.8
bench_detect_20260905_2011,onnx,640,4,63,154.2033369987621,6.484943967250382,1,0.7443007230758667,62.8
bench_detect_20260905_2011,onnx,640,4,64,146.7867320025107,6.812604833949813,1,0.8330685496330261,62.8
bench_detect_20260905_2011,onnx,640,4,65,147.74829399902956,6.768267659365111,1,0.8045855760574341,63.35
bench_detect_20260905_2011,onnx,640,4,66,147.94673999858787,6.759189151511854,1,0.8326104283332825,62.25
bench_detect_20260905_2011,onnx,640,4,67,147.4680140017881,6.781131533973697,1,0.843082070350647,61.15
bench_detect_20260905_2011,onnx,640,4,68,150.45273700161488,6.646605571484329,1,0.8050702810287476,62.8
bench_detect_20260905_2011,onnx,640,4,69,158.4381239990762,6.311612222862665,1,0.8731569051742554,62.8
bench_detect_20260905_2011,onnx,640,4,70,148.20479600166436,6.747419968708502,1,0.8096309900283813,62.8
bench_detect_20260905_2011,onnx,640,4,71,147.9485729978478,6.759105408975772,2,0.8250113129615784,62.8
bench_detect_20260905_2011,onnx,640,4,72,148.3081670012325,6.742717007564996,1,0.8652980327606201,61.7
bench_detect_20260905_2011,onnx,640,4,73,148.41479800088564,6.73787259403899,1,0.8489111661911011,63.35
bench_detect_20260905_2011,onnx,640,4,74,147.34312399741611,6.786879311840412,1,0.8298964500427246,62.8
bench_detect_20260905_2011,onnx,640,4,75,150.17767999961507,6.6587791208557965,1,0.8285863995552063,62.8
bench_detect_20260905_2011,onnx,640,4,76,156.00821800035192,6.409918739009917,1,0.8309526443481445,62.8
bench_detect_20260905_2011,onnx,640,4,77,147.2251419982058,6.792318121942697,1,0.8356117010116577,62.8
bench_detect_20260905_2011,onnx,640,4,78,147.58384800006752,6.7758092335385,1,0.8210678100585938,63.35
bench_detect_20260905_2011,onnx,640,4,79,156.54937100043753,6.387761213024644,1,0.8535463809967041,61.7
bench_detect_20260905_2011,onnx,640,4,80,146.95062099781353,6.805006969074864,1,0.8468974232673645,63.35
bench_detect_20260905_2011,onnx,640,4,81,147.59105099801673,6.7754785485838,2,0.8389436602592468,61.7
bench_detect_20260905_2011,onnx,640,4,82,150.074085999222,6.663375581079229,1,0.8164992332458496,62.25
bench_detect_20260905_2011,onnx,640,4,83,155.1779159999569,6.44421594114125,1,0.8629552125930786,62.25
bench_detect_20260905_2011,onnx,640,4,84,154.18657600093866,6.4856489192283,1,0.8423634767532349,61.7
bench_detect_20260905_2011,onnx,640,4,85,146.83730600154377,6.810258422947957,2,0.8258845210075378,62.8
bench_detect_20260905_2011,onnx,640,4,86,147.11254800204188,6.797516687605196,1,0.8489556312561035,62.25
bench_detect_20260905_2011,onnx,640,4,87,147.4337910003669,6.782705601034917,1,0.8255358338356018,61.7
bench_detect_20260905_2011,onnx,640,4,88,149.98162200208753,6.667483566660463,2,0.8213478326797485,63.9
bench_detect_20260905_2011,onnx,640,4,89,146.82415700008278,6.810868323251713,3,0.8091328144073486,61.7
bench_detect_20260905_2011,onnx,640,4,90,153.19955100130755,6.527434274213147,2,0.8426425457000732,62.8
bench_detect_20260905_2011,onnx,640,4,91,147.39953100070124,6.784282101923666,3,0.8236472606658936,63.35
bench_detect_20260905_2011,onnx,640,4,92,154.53329999945709,6.471097168076481,1,0.8207852840423584,62.25
bench_detect_20260905_2011,onnx,640,4,93,147.7327559987316,6.768979521431157,1,0.8628047704696655,63.35
bench_detect_20260905_2011,onnx,640,4,94,155.67878900037613,6.423482649248922,1,0.8677321672439575,63.35
bench_detect_20260905_2011,onnx,640,4,95,150.63705300053698,6.638472939300235,1,0.8611422777175903,62.8
bench_detect_20260905_2011,onnx,640,4,96,154.01798300081282,6.49274831754369,1,0.8434416651725769,61.7
bench_detect_20260905_2011,onnx,640,4,97,153.67560899903765,6.507213516272854,4,0.8513892889022827,63.35
bench_detect_20260905_2011,onnx,640,4,98,147.726180999598,6.769280795275695,1,0.8543432950973511,62.8
bench_detect_20260905_2011,onnx,640,4,99,154.505615002563,6.472256687780646,1,0.8439679741859436,62.25
bench_detect_20260905_2011,onnx,640,4,100,147.73043999957736,6.769085640054013,1,0.8431284427642822,62.25
bench_detect_20260905_2011,onnx,640,4,101,147.91144099945086,6.760802228975057,2,0.8449569344520569,63.35
bench_detect_20260905_2011,onnx,640,4,102,150.95971999835456,6.62428361692046,1,0.7983802556991577,63.35
bench_detect_20260905_2011,onnx,640,4,103,154.9398030001612,6.454119475025792,1,0.8477781414985657,62.8
bench_detect_20260905_2011,onnx,640,4,104,148.33875899785198,6.741326452747798,1,0.8130369186401367,63.35
bench_detect_20260905_2011,onnx,640,4,105,148.14118399954168,6.7503173189374115,2,0.8290849924087524,63.35
bench_detect_20260905_2011,onnx,640,4,106,148.0922759983514,6.7525466352555235,2,0.8343458771705627,62.8
bench_detect_20260905_2011,onnx,640,4,107,148.05633099967963,6.7541860131747,2,0.8187958002090454,62.25
bench_detect_20260905_2011,onnx,640,4,108,148.92200300164404,6.714924456052074,2,0.8311048746109009,62.8
bench_detect_20260905_2011,onnx,640,4,109,148.0630160003784,6.753881063704958,1,0.835879385471344,63.35
bench_detect_20260905_2011,onnx,640,4,110,158.02469399932306,6.32812489422877,1,0.8328205943107605,62.8
bench_detect_20260905_2011,onnx,640,4,111,147.37828899887973,6.7852599374905305,1,0.8654910326004028,63.35
bench_detect_20260905_2011,onnx,640,4,112,147.6323280003271,6.773584170519782,1,0.8493067026138306,63.35
bench_detect_20260905_2011,onnx,640,4,113,147.92542299983324,6.760163193862406,1,0.8118447661399841,63.35
bench_detect_20260905_2011,onnx,640,4,114,157.89674799816567,6.333252664656635,1,0.8112661838531494,62.8
bench_detect_20260905_2011,onnx,640,4,115,152.4906929989811,6.55777726714562,1,0.8126435875892639,63.35
bench_detect_20260905_2011,onnx,640,4,116,147.3000480000337,6.788864047076014,2,0.8389897346496582,63.35
bench_detect_20260905_2011,onnx,640,4,117,162.45098100262112,6.155703054719412,3,0.8394144773483276,62.25
bench_detect_20260905_2011,onnx,640,4,118,147.65823500056285,6.772395728529385,3,0.85341876745224,62.25
bench_detect_20260905_2011,onnx,640,4,119,148.24638799836976,6.745526913013198,2,0.8466662168502808,63.35
bench_detect_20260905_2011,onnx,640,4,120,147.57877199735958,6.776042288913284,1,0.8641482591629028,63.35
bench_detect_20260905_2011,onnx,640,4,121,148.14616399962688,6.750090403977781,1,0.8371381759643555,62.8
bench_detect_20260905_2011,onnx,640,4,122,155.62428799967165,6.42573220962855,2,0.86309814453125,63.35
bench_detect_20260905_2011,onnx,640,4,123,147.5187160031055,6.778800867402807,1,0.8229696750640869,63.35
bench_detect_20260905_2011,onnx,640,4,124,154.17612999954144,6.486088345861154,1,0.8306682109832764,63.35
bench_detect_20260905_2011,onnx,640,4,125,147.33612200143398,6.787201851221979,2,0.8539453744888306,62.25
bench_detect_20260905_2011,onnx,640,4,126,148.1227759977628,6.75115621661792,2,0.8451641798019409,62.25
bench_detect_20260905_2011,onnx,640,4,127,147.95218099970953,6.758940579604996,2,0.8374444246292114,63.35
bench_detect_20260905_2011,onnx,640,4,128,151.19890600180952,6.613804467527246,2,0.8476157188415527,63.35
bench_detect_20260905_2011,onnx,640,4,129,147.80669899846544,6.765593215841876,1,0.8654491901397705,63.35
bench_detect_20260905_2011,onnx,640,4,130,155.75371399972937,6.42039264631428,1,0.840182363986969,62.25
bench_detect_20260905_2011,onnx,640,4,131,153.81325699854642,6.501390189074861,1,0.7544557452201843,62.8
bench_detect_20260905_2011,onnx,640,4,132,147.84905000124127,6.763655228028888,1,0.8146377801895142,62.25
bench_detect_20260905_2011,onnx,640,4,133,147.84162399882916,6.763994962663015,1,0.8302575349807739,62.25
bench_detect_20260905_2011,onnx,640,4,134,147.84477300054277,6.763850893777143,1,0.8239082098007202,63.35
bench_detect_20260905_2011,onnx,640,4,135,158.7761410009989,6.298175492208926,1,0.8147642612457275,63.35
bench_detect_20260905_2011,onnx,640,4,136,146.60137499959092,6.821218423106812,1,0.8382574319839478,62.8
bench_detect_20260905_2011,onnx,640,4,137,154.19733300223015,6.485196472143503,2,0.8215377330780029,63.9
bench_detect_20260905_2011,onnx,640,4,138,147.39173199996003,6.784641081497511,1,0.8654170036315918,62.8
bench_detect_20260905_2011,onnx,640,4,139,147.10556399950292,6.797839407375367,1,0.842850923538208,63.35
bench_detect_20260905_2011,onnx,640,4,140,152.4660440009029,6.558837454942282,1,0.823527455329895,63.35
bench_detect_20260905_2011,onnx,640,4,141,146.55939400108764,6.82317231737857,1,0.8433858752250671,63.35
bench_detect_20260905_2011,onnx,640,4,142,155.9436219977215,6.412573898114353,1,0.8033332824707031,63.35
bench_detect_20260905_2011,onnx,640,4,143,147.17350799764972,6.794701122541493,1,0.8463841676712036,62.8
bench_detect_20260905_2011,onnx,640,4,144,153.4079949997249,6.51856508522775,3,0.8579727411270142,63.35
bench_detect_20260905_2011,onnx,640,4,145,147.33851000346476,6.787091847043142,1,0.8492757678031921,62.25
bench_detect_20260905_2011,onnx,640,4,146,147.6060300010431,6.774790975632453,1,0.8545253872871399,63.35
bench_detect_20260905_2011,onnx,640,4,147,147.97008800087497,6.75812262809553,3,0.836837649345398,62.8
bench_detect_20260905_2011,onnx,640,4,148,155.54171199983102,6.42914358561957,1,0.8250657320022583,63.9
bench_detect_20260905_2011,onnx,640,4,149,157.12509199875058,6.364355859902706,1,0.850215494632721,63.35
bench_detect_20260905_2011,onnx,640,4,150,147.53873299923725,6.777881168365258,1,0.8256539106369019,63.9
bench_detect_20260905_2011,onnx,640,4,151,154.71053999863216,6.463683728392657,2,0.8366051912307739,63.9
bench_detect_20260905_2011,onnx,640,4,152,148.17370099990512,6.748835948969381,2,0.8437267541885376,63.35
bench_detect_20260905_2011,onnx,640,4,153,148.0614219981362,6.753953774755641,1,0.8078584671020508,62.25
bench_detect_20260905_2011,onnx,640,4,154,147.87067999714054,6.7626658646551,1,0.8050262331962585,63.35
bench_detect_20260905_2011,onnx,640,4,155,153.36210500026937,6.520515612368802,1,0.8458561897277832,63.9
bench_detect_20260905_2011,onnx,640,4,156,147.5508620023902,6.777324011728246,1,0.8294091820716858,62.8
bench_detect_20260905_2011,onnx,640,4,157,147.43102800275665,6.782832715385408,1,0.8547413349151611,63.35
bench_detect_20260905_2011,onnx,640,4,158,155.65182299906155,6.424595489678454,1,0.8530368804931641,63.9
bench_detect_20260905_2011,onnx,640,4,159,148.04519899917068,6.7546938824108835,1,0.8486629724502563,62.25
bench_detect_20260905_2011,onnx,640,4,160,158.1527099988307,6.323002622006247,1,0.8368613719940186,63.35
bench_detect_20260905_2011,onnx,640,4,161,150.2671210000699,6.654815726452461,1,0.8281562924385071,63.9
bench_detect_20260905_2011,onnx,640,4,162,147.80325299943797,6.765750954099789,1,0.8530679941177368,63.35
bench_detect_20260905_2011,onnx,640,4,163,147.73836400127038,6.768722577646799,1,0.8188626766204834,62.25
bench_detect_20260905_2011,onnx,640,4,164,147.84121599950595,6.764013629347731,1,0.8369370102882385,63.9
bench_detect_20260905_2011,onnx,640,4,165,154.352055000345,6.478695732283998,1,0.850145697593689,62.25
bench_detect_20260905_2011,onnx,640,4,166,147.82264200039208,6.764863531510604,2,0.8114591836929321,62.25
bench_detect_20260905_2011,onnx,640,4,167,147.95921699987957,6.75861916733997,1,0.8295873999595642,63.9
bench_detect_20260905_2011,onnx,640,4,168,150.6902160035679,6.636130908302121,1,0.8458551168441772,63.35
bench_detect_20260905_2011,onnx,640,4,169,153.77662500031875,6.502938921945564,1,0.8504823446273804,63.9
bench_detect_20260905_2011,onnx,640,4,170,147.14085899686324,6.796208794875379,2,0.8550816774368286,63.35
bench_detect_20260905_2011,onnx,640,4,171,154.94492900324985,6.4539059550572695,1,0.8166816234588623,63.9
bench_detect_20260905_2011,onnx,640,4,172,148.15542100041057,6.749668646935496,1,0.8460332155227661,63.35
bench_detect_20260905_2011,onnx,640,4,173,147.82167799785384,6.764907647811429,1,0.8488940000534058,62.8
bench_detect_20260905_2011,onnx,640,4,174,148.28736599883996,6.743662841835244,1,0.8448196053504944,63.35
bench_detect_20260905_2011,onnx,640,4,175,153.03378700264147,6.53450469720611,1,0.8377920389175415,64.45
bench_detect_20260905_2011,onnx,640,4,176,147.0194689973141,6.801820240680294,1,0.8450408577919006,63.9
bench_detect_20260905_2011,onnx,640,4,177,147.6446960004978,6.773016756366435,1,0.8278701901435852,63.9
bench_detect_20260905_2011,onnx,640,4,178,154.1710530000273,6.486301938923793,1,0.8152850866317749,63.35
bench_detect_20260905_2011,onnx,640,4,179,147.1953410000424,6.793693286798473,1,0.8432221412658691,63.35
bench_detect_20260905_2011,onnx,640,4,180,155.77030399799696,6.419708855500846,1,0.847132682800293,62.8
bench_detect_20260905_2011,onnx,640,4,181,153.6772170002223,6.507145428060124,1,0.8313400745391846,63.35
bench_detect_20260905_2011,onnx,640,4,182,149.15959400241263,6.704228492227092,2,0.8418444991111755,63.9
bench_detect_20260905_2011,onnx,640,4,183,147.55978699758998,6.776914092565968,5,0.8385757207870483,63.9
bench_detect_20260905_2011,onnx,640,4,184,148.62125700165052,6.728512597554564,1,0.8379875421524048,62.8
bench_detect_20260905_2011,onnx,640,4,185,164.20976699737366,6.0897717491797785,1,0.8498717546463013,62.8
bench_detect_20260905_2011,onnx,640,4,186,146.67841099799261,6.81763589608075,1,0.8367626667022705,62.25
bench_detect_20260905_2011,onnx,640,4,187,147.03361700230744,6.801165749627901,1,0.8186556100845337,63.9
bench_detect_20260905_2011,onnx,640,4,188,150.33386100185453,6.651861352697273,1,0.7940594553947449,62.25
bench_detect_20260905_2011,onnx,640,4,189,146.5427990005992,6.823944996409623,2,0.8086881637573242,63.35
bench_detect_20260905_2011,onnx,640,4,190,156.84497799884412,6.3757221478099835,1,0.8441816568374634,63.35
bench_detect_20260905_2011,onnx,640,4,191,146.4951320012915,6.8261653908826405,1,0.8246171474456787,63.35
bench_detect_20260905_2011,onnx,640,4,192,158.52306300075725,6.30823036768614,1,0.83936607837677,63.9
bench_detect_20260905_2011,onnx,640,4,193,147.6143059990136,6.77441114688899,1,0.8456274271011353,63.35
bench_detect_20260905_2011,onnx,640,4,194,147.8574180000578,6.763272438584103,1,0.8337700366973877,63.35
bench_detect_20260905_2011,onnx,640,4,195,158.07366999797523,6.326164249952627,1,0.859988808631897,63.9
bench_detect_20260905_2011,onnx,640,4,196,146.98194999800762,6.803556491212392,1,0.8481336832046509,64.45
bench_detect_20260905_2011,onnx,640,4,197,155.27617099724011,6.440138197494412,1,0.8535662293434143,62.8
bench_detect_20260905_2011,onnx,640,4,198,154.75707499717828,6.46174011765364,3,0.8211638927459717,63.9
bench_detect_20260905_2011,onnx,640,4,199,147.7592689989251,6.76776493803089,1,0.8522988557815552,63.9
bench_detect_20260905_2011,onnx,640,4,200,147.13439499973902,6.796507370025709,2,0.8228009939193726,63.35
bench_detect_20260905_2011,onnx,640,4,201,155.77835899966885,6.419376904606665,1,0.8213120698928833,63.9
bench_detect_20260905_2011,onnx,640,4,202,160.85778100023163,6.216671607564698,1,0.8118500709533691,62.25
bench_detect_20260905_2011,onnx,640,4,203,147.5914910006395,6.775458349395407,1,0.8608064651489258,63.9
bench_detect_20260905_2011,onnx,640,4,204,147.44945200072834,6.781985191745985,1,0.8367807865142822,63.35
bench_detect_20260905_2011,onnx,640,4,205,154.57759199853172,6.469242967696759,1,0.8480186462402344,62.8
bench_detect_20260905_2011,onnx,640,4,206,147.3479509986646,6.786656979092046,2,0.8532112836837769,63.9
bench_detect_20260905_2011,onnx,640,4,207,147.63012000184972,6.773685478190159,2,0.8323183059692383,64.45
bench_detect_20260905_2011,onnx,640,4,208,150.63721299884492,6.638465888290618,3,0.8442711234092712,63.35
bench_detect_20260905_2011,onnx,640,4,209,146.8497079986264,6.8096832716164055,1,0.8415296673774719,63.35
bench_detect_20260905_2011,onnx,640,4,210,148.05406700179446,6.754289296138549,1,0.8462018966674805,63.9
bench_detect_20260905_2011,onnx,640,4,211,148.16045699990354,6.749439224533784,1,0.8482033610343933,63.35
bench_detect_20260905_2011,onnx,640,4,212,154.9101860000519,6.455353426531067,1,0.8100107312202454,64.45
bench_detect_20260905_2011,onnx,640,4,213,147.67425000172807,6.771661274652136,2,0.8383666276931763,63.9
bench_detect_20260905_2011,onnx,640,4,214,148.1251790028182,6.751046693965341,2,0.8590737581253052,63.9
bench_detect_20260905_2011,onnx,640,4,215,156.2850289992639,6.398565533776815,1,0.8372084498405457,63.9
bench_detect_20260905_2011,onnx,640,4,216,155.05544600091525,6.449305882452508,1,0.8646248579025269,63.35
bench_detect_20260905_2011,onnx,640,4,217,146.71885400093743,6.815756617030356,1,0.8238208293914795,63.35
bench_detect_20260905_2011,onnx,640,4,218,147.69130499917082,6.770879301294103,1,0.8375449776649475,63.35
bench_detect_20260905_2011,onnx,640,4,219,154.60327599794255,6.46816824252358,1,0.7724664211273193,63.9
bench_detect_20260905_2011,onnx,640,4,220,146.91644800041104,6.806589824423214,1,0.8311190605163574,63.9
bench_detect_20260905_2011,onnx,640,4,221,158.81687799992505,6.296559991567596,1,0.8348863124847412,63.9
bench_detect_20260905_2011,onnx,640,4,222,147.24269100042875,6.791508584946252,1,0.8604683876037598,62.8
bench_detect_20260905_2011,onnx,640,4,223,147.31848700103,6.7880143243190405,1,0.8571023941040039,63.9
bench_detect_20260905_2011,onnx,640,4,224,147.17183799803024,6.794778223897591,2,0.8367142677307129,63.35
bench_detect_20260905_2011,onnx,640,4,225,150.26095100256498,6.655088985713459,1,0.8515375852584839,63.9
bench_detect_20260905_2011,onnx,640,4,226,173.79282800175133,5.753977373507743,1,0.8213056325912476,63.35
bench_detect_20260905_2011,onnx,640,4,227,153.20880400031456,6.5270400518102525,4,0.8453086614608765,63.35
bench_detect_20260905_2011,onnx,640,4,228,150.669767997897,6.63703152455878,3,0.8464270830154419,63.9
bench_detect_20260905_2011,onnx,640,4,229,152.3064639986842,6.565709515839322,1,0.8449910879135132,63.35
bench_detect_20260905_2011,onnx,640,4,230,147.71804599877214,6.769653587269305,1,0.8310876488685608,63.9
bench_detect_20260905_2011,onnx,640,4,231,147.54384100160678,6.777646516530025,1,0.819999098777771,63.35
bench_detect_20260905_2011,onnx,640,4,232,154.18047600178397,6.485905517560014,1,0.8652216196060181,63.35
bench_detect_20260905_2011,onnx,640,4,233,148.41967999745975,6.737650963922812,1,0.8412676453590393,63.35
bench_detect_20260905_2011,onnx,640,4,234,156.13148899865337,6.404857895184904,1,0.8288929462432861,63.9
bench_detect_20260905_2011,onnx,640,4,235,150.78589900076622,6.631919871996243,1,0.8418834805488586,64.45
bench_detect_20260905_2011,onnx,640,4,236,147.35069100061082,6.786530780475639,1,0.8206292390823364,63.9
bench_detect_20260905_2011,onnx,640,4,237,152.98167199944146,6.536730752973147,1,0.8267117738723755,63.9
bench_detect_20260905_2011,onnx,640,4,238,147.35500599999796,6.786332050368305,5,0.834825873374939,63.9
bench_detect_20260905_2011,onnx,640,4,239,155.45180000117398,6.432862147575312,1,0.8205381631851196,63.9
bench_detect_20260905_2011,onnx,640,4,240,147.7150820028328,6.769789424622346,2,0.8033685684204102,62.8
bench_detect_20260905_2011,onnx,640,4,241,149.88213300239295,6.671909319465279,1,0.804533839225769,64.45
bench_detect_20260905_2011,onnx,640,4,242,155.8788389993424,6.415238953660789,1,0.8386666774749756,63.35
bench_detect_20260905_2011,onnx,640,4,243,154.69620200019563,6.464282814123228,3,0.817284345626831,63.35
bench_detect_20260905_2011,onnx,640,4,244,154.58581199709442,6.4688989699701285,1,0.8154522776603699,63.9
bench_detect_20260905_2011,onnx,640,4,245,147.86530499986839,6.762911691832578,1,0.8171716928482056,64.45
bench_detect_20260905_2011,onnx,640,4,246,155.58466999937082,6.427368454771566,1,0.8221318125724792,64.45
bench_detect_20260905_2011,onnx,640,4,247,150.36532100202749,6.650469625150578,1,0.8058411478996277,64.45
bench_detect_20260905_2011,onnx,640,4,248,147.89830500012613,6.761402708429601,1,0.8068087697029114,63.35
bench_detect_20260905_2011,onnx,640,4,249,147.3916350005311,6.784645546515558,1,0.820480227470398,64.45
bench_detect_20260905_2011,onnx,640,4,250,155.70765300071798,6.4222919087695,1,0.8448473215103149,62.8
bench_detect_20260905_2011,onnx,640,4,251,147.03435499905027,6.801131613128505,1,0.8738038539886475,63.9
bench_detect_20260905_2011,onnx,640,4,252,148.4952909995627,6.734220279099253,1,0.8493813276290894,62.8
bench_detect_20260905_2011,onnx,640,4,253,155.62696699998924,6.42562159551737,2,0.8506395816802979,63.9
bench_detect_20260905_2011,onnx,640,4,254,150.36054400115972,6.650680912622177,2,0.8243682980537415,64.45
bench_detect_20260905_2011,onnx,640,4,255,148.50880899757612,6.733607297438642,1,0.8473791480064392,63.35
bench_detect_20260905_2011,onnx,640,4,256,147.30276400223374,6.788738872441224,1,0.8175316452980042,63.35
bench_detect_20260905_2011,onnx,640,4,257,148.34664100271766,6.740968270266937,1,0.804961621761322,64.45
bench_detect_20260905_2011,onnx,640,4,258,147.9838059967733,6.757496154827944,1,0.8160070776939392,63.9
bench_detect_20260905_2011,onnx,640,4,259,152.14603600179544,6.572632625066875,1,0.818446159362793,64.45
bench_detect_20260905_2011,onnx,640,4,260,150.87819499967736,6.627862959270811,1,0.8368588089942932,63.35
bench_detect_20260905_2011,onnx,640,4,261,154.4845329990494,6.473139935673387,1,0.8424326181411743,64.45
bench_detect_20260905_2011,onnx,640,4,262,147.32946699950844,6.78750843511391,1,0.8658173084259033,63.9
bench_detect_20260905_2011,onnx,640,4,263,155.2107600000454,6.442852286785448,1,0.8466578125953674,62.8
bench_detect_20260905_2011,onnx,640,4,264,156.6839359984442,6.382275206629539,1,0.832748532295227,65.0
bench_detect_20260905_2011,onnx,640,4,265,156.53230599855306,6.388457600626185,1,0.8468755483627319,63.35
bench_detect_20260905_2011,onnx,640,4,266,154.81046000058996,6.459511844330087,1,0.837555468082428,64.45
bench_detect_20260905_2011,onnx,640,4,267,150.7230269999127,6.634686284535536,1,0.8382368087768555,64.45
bench_detect_20260905_2011,onnx,640,4,268,153.16778299893485,6.528788106875935,1,0.8615671396255493,64.45
bench_detect_20260905_2011,onnx,640,4,269,147.0456879978883,6.800607441235276,1,0.8405945301055908,64.45
bench_detect_20260905_2011,onnx,640,4,270,147.62102399981814,6.774102854084199,2,0.8373002409934998,64.45
bench_detect_20260905_2011,onnx,640,4,271,147.38191200012807,6.785093139510438,1,0.8273893594741821,63.9
bench_detect_20260905_2011,onnx,640,4,272,147.99230499920668,6.757108080757041,1,0.8261758685112,62.8
bench_detect_20260905_2011,onnx,640,4,273,154.26029000082053,6.482549721608074,2,0.821089506149292,63.9
bench_detect_20260905_2011,onnx,640,4,274,149.81881700077793,6.674728982773956,1,0.8512016534805298,64.45
bench_detect_20260905_2011,onnx,640,4,275,147.84374800001387,6.763897787547338,1,0.8327211141586304,63.35
bench_detect_20260905_2011,onnx,640,4,276,147.94187799998326,6.759411287182073,1,0.8410637378692627,64.45
bench_detect_20260905_2011,onnx,640,4,277,147.46604100218974,6.781222261097732,1,0.8475862741470337,63.35
bench_detect_20260905_2011,onnx,640,4,278,154.1414379971684,6.487548144051765,1,0.832221508026123,63.9
bench_detect_20260905_2011,onnx,640,4,279,159.5132510010444,6.26907165219429,1,0.8221358060836792,63.35
bench_detect_20260905_2011,onnx,640,4,280,156.32591399844387,6.396892072608988,1,0.8491876721382141,64.45
bench_detect_20260905_2011,onnx,640,4,281,150.12054099861416,6.661313590717952,1,0.8259187340736389,64.45
bench_detect_20260905_2011,onnx,640,4,282,153.64974800104392,6.508308754227217,1,0.851664662361145,62.8
bench_detect_20260905_2011,onnx,640,4,283,147.71098799974425,6.769977058184266,2,0.8576099872589111,64.45
bench_detect_20260905_2011,onnx,640,4,284,153.71463800329366,6.505561298453391,1,0.8422410488128662,63.35
bench_detect_20260905_2011,onnx,640,4,285,147.14307699978235,6.796106350293865,1,0.8402208089828491,63.9
bench_detect_20260905_2011,onnx,640,4,286,147.4044300011883,6.784056625651878,1,0.8319294452667236,64.45
bench_detect_20260905_2011,onnx,640,4,287,157.7162749999843,6.3404997359980735,2,0.8530330657958984,65.0
bench_detect_20260905_2011,onnx,640,4,288,147.34642900293693,6.786727080980482,2,0.8324417471885681,63.35
bench_detect_20260905_2011,onnx,640,4,289,147.3233180004172,6.7877917329907556,1,0.8509498238563538,63.35
bench_detect_20260905_2011,onnx,640,4,290,146.87537099962356,6.808493440350616,1,0.842361330986023,63.9
bench_detect_20260905_2011,onnx,640,4,291,146.51303500068025,6.825331275100247,1,0.8634496927261353,63.35
bench_detect_20260905_2011,onnx,640,4,292,146.99694600130897,6.802862421312448,1,0.8571218252182007,63.9
bench_detect_20260905_2011,onnx,640,4,293,147.61907899810467,6.774192108411944,2,0.8604757785797119,64.45
bench_detect_20260905_2011,onnx,640,4,294,157.05693700147094,6.367117677779711,1,0.8189921379089355,63.9
bench_detect_20260905_2011,onnx,640,4,295,147.0513349995599,6.800346287253991,1,0.8286947011947632,64.45
bench_detect_20260905_2011,onnx,640,4,296,147.7201170018816,6.769558678235155,1,0.8542359471321106,64.45
bench_detect_20260905_2011,onnx,640,4,297,157.93809100068756,6.331594827213953,1,0.8379127383232117,65.0
bench_detect_20260905_2011,onnx,640,4,298,147.11033500134363,6.797618943569577,1,0.832855224609375,64.45
bench_detect_20260905_2011,onnx,640,4,299,147.98821099975612,6.757295011841504,1,0.8246837854385376,63.35
bench_detect_20260905_2011,onnx,640,4,300,162.88415999952122,6.139332394279096,1,0.8435986638069153,63.9
bench_detect_20260905_2011,onnx,640,4,301,148.40801000173087,6.738180776012946,2,0.8329586982727051,64.45
bench_detect_20260905_2011,onnx,640,4,302,154.3514929981029,6.478719321570091,1,0.801422655582428,63.35
bench_detect_20260905_2011,onnx,640,4,303,148.07471099993563,6.753347639492842,1,0.8476639986038208,63.35
bench_detect_20260905_2011,onnx,640,4,304,147.0518899986928,6.800320621577114,1,0.848724365234375,63.9
bench_detect_20260905_2011,onnx,640,4,305,146.9127770033083,6.806759904739131,1,0.7891408205032349,64.45
bench_detect_20260905_2011,onnx,640,4,306,146.83986899763113,6.810139554238722,1,0.8120340704917908,63.9
bench_detect_20260905_2011,onnx,640,4,307,156.69198899922776,6.381947197089498,1,0.8586091995239258,64.45
bench_detect_20260905_2011,onnx,640,4,308,146.9014629983576,6.807284145367431,1,0.8641974925994873,63.35
bench_detect_20260905_2011,onnx,640,4,309,154.8680889973184,6.457108152327723,2,0.823830246925354,64.45
bench_detect_20260905_2011,onnx,640,4,310,147.8398199978983,6.764077499649391,1,0.8171631097793579,65.0
bench_detect_20260905_2011,onnx,640,4,311,147.93522899708478,6.759715091391152,1,0.8696654438972473,64.45
bench_detect_20260905_2011,onnx,640,4,312,147.8980430001684,6.761414686189332,1,0.8447206020355225,65.0
bench_detect_20260905_2011,onnx,640,4,313,148.47184300015215,6.735283807307324,1,0.8461319208145142,64.45
bench_detect_20260905_2011,onnx,640,4,314,158.5383540004841,6.307621939842686,2,0.8373314142227173,63.9
bench_detect_20260905_2011,onnx,640,4,315,147.8512840003532,6.763553030744131,1,0.8464710712432861,63.9
bench_detect_20260905_2011,onnx,640,4,316,158.2468329979747,6.319241788635343,1,0.8324310779571533,64.45
bench_detect_20260905_2011,onnx,640,4,317,148.22084100160282,6.746689556222301,3,0.8384809494018555,63.35
bench_detect_20260905_2011,onnx,640,4,318,155.3416280003148,6.437424487388361,1,0.8423248529434204,65.0
bench_detect_20260905_2011,onnx,640,4,319,156.28589399784687,6.398530119511469,1,0.8278833627700806,63.9
bench_detect_20260905_2011,onnx,640,4,320,149.9679259977711,6.668092482754363,1,0.84635329246521,64.45
bench_detect_20260905_2011,onnx,640,4,321,154.62104900143459,6.467424755284916,1,0.8185780048370361,64.45
bench_detect_20260905_2011,onnx,640,4,322,146.7338309994375,6.815060938495047,1,0.8590344786643982,63.9
bench_detect_20260905_2011,onnx,640,4,323,147.47850299681886,6.7806492450060345,1,0.8147457838058472,63.9
bench_detect_20260905_2011,onnx,640,4,324,156.3709869988088,6.39504820678543,1,0.8202599287033081,63.35
bench_detect_20260905_2011,onnx,640,4,325,155.34377600124571,6.437335474528319,1,0.8212151527404785,64.45
bench_detect_20260905_2011,onnx,640,4,326,146.79751700168708,6.81210432182247,1,0.8330271244049072,64.45
bench_detect_20260905_2011,onnx,640,4,327,152.8607420004846,6.541902040465234,2,0.8189748525619507,65.0
bench_detect_20260905_2011,onnx,640,4,328,151.3628799984872,6.606639620030979,1,0.8267168998718262,64.45
bench_detect_20260905_2011,onnx,640,4,329,147.61517000079039,6.774371495793051,2,0.8531997203826904,64.45
bench_detect_20260905_2011,onnx,640,4,330,147.79917099804152,6.765937814449926,1,0.8511328101158142,64.45
bench_detect_20260905_2011,onnx,640,4,331,147.79885600000853,6.765952234433684,2,0.8457157015800476,64.45
bench_detect_20260905_2011,onnx,640,4,332,152.86777800065465,6.541600938267825,2,0.8485020399093628,64.45
bench_detect_20260905_2011,onnx,640,4,333,155.32786899711937,6.437994716959295,2,0.8420947194099426,64.45
bench_detect_20260905_2011,onnx,640,4,334,157.18978799850447,6.361736425330086,1,0.8088648319244385,63.35
bench_detect_20260905_2011,onnx,640,4,335,147.99108000079286,6.757164012821871,1,0.8594735264778137,64.45
bench_detect_20260905_2011,onnx,640,4,336,155.0916629967105,6.447799840931553,2,0.830318808555603,62.8
bench_detect_20260905_2011,onnx,640,4,337,147.4023720002151,6.784151343226286,2,0.8382816314697266,63.9
bench_detect_20260905_2011,onnx,640,4,338,147.86919000107446,6.762734008299725,1,0.8575977087020874,64.45
bench_detect_20260905_2011,onnx,640,4,339,148.20791500096675,6.74727797090646,1,0.8459831476211548,65.0
bench_detect_20260905_2011,onnx,640,4,340,150.17464999982622,6.658913471755434,2,0.8323137164115906,63.9
bench_detect_20260905_2011,onnx,640,4,341,162.74276799958898,6.144666287122052,1,0.8561347126960754,63.35
bench_detect_20260905_2011,onnx,640,4,342,146.65394099938567,6.818773455288112,1,0.8265808820724487,65.0
bench_detect_20260905_2011,onnx,640,4,343,156.13198499704595,6.4048375483019715,1,0.8261641263961792,63.9
bench_detect_20260905_2011,onnx,640,4,344,150.7380419971014,6.634025404278699,1,0.8381202220916748,63.9
bench_detect_20260905_2011,onnx,640,4,345,147.52733600107604,6.778404783183411,1,0.8122727870941162,64.45
bench_detect_20260905_2011,onnx,640,4,346,148.21650599697023,6.7468868819539,3,0.8168864250183105,65.0
bench_detect_20260905_2011,onnx,640,4,347,150.2001860026212,6.657781369075992,1,0.8434978723526001,63.9
bench_detect_20260905_2011,onnx,640,4,348,154.12552699854132,6.488217879764098,1,0.818420946598053,62.8
bench_detect_20260905_2011,onnx,640,4,349,147.60713199939346,6.774740396718156,1,0.8270803689956665,63.35
bench_detect_20260905_2011,onnx,640,4,350,147.37613100078306,6.785359292643438,1,0.8186516761779785,63.9
bench_detect_20260905_2011,onnx,640,4,351,147.98556100140559,6.757416015678055,2,0.8448436260223389,63.9
bench_detect_20260905_2011,onnx,640,4,352,147.65303899912396,6.772634053308805,1,0.8338804244995117,64.45
bench_detect_20260905_2011,onnx,640,4,353,150.57750299820327,6.641098305448273,2,0.8244379758834839,65.0
bench_detect_20260905_2011,onnx,640,4,354,149.83796100204927,6.67387618806641,1,0.8554971218109131,65.55
bench_detect_20260905_2011,onnx,640,4,355,160.9169599978486,6.214385357599159,1,0.8476133346557617,63.35
bench_detect_20260905_2011,onnx,640,4,356,146.53490300042904,6.824312703145353,1,0.8257489204406738,65.0
bench_detect_20260905_2011,onnx,640,4,357,152.68492399991374,6.5494350968178425,1,0.807417631149292,64.45
bench_detect_20260905_2011,onnx,640,4,358,147.18498100046418,6.794171478656822,1,0.8484216928482056,65.0
bench_detect_20260905_2011,onnx,640,4,359,156.2355589994695,6.400591558054947,1,0.8524563312530518,65.0
bench_detect_20260905_2011,onnx,640,4,360,151.02261699939845,6.621524774689762,1,0.8479984998703003,65.0
bench_detect_20260905_2011,onnx,640,4,361,150.4170760017587,6.648181354012678,2,0.8036642074584961,64.45
bench_detect_20260905_2011,onnx,640,4,362,148.04083799754153,6.754892862850498,1,0.8262161016464233,63.35
bench_detect_20260905_2011,onnx,640,4,363,146.66699599911226,6.818166508340109,1,0.8112316131591797,65.0
bench_detect_20260905_2011,onnx,640,4,364,154.88743799869553,6.456301511091055,4,0.8479008674621582,64.45
bench_detect_20260905_2011,onnx,640,4,365,147.39446399835288,6.784515326241662,1,0.8517646789550781,65.0
bench_detect_20260905_2011,onnx,640,4,366,148.38876599969808,6.739054626291822,2,0.8653111457824707,65.0
bench_detect_20260905_2011,onnx,640,4,367,150.24320399970748,6.655875097032323,1,0.8195593953132629,64.45
bench_detect_20260905_2011,onnx,640,4,368,154.511120999814,6.472026049187772,1,0.8525645732879639,64.45
bench_detect_20260905_2011,onnx,640,4,369,154.76065999973798,6.461590432618296,2,0.8261861205101013,63.9
bench_detect_20260905_2011,onnx,640,4,370,147.37940700069885,6.785208465354038,1,0.8398633003234863,64.45
bench_detect_20260905_2011,onnx,640,4,371,147.38742700137664,6.784839252202019,3,0.8272657990455627,64.45
bench_detect_20260905_2011,onnx,640,4,372,153.1622789989342,6.529022723714882,4,0.83961021900177,64.45
bench_detect_20260905_2011,onnx,640,4,373,151.50776700102142,6.600321685113729,2,0.8498580455780029,65.0
bench_detect_20260905_2011,onnx,640,4,374,155.99477800060413,6.410470996638921,1,0.8314975500106812,65.0
bench_detect_20260905_2011,onnx,640,4,375,155.11158800291014,6.446971582685611,1,0.8271509408950806,63.35
bench_detect_20260905_2011,onnx,640,4,376,148.47661800013157,6.7350672009454975,2,0.8298342227935791,63.35
bench_detect_20260905_2011,onnx,640,4,377,148.06006000071648,6.754015904053807,1,0.8406116962432861,63.35
bench_detect_20260905_2011,onnx,640,4,378,156.05063100156258,6.408176587187185,1,0.8187170028686523,63.35
bench_detect_20260905_2011,onnx,640,4,379,148.23391300160438,6.746094599750442,1,0.815270185470581,62.8
bench_detect_20260905_2011,onnx,640,4,380,156.95150600004126,6.371394741505297,1,0.8405632972717285,63.9
bench_detect_20260905_2011,onnx,640,4,381,146.63108799868496,6.819836186504791,1,0.859058141708374,64.45
bench_detect_20260905_2011,onnx,640,4,382,155.05319699877873,6.449399427783979,1,0.8251924514770508,65.55
bench_detect_20260905_2011,onnx,640,4,383,147.75503899727482,6.767958688829854,1,0.821982741355896,65.0
bench_detect_20260905_2011,onnx,640,4,384,147.27233200028422,6.790141681181976,1,0.8400757312774658,63.9
bench_detect_20260905_2011,onnx,640,4,385,147.00910799729172,6.802299623628915,1,0.828844428062439,64.45
bench_detect_20260905_2011,onnx,640,4,386,147.00562600046396,6.80246074389591,1,0.7791664600372314,64.45
bench_detect_20260905_2011,onnx,640,4,387,150.06366500165313,6.663838311485887,1,0.8621634244918823,63.35
bench_detect_20260905_2011,onnx,640,4,388,147.44329700261005,6.782268304691382,1,0.825354814529419,63.9
bench_detect_20260905_2011,onnx,640,4,389,155.34271800061106,6.437379317619937,1,0.8457767367362976,65.0
bench_detect_20260905_2011,onnx,640,4,390,146.6908099973807,6.817059637327354,1,0.8428510427474976,65.0
bench_detect_20260905_2011,onnx,640,4,391,146.80220000082045,6.811887015279138,2,0.8441577553749084,65.55
bench_detect_20260905_2011,onnx,640,4,392,147.24370199837722,6.791461953401722,1,0.835401177406311,63.35
bench_detect_20260905_2011,onnx,640,4,393,154.12628400008543,6.488186012448375,1,0.8392191529273987,63.9
bench_detect_20260905_2011,onnx,640,4,394,151.32587699918076,6.608255110296923,1,0.8457964658737183,64.45
bench_detect_20260905_2011,onnx,640,4,395,154.20652499960852,6.4848099002460415,1,0.8648865222930908,63.9
bench_detect_20260905_2011,onnx,640,4,396,149.33891900000162,6.696178107462992,1,0.8551068305969238,63.9
bench_detect_20260905_2011,onnx,640,4,397,146.51027200306999,6.825459992177517,1,0.8186826705932617,65.0
bench_detect_20260905_2011,onnx,640,4,398,147.7932050001982,6.7662109364138825,1,0.8284014463424683,65.0
bench_detect_20260905_2011,onnx,640,4,399,153.11390699935146,6.5310853834082865,1,0.8415844440460205,63.9
bench_detect_20260905_2011,onnx,640,4,400,157.32284100158722,6.356356099556523,1,0.8375535011291504,65.0
bench_detect_20260905_2011,onnx,640,4,401,146.6835680002987,6.817396206219661,1,0.8526433706283569,64.45
bench_detect_20260905_2011,onnx,640,4,402,158.26310699776514,6.3185919888083655,1,0.8257665634155273,64.45
bench_detect_20260905_2011,onnx,640,4,403,147.56677800323814,6.776593034904214,1,0.808440625667572,65.0
bench_detect_20260905_2011,onnx,640,4,404,156.26283399979002,6.3994743625432,1,0.825127124786377,64.45
bench_detect_20260905_2011,onnx,640,4,405,147.6544630022545,6.772568736948584,1,0.8114608526229858,64.45
bench_detect_20260905_2011,onnx,640,4,406,149.7075510014838,6.6796897905977275,1,0.8355258107185364,64.45
bench_detect_20260905_2011,onnx,640,4,407,147.47727700159885,6.780705613307186,2,0.8502672910690308,65.55
bench_detect_20260905_2011,onnx,640,4,408,154.1655430009996,6.486533764509986,1,0.8472633361816406,65.0
bench_detect_20260905_2011,onnx,640,4,409,154.91162200123654,6.455293586636242,1,0.8343690633773804,63.9
bench_detect_20260905_2011,onnx,640,4,410,147.67607400062843,6.771577635492561,1,0.8598241806030273,65.0
bench_detect_20260905_2011,onnx,640,4,411,154.29061699978774,6.481275526958167,1,0.8202670216560364,64.45
bench_detect_20260905_2011,onnx,640,4,412,147.9566319976584,6.758737249546382,1,0.8342163562774658,65.0
bench_detect_20260905_2011,onnx,640,4,413,151.39630200064857,6.6051811489802175,1,0.85716712474823,64.45
bench_detect_20260905_2011,onnx,640,4,414,157.3235450014181,6.356327655793582,1,0.8417298793792725,65.0
bench_detect_20260905_2011,onnx,640,4,415,146.57838100174558,6.822288479145442,1,0.8460310697555542,63.9
bench_detect_20260905_2011,onnx,640,4,416,153.9785960012523,6.494409131980052,1,0.8316049575805664,64.45
bench_detect_20260905_2011,onnx,640,4,417,146.6514929998084,6.818887278572108,1,0.8438539505004883,65.0
bench_detect_20260905_2011,onnx,640,4,418,153.9756899983331,6.494531701795431,1,0.8437722325325012,65.0
bench_detect_20260905_2011,onnx,640,4,419,156.73839200098882,6.380057797158537,1,0.8251681327819824,64.45
bench_detect_20260905_2011,onnx,640,4,420,157.03072800170048,6.368180372883268,1,0.8317577838897705,64.45
bench_detect_20260905_2011,onnx,640,4,421,155.5789400008507,6.427605175832487,1,0.8452275991439819,65.0
bench_detect_20260905_2011,onnx,640,4,422,154.2873389989836,6.481413228642096,1,0.8503724336624146,64.45
bench_detect_20260905_2011,onnx,640,4,423,148.65224700042745,6.7271098834928775,1,0.8202143311500549,65.0
bench_detect_20260905_2011,onnx,640,4,424,147.6936850012862,6.770770192315882,1,0.799897313117981,63.9
bench_detect_20260905_2011,onnx,640,4,425,147.8020190006646,6.765807441341539,2,0.8588687181472778,65.0
bench_detect_20260905_2011,onnx,640,4,426,156.48629799761693,6.3903358491823266,1,0.8299671411514282,63.9
bench_detect_20260905_2011,onnx,640,4,427,157.05539400005364,6.367180231961078,1,0.8318254947662354,63.9
bench_detect_20260905_2011,onnx,640,4,428,155.7222189985623,6.421691178246261,1,0.831468939781189,63.9
bench_detect_20260905_2011,onnx,640,4,429,154.49580399945262,6.472667697845975,2,0.8297910690307617,64.45
bench_detect_20260905_2011,onnx,640,4,430,147.52290600154083,6.778608333471653,1,0.8067339658737183,65.0
bench_detect_20260905_2011,onnx,640,4,431,147.7843889988435,6.766614571230697,1,0.8329707384109497,65.0
bench_detect_20260905_2011,onnx,640,4,432,147.82468599878484,6.764769992531695,1,0.8356505632400513,65.0
bench_detect_20260905_2011,onnx,640,4,433,150.487961996987,6.645049788235032,1,0.8473973274230957,65.0
bench_detect_20260905_2011,onnx,640,4,434,146.42149100109236,6.829598532038849,1,0.8313782215118408,65.0
bench_detect_20260905_2011,onnx,640,4,435,155.18265900027473,6.444018980227872,1,0.8395222425460815,63.9
bench_detect_20260905_2011,onnx,640,4,436,154.35684000112815,6.478494895287382,1,0.8013921976089478,65.55
bench_detect_20260905_2011,onnx,640,4,437,147.3320520017296,6.787389345451189,2,0.8264315128326416,64.45
bench_detect_20260905_2011,onnx,640,4,438,147.1825330008869,6.794284482072164,1,0.7928648591041565,65.0
bench_detect_20260905_2011,onnx,640,4,439,150.02286600065418,6.665650554867013,2,0.8462104797363281,65.0
bench_detect_20260905_2011,onnx,640,4,440,147.9734640015522,6.75796844216278,1,0.8154217004776001,65.55
bench_detect_20260905_2011,onnx,640,4,441,146.53147300123237,6.8244724462135835,1,0.8418786525726318,63.9
bench_detect_20260905_2011,onnx,640,4,442,146.68240000173682,6.817450491593806,1,0.8670620322227478,65.0
bench_detect_20260905_2011,onnx,640,4,443,155.24641899901326,6.441372409410332,1,0.8210878372192383,63.9
bench_detect_20260905_2011,onnx,640,4,444,147.68531399749918,6.771153968748263,6,0.8506509065628052,64.45
bench_detect_20260905_2011,onnx,640,4,445,147.53823899809504,6.777903862692245,1,0.8212591409683228,65.55
bench_detect_20260905_2011,onnx,640,4,446,150.74418500080355,6.6337550599027715,2,0.8468059301376343,65.0
bench_detect_20260905_2011,onnx,640,4,447,151.0928360003163,6.6184474821685555,1,0.8413015604019165,65.0
bench_detect_20260905_2011,onnx,640,4,448,150.20931099934387,6.6573769185611145,1,0.7867921590805054,64.45
bench_detect_20260905_2011,onnx,640,4,449,154.99058299974422,6.452004893753127,1,0.8636918067932129,64.45
bench_detect_20260905_2011,onnx,640,4,450,149.95377299783286,6.668721833457649,1,0.8329508304595947,64.45
bench_detect_20260905_2011,onnx,640,4,451,146.97245699790074,6.8039959351995005,1,0.841354489326477,65.0
bench_detect_20260905_2011,onnx,640,4,452,154.5410990001983,6.470770600633019,1,0.8490844964981079,63.9
bench_detect_20260905_2011,onnx,640,4,453,150.70848200048204,6.635326603560386,1,0.8320469856262207,64.45
bench_detect_20260905_2011,onnx,640,4,454,147.14464300050167,6.796034022092062,1,0.839562177658081,65.0
bench_detect_20260905_2011,onnx,640,4,455,156.1124049985665,6.405640858644017,1,0.8511794805526733,63.35
bench_detect_20260905_2011,onnx,640,4,456,152.33132499997737,6.564637969243349,1,0.8278294205665588,65.55
bench_detect_20260905_2011,onnx,640,4,457,147.27003299776698,6.7902476807020395,1,0.8525111675262451,65.55
bench_detect_20260905_2011,onnx,640,4,458,155.31841899792198,6.438386422239973,1,0.8351011872291565,64.45
bench_detect_20260905_2011,onnx,640,4,459,155.58414299812284,6.427390225828253,1,0.8482077717781067,65.0
bench_detect_20260905_2011,onnx,640,4,460,147.13401300105033,6.796525015550697,1,0.8448058366775513,63.9
bench_detect_20260905_2011,onnx,640,4,461,147.3854769974423,6.784929019955974,1,0.8221830725669861,65.0
bench_detect_20260905_2011,onnx,640,4,462,147.61495999846375,6.774381133256461,1,0.8502912521362305,65.0
bench_detect_20260905_2011,onnx,640,4,463,155.77503200256615,6.419514007761697,3,0.8285477757453918,65.0
bench_detect_20260905_2011,onnx,640,4,464,148.0413339995721,6.754870231059188,1,0.8668148517608643,65.55
bench_detect_20260905_2011,onnx,640,4,465,152.61621500030742,6.552383703120836,2,0.8442308902740479,65.0
bench_detect_20260905_2011,onnx,640,4,466,149.99993899982655,6.666669377786589,1,0.8423841595649719,65.0
bench_detect_20260905_2011,onnx,640,4,467,146.87312199748703,6.80859769575205,1,0.7846071720123291,63.9
bench_detect_20260905_2011,onnx,640,4,468,147.2714579977037,6.790181978205121,1,0.8516273498535156,63.35
bench_detect_20260905_2011,onnx,640,4,469,147.35740299875033,6.786221660057897,1,0.8222670555114746,63.9
bench_detect_20260905_2011,onnx,640,4,470,162.93213400058448,6.137524719319105,1,0.8337503671646118,65.0
bench_detect_20260905_2011,onnx,640,4,471,148.29989099962404,6.74309329062511,1,0.8463741540908813,65.0
bench_detect_20260905_2011,onnx,640,4,472,156.10247899894603,6.4060481704890275,1,0.8360079526901245,64.45
bench_detect_20260905_2011,onnx,640,4,473,151.8804330007697,6.584126606979927,3,0.8304916620254517,65.0
bench_detect_20260905_2011,onnx,640,4,474,158.5904390012729,6.305550361658143,1,0.8292021155357361,65.0
bench_detect_20260905_2011,onnx,640,4,475,147.6537569978973,6.772601119890507,1,0.8376526832580566,65.0
bench_detect_20260905_2011,onnx,640,4,476,158.4100669970212,6.312730112151296,1,0.8403865694999695,65.55
bench_detect_20260905_2011,onnx,640,4,477,152.54541800095467,6.555424693213281,1,0.846152663230896,65.0
bench_detect_20260905_2011,onnx,640,4,478,147.54686700325692,6.77750751547931,2,0.8360172510147095,63.9
bench_detect_20260905_2011,onnx,640,4,479,149.70241799892392,6.679918824071286,1,0.8256914615631104,63.9
bench_detect_20260905_2011,onnx,640,4,480,147.92677700097556,6.7601013168387025,1,0.8141641616821289,64.45
bench_detect_20260905_2011,onnx,640,4,481,148.15009300218662,6.74991138875114,2,0.8237464427947998,65.55
bench_detect_20260905_2011,onnx,640,4,482,148.24744499856024,6.745478817592518,1,0.8072887659072876,65.0
bench_detect_20260905_2011,onnx,640,4,483,161.49338399918634,6.192204133916956,1,0.8510768413543701,65.0
bench_detect_20260905_2011,onnx,640,4,484,147.35414299866534,6.786371795525678,3,0.8452202081680298,63.9
bench_detect_20260905_2011,onnx,640,4,485,157.12385499864467,6.364405965018016,1,0.8519858717918396,65.0
bench_detect_20260905_2011,onnx,640,4,486,151.2424460015609,6.611900471311338,2,0.8611037731170654,65.55
bench_detect_20260905_2011,onnx,640,4,487,148.3808350021718,6.739414830664373,2,0.8390294313430786,64.45
bench_detect_20260905_2011,onnx,640,4,488,147.70242300073733,6.770369637030315,1,0.8167492151260376,64.45
bench_detect_20260905_2011,onnx,640,4,489,147.58749599786825,6.7756417522961705,2,0.8312814235687256,63.9
bench_detect_20260905_2011,onnx,640,4,490,153.99646399964695,6.4936555946004875,1,0.8391401171684265,64.45
bench_detect_20260905_2011,onnx,640,4,491,148.15107400136185,6.74986669344569,2,0.8572988510131836,65.55
bench_detect_20260905_2011,onnx,640,4,492,153.4296079989872,6.517646841713896,1,0.8422600030899048,65.0
bench_detect_20260905_2011,onnx,640,4,493,146.900732001086,6.807318019304406,1,0.8546093106269836,65.55
bench_detect_20260905_2011,onnx,640,4,494,155.1113230016199,6.446982597070341,1,0.86273592710495,65.0
bench_detect_20260905_2011,onnx,640,4,495,154.04998300073203,6.491399612781834,1,0.8365154266357422,65.0
bench_detect_20260905_2011,onnx,640,4,496,146.72137899833615,6.815639321460714,1,0.8113290071487427,65.0
bench_detect_20260905_2011,onnx,640,4,497,154.96720999726676,6.45297802043179,1,0.8497682809829712,65.55
bench_detect_20260905_2011,onnx,640,4,498,147.70549699824187,6.770228734357144,2,0.831873893737793,62.25
bench_detect_20260905_2011,onnx,640,4,499,158.81630899821175,6.2965825506702835,1,0.8281843662261963,65.0
bench_detect_20260905_2011,ncnn,320,1,0,28.276979999645846,35.36445546916695,1,0.85498046875,62.25
bench_detect_20260905_2011,ncnn,320,1,1,28.381648000504356,35.23403573965224,3,0.857421875,61.7
bench_detect_20260905_2011,ncnn,320,1,2,28.30838700174354,35.32522004656814,1,0.876953125,62.25
bench_detect_20260905_2011,ncnn,320,1,3,28.25212800235022,35.395563828565855,1,0.85107421875,62.25
bench_detect_20260905_2011,ncnn,320,1,4,28.263869000511477,35.3808602771936,1,0.85693359375,62.8
bench_detect_20260905_2011,ncnn,320,1,5,28.160517002106644,35.51071167923485,1,0.88330078125,62.25
bench_detect_20260905_2011,ncnn,320,1,6,28.239701998245437,35.41113854750065,1,0.83642578125,62.25
bench_detect_20260905_2011,ncnn,320,1,7,28.160756999568548,35.51040904246008,1,0.84765625,61.15
bench_detect_20260905_2011,ncnn,320,1,8,28.282258001127047,35.35785579638479,1,0.88818359375,62.25
bench_detect_20260905_2011,ncnn,320,1,9,28.402833002473926,35.20775550498426,3,0.85498046875,61.7
bench_detect_20260905_2011,ncnn,320,1,10,29.774841998005286,33.58540072410773,2,0.85693359375,61.15
bench_detect_20260905_2011,ncnn,320,1,11,28.356405997328693,35.26539999794772,1,0.86279296875,61.7
bench_detect_20260905_2011,ncnn,320,1,12,28.3073320024414,35.32653659884845,1,0.8408203125,61.15
bench_detect_20260905_2011,ncnn,320,1,13,28.32912799931364,35.29935690305145,2,0.8310546875,60.05
bench_detect_20260905_2011,ncnn,320,1,14,28.40527800071868,35.204724980149784,2,0.8642578125,61.15
bench_detect_20260905_2011,ncnn,320,1,15,28.32559200032847,35.30376346550511,2,0.869140625,60.6
bench_detect_20260905_2011,ncnn,320,1,16,28.344942998955958,35.27966170321223,2,0.8447265625,61.15
bench_detect_20260905_2011,ncnn,320,1,17,28.239072998985648,35.41192729789395,1,0.818359375,60.6
bench_detect_20260905_2011,ncnn,320,1,18,28.40275800190284,35.20784847489124,3,0.83642578125,61.15
bench_detect_20260905_2011,ncnn,320,1,19,28.22968299733475,35.423706319848264,2,0.89208984375,60.6
bench_detect_20260905_2011,ncnn,320,1,20,29.200892997323535,34.24552804229847,1,0.87744140625,62.25
bench_detect_20260905_2011,ncnn,320,1,21,28.244147000805242,35.40556561936496,1,0.84228515625,61.15
bench_detect_20260905_2011,ncnn,320,1,22,28.453888997319154,35.14458076694603,1,0.8759765625,61.15
bench_detect_20260905_2011,ncnn,320,1,23,28.348517000267748,35.27521386711535,1,0.86865234375,59.5
bench_detect_20260905_2011,ncnn,320,1,24,28.308591001405148,35.32496548310593,1,0.79248046875,61.15
bench_detect_20260905_2011,ncnn,320,1,25,28.37190699938219,35.24613273340334,1,0.84765625,60.6
bench_detect_20260905_2011,ncnn,320,1,26,28.380962001392618,35.234887385104535,2,0.8525390625,60.6
bench_detect_20260905_2011,ncnn,320,1,27,28.39935100200819,35.21207227338707,3,0.85595703125,61.15
bench_detect_20260905_2011,ncnn,320,1,28,28.2926839972788,35.34482624894055,2,0.85546875,60.6
bench_detect_20260905_2011,ncnn,320,1,29,28.201072000229033,35.45964493803209,1,0.84765625,60.6
bench_detect_20260905_2011,ncnn,320,1,30,28.492813999037025,35.09656856054292,3,0.82958984375,61.15
bench_detect_20260905_2011,ncnn,320,1,31,28.245665002032183,35.4036628250053,1,0.83056640625,60.6
bench_detect_20260905_2011,ncnn,320,1,32,28.295239000726724,35.34163468187409,1,0.85400390625,59.5
bench_detect_20260905_2011,ncnn,320,1,33,28.214794998348225,35.44239821903873,1,0.853515625,60.6
bench_detect_20260905_2011,ncnn,320,1,34,28.343925001536263,35.280928803819485,1,0.8720703125,60.6
bench_detect_20260905_2011,ncnn,320,1,35,28.18568300062907,35.47900542192578,1,0.85107421875,60.6
bench_detect_20260905_2011,ncnn,320,1,36,28.19564600213198,35.466468827292914,1,0.83935546875,60.05
bench_detect_20260905_2011,ncnn,320,1,37,28.25568299886072,35.39111052598942,1,0.8603515625,61.15
bench_detect_20260905_2011,ncnn,320,1,38,28.371722000883892,35.246362556662795,1,0.8525390625,60.05
bench_detect_20260905_2011,ncnn,320,1,39,28.346240000246326,35.278047458545124,1,0.8662109375,60.6
bench_detect_20260905_2011,ncnn,320,1,40,28.285701999266166,35.35355071003519,1,0.8310546875,60.6
bench_detect_20260905_2011,ncnn,320,1,41,28.269073001865763,35.37434708007581,1,0.85498046875,59.5
bench_detect_20260905_2011,ncnn,320,1,42,28.390832998411497,35.222636829851076,3,0.86865234375,59.5
bench_detect_20260905_2011,ncnn,320,1,43,28.231795000465354,35.42105629427802,1,0.8525390625,60.6
bench_detect_20260905_2011,ncnn,320,1,44,28.252887997950893,35.394611696776884,1,0.83203125,60.6
bench_detect_20260905_2011,ncnn,320,1,45,28.92224300012458,34.575464980212374,1,0.85205078125,59.5
bench_detect_20260905_2011,ncnn,320,1,46,29.43180199872586,33.976852659014604,1,0.84912109375,58.95
bench_detect_20260905_2011,ncnn,320,1,47,28.57653799947002,34.993742069754774,3,0.8525390625,60.6
bench_detect_20260905_2011,ncnn,320,1,48,28.318591001152527,35.312491358037605,1,0.86474609375,60.05
bench_detect_20260905_2011,ncnn,320,1,49,28.325831997790374,35.30346434583131,1,0.83447265625,60.6
bench_detect_20260905_2011,ncnn,320,1,50,28.258979000383988,35.386982664391795,1,0.8720703125,60.05
bench_detect_20260905_2011,ncnn,320,1,51,28.377443002682412,35.23925675422813,2,0.86767578125,59.5
bench_detect_20260905_2011,ncnn,320,1,52,28.293813000345835,35.34341589052621,1,0.85205078125,60.05
bench_detect_20260905_2011,ncnn,320,1,53,28.23479400103679,35.41729399418603,1,0.86572265625,59.5
bench_detect_20260905_2011,ncnn,320,1,54,28.282164999836823,35.35797206493101,1,0.857421875,60.05
bench_detect_20260905_2011,ncnn,320,1,55,28.941743999894243,34.55216796899503,1,0.88427734375,58.95
bench_detect_20260905_2011,ncnn,320,1,56,28.294034997088602,35.343138583906395,1,0.8720703125,60.6
bench_detect_20260905_2011,ncnn,320,1,57,29.87534199928632,33.47242016589764,1,0.849609375,60.6
bench_detect_20260905_2011,ncnn,320,1,58,28.328331998636713,35.300348783264916,1,0.86328125,60.05
bench_detect_20260905_2011,ncnn,320,1,59,28.302887996687787,35.33208342968489,2,0.857421875,59.5
bench_detect_20260905_2011,ncnn,320,1,60,28.27468300165492,35.3673284309313,1,0.8671875,59.5
bench_detect_20260905_2011,ncnn,320,1,61,28.281628001423087,35.35864342567838,1,0.86572265625,60.05
bench_detect_20260905_2011,ncnn,320,1,62,28.42396200139774,35.181583761997196,3,0.8896484375,60.6
bench_detect_20260905_2011,ncnn,320,1,63,28.25351700084866,35.39382371298988,1,0.81396484375,58.95
bench_detect_20260905_2011,ncnn,320,1,64,28.208849998918595,35.44986768472786,1,0.85205078125,59.5
bench_detect_20260905_2011,ncnn,320,1,65,28.195386999868788,35.4667946215689,1,0.83203125,60.05
bench_detect_20260905_2011,ncnn,320,1,66,28.29344299971126,35.34387808547037,1,0.857421875,60.05
bench_detect_20260905_2011,ncnn,320,1,67,28.209979998791823,35.44844767854596,1,0.86181640625,60.05
bench_detect_20260905_2011,ncnn,320,1,68,28.243887001735857,35.40589154525864,1,0.83447265625,60.05
bench_detect_20260905_2011,ncnn,320,1,69,28.214942998602055,35.44221230748353,1,0.86328125,60.05
bench_detect_20260905_2011,ncnn,320,1,70,28.351443997962633,35.27157206073388,1,0.85595703125,60.05
bench_detect_20260905_2011,ncnn,320,1,71,28.217757997481385,35.43867659823493,2,0.8447265625,60.05
bench_detect_20260905_2011,ncnn,320,1,72,28.202109002450015,35.458341073468176,1,0.85546875,60.6
bench_detect_20260905_2011,ncnn,320,1,73,28.203683003084734,35.456362202433866,1,0.86181640625,59.5
bench_detect_20260905_2011,ncnn,320,1,74,28.206832001160365,35.452403870057516,1,0.86572265625,59.5
bench_detect_20260905_2011,ncnn,320,1,75,28.250739000213798,35.39730411981195,1,0.8271484375,60.05
bench_detect_20260905_2011,ncnn,320,1,76,28.294091000134358,35.34306862854337,1,0.84423828125,60.05
bench_detect_20260905_2011,ncnn,320,1,77,28.25629400103935,35.39034524354882,1,0.84912109375,59.5
bench_detect_20260905_2011,ncnn,320,1,78,28.24810999663896,35.40059848673001,1,0.8310546875,58.95
bench_detect_20260905_2011,ncnn,320,1,79,28.15684999950463,35.51533641077014,1,0.87890625,59.5
bench_detect_20260905_2011,ncnn,320,1,80,28.27349799918011,35.3688107509371,1,0.8603515625,59.5
bench_detect_20260905_2011,ncnn,320,1,81,29.631951001647394,33.74735601933213,2,0.84619140625,58.4
bench_detect_20260905_2011,ncnn,320,1,82,28.373831999488175,35.24374148750999,1,0.85498046875,59.5
bench_detect_20260905_2011,ncnn,320,1,83,28.08818199991947,35.6021617918478,2,0.85888671875,59.5
bench_detect_20260905_2011,ncnn,320,1,84,28.303145998506807,35.33176135447123,1,0.8427734375,59.5
bench_detect_20260905_2011,ncnn,320,1,85,28.321090998360887,35.309374206589574,2,0.83740234375,58.4
bench_detect_20260905_2011,ncnn,320,1,86,28.37422099764808,35.24325831122868,1,0.86572265625,58.95
bench_detect_20260905_2011,ncnn,320,1,87,28.299887002503965,35.33583013640727,1,0.83251953125,60.05
bench_detect_20260905_2011,ncnn,320,1,88,28.311756999755744,35.32101522376825,2,0.84716796875,59.5
bench_detect_20260905_2011,ncnn,320,1,89,28.394629000104032,35.217928010129526,3,0.85693359375,58.95
bench_detect_20260905_2011,ncnn,320,1,90,29.54202500040992,33.85008305917161,2,0.8798828125,59.5
bench_detect_20260905_2011,ncnn,320,1,91,28.32744300030754,35.30145661184962,3,0.8408203125,59.5
bench_detect_20260905_2011,ncnn,320,1,92,28.07199699964258,35.62268833288677,1,0.83984375,58.95
bench_detect_20260905_2011,ncnn,320,1,93,28.341999000986107,35.28332634424293,2,0.8505859375,59.5
bench_detect_20260905_2011,ncnn,320,1,94,28.469924996898044,35.12478519381261,1,0.87158203125,58.95
bench_detect_20260905_2011,ncnn,320,1,95,27.995034000923624,35.72062102039267,1,0.87060546875,59.5
bench_detect_20260905_2011,ncnn,320,1,96,28.268572998058517,35.37497276812239,1,0.85107421875,59.5
bench_detect_20260905_2011,ncnn,320,1,97,28.426536999177188,35.178396863077104,4,0.83935546875,59.5
bench_detect_20260905_2011,ncnn,320,1,98,28.274813001189614,35.36716582203132,1,0.85595703125,58.4
bench_detect_20260905_2011,ncnn,320,1,99,28.032756003085524,35.67255391834936,1,0.89208984375,58.4
bench_detect_20260905_2011,ncnn,320,1,100,28.284757001529215,35.35473187717098,1,0.86328125,58.4
bench_detect_20260905_2011,ncnn,320,1,101,28.27086899924325,35.37209981153278,2,0.86181640625,59.5
bench_detect_20260905_2011,ncnn,320,1,102,28.32840599876363,35.30025657086545,1,0.822265625,59.5
bench_detect_20260905_2011,ncnn,320,1,103,28.003608000290114,35.709684266028866,1,0.86865234375,59.5
bench_detect_20260905_2011,ncnn,320,1,104,28.28190600121161,35.358295864400354,1,0.8408203125,58.95
bench_detect_20260905_2011,ncnn,320,1,105,28.394425000442425,35.21818103322813,2,0.84716796875,59.5
bench_detect_20260905_2011,ncnn,320,1,106,28.37909200025024,35.237209139432025,2,0.86328125,59.5
bench_detect_20260905_2011,ncnn,320,1,107,28.08271899993997,35.60908756741602,2,0.84130859375,58.95
bench_detect_20260905_2011,ncnn,320,1,108,28.328609998425236,35.300002367062454,2,0.85107421875,59.5
bench_detect_20260905_2011,ncnn,320,1,109,28.21266500177444,35.44507404518874,1,0.85693359375,58.95
bench_detect_20260905_2011,ncnn,320,1,110,28.32899900022312,35.299517642403245,1,0.83935546875,59.5
bench_detect_20260905_2011,ncnn,320,1,111,28.09255300235236,35.59662234743364,1,0.86279296875,59.5
bench_detect_20260905_2011,ncnn,320,1,112,28.123090000008233,35.55797033681958,1,0.853515625,58.95
bench_detect_20260905_2011,ncnn,320,1,113,28.06155299913371,35.635946450678304,1,0.845703125,59.5
bench_detect_20260905_2011,ncnn,320,1,114,28.008274999592686,35.70373398627879,1,0.84130859375,58.95
bench_detect_20260905_2011,ncnn,320,1,115,28.06544099803432,35.6310096844742,1,0.82666015625,58.4
bench_detect_20260905_2011,ncnn,320,1,116,29.886157000873936,33.460307391504294,2,0.8642578125,59.5
bench_detect_20260905_2011,ncnn,320,1,117,28.346405997581314,35.277840869326646,3,0.85986328125,58.95
bench_detect_20260905_2011,ncnn,320,1,118,28.449017998354975,35.15059817030674,3,0.85546875,59.5
bench_detect_20260905_2011,ncnn,320,1,119,28.31403499658336,35.31817348253859,2,0.876953125,58.95
bench_detect_20260905_2011,ncnn,320,1,120,28.230646003066795,35.42249794394951,1,0.88427734375,58.95
bench_detect_20260905_2011,ncnn,320,1,121,28.19951600031345,35.46160153914998,1,0.8505859375,59.5
bench_detect_20260905_2011,ncnn,320,1,122,28.38186900044093,35.233761384229645,2,0.87353515625,58.95
bench_detect_20260905_2011,ncnn,320,1,123,28.175497998745413,35.491830527521735,1,0.8251953125,58.95
bench_detect_20260905_2011,ncnn,320,1,124,28.27768299903255,35.36357628855987,1,0.87060546875,57.85
bench_detect_20260905_2011,ncnn,320,1,125,29.247857000882505,34.190539155392706,2,0.875,59.5
bench_detect_20260905_2011,ncnn,320,1,126,29.135873999621253,34.32194963545625,2,0.83935546875,59.5
bench_detect_20260905_2011,ncnn,320,1,127,28.22531299898401,35.429190813083125,1,0.8671875,58.4
bench_detect_20260905_2011,ncnn,320,1,128,28.285868000239134,35.3533432310278,2,0.875,58.95
bench_detect_20260905_2011,ncnn,320,1,129,28.421740000339923,35.18433424512504,1,0.85693359375,58.95
bench_detect_20260905_2011,ncnn,320,1,130,28.406481000274653,35.20323407853058,2,0.85400390625,58.95
bench_detect_20260905_2011,ncnn,320,1,131,28.19562700096867,35.46649272831013,1,0.79638671875,59.5
bench_detect_20260905_2011,ncnn,320,1,132,28.230330997757846,35.42289320232992,1,0.84814453125,58.95
bench_detect_20260905_2011,ncnn,320,1,133,28.29451700017671,35.34253650605715,1,0.84326171875,58.95
bench_detect_20260905_2011,ncnn,320,1,134,28.279202997509856,35.361675507193596,1,0.85546875,57.3
bench_detect_20260905_2011,ncnn,320,1,135,28.242813001270406,35.40723793890567,1,0.87060546875,58.95
bench_detect_20260905_2011,ncnn,320,1,136,28.387442998791812,35.22684308137794,1,0.8720703125,57.85
bench_detect_20260905_2011,ncnn,320,1,137,28.28847999990103,35.350078901499785,2,0.8603515625,58.4
bench_detect_20260905_2011,ncnn,320,1,138,28.25772000142024,35.388559301661275,1,0.8720703125,58.4
bench_detect_20260905_2011,ncnn,320,1,139,28.348592000838835,35.275120541098126,2,0.8603515625,58.95
bench_detect_20260905_2011,ncnn,320,1,140,28.186498002469307,35.47797956001465,1,0.84765625,58.95
bench_detect_20260905_2011,ncnn,320,1,141,28.222367996932007,35.432887846572896,1,0.8583984375,58.95
bench_detect_20260905_2011,ncnn,320,1,142,28.295684001932386,35.34107887025129,1,0.84326171875,58.95
bench_detect_20260905_2011,ncnn,320,1,143,28.007477998471586,35.70474999764605,1,0.84912109375,58.95
bench_detect_20260905_2011,ncnn,320,1,144,28.208183000970166,35.45070591627993,3,0.875,58.4
bench_detect_20260905_2011,ncnn,320,1,145,28.12190499753342,35.55946868064984,1,0.8662109375,57.85
bench_detect_20260905_2011,ncnn,320,1,146,28.141775001131464,35.53436128175263,1,0.86474609375,58.95
bench_detect_20260905_2011,ncnn,320,1,147,28.358868999930564,35.262337154646346,3,0.8447265625,58.95
bench_detect_20260905_2011,ncnn,320,1,148,28.15905399984331,35.512556636510745,1,0.8447265625,58.95
bench_detect_20260905_2011,ncnn,320,1,149,28.221478998602834,35.434004009836165,1,0.85400390625,57.85
bench_detect_20260905_2011,ncnn,320,1,150,28.394962999300333,35.217513754979734,1,0.83447265625,58.4
bench_detect_20260905_2011,ncnn,320,1,151,28.060644999641227,35.637099575322864,2,0.85693359375,58.95
bench_detect_20260905_2011,ncnn,320,1,152,30.064029000641312,33.26234151712229,2,0.85107421875,58.95
bench_detect_20260905_2011,ncnn,320,1,153,28.330331999313785,35.29785672911358,1,0.83642578125,57.85
bench_detect_20260905_2011,ncnn,320,1,154,28.180960998724913,35.484950284174,1,0.8388671875,57.85
bench_detect_20260905_2011,ncnn,320,1,155,28.301498998189345,35.33381747956097,1,0.84619140625,58.4
bench_detect_20260905_2011,ncnn,320,1,156,28.307573000347475,35.32623584465277,1,0.86474609375,58.95
bench_detect_20260905_2011,ncnn,320,1,157,28.284479998546885,35.35507812239698,1,0.857421875,57.85
bench_detect_20260905_2011,ncnn,320,1,158,28.26179499970749,35.383456712864486,1,0.86767578125,58.4
bench_detect_20260905_2011,ncnn,320,1,159,28.12949700091849,35.54987136696215,1,0.873046875,58.4
bench_detect_20260905_2011,ncnn,320,1,160,28.19286899830331,35.46996228231265,1,0.86767578125,58.95
bench_detect_20260905_2011,ncnn,320,1,161,29.497098999854643,33.90163893760969,1,0.85400390625,58.95
bench_detect_20260905_2011,ncnn,320,1,162,28.340905999357346,35.284687088785226,1,0.83740234375,58.95
bench_detect_20260905_2011,ncnn,320,1,163,28.041533998475643,35.66138714288458,1,0.85205078125,58.95
bench_detect_20260905_2011,ncnn,320,1,164,28.479276999860303,35.113250944007646,1,0.86181640625,58.4
bench_detect_20260905_2011,ncnn,320,1,165,28.375221001624595,35.24201626280711,1,0.869140625,58.4
bench_detect_20260905_2011,ncnn,320,1,166,28.436574000807013,35.16598026089994,2,0.84814453125,58.4
bench_detect_20260905_2011,ncnn,320,1,167,28.16866400098661,35.50044119823982,1,0.8447265625,57.3
bench_detect_20260905_2011,ncnn,320,1,168,28.21344299809425,35.44409663391836,1,0.892578125,57.3
bench_detect_20260905_2011,ncnn,320,1,169,28.261832001589937,35.38341038697501,1,0.8671875,58.95
bench_detect_20260905_2011,ncnn,320,1,170,28.43211099752807,35.1715002831461,3,0.86279296875,57.85
bench_detect_20260905_2011,ncnn,320,1,171,28.189664000819903,35.47399500650007,1,0.8525390625,58.4
bench_detect_20260905_2011,ncnn,320,1,172,28.33540600113338,35.29153596599256,1,0.86328125,58.4
bench_detect_20260905_2011,ncnn,320,1,173,28.33742399889161,35.28902274388505,1,0.8505859375,58.4
bench_detect_20260905_2011,ncnn,320,1,174,28.249867998965783,35.39839549114387,1,0.8857421875,57.85
bench_detect_20260905_2011,ncnn,320,1,175,28.213072000653483,35.44456271819097,1,0.85205078125,57.85
bench_detect_20260905_2011,ncnn,320,1,176,28.362239001580747,35.25814728323338,1,0.8603515625,58.95
bench_detect_20260905_2011,ncnn,320,1,177,28.1348499993328,35.54310757028078,1,0.8759765625,58.4
bench_detect_20260905_2011,ncnn,320,1,178,28.292127997701755,35.34552084881111,1,0.85107421875,58.4
bench_detect_20260905_2011,ncnn,320,1,179,28.287572000408545,35.35121359958209,1,0.87060546875,58.4
bench_detect_20260905_2011,ncnn,320,1,180,28.2176829969103,35.43877079168744,1,0.853515625,57.85
bench_detect_20260905_2011,ncnn,320,1,181,28.345481001451844,35.27899208867828,2,0.845703125,58.95
bench_detect_20260905_2011,ncnn,320,1,182,28.316498999629403,35.31510021818332,2,0.8427734375,58.95
bench_detect_20260905_2011,ncnn,320,1,183,28.500925000116695,35.08658052312006,5,0.85498046875,58.4
bench_detect_20260905_2011,ncnn,320,1,184,28.293017003306886,35.34441024381105,1,0.8583984375,58.4
bench_detect_20260905_2011,ncnn,320,1,185,28.27444299691706,35.36762864290682,1,0.85888671875,58.4
bench_detect_20260905_2011,ncnn,320,1,186,28.310720997978933,35.32230776006689,1,0.83984375,58.95
bench_detect_20260905_2011,ncnn,320,1,187,29.597562999697402,33.786565468590226,1,0.84912109375,58.4
bench_detect_20260905_2011,ncnn,320,1,188,28.41011000055005,35.19873735021226,2,0.84326171875,57.3
bench_detect_20260905_2011,ncnn,320,1,189,28.28314599901205,35.35674567584988,2,0.83251953125,58.4
bench_detect_20260905_2011,ncnn,320,1,190,28.57583300283295,34.99460540313425,1,0.8505859375,58.95
bench_detect_20260905_2011,ncnn,320,1,191,28.252238997083623,35.395424769811214,1,0.8408203125,58.4
bench_detect_20260905_2011,ncnn,320,1,192,28.463981001550565,35.13212013265205,1,0.86181640625,57.85
bench_detect_20260905_2011,ncnn,320,1,193,28.225645997736137,35.42877282880278,1,0.837890625,58.95
bench_detect_20260905_2011,ncnn,320,1,194,28.281627997785108,35.35864343022671,1,0.83935546875,57.85
bench_detect_20260905_2011,ncnn,320,1,195,28.394184999342542,35.21847871397452,1,0.85205078125,58.4
bench_detect_20260905_2011,ncnn,320,1,196,29.29983799913316,34.12988153823871,1,0.8671875,58.4
bench_detect_20260905_2011,ncnn,320,1,197,28.23979399909149,35.41102318353212,1,0.873046875,58.4
bench_detect_20260905_2011,ncnn,320,1,198,28.383054999721935,35.23228912496547,3,0.8203125,57.3
bench_detect_20260905_2011,ncnn,320,1,199,28.424758002074668,35.180598544656455,1,0.85546875,58.4
bench_detect_20260905_2011,ncnn,320,1,200,28.27770200019586,35.36355252605299,2,0.857421875,58.95
bench_detect_20260905_2011,ncnn,320,1,201,28.27848000015365,35.36257960097454,1,0.8525390625,57.85
bench_detect_20260905_2011,ncnn,320,1,202,28.393423999659717,35.21942263856534,1,0.82958984375,58.4
bench_detect_20260905_2011,ncnn,320,1,203,28.175793999253074,35.49145766846924,1,0.88330078125,58.4
bench_detect_20260905_2011,ncnn,320,1,204,28.32949900039239,35.298894625215546,1,0.8720703125,58.4
bench_detect_20260905_2011,ncnn,320,1,205,28.238165003131144,35.413065965480286,1,0.8583984375,58.4
bench_detect_20260905_2011,ncnn,320,1,206,28.395536002790323,35.21680308840565,2,0.87353515625,58.4
bench_detect_20260905_2011,ncnn,320,1,207,28.318609998677857,35.312467668670465,2,0.8720703125,57.85
bench_detect_20260905_2011,ncnn,320,1,208,28.360072999930708,35.2608401255682,2,0.84765625,58.4
bench_detect_20260905_2011,ncnn,320,1,209,28.270220002013957,35.37291184606135,1,0.8427734375,58.95
bench_detect_20260905_2011,ncnn,320,1,210,28.27253600116819,35.37001420596585,1,0.8271484375,58.4
bench_detect_20260905_2011,ncnn,320,1,211,28.26957199795288,35.373722675122714,1,0.8857421875,57.85
bench_detect_20260905_2011,ncnn,320,1,212,28.24008999959915,35.41065202037934,1,0.84765625,57.85
bench_detect_20260905_2011,ncnn,320,1,213,28.214758000103757,35.442444694947326,2,0.85546875,58.95
bench_detect_20260905_2011,ncnn,320,1,214,28.30390600138344,35.33081264300136,2,0.88818359375,56.2
bench_detect_20260905_2011,ncnn,320,1,215,28.179460001410916,35.48684041319213,1,0.8525390625,57.85
bench_detect_20260905_2011,ncnn,320,1,216,28.348758001811802,35.274913981631535,1,0.85693359375,58.95
bench_detect_20260905_2011,ncnn,320,1,217,28.263052998227067,35.38188178264852,1,0.83251953125,58.4
bench_detect_20260905_2011,ncnn,320,1,218,28.4327219997067,35.17074446865536,1,0.84765625,57.85
bench_detect_20260905_2011,ncnn,320,1,219,28.240293999260757,35.410396224139056,1,0.81640625,57.85
bench_detect_20260905_2011,ncnn,320,1,220,28.262627998628886,35.38241383810852,1,0.84326171875,58.4
bench_detect_20260905_2011,ncnn,320,1,221,28.275720000237925,35.366031350981885,1,0.84326171875,58.4
bench_detect_20260905_2011,ncnn,320,1,222,29.840175000572344,33.51186780844347,1,0.869140625,56.75
bench_detect_20260905_2011,ncnn,320,1,223,28.36112899967702,35.25952722162041,1,0.86767578125,58.4
bench_detect_20260905_2011,ncnn,320,1,224,28.407276997313602,35.2022476527605,2,0.8583984375,58.95
bench_detect_20260905_2011,ncnn,320,1,225,28.270293998502893,35.37281925872284,1,0.85205078125,57.85
bench_detect_20260905_2011,ncnn,320,1,226,28.46670299913967,35.128760785196036,1,0.83935546875,58.95
bench_detect_20260905_2011,ncnn,320,1,227,28.48405600161641,35.10735970829618,5,0.8310546875,57.3
bench_detect_20260905_2011,ncnn,320,1,228,28.44188800008851,35.15940995186002,4,0.87890625,58.4
bench_detect_20260905_2011,ncnn,320,1,229,28.25301600023522,35.39445133898889,1,0.8671875,58.4
bench_detect_20260905_2011,ncnn,320,1,230,28.26270200239378,35.38232119191231,1,0.845703125,58.4
bench_detect_20260905_2011,ncnn,320,1,231,28.990466002142057,34.49409885050181,1,0.84326171875,58.4
bench_detect_20260905_2011,ncnn,320,1,232,28.267054000025382,35.37687372724098,1,0.8603515625,58.4
bench_detect_20260905_2011,ncnn,320,1,233,28.18301599836559,35.482362854919174,1,0.85205078125,57.3
bench_detect_20260905_2011,ncnn,320,1,234,28.140923001046758,35.53543712701971,1,0.85888671875,57.85
bench_detect_20260905_2011,ncnn,320,1,235,28.23825699670124,35.41295059807759,1,0.85693359375,57.85
bench_detect_20260905_2011,ncnn,320,1,236,28.260423998290207,35.385173274841925,1,0.85546875,57.3
bench_detect_20260905_2011,ncnn,320,1,237,28.302386999712326,35.33270886339602,1,0.84716796875,57.3
bench_detect_20260905_2011,ncnn,320,1,238,28.512185002909973,35.072724166805855,5,0.8408203125,58.4
bench_detect_20260905_2011,ncnn,320,1,239,28.211738001118647,35.446238723766264,1,0.8310546875,57.85
bench_detect_20260905_2011,ncnn,320,1,240,28.320776000327896,35.30976693535594,2,0.853515625,58.4
bench_detect_20260905_2011,ncnn,320,1,241,28.173108999908436,35.49484013295267,1,0.86328125,57.3
bench_detect_20260905_2011,ncnn,320,1,242,28.23559099851991,35.41629428094561,1,0.87841796875,57.85
bench_detect_20260905_2011,ncnn,320,1,243,28.294257001107326,35.34286127254955,2,0.845703125,57.3
bench_detect_20260905_2011,ncnn,320,1,244,28.265127999475226,35.37928432585078,1,0.84912109375,58.4
bench_detect_20260905_2011,ncnn,320,1,245,28.156459997262573,35.51582834266886,1,0.82568359375,58.4
bench_detect_20260905_2011,ncnn,320,1,246,28.368814000714337,35.249975553254345,1,0.8505859375,58.4
bench_detect_20260905_2011,ncnn,320,1,247,28.32016599859344,35.310527489481046,1,0.84423828125,56.75
bench_detect_20260905_2011,ncnn,320,1,248,28.247554000699893,35.401295275874965,1,0.857421875,58.4
bench_detect_20260905_2011,ncnn,320,1,249,28.16823900138843,35.500976825378025,1,0.84228515625,57.85
bench_detect_20260905_2011,ncnn,320,1,250,28.271645998756867,35.37112766776901,1,0.857421875,57.3
bench_detect_20260905_2011,ncnn,320,1,251,28.20825700109708,35.4506129166757,1,0.88330078125,58.95
bench_detect_20260905_2011,ncnn,320,1,252,28.252460997464368,35.39514664190666,1,0.8603515625,56.75
bench_detect_20260905_2011,ncnn,320,1,253,28.29468400159385,35.34232790667214,2,0.87890625,58.4
bench_detect_20260905_2011,ncnn,320,1,254,28.489870001067175,35.10019526107146,2,0.84130859375,58.4
bench_detect_20260905_2011,ncnn,320,1,255,28.20873800010304,35.45000843342751,1,0.845703125,57.85
bench_detect_20260905_2011,ncnn,320,1,256,28.234942998096813,35.4171070955378,1,0.83740234375,58.4
bench_detect_20260905_2011,ncnn,320,1,257,28.162794002128066,35.50784059012174,1,0.8291015625,57.3
bench_detect_20260905_2011,ncnn,320,1,258,29.648932999407407,33.72802657080398,1,0.8271484375,57.85
bench_detect_20260905_2011,ncnn,320,1,259,28.402666001056787,35.20796251882808,1,0.86572265625,58.4
bench_detect_20260905_2011,ncnn,320,1,260,28.279146998102078,35.36174553168502,1,0.85693359375,58.4
bench_detect_20260905_2011,ncnn,320,1,261,28.215405000082683,35.44163197363531,1,0.85205078125,58.4
bench_detect_20260905_2011,ncnn,320,1,262,28.316591000475455,35.314985479121034,1,0.85498046875,58.4
bench_detect_20260905_2011,ncnn,320,1,263,28.251219999219757,35.39670145316266,1,0.85595703125,57.85
bench_detect_20260905_2011,ncnn,320,1,264,28.312240003288025,35.32041265134322,1,0.87841796875,58.4
bench_detect_20260905_2011,ncnn,320,1,265,28.190441997139715,35.47301599958819,1,0.85888671875,57.85
bench_detect_20260905_2011,ncnn,320,1,266,29.03950300242286,34.43585105146485,1,0.857421875,56.2
bench_detect_20260905_2011,ncnn,320,1,267,28.308239998295903,35.325403488885144,1,0.8642578125,57.3
bench_detect_20260905_2011,ncnn,320,1,268,29.312356000446016,34.11530618640085,1,0.85986328125,57.3
bench_detect_20260905_2011,ncnn,320,1,269,28.269737998925848,35.37351495928249,1,0.85888671875,57.3
bench_detect_20260905_2011,ncnn,320,1,270,28.351073000521865,35.27203361867795,2,0.84228515625,57.85
bench_detect_20260905_2011,ncnn,320,1,271,28.272442003071774,35.370131801538435,1,0.8359375,57.85
bench_detect_20260905_2011,ncnn,320,1,272,28.246090001630364,35.403130130304056,1,0.849609375,57.3
bench_detect_20260905_2011,ncnn,320,1,273,28.414053998858435,35.19385160738331,2,0.81591796875,57.85
bench_detect_20260905_2011,ncnn,320,1,274,28.30931300195516,35.324064555396866,1,0.84765625,57.3
bench_detect_20260905_2011,ncnn,320,1,275,28.160311998362886,35.510970193019716,1,0.82958984375,57.3
bench_detect_20260905_2011,ncnn,320,1,276,28.234109002369223,35.418153266890286,1,0.84912109375,58.4
bench_detect_20260905_2011,ncnn,320,1,277,28.189608001412125,35.47406547653682,1,0.85546875,57.85
bench_detect_20260905_2011,ncnn,320,1,278,28.29688699785038,35.33957640202495,1,0.8603515625,57.85
bench_detect_20260905_2011,ncnn,320,1,279,28.281609000259778,35.35866718158838,1,0.86767578125,56.75
bench_detect_20260905_2011,ncnn,320,1,280,28.21310899889795,35.44451623672746,1,0.8720703125,57.85
bench_detect_20260905_2011,ncnn,320,1,281,28.16536699901917,35.50459683464533,1,0.83251953125,56.75
bench_detect_20260905_2011,ncnn,320,1,282,28.272015999391442,35.37066475986449,1,0.857421875,57.85
bench_detect_20260905_2011,ncnn,320,1,283,28.230961001099786,35.42210270351914,2,0.8759765625,57.3
bench_detect_20260905_2011,ncnn,320,1,284,28.287553999689408,35.351236095244566,1,0.82958984375,56.2
bench_detect_20260905_2011,ncnn,320,1,285,28.196498002216686,35.465397153979346,1,0.84326171875,56.2
bench_detect_20260905_2011,ncnn,320,1,286,28.26799800095614,35.37569232763409,1,0.82958984375,57.85
bench_detect_20260905_2011,ncnn,320,1,287,28.303054001298733,35.33187619802843,2,0.8642578125,58.4
bench_detect_20260905_2011,ncnn,320,1,288,28.24135000264505,35.40907215506133,2,0.87353515625,57.3
bench_detect_20260905_2011,ncnn,320,1,289,28.325053997832583,35.304434020726646,1,0.8720703125,56.75
bench_detect_20260905_2011,ncnn,320,1,290,28.200553002534434,35.46029753069482,1,0.861328125,57.85
bench_detect_20260905_2011,ncnn,320,1,291,28.041145000315737,35.661881852140496,1,0.8642578125,57.3
bench_detect_20260905_2011,ncnn,320,1,292,28.24194200002239,35.40832992289295,1,0.8759765625,57.85
bench_detect_20260905_2011,ncnn,320,1,293,29.633969999849796,33.7450567711673,3,0.84765625,56.75
bench_detect_20260905_2011,ncnn,320,1,294,28.36440600003698,35.25545361319029,1,0.8662109375,56.2
bench_detect_20260905_2011,ncnn,320,1,295,28.443222003261326,35.157760955680025,1,0.8330078125,57.3
bench_detect_20260905_2011,ncnn,320,1,296,28.313388000242412,35.31898054699205,1,0.87353515625,57.3
bench_detect_20260905_2011,ncnn,320,1,297,28.27405300195096,35.36811648230971,1,0.8203125,56.2
bench_detect_20260905_2011,ncnn,320,1,298,28.3548690022144,35.26731158313248,1,0.833984375,58.4
bench_detect_20260905_2011,ncnn,320,1,299,27.9896629981522,35.72747553502224,1,0.85546875,57.85
bench_detect_20260905_2011,ncnn,320,1,300,28.22716399896308,35.426867539251724,1,0.86865234375,58.4
bench_detect_20260905_2011,ncnn,320,1,301,28.9677609980572,34.5211354121248,2,0.8388671875,57.3
bench_detect_20260905_2011,ncnn,320,1,302,28.275739001401234,35.366007585175545,1,0.83984375,57.85
bench_detect_20260905_2011,ncnn,320,1,303,28.20516400242923,35.454500456507645,1,0.87451171875,57.85
bench_detect_20260905_2011,ncnn,320,1,304,28.318295000644866,35.31286046625434,1,0.86328125,58.4
bench_detect_20260905_2011,ncnn,320,1,305,28.201794000779046,35.45873712758756,1,0.8193359375,57.85
bench_detect_20260905_2011,ncnn,320,1,306,28.2628310014843,35.38215969757178,1,0.8447265625,57.85
bench_detect_20260905_2011,ncnn,320,1,307,28.164553001261083,35.505622970661896,1,0.87890625,57.3
bench_detect_20260905_2011,ncnn,320,1,308,28.391257998009678,35.222109568730744,2,0.85498046875,58.4
bench_detect_20260905_2011,ncnn,320,1,309,28.192626999953063,35.47026674746078,2,0.8330078125,57.85
bench_detect_20260905_2011,ncnn,320,1,310,28.246758000022965,35.40229289319458,1,0.85498046875,58.4
bench_detect_20260905_2011,ncnn,320,1,311,28.192813002533512,35.47003273175104,1,0.8603515625,56.2
bench_detect_20260905_2011,ncnn,320,1,312,28.278183002839796,35.36295100359087,1,0.83251953125,57.3
bench_detect_20260905_2011,ncnn,320,1,313,28.031570996972732,35.67406193923255,1,0.87060546875,57.85
bench_detect_20260905_2011,ncnn,320,1,314,28.37566599919228,35.24146358462442,2,0.875,57.3
bench_detect_20260905_2011,ncnn,320,1,315,28.20486799828359,35.454872544018116,1,0.857421875,58.4
bench_detect_20260905_2011,ncnn,320,1,316,28.274313001020346,35.367791251512024,1,0.87158203125,57.3
bench_detect_20260905_2011,ncnn,320,1,317,28.378869999869494,35.23748479078267,3,0.82373046875,57.3
bench_detect_20260905_2011,ncnn,320,1,318,28.34990600240417,35.273485559888506,1,0.845703125,57.85
bench_detect_20260905_2011,ncnn,320,1,319,28.1444600004761,35.5309712811361,1,0.8310546875,57.85
bench_detect_20260905_2011,ncnn,320,1,320,28.279627997108037,35.36114407524254,1,0.84423828125,57.85
bench_detect_20260905_2011,ncnn,320,1,321,28.25349799968535,35.39384751619558,1,0.837890625,57.85
bench_detect_20260905_2011,ncnn,320,1,322,28.291701997659402,35.346053061167225,1,0.875,57.85
bench_detect_20260905_2011,ncnn,320,1,323,28.266368997719837,35.37773104429037,1,0.8642578125,56.2
bench_detect_20260905_2011,ncnn,320,1,324,28.255904999241466,35.390832465880855,1,0.8798828125,57.85
bench_detect_20260905_2011,ncnn,320,1,325,28.2464420015458,35.402688945576735,1,0.84326171875,57.85
bench_detect_20260905_2011,ncnn,320,1,326,28.377906997775426,35.23868057212221,1,0.833984375,57.85
bench_detect_20260905_2011,ncnn,320,1,327,28.233034998265794,35.41950059784308,2,0.86572265625,57.3
bench_detect_20260905_2011,ncnn,320,1,328,28.890835001220694,34.61305289230125,1,0.83935546875,56.75
bench_detect_20260905_2011,ncnn,320,1,329,29.23604100215016,34.20435755738799,2,0.869140625,56.75
bench_detect_20260905_2011,ncnn,320,1,330,28.54111100168666,35.03717847356763,2,0.8857421875,57.85
bench_detect_20260905_2011,ncnn,320,1,331,28.47359199950006,35.120261610040565,2,0.82958984375,57.85
bench_detect_20260905_2011,ncnn,320,1,332,28.481277000537375,35.11078523554728,2,0.86572265625,57.85
bench_detect_20260905_2011,ncnn,320,1,333,28.32618400134379,35.30302563707699,2,0.84423828125,58.4
bench_detect_20260905_2011,ncnn,320,1,334,28.381979998812312,35.23362358939885,1,0.8505859375,56.75
bench_detect_20260905_2011,ncnn,320,1,335,28.20266400158289,35.457643290147146,1,0.8662109375,57.3
bench_detect_20260905_2011,ncnn,320,1,336,29.07294800024829,34.39623666617709,2,0.84228515625,57.85
bench_detect_20260905_2011,ncnn,320,1,337,28.312534999713534,35.32004463782978,2,0.86328125,57.3
bench_detect_20260905_2011,ncnn,320,1,338,28.327665000688285,35.301179958733016,1,0.85498046875,57.85
bench_detect_20260905_2011,ncnn,320,1,339,28.215460002684267,35.44156288449189,1,0.86181640625,56.75
bench_detect_20260905_2011,ncnn,320,1,340,28.246071997273248,35.40315269664878,2,0.83935546875,57.85
bench_detect_20260905_2011,ncnn,320,1,341,28.17429399874527,35.49334723505528,1,0.87158203125,57.3
bench_detect_20260905_2011,ncnn,320,1,342,28.207218998431927,35.45191747033237,1,0.85498046875,57.3
bench_detect_20260905_2011,ncnn,320,1,343,28.170016001240583,35.4987373793455,1,0.83935546875,57.85
bench_detect_20260905_2011,ncnn,320,1,344,28.258406000531977,35.38770021144061,1,0.85107421875,56.2
bench_detect_20260905_2011,ncnn,320,1,345,28.347258001304,35.276780560363164,1,0.85595703125,57.85
bench_detect_20260905_2011,ncnn,320,1,346,28.45612899909611,35.14181426545277,3,0.8505859375,57.85
bench_detect_20260905_2011,ncnn,320,1,347,28.181978999782586,35.48366848217844,1,0.8427734375,58.4
bench_detect_20260905_2011,ncnn,320,1,348,28.304387000389397,35.33021223834463,1,0.8408203125,57.3
bench_detect_20260905_2011,ncnn,320,1,349,28.240793999430025,35.40976928694649,1,0.8408203125,57.3
bench_detect_20260905_2011,ncnn,320,1,350,28.27110900034313,35.37179952819901,1,0.86328125,57.85
bench_detect_20260905_2011,ncnn,320,1,351,28.273369000089588,35.36897212344349,2,0.85595703125,57.3
bench_detect_20260905_2011,ncnn,320,1,352,28.23818199976813,35.41304465026152,1,0.83642578125,56.75
bench_detect_20260905_2011,ncnn,320,1,353,28.360275999148143,35.260587732997976,3,0.84228515625,57.3
bench_detect_20260905_2011,ncnn,320,1,354,28.314925002632663,35.3170633475816,1,0.873046875,57.3
bench_detect_20260905_2011,ncnn,320,1,355,28.30994300165912,35.323278465851885,1,0.85986328125,57.3
bench_detect_20260905_2011,ncnn,320,1,356,28.22979399934411,35.42356703074893,1,0.83740234375,57.85
bench_detect_20260905_2011,ncnn,320,1,357,28.31188799973461,35.32085179234157,1,0.8388671875,57.3
bench_detect_20260905_2011,ncnn,320,1,358,28.32799800307839,35.30076498492165,1,0.85205078125,57.3
bench_detect_20260905_2011,ncnn,320,1,359,28.2633499991789,35.38150997772917,1,0.85986328125,58.4
bench_detect_20260905_2011,ncnn,320,1,360,28.28420200239634,35.35542561587123,1,0.85888671875,57.85
bench_detect_20260905_2011,ncnn,320,1,361,28.244534998520976,35.405079249927994,2,0.8447265625,57.85
bench_detect_20260905_2011,ncnn,320,1,362,28.411944000254152,35.19646526091473,1,0.84423828125,55.65
bench_detect_20260905_2011,ncnn,320,1,363,28.30048000032548,35.33508972245344,1,0.8232421875,57.85
bench_detect_20260905_2011,ncnn,320,1,364,29.591690999950515,33.79326987436008,3,0.86865234375,57.3
bench_detect_20260905_2011,ncnn,320,1,365,28.264313001272967,35.38030448342976,1,0.875,57.3
bench_detect_20260905_2011,ncnn,320,1,366,28.448203000152716,35.151605182043724,2,0.86328125,57.3
bench_detect_20260905_2011,ncnn,320,1,367,28.312794001976727,35.3197215340239,1,0.8427734375,56.75
bench_detect_20260905_2011,ncnn,320,1,368,28.311016998486593,35.3219384543288,1,0.85888671875,57.3
bench_detect_20260905_2011,ncnn,320,1,369,28.2201090012677,35.43572421903396,2,0.85546875,56.2
bench_detect_20260905_2011,ncnn,320,1,370,28.304887000558665,35.329588137209754,1,0.85498046875,58.4
bench_detect_20260905_2011,ncnn,320,1,371,29.40104200024507,34.01239996839787,3,0.8310546875,57.85
bench_detect_20260905_2011,ncnn,320,1,372,28.42462899934617,35.18075820877037,3,0.84228515625,57.3
bench_detect_20260905_2011,ncnn,320,1,373,28.268035002838587,35.375646022073454,2,0.8603515625,56.75
bench_detect_20260905_2011,ncnn,320,1,374,28.38186899680295,35.2337613887459,1,0.86767578125,57.3
bench_detect_20260905_2011,ncnn,320,1,375,28.21684899754473,35.439818247849516,1,0.8642578125,57.3
bench_detect_20260905_2011,ncnn,320,1,376,28.354794998449506,35.26740362801713,2,0.85107421875,57.3
bench_detect_20260905_2011,ncnn,320,1,377,28.304924002441112,35.329541952267974,1,0.8720703125,57.3
bench_detect_20260905_2011,ncnn,320,1,378,28.297147000557743,35.33925169135566,1,0.8251953125,57.3
bench_detect_20260905_2011,ncnn,320,1,379,28.266943001654,35.37701264482284,1,0.87451171875,57.85
bench_detect_20260905_2011,ncnn,320,1,380,28.180274999613175,35.48581410272706,1,0.853515625,57.3
bench_detect_20260905_2011,ncnn,320,1,381,28.437777000362985,35.16449263904263,1,0.8603515625,56.2
bench_detect_20260905_2011,ncnn,320,1,382,28.330351000477094,35.29783305484495,1,0.86474609375,57.3
bench_detect_20260905_2011,ncnn,320,1,383,28.14570100235869,35.529404647487624,1,0.83203125,57.85
bench_detect_20260905_2011,ncnn,320,1,384,28.183979000459658,35.48115047856411,1,0.861328125,57.85
bench_detect_20260905_2011,ncnn,320,1,385,28.203978999954415,35.45599009280273,1,0.84326171875,57.85
bench_detect_20260905_2011,ncnn,320,1,386,28.222720000485424,35.432445915305124,1,0.84716796875,56.75
bench_detect_20260905_2011,ncnn,320,1,387,28.198404997965554,35.46299870762717,1,0.86328125,57.3
bench_detect_20260905_2011,ncnn,320,1,388,28.34398000049987,35.28086034432582,1,0.84130859375,57.85
bench_detect_20260905_2011,ncnn,320,1,389,28.154422998341033,35.518397946174346,1,0.87744140625,57.3
bench_detect_20260905_2011,ncnn,320,1,390,28.487368999776663,35.10327682447052,2,0.86572265625,57.3
bench_detect_20260905_2011,ncnn,320,1,391,28.22697900046478,35.427099725533296,2,0.83984375,57.3
bench_detect_20260905_2011,ncnn,320,1,392,28.26927599744522,35.37409306451191,2,0.83056640625,57.3
bench_detect_20260905_2011,ncnn,320,1,393,28.290758000366623,35.34723247737091,1,0.84326171875,57.85
bench_detect_20260905_2011,ncnn,320,1,394,28.346388000500156,35.2778632671773,1,0.833984375,56.2
bench_detect_20260905_2011,ncnn,320,1,395,28.377534999890486,35.2391425119856,3,0.85595703125,56.2
bench_detect_20260905_2011,ncnn,320,1,396,28.229348998138448,35.42412544001436,1,0.86865234375,56.75
bench_detect_20260905_2011,ncnn,320,1,397,28.010385001834948,35.701044449567206,1,0.83251953125,56.2
bench_detect_20260905_2011,ncnn,320,1,398,28.18316399861942,35.48217652386318,1,0.8408203125,55.65
bench_detect_20260905_2011,ncnn,320,1,399,29.654210000444436,33.722024629386944,1,0.8583984375,56.2
bench_detect_20260905_2011,ncnn,320,1,400,28.364331999910064,35.2555455916667,1,0.88671875,57.3
bench_detect_20260905_2011,ncnn,320,1,401,28.221923999808496,35.43344528908751,1,0.85400390625,57.85
bench_detect_20260905_2011,ncnn,320,1,402,28.295108997554053,35.34179706063137,1,0.86474609375,55.65
bench_detect_20260905_2011,ncnn,320,1,403,28.300423997279722,35.335159646234324,1,0.833984375,57.3
bench_detect_20260905_2011,ncnn,320,1,404,28.270998001971748,35.371938405933015,1,0.837890625,55.65
bench_detect_20260905_2011,ncnn,320,1,405,28.183775997604243,35.48140604314357,1,0.8447265625,57.3
bench_detect_20260905_2011,ncnn,320,1,406,29.367134000494843,34.05167150404087,2,0.85107421875,57.85
bench_detect_20260905_2011,ncnn,320,1,407,28.389832001266768,35.22387874487526,2,0.87353515625,57.3
bench_detect_20260905_2011,ncnn,320,1,408,28.283387000556104,35.3564444025158,1,0.8828125,56.75
bench_detect_20260905_2011,ncnn,320,1,409,28.188848998979665,35.47502063799045,1,0.857421875,57.85
bench_detect_20260905_2011,ncnn,320,1,410,28.465813997172518,35.12985787440785,1,0.87353515625,57.85
bench_detect_20260905_2011,ncnn,320,1,411,28.14151599886827,35.534688324545684,1,0.84130859375,57.85
bench_detect_20260905_2011,ncnn,320,1,412,28.208534000441432,35.45026480228824,1,0.8603515625,57.3
bench_detect_20260905_2011,ncnn,320,1,413,28.14975599903846,35.52428660604227,1,0.88134765625,57.3
bench_detect_20260905_2011,ncnn,320,1,414,28.293553998082643,35.34373942799009,1,0.8388671875,57.3
bench_detect_20260905_2011,ncnn,320,1,415,28.242313001101138,35.407864786464586,1,0.853515625,57.3
bench_detect_20260905_2011,ncnn,320,1,416,28.21918300105608,35.43688702690562,1,0.84814453125,56.75
bench_detect_20260905_2011,ncnn,320,1,417,28.27716400133795,35.364225349921384,2,0.86279296875,57.3
bench_detect_20260905_2011,ncnn,320,1,418,28.34925800198107,35.27429183261584,1,0.84423828125,57.3
bench_detect_20260905_2011,ncnn,320,1,419,28.196683000714984,35.465164465431734,2,0.83642578125,55.65
bench_detect_20260905_2011,ncnn,320,1,420,28.24164599951473,35.408701037368104,1,0.837890625,56.75
bench_detect_20260905_2011,ncnn,320,1,421,28.196663999551674,35.465188364690945,1,0.86767578125,57.85
bench_detect_20260905_2011,ncnn,320,1,422,28.313645998423453,35.31865871515387,1,0.86474609375,57.3
bench_detect_20260905_2011,ncnn,320,1,423,28.204905000166036,35.454826030937284,1,0.873046875,56.75
bench_detect_20260905_2011,ncnn,320,1,424,28.36390599986771,35.25607509786078,1,0.837890625,57.3
bench_detect_20260905_2011,ncnn,320,1,425,28.308461001870455,35.32512770418448,2,0.8505859375,56.75
bench_detect_20260905_2011,ncnn,320,1,426,28.114292999816826,35.56909647368744,1,0.86181640625,57.3
bench_detect_20260905_2011,ncnn,320,1,427,28.206479000800755,35.45284755220994,1,0.85595703125,56.75
bench_detect_20260905_2011,ncnn,320,1,428,28.275387001485797,35.366447856132,1,0.83447265625,55.65
bench_detect_20260905_2011,ncnn,320,1,429,28.24770100050955,35.40111104907126,2,0.845703125,57.85
bench_detect_20260905_2011,ncnn,320,1,430,28.285219999816036,35.35415315866392,1,0.8291015625,57.3
bench_detect_20260905_2011,ncnn,320,1,431,28.220478998264298,35.435259623392824,1,0.86328125,56.2
bench_detect_20260905_2011,ncnn,320,1,432,28.270683000300778,35.37233253223351,1,0.8603515625,56.75
bench_detect_20260905_2011,ncnn,320,1,433,28.291497997997794,35.346307928649466,1,0.8818359375,57.3
bench_detect_20260905_2011,ncnn,320,1,434,28.417424000508618,35.1896779941103,1,0.86474609375,57.3
bench_detect_20260905_2011,ncnn,320,1,435,29.77350800210843,33.58690551107328,1,0.83935546875,56.75
bench_detect_20260905_2011,ncnn,320,1,436,28.298313001869246,35.33779557579793,1,0.8125,57.3
bench_detect_20260905_2011,ncnn,320,1,437,28.35303599931649,35.26959158885514,2,0.86181640625,57.85
bench_detect_20260905_2011,ncnn,320,1,438,28.317201999016106,35.31422348983298,1,0.82470703125,57.3
bench_detect_20260905_2011,ncnn,320,1,439,28.21094200044172,35.44723887576467,2,0.84326171875,56.75
bench_detect_20260905_2011,ncnn,320,1,440,28.236368001671508,35.415319701910775,1,0.83447265625,56.2
bench_detect_20260905_2011,ncnn,320,1,441,28.419516998837935,35.187086397030946,1,0.8701171875,56.75
bench_detect_20260905_2011,ncnn,320,1,442,29.584266001620563,33.80175123983884,1,0.8701171875,57.3
bench_detect_20260905_2011,ncnn,320,1,443,28.23433099911199,35.417874786246976,1,0.84130859375,57.85
bench_detect_20260905_2011,ncnn,320,1,444,28.561167000589194,35.01257494063078,5,0.86181640625,57.3
bench_detect_20260905_2011,ncnn,320,1,445,28.35221999703208,35.27060667928932,1,0.84912109375,57.85
bench_detect_20260905_2011,ncnn,320,1,446,28.34346099916729,35.28150637741027,2,0.8583984375,57.3
bench_detect_20260905_2011,ncnn,320,1,447,28.23479399739881,35.41729399874946,1,0.87353515625,57.3
bench_detect_20260905_2011,ncnn,320,1,448,28.28201700322097,35.358157089224306,1,0.83203125,56.2
bench_detect_20260905_2011,ncnn,320,1,449,28.38460900238715,35.230360225004326,1,0.86181640625,57.3
bench_detect_20260905_2011,ncnn,320,1,450,28.36988800117979,35.24864109292268,1,0.84326171875,57.3
bench_detect_20260905_2011,ncnn,320,1,451,28.121311999711907,35.560218527864016,1,0.84619140625,57.3
bench_detect_20260905_2011,ncnn,320,1,452,28.25881199896685,35.38719179123879,1,0.8662109375,57.3
bench_detect_20260905_2011,ncnn,320,1,453,28.216311999130994,35.44049272033843,1,0.84716796875,56.75
bench_detect_20260905_2011,ncnn,320,1,454,28.35314600088168,35.269454753589024,1,0.84765625,57.3
bench_detect_20260905_2011,ncnn,320,1,455,28.24977599811973,35.39851077284856,1,0.88427734375,57.85
bench_detect_20260905_2011,ncnn,320,1,456,28.263109001272824,35.38181167383125,1,0.8525390625,57.3
bench_detect_20260905_2011,ncnn,320,1,457,28.090496998629533,35.59922774056962,1,0.86572265625,57.3
bench_detect_20260905_2011,ncnn,320,1,458,28.135812000982696,35.54189230312859,1,0.8701171875,57.3
bench_detect_20260905_2011,ncnn,320,1,459,28.346368002530653,35.27788815522059,1,0.873046875,57.85
bench_detect_20260905_2011,ncnn,320,1,460,28.249961000256008,35.3982789565953,1,0.88720703125,57.3
bench_detect_20260905_2011,ncnn,320,1,461,28.291017002629815,35.34690887595325,1,0.8427734375,57.3
bench_detect_20260905_2011,ncnn,320,1,462,28.407868998328922,35.20151406143222,1,0.8583984375,57.3
bench_detect_20260905_2011,ncnn,320,1,463,28.328017000603722,35.30074131128516,4,0.83251953125,57.3
bench_detect_20260905_2011,ncnn,320,1,464,28.25384999960079,35.3934065627916,1,0.86767578125,57.3
bench_detect_20260905_2011,ncnn,320,1,465,28.217238002980594,35.43932967125875,2,0.83251953125,56.2
bench_detect_20260905_2011,ncnn,320,1,466,28.2519050015253,35.39584321644897,1,0.876953125,57.3
bench_detect_20260905_2011,ncnn,320,1,467,28.004515002976405,35.70852771039659,1,0.82568359375,56.2
bench_detect_20260905_2011,ncnn,320,1,468,28.12916300172219,35.55029347793874,1,0.890625,56.75
bench_detect_20260905_2011,ncnn,320,1,469,28.322997997747734,35.306996811549425,1,0.82958984375,57.3
bench_detect_20260905_2011,ncnn,320,1,470,29.721193001023494,33.6460249077338,1,0.85546875,56.2
bench_detect_20260905_2011,ncnn,320,1,471,28.35862800202449,35.262636821802914,1,0.8505859375,57.85
bench_detect_20260905_2011,ncnn,320,1,472,28.406813002220588,35.202822644054756,1,0.85595703125,57.3
bench_detect_20260905_2011,ncnn,320,1,473,28.302386999712326,35.33270886339602,3,0.87451171875,57.3
bench_detect_20260905_2011,ncnn,320,1,474,28.34598000117694,35.27837104091936,1,0.8447265625,57.3
bench_detect_20260905_2011,ncnn,320,1,475,28.19621900198399,35.4657480823807,1,0.84765625,57.3
bench_detect_20260905_2011,ncnn,320,1,476,28.399812999850838,35.21149945618488,1,0.85498046875,57.3
bench_detect_20260905_2011,ncnn,320,1,477,29.171076999773504,34.28053067796449,1,0.83935546875,57.3
bench_detect_20260905_2011,ncnn,320,1,478,28.316238000115845,35.31542572837214,2,0.8525390625,56.75
bench_detect_20260905_2011,ncnn,320,1,479,29.20561499922769,34.23999118068371,1,0.82666015625,56.75
bench_detect_20260905_2011,ncnn,320,1,480,28.297109001869103,35.33929914656466,1,0.83544921875,56.75
bench_detect_20260905_2011,ncnn,320,1,481,28.39651699832757,35.21558647699278,3,0.8310546875,56.75
bench_detect_20260905_2011,ncnn,320,1,482,28.26642299987725,35.37766345619121,1,0.83251953125,57.3
bench_detect_20260905_2011,ncnn,320,1,483,28.381683998304652,35.23399105069783,1,0.87890625,56.75
bench_detect_20260905_2011,ncnn,320,1,484,28.407201996742515,35.20234059358155,3,0.8505859375,57.3
bench_detect_20260905_2011,ncnn,320,1,485,28.39477599991369,35.217745686848865,1,0.87060546875,56.75
bench_detect_20260905_2011,ncnn,320,1,486,28.377146998536773,35.23962433755457,2,0.8818359375,57.3
bench_detect_20260905_2011,ncnn,320,1,487,28.252497999346815,35.395100285402,2,0.87060546875,57.3
bench_detect_20260905_2011,ncnn,320,1,488,28.258424001251115,35.38767766934653,1,0.8291015625,57.85
bench_detect_20260905_2011,ncnn,320,1,489,28.27794200129574,35.36325238782152,3,0.853515625,57.3
bench_detect_20260905_2011,ncnn,320,1,490,28.23508999790647,35.41692270412973,1,0.853515625,57.3
bench_detect_20260905_2011,ncnn,320,1,491,28.345128001092235,35.279431440968146,2,0.857421875,56.2
bench_detect_20260905_2011,ncnn,320,1,492,28.309424000326544,35.323926053333516,1,0.84765625,56.75
bench_detect_20260905_2011,ncnn,320,1,493,28.181385998323094,35.48441514052943,1,0.857421875,57.3
bench_detect_20260905_2011,ncnn,320,1,494,28.260887000215007,35.38459355477385,1,0.8662109375,57.3
bench_detect_20260905_2011,ncnn,320,1,495,28.150460002507316,35.523398193526205,1,0.8525390625,56.75
bench_detect_20260905_2011,ncnn,320,1,496,28.22201600065455,35.43332977972967,1,0.8408203125,57.3
bench_detect_20260905_2011,ncnn,320,1,497,28.17210799912573,35.496101322309045,1,0.86181640625,56.75
bench_detect_20260905_2011,ncnn,320,1,498,28.44985100091435,35.14956897200836,2,0.86181640625,57.3
bench_detect_20260905_2011,ncnn,320,1,499,28.26507200006745,35.3793544200989,1,0.86474609375,56.75
bench_detect_20260905_2011,ncnn,320,2,0,18.801195998094045,53.1881056982425,1,0.85498046875,56.75
bench_detect_20260905_2011,ncnn,320,2,1,18.773694999254076,53.26601929133995,3,0.857421875,56.2
bench_detect_20260905_2011,ncnn,320,2,2,18.60815700274543,53.73987331751667,1,0.876953125,57.3
bench_detect_20260905_2011,ncnn,320,2,3,18.530434997956036,53.965273891859695,1,0.85107421875,57.3
bench_detect_20260905_2011,ncnn,320,2,4,18.69254700068268,53.49725748788961,1,0.85693359375,58.4
bench_detect_20260905_2011,ncnn,320,2,5,18.698435997066554,53.48040874417956,1,0.88330078125,57.85
bench_detect_20260905_2011,ncnn,320,2,6,18.862880999222398,53.01417106120873,1,0.83642578125,57.3
bench_detect_20260905_2011,ncnn,320,2,7,19.805072002782254,50.49211635582633,1,0.84765625,57.3
bench_detect_20260905_2011,ncnn,320,2,8,18.691714001761284,53.49964160085972,1,0.88818359375,56.2
bench_detect_20260905_2011,ncnn,320,2,9,18.790307000017492,53.21892824843517,3,0.85498046875,58.4
bench_detect_20260905_2011,ncnn,320,2,10,18.729528001131257,53.39162844571419,2,0.85693359375,57.85
bench_detect_20260905_2011,ncnn,320,2,11,18.53489800123498,53.952279636681574,1,0.86279296875,57.85
bench_detect_20260905_2011,ncnn,320,2,12,18.778713998472085,53.251782847396484,1,0.8408203125,57.85
bench_detect_20260905_2011,ncnn,320,2,13,18.701787001191406,53.47082607326747,2,0.8310546875,57.3
bench_detect_20260905_2011,ncnn,320,2,14,18.69641700250213,53.486184003393305,2,0.8642578125,57.85
bench_detect_20260905_2011,ncnn,320,2,15,18.624675998580642,53.69220920010681,2,0.869140625,58.4
bench_detect_20260905_2011,ncnn,320,2,16,18.703361998632317,53.46632333123451,2,0.8447265625,58.4
bench_detect_20260905_2011,ncnn,320,2,17,18.59815699936007,53.768768595426316,1,0.818359375,57.85
bench_detect_20260905_2011,ncnn,320,2,18,18.724751000263495,53.405249553701836,3,0.83642578125,58.4
bench_detect_20260905_2011,ncnn,320,2,19,18.639288002304966,53.650117959244916,2,0.89208984375,57.85
bench_detect_20260905_2011,ncnn,320,2,20,18.657527998584555,53.59766846261008,1,0.87744140625,58.4
bench_detect_20260905_2011,ncnn,320,2,21,18.57326900062617,53.84081821925298,1,0.84228515625,58.4
bench_detect_20260905_2011,ncnn,320,2,22,18.71065799787175,53.44547477238616,1,0.8759765625,58.4
bench_detect_20260905_2011,ncnn,320,2,23,18.53765700070653,53.94424980254445,1,0.86865234375,58.95
bench_detect_20260905_2011,ncnn,320,2,24,18.601491003209958,53.75913144959377,1,0.79248046875,57.85
bench_detect_20260905_2011,ncnn,320,2,25,18.592787000670796,53.78429817777839,1,0.84765625,58.4
bench_detect_20260905_2011,ncnn,320,2,26,18.69002799867303,53.504467733863144,2,0.8525390625,57.85
bench_detect_20260905_2011,ncnn,320,2,27,18.64125000065542,53.644471264793964,3,0.85595703125,58.4
bench_detect_20260905_2011,ncnn,320,2,28,18.6800650008081,53.533004299328724,2,0.85546875,56.75
bench_detect_20260905_2011,ncnn,320,2,29,18.622916999447625,53.69728061558031,1,0.84765625,58.4
bench_detect_20260905_2011,ncnn,320,2,30,18.75121400007629,53.329880401126644,3,0.82958984375,57.85
bench_detect_20260905_2011,ncnn,320,2,31,18.51597099812352,54.00742959153175,1,0.83056640625,58.4
bench_detect_20260905_2011,ncnn,320,2,32,18.689527998503763,53.50589913667469,1,0.85400390625,57.85
bench_detect_20260905_2011,ncnn,320,2,33,18.60680599929765,53.74377526361843,1,0.853515625,58.4
bench_detect_20260905_2011,ncnn,320,2,34,18.66213899847935,53.584425669612855,1,0.8720703125,58.4
bench_detect_20260905_2011,ncnn,320,2,35,18.64423199731391,53.63589125816879,1,0.85107421875,57.85
bench_detect_20260905_2011,ncnn,320,2,36,18.646268999873428,53.630031831396835,1,0.83935546875,58.4
bench_detect_20260905_2011,ncnn,320,2,37,18.587971997476416,53.79823038983297,1,0.8603515625,57.3
bench_detect_20260905_2011,ncnn,320,2,38,18.647416996827815,53.62673018842845,1,0.8525390625,58.4
bench_detect_20260905_2011,ncnn,320,2,39,18.544472000940004,53.924425561930846,1,0.8662109375,58.4
bench_detect_20260905_2011,ncnn,320,2,40,18.622841998876538,53.69749687294383,1,0.8310546875,58.4
bench_detect_20260905_2011,ncnn,320,2,41,18.70204700026079,53.47008271266004,1,0.85498046875,58.4
bench_detect_20260905_2011,ncnn,320,2,42,18.707120998442406,53.45557983418518,3,0.86865234375,57.85
bench_detect_20260905_2011,ncnn,320,2,43,18.517748998419847,54.002244013855666,1,0.8525390625,58.4
bench_detect_20260905_2011,ncnn,320,2,44,18.644583000423154,53.63488150833431,1,0.83203125,58.4
bench_detect_20260905_2011,ncnn,320,2,45,18.59267500185524,53.78462216438552,1,0.85205078125,58.4
bench_detect_20260905_2011,ncnn,320,2,46,18.60723099889583,53.74254772563101,1,0.84912109375,58.95
bench_detect_20260905_2011,ncnn,320,2,47,18.663825001567602,53.5795851019825,3,0.8525390625,57.85
bench_detect_20260905_2011,ncnn,320,2,48,18.620083999849157,53.70545052364431,1,0.86474609375,58.95
bench_detect_20260905_2011,ncnn,320,2,49,18.60369499991066,53.752762556298755,1,0.83447265625,57.85
bench_detect_20260905_2011,ncnn,320,2,50,18.649102999916067,53.62188197494006,1,0.8720703125,57.85
bench_detect_20260905_2011,ncnn,320,2,51,21.043581000412814,47.520429150361004,2,0.86767578125,58.4
bench_detect_20260905_2011,ncnn,320,2,52,18.724176999967312,53.40688672200363,1,0.85205078125,58.4
bench_detect_20260905_2011,ncnn,320,2,53,18.773843999952078,53.265596539661914,1,0.86572265625,58.4
bench_detect_20260905_2011,ncnn,320,2,54,18.82839999962016,53.11125746320313,1,0.857421875,58.4
bench_detect_20260905_2011,ncnn,320,2,55,18.58132300185389,53.817481128777985,1,0.88427734375,57.3
bench_detect_20260905_2011,ncnn,320,2,56,18.656268999620806,53.60128544567648,1,0.8720703125,57.85
bench_detect_20260905_2011,ncnn,320,2,57,18.58100900062709,53.81839059258036,1,0.849609375,58.4
bench_detect_20260905_2011,ncnn,320,2,58,18.6011010009679,53.76025859694893,1,0.86328125,57.3
bench_detect_20260905_2011,ncnn,320,2,59,18.7868620014342,53.228687149757064,2,0.857421875,58.4
bench_detect_20260905_2011,ncnn,320,2,60,19.574070996895898,51.087992894200816,1,0.8671875,58.95
bench_detect_20260905_2011,ncnn,320,2,61,18.625509001140017,53.689807883306315,1,0.86572265625,57.3
bench_detect_20260905_2011,ncnn,320,2,62,18.75695499984431,53.31355755815911,3,0.8896484375,57.85
bench_detect_20260905_2011,ncnn,320,2,63,18.63749099720735,53.655290840909885,1,0.81396484375,58.4
bench_detect_20260905_2011,ncnn,320,2,64,18.656268999620806,53.60128544567648,1,0.85205078125,58.4
bench_detect_20260905_2011,ncnn,320,2,65,18.665638999664225,53.57437803324006,1,0.83203125,57.3
bench_detect_20260905_2011,ncnn,320,2,66,18.659139997907914,53.59303805599407,1,0.857421875,58.95
bench_detect_20260905_2011,ncnn,320,2,67,18.57165700130281,53.84549154283054,1,0.86181640625,57.85
bench_detect_20260905_2011,ncnn,320,2,68,18.624601998453727,53.69242253246664,1,0.83447265625,58.4
bench_detect_20260905_2011,ncnn,320,2,69,18.569063999166247,53.85301057958011,1,0.86328125,58.4
bench_detect_20260905_2011,ncnn,320,2,70,18.618972000695067,53.70865802702045,1,0.85595703125,58.95
bench_detect_20260905_2011,ncnn,320,2,71,18.634379001014167,53.664251432557826,2,0.8447265625,58.95
bench_detect_20260905_2011,ncnn,320,2,72,18.57367499906104,53.839641323031294,1,0.85546875,57.3
bench_detect_20260905_2011,ncnn,320,2,73,18.619305999891367,53.707694583559366,1,0.86181640625,58.4
bench_detect_20260905_2011,ncnn,320,2,74,18.66056500148261,53.58894545371743,1,0.86572265625,58.95
bench_detect_20260905_2011,ncnn,320,2,75,18.635046002600575,53.662330635537316,1,0.8271484375,57.85
bench_detect_20260905_2011,ncnn,320,2,76,18.671157999051502,53.55854200638226,1,0.84423828125,58.95
bench_detect_20260905_2011,ncnn,320,2,77,18.61595399896032,53.71736522639929,1,0.84912109375,57.3
bench_detect_20260905_2011,ncnn,320,2,78,18.727270002273144,53.39806602236303,1,0.8310546875,58.4
bench_detect_20260905_2011,ncnn,320,2,79,18.536193998443196,53.94850744893948,1,0.87890625,58.4
bench_detect_20260905_2011,ncnn,320,2,80,18.665362000319874,53.57517309242986,1,0.8603515625,58.95
bench_detect_20260905_2011,ncnn,320,2,81,18.681231998925796,53.52966014540699,2,0.84619140625,57.85
bench_detect_20260905_2011,ncnn,320,2,82,18.663325001398334,53.58102052689303,1,0.85498046875,58.95
bench_detect_20260905_2011,ncnn,320,2,83,18.66606599651277,53.5731524889509,2,0.85888671875,58.4
bench_detect_20260905_2011,ncnn,320,2,84,18.62202800111845,53.69984407390749,1,0.8427734375,58.4
bench_detect_20260905_2011,ncnn,320,2,85,18.639601999893785,53.649214184170795,2,0.83740234375,57.85
bench_detect_20260905_2011,ncnn,320,2,86,18.623027001012815,53.69696343916673,1,0.86572265625,58.4
bench_detect_20260905_2011,ncnn,320,2,87,18.61547199951019,53.71875609849226,1,0.83251953125,58.95
bench_detect_20260905_2011,ncnn,320,2,88,18.651305999810575,53.615548423802394,2,0.84716796875,57.3
bench_detect_20260905_2011,ncnn,320,2,89,18.735305999143748,53.37516238302714,3,0.85693359375,58.95
bench_detect_20260905_2011,ncnn,320,2,90,18.726509999396512,53.400233147138806,2,0.8798828125,58.4
bench_detect_20260905_2011,ncnn,320,2,91,18.66804599922034,53.56747032023407,3,0.8408203125,58.95
bench_detect_20260905_2011,ncnn,320,2,92,18.656880001799436,53.599530034150995,1,0.83984375,57.85
bench_detect_20260905_2011,ncnn,320,2,93,18.678065000131028,53.53873648008961,2,0.8505859375,58.4
bench_detect_20260905_2011,ncnn,320,2,94,18.618860998685705,53.708978227539774,1,0.87158203125,57.85
bench_detect_20260905_2011,ncnn,320,2,95,18.657231998076895,53.598518799738116,1,0.87060546875,58.95
bench_detect_20260905_2011,ncnn,320,2,96,18.69065799837699,53.50266427681868,1,0.85107421875,58.95
bench_detect_20260905_2011,ncnn,320,2,97,18.744733002677094,53.3483192242419,4,0.83935546875,58.95
bench_detect_20260905_2011,ncnn,320,2,98,18.684009999560658,53.52170117782608,1,0.85595703125,58.4
bench_detect_20260905_2011,ncnn,320,2,99,18.572713001049124,53.84243001781768,1,0.89208984375,58.4
bench_detect_20260905_2011,ncnn,320,2,100,18.64902800298296,53.62209761495599,1,0.86328125,58.95
bench_detect_20260905_2011,ncnn,320,2,101,18.624619999172864,53.692370638671335,2,0.86181640625,58.95
bench_detect_20260905_2011,ncnn,320,2,102,18.606564997753594,53.74447137989908,1,0.822265625,57.3
bench_detect_20260905_2011,ncnn,320,2,103,18.589693998364965,53.79324695113076,1,0.86865234375,57.85
bench_detect_20260905_2011,ncnn,320,2,104,19.901018000382464,50.24868576978231,1,0.8408203125,58.4
bench_detect_20260905_2011,ncnn,320,2,105,20.27379700302845,49.324751542625314,2,0.84716796875,58.95
bench_detect_20260905_2011,ncnn,320,2,106,18.86578799894778,53.00600219062007,2,0.86328125,58.95
bench_detect_20260905_2011,ncnn,320,2,107,18.824380997102708,53.12259670869983,2,0.84130859375,58.95
bench_detect_20260905_2011,ncnn,320,2,108,18.70702799715218,53.4558455866016,2,0.85107421875,58.4
bench_detect_20260905_2011,ncnn,320,2,109,18.66071300173644,53.58852043364831,1,0.85693359375,58.4
bench_detect_20260905_2011,ncnn,320,2,110,18.665008999960264,53.57618632823209,1,0.83935546875,58.4
bench_detect_20260905_2011,ncnn,320,2,111,18.538528001954546,53.94171532359896,1,0.86279296875,58.4
bench_detect_20260905_2011,ncnn,320,2,112,18.65354600158753,53.609110027385356,1,0.853515625,58.4
bench_detect_20260905_2011,ncnn,320,2,113,19.97483299783198,50.062996777421745,1,0.845703125,57.85
bench_detect_20260905_2011,ncnn,320,2,114,18.70252799926675,53.4687075479425,1,0.84130859375,58.95
bench_detect_20260905_2011,ncnn,320,2,115,18.59117499770946,53.78896170485221,1,0.82666015625,58.95
bench_detect_20260905_2011,ncnn,320,2,116,18.82451100027538,53.12222984094361,2,0.8642578125,58.95
bench_detect_20260905_2011,ncnn,320,2,117,18.74806599880685,53.33883505976783,3,0.85986328125,58.4
bench_detect_20260905_2011,ncnn,320,2,118,18.690935998165514,53.50186850450659,3,0.85546875,58.4
bench_detect_20260905_2011,ncnn,320,2,119,18.764676999126095,53.291618078295286,2,0.876953125,57.3
bench_detect_20260905_2011,ncnn,320,2,120,18.630417001986643,53.6756638293907,1,0.88427734375,58.4
bench_detect_20260905_2011,ncnn,320,2,121,18.587768001452787,53.79882081172101,1,0.8505859375,58.95
bench_detect_20260905_2011,ncnn,320,2,122,18.699658001423813,53.47691385178589,2,0.87353515625,58.95
bench_detect_20260905_2011,ncnn,320,2,123,18.557083003543084,53.88777965853098,1,0.8251953125,58.95
bench_detect_20260905_2011,ncnn,320,2,124,18.696213002840523,53.48676760625639,1,0.87060546875,58.4
bench_detect_20260905_2011,ncnn,320,2,125,18.66260300084832,53.58309341706215,2,0.875,58.95
bench_detect_20260905_2011,ncnn,320,2,126,18.7140090019966,53.435904615270296,2,0.83935546875,59.5
bench_detect_20260905_2011,ncnn,320,2,127,18.583323999337154,53.81168622124163,1,0.8671875,57.3
bench_detect_20260905_2011,ncnn,320,2,128,18.68597300199326,53.516078605771746,2,0.875,58.4
bench_detect_20260905_2011,ncnn,320,2,129,18.639324000105262,53.65001434571086,1,0.85693359375,58.95
bench_detect_20260905_2011,ncnn,320,2,130,18.815842999174492,53.14670195982572,2,0.85400390625,58.4
bench_detect_20260905_2011,ncnn,320,2,131,18.559731001005275,53.88009125486979,1,0.79638671875,58.95
bench_detect_20260905_2011,ncnn,320,2,132,18.602935000672005,53.75495855701675,1,0.84814453125,57.3
bench_detect_20260905_2011,ncnn,320,2,133,18.60645399938221,53.74479199707816,1,0.84326171875,58.4
bench_detect_20260905_2011,ncnn,320,2,134,18.619286998728057,53.707749392783576,1,0.85546875,57.85
bench_detect_20260905_2011,ncnn,320,2,135,18.561267999757547,53.87562961824926,1,0.87060546875,58.95
bench_detect_20260905_2011,ncnn,320,2,136,18.607582998811267,53.74153107708209,1,0.8720703125,58.95
bench_detect_20260905_2011,ncnn,320,2,137,18.673325001145713,53.55232664448589,2,0.8603515625,58.95
bench_detect_20260905_2011,ncnn,320,2,138,18.636805998539785,53.65726294936756,1,0.8720703125,58.95
bench_detect_20260905_2011,ncnn,320,2,139,18.649749999894993,53.6200217164107,2,0.8603515625,58.4
bench_detect_20260905_2011,ncnn,320,2,140,18.663565002498217,53.58033151041319,1,0.84765625,57.85
bench_detect_20260905_2011,ncnn,320,2,141,18.647028002305888,53.62784889239938,1,0.8583984375,57.3
bench_detect_20260905_2011,ncnn,320,2,142,18.672528000024613,53.554612423057115,1,0.84326171875,58.4
bench_detect_20260905_2011,ncnn,320,2,143,18.568008999864105,53.85607040621958,1,0.84912109375,57.85
bench_detect_20260905_2011,ncnn,320,2,144,18.76226999956998,53.29845482571775,3,0.875,58.95
bench_detect_20260905_2011,ncnn,320,2,145,18.606787001772318,53.74383013600085,1,0.8662109375,57.3
bench_detect_20260905_2011,ncnn,320,2,146,18.67026899708435,53.56109224543928,1,0.86474609375,58.95
bench_detect_20260905_2011,ncnn,320,2,147,18.638435001776088,53.65257329302102,3,0.8447265625,58.4
bench_detect_20260905_2011,ncnn,320,2,148,18.626379998750053,53.687297266946466,1,0.8447265625,58.95
bench_detect_20260905_2011,ncnn,320,2,149,18.658323999261484,53.59538188100824,1,0.85400390625,58.95
bench_detect_20260905_2011,ncnn,320,2,150,18.643138999323128,53.63903578878572,1,0.83447265625,58.95
bench_detect_20260905_2011,ncnn,320,2,151,18.5835459997179,53.811043382957166,2,0.85693359375,58.4
bench_detect_20260905_2011,ncnn,320,2,152,18.702269000641536,53.46944801006217,2,0.85107421875,58.95
bench_detect_20260905_2011,ncnn,320,2,153,18.622879997565178,53.69738730694412,1,0.83642578125,58.4
bench_detect_20260905_2011,ncnn,320,2,154,18.62813899788307,53.682227736954374,1,0.8388671875,58.95
bench_detect_20260905_2011,ncnn,320,2,155,18.603434997203294,53.753513808086126,1,0.84619140625,58.95
bench_detect_20260905_2011,ncnn,320,2,156,18.608713002322474,53.73826765317914,1,0.86474609375,58.4
bench_detect_20260905_2011,ncnn,320,2,157,18.567101000371622,53.85870416603997,1,0.857421875,58.4
bench_detect_20260905_2011,ncnn,320,2,158,20.936894001351902,47.76257643256109,1,0.86767578125,57.85
bench_detect_20260905_2011,ncnn,320,2,159,18.73436200185097,53.37785187994122,1,0.873046875,59.5
bench_detect_20260905_2011,ncnn,320,2,160,18.709972999204183,53.447431487075605,1,0.86767578125,58.4
bench_detect_20260905_2011,ncnn,320,2,161,18.84088099905057,53.07607431151399,1,0.85400390625,57.3
bench_detect_20260905_2011,ncnn,320,2,162,18.62736099792528,53.68446985653954,1,0.83740234375,57.85
bench_detect_20260905_2011,ncnn,320,2,163,18.60739800031297,53.742065386207166,1,0.85205078125,58.95
bench_detect_20260905_2011,ncnn,320,2,164,18.646898999577388,53.62821989986989,1,0.86181640625,58.95
bench_detect_20260905_2011,ncnn,320,2,165,18.587952999951085,53.79828537346913,1,0.869140625,58.4
bench_detect_20260905_2011,ncnn,320,2,166,19.90216499689268,50.24578985030673,2,0.84814453125,58.4
bench_detect_20260905_2011,ncnn,320,2,167,18.572249999124324,53.843772297225684,1,0.8447265625,58.95
bench_detect_20260905_2011,ncnn,320,2,168,18.70778699958464,53.45367680432766,1,0.892578125,58.95
bench_detect_20260905_2011,ncnn,320,2,169,18.57649000157835,53.83148269210357,1,0.8671875,58.95
bench_detect_20260905_2011,ncnn,320,2,170,18.71784399918397,53.424956423592185,3,0.86279296875,57.85
bench_detect_20260905_2011,ncnn,320,2,171,18.587824000860564,53.798658732388624,1,0.8525390625,58.95
bench_detect_20260905_2011,ncnn,320,2,172,18.663157999981195,53.58149997985377,1,0.86328125,58.4
bench_detect_20260905_2011,ncnn,320,2,173,18.575009002233855,53.83577471643425,1,0.8505859375,58.4
bench_detect_20260905_2011,ncnn,320,2,174,18.677306001336547,53.54091215983933,1,0.8857421875,58.95
bench_detect_20260905_2011,ncnn,320,2,175,18.571305001387373,53.84651212853888,1,0.85205078125,58.95
bench_detect_20260905_2011,ncnn,320,2,176,18.633380001119804,53.66712855852794,1,0.8603515625,58.95
bench_detect_20260905_2011,ncnn,320,2,177,18.62580599845387,53.68895177384592,1,0.8759765625,58.95
bench_detect_20260905_2011,ncnn,320,2,178,18.65715800158796,53.59873137778473,1,0.85107421875,57.85
bench_detect_20260905_2011,ncnn,320,2,179,18.514841998694465,54.010722860638666,1,0.87060546875,58.95
bench_detect_20260905_2011,ncnn,320,2,180,18.620434999320423,53.704438163581905,1,0.853515625,57.85
bench_detect_20260905_2011,ncnn,320,2,181,18.655547002708772,53.60335989369814,2,0.845703125,58.95
bench_detect_20260905_2011,ncnn,320,2,182,18.69019500009017,53.50398965849075,2,0.8427734375,58.95
bench_detect_20260905_2011,ncnn,320,2,183,18.75008400020306,53.333094400492826,5,0.85498046875,58.95
bench_detect_20260905_2011,ncnn,320,2,184,18.675731000257656,53.545427484803874,1,0.8583984375,58.95
bench_detect_20260905_2011,ncnn,320,2,185,18.614267999510048,53.722230711748715,1,0.85888671875,58.95
bench_detect_20260905_2011,ncnn,320,2,186,18.614805001561763,53.72068092661196,1,0.83984375,57.85
bench_detect_20260905_2011,ncnn,320,2,187,18.615306002175203,53.71923512206298,1,0.84912109375,58.95
bench_detect_20260905_2011,ncnn,320,2,188,18.654212999535957,53.607193186058076,2,0.84326171875,58.95
bench_detect_20260905_2011,ncnn,320,2,189,18.632231000083266,53.67043807021988,2,0.83251953125,58.4
bench_detect_20260905_2011,ncnn,320,2,190,18.66821300063748,53.56699111831712,1,0.8505859375,59.5
bench_detect_20260905_2011,ncnn,320,2,191,18.52191600119113,53.99009475778266,1,0.8408203125,58.95
bench_detect_20260905_2011,ncnn,320,2,192,18.612009000207763,53.72875115141182,1,0.86181640625,58.4
bench_detect_20260905_2011,ncnn,320,2,193,18.58898999853409,53.7952842020389,1,0.837890625,58.95
bench_detect_20260905_2011,ncnn,320,2,194,18.670991998078534,53.559018187298875,1,0.83935546875,57.85
bench_detect_20260905_2011,ncnn,320,2,195,18.556620001618285,53.88912420003169,1,0.85205078125,58.95
bench_detect_20260905_2011,ncnn,320,2,196,18.634880001627607,53.66280866378845,1,0.8671875,58.4
bench_detect_20260905_2011,ncnn,320,2,197,18.574970999907237,53.8358848584471,1,0.873046875,57.3
bench_detect_20260905_2011,ncnn,320,2,198,18.78032500098925,53.2472148350641,3,0.8203125,58.4
bench_detect_20260905_2011,ncnn,320,2,199,18.565064001450082,53.86461365939228,1,0.85546875,58.4
bench_detect_20260905_2011,ncnn,320,2,200,18.716342998231994,53.429240963069724,2,0.857421875,58.95
bench_detect_20260905_2011,ncnn,320,2,201,18.57013900007587,53.849893099664705,1,0.8525390625,58.95
bench_detect_20260905_2011,ncnn,320,2,202,18.608250000397675,53.73960474405864,1,0.82958984375,58.95
bench_detect_20260905_2011,ncnn,320,2,203,18.555489998107078,53.89240597268055,1,0.88330078125,59.5
bench_detect_20260905_2011,ncnn,320,2,204,18.75773199935793,53.31134915640279,1,0.8720703125,59.5
bench_detect_20260905_2011,ncnn,320,2,205,18.583231001684908,53.81195551566527,1,0.8583984375,57.85
bench_detect_20260905_2011,ncnn,320,2,206,18.710361000557896,53.44632313455537,2,0.87353515625,58.95
bench_detect_20260905_2011,ncnn,320,2,207,18.603545999212656,53.75319307632654,2,0.8720703125,58.95
bench_detect_20260905_2011,ncnn,320,2,208,18.699972999456804,53.4760130417861,2,0.84765625,59.5
bench_detect_20260905_2011,ncnn,320,2,209,18.598878999910085,53.76668131476281,1,0.8427734375,59.5
bench_detect_20260905_2011,ncnn,320,2,210,18.659694997040788,53.5914440272785,1,0.8271484375,58.95
bench_detect_20260905_2011,ncnn,320,2,211,18.54221299799974,53.930995189618194,1,0.8857421875,58.4
bench_detect_20260905_2011,ncnn,320,2,212,21.05437600039295,47.496064475211064,1,0.84765625,58.95
bench_detect_20260905_2011,ncnn,320,2,213,18.778825000481447,53.25146807504528,2,0.85546875,58.4
bench_detect_20260905_2011,ncnn,320,2,214,18.850825999834342,53.04807333157645,2,0.88818359375,58.95
bench_detect_20260905_2011,ncnn,320,2,215,18.630565002240473,53.675237432667345,1,0.8525390625,58.4
bench_detect_20260905_2011,ncnn,320,2,216,18.754473003355088,53.3206131583172,1,0.85693359375,59.5
bench_detect_20260905_2011,ncnn,320,2,217,18.55141599662602,53.904241066119795,1,0.83251953125,59.5
bench_detect_20260905_2011,ncnn,320,2,218,18.643675997736864,53.637490810363204,1,0.84765625,58.95
bench_detect_20260905_2011,ncnn,320,2,219,19.853129000694025,50.36989383210284,1,0.81640625,57.3
bench_detect_20260905_2011,ncnn,320,2,220,18.71488100005081,53.43341483161368,1,0.84326171875,58.95
bench_detect_20260905_2011,ncnn,320,2,221,18.557674997282447,53.88606062701487,1,0.84326171875,59.5
bench_detect_20260905_2011,ncnn,320,2,222,18.627267996635055,53.684737889670465,1,0.869140625,58.4
bench_detect_20260905_2011,ncnn,320,2,223,18.571063999843318,53.84721090877921,1,0.86767578125,58.4
bench_detect_20260905_2011,ncnn,320,2,224,18.661620997590944,53.5859130420177,2,0.8583984375,58.95
bench_detect_20260905_2011,ncnn,320,2,225,18.644693998794537,53.634562201163206,1,0.85205078125,58.95
bench_detect_20260905_2011,ncnn,320,2,226,18.646027998329373,53.63072500425275,1,0.83935546875,58.4
bench_detect_20260905_2011,ncnn,320,2,227,18.6999180004932,53.47617032190332,5,0.8310546875,59.5
bench_detect_20260905_2011,ncnn,320,2,228,18.808010998327518,53.16883322159499,4,0.87890625,57.85
bench_detect_20260905_2011,ncnn,320,2,229,18.61956500215456,53.70694749766094,1,0.8671875,57.85
bench_detect_20260905_2011,ncnn,320,2,230,18.61080500020762,53.73222705782174,1,0.845703125,58.4
bench_detect_20260905_2011,ncnn,320,2,231,18.56726800178876,53.858219739363946,1,0.84326171875,57.85
bench_detect_20260905_2011,ncnn,320,2,232,18.62715700190165,53.685057784068164,1,0.8603515625,59.5
bench_detect_20260905_2011,ncnn,320,2,233,18.685565002670046,53.5172471293807,1,0.85205078125,58.95
bench_detect_20260905_2011,ncnn,320,2,234,18.618658003106248,53.70956380600389,1,0.85888671875,58.95
bench_detect_20260905_2011,ncnn,320,2,235,18.57615700282622,53.832447682685796,1,0.85693359375,58.95
bench_detect_20260905_2011,ncnn,320,2,236,18.655954001587816,53.60219048111341,1,0.85546875,58.95
bench_detect_20260905_2011,ncnn,320,2,237,18.582471999252448,53.81415346893723,1,0.84716796875,58.95
bench_detect_20260905_2011,ncnn,320,2,238,18.91617799992673,52.86480175878411,5,0.8408203125,58.95
bench_detect_20260905_2011,ncnn,320,2,239,18.557916999270674,53.88535793318291,1,0.8310546875,58.4
bench_detect_20260905_2011,ncnn,320,2,240,18.735343997832388,53.37505412848018,2,0.853515625,58.95
bench_detect_20260905_2011,ncnn,320,2,241,18.593935001263162,53.78097750325931,1,0.86328125,58.95
bench_detect_20260905_2011,ncnn,320,2,242,18.640342001162935,53.64708436881748,1,0.87841796875,58.95
bench_detect_20260905_2011,ncnn,320,2,243,18.65949100101716,53.5920299190095,2,0.845703125,58.4
bench_detect_20260905_2011,ncnn,320,2,244,18.662694998056395,53.58282928077343,1,0.84912109375,58.4
bench_detect_20260905_2011,ncnn,320,2,245,18.65730600184179,53.59830620247549,1,0.82568359375,58.95
bench_detect_20260905_2011,ncnn,320,2,246,18.60943499923451,53.736182750370155,1,0.8505859375,58.95
bench_detect_20260905_2011,ncnn,320,2,247,18.550582997704623,53.90666159245432,1,0.84423828125,58.95
bench_detect_20260905_2011,ncnn,320,2,248,18.725269997958094,53.40376935067134,1,0.857421875,58.95
bench_detect_20260905_2011,ncnn,320,2,249,18.60178700007964,53.75827601916519,1,0.84228515625,58.95
bench_detect_20260905_2011,ncnn,320,2,250,18.603378997795517,53.75367561551582,1,0.857421875,57.85
bench_detect_20260905_2011,ncnn,320,2,251,18.595769000967266,53.7756733775293,1,0.88330078125,57.85
bench_detect_20260905_2011,ncnn,320,2,252,18.601083000248764,53.76031062205498,1,0.8603515625,57.85
bench_detect_20260905_2011,ncnn,320,2,253,18.627749999723164,53.683348768093914,2,0.87890625,58.4
bench_detect_20260905_2011,ncnn,320,2,254,18.71673200002988,53.428130509022814,2,0.84130859375,57.85
bench_detect_20260905_2011,ncnn,320,2,255,18.559879001259105,53.87966160405247,1,0.845703125,57.3
bench_detect_20260905_2011,ncnn,320,2,256,18.597972000861773,53.76930344629312,1,0.83740234375,58.95
bench_detect_20260905_2011,ncnn,320,2,257,18.530730998463696,53.96441187791813,1,0.8291015625,57.85
bench_detect_20260905_2011,ncnn,320,2,258,18.765474000247195,53.289354693988926,1,0.8271484375,57.85
bench_detect_20260905_2011,ncnn,320,2,259,18.564359997981228,53.866656330126354,1,0.86572265625,58.95
bench_detect_20260905_2011,ncnn,320,2,260,18.611841998790624,53.72923325187151,1,0.85693359375,58.95
bench_detect_20260905_2011,ncnn,320,2,261,18.57480499893427,53.83636598378153,1,0.85205078125,58.95
bench_detect_20260905_2011,ncnn,320,2,262,18.640379999851575,53.64697500844739,1,0.85498046875,58.95
bench_detect_20260905_2011,ncnn,320,2,263,18.513990002247738,54.013208383422075,1,0.85595703125,58.95
bench_detect_20260905_2011,ncnn,320,2,264,18.667528001969913,53.568956741057185,1,0.87841796875,59.5
bench_detect_20260905_2011,ncnn,320,2,265,20.372131002659444,49.08666647929256,1,0.85888671875,58.95
bench_detect_20260905_2011,ncnn,320,2,266,19.626034998509567,50.95272682821271,1,0.857421875,58.4
bench_detect_20260905_2011,ncnn,320,2,267,18.691510002099676,53.500225497440645,1,0.8642578125,58.95
bench_detect_20260905_2011,ncnn,320,2,268,18.736935999186244,53.37051906690777,1,0.85986328125,58.95
bench_detect_20260905_2011,ncnn,320,2,269,18.656860996998148,53.59958463328306,1,0.85888671875,58.95
bench_detect_20260905_2011,ncnn,320,2,270,18.7973249994684,53.1990589101524,2,0.84228515625,58.95
bench_detect_20260905_2011,ncnn,320,2,271,18.704620000789873,53.46272738808761,1,0.8359375,58.95
bench_detect_20260905_2011,ncnn,320,2,272,19.945611002185615,50.13634327323546,1,0.849609375,57.85
bench_detect_20260905_2011,ncnn,320,2,273,18.758935999358073,53.30792748769012,2,0.81591796875,58.4
bench_detect_20260905_2011,ncnn,320,2,274,18.680565000977367,53.53157144592147,1,0.84765625,58.95
bench_detect_20260905_2011,ncnn,320,2,275,20.1097219978692,49.72719165913674,1,0.82958984375,57.85
bench_detect_20260905_2011,ncnn,320,2,276,19.601590000092983,51.016269598295665,1,0.84912109375,58.95
bench_detect_20260905_2011,ncnn,320,2,277,18.574139001430012,53.83829634972639,1,0.85546875,58.4
bench_detect_20260905_2011,ncnn,320,2,278,18.648823999683373,53.622684198048006,1,0.8603515625,58.4
bench_detect_20260905_2011,ncnn,320,2,279,18.576100999780465,53.83260997621719,1,0.86767578125,58.95
bench_detect_20260905_2011,ncnn,320,2,280,18.66556499953731,53.57459043028103,1,0.8720703125,57.85
bench_detect_20260905_2011,ncnn,320,2,281,18.749565999314655,53.3345678527467,1,0.83251953125,58.4
bench_detect_20260905_2011,ncnn,320,2,282,18.62234200234525,53.698938612235914,1,0.857421875,58.95
bench_detect_20260905_2011,ncnn,320,2,283,18.68284200099879,53.525047203553925,2,0.8759765625,58.95
bench_detect_20260905_2011,ncnn,320,2,284,18.601028001285158,53.760469578934526,1,0.82958984375,57.3
bench_detect_20260905_2011,ncnn,320,2,285,18.591657000797568,53.787567184415074,1,0.84326171875,58.4
bench_detect_20260905_2011,ncnn,320,2,286,18.648936002136907,53.62236214899413,1,0.82958984375,58.95
bench_detect_20260905_2011,ncnn,320,2,287,18.754046999674756,53.3218243516902,2,0.8642578125,58.4
bench_detect_20260905_2011,ncnn,320,2,288,18.687325002247235,53.51220679683933,2,0.87353515625,58.95
bench_detect_20260905_2011,ncnn,320,2,289,18.675158000405645,53.547070390423414,1,0.8720703125,59.5
bench_detect_20260905_2011,ncnn,320,2,290,18.626528002641862,53.686870674887274,1,0.861328125,58.95
bench_detect_20260905_2011,ncnn,320,2,291,18.514489998779027,54.01174971959513,1,0.8642578125,58.95
bench_detect_20260905_2011,ncnn,320,2,292,18.67571399998269,53.54547622655428,1,0.8759765625,58.95
bench_detect_20260905_2011,ncnn,320,2,293,18.652824001037516,53.61118509156456,3,0.84765625,58.95
bench_detect_20260905_2011,ncnn,320,2,294,18.60597199993208,53.74618428984255,1,0.8662109375,58.4
bench_detect_20260905_2011,ncnn,320,2,295,18.576619997475063,53.831105988921564,1,0.8330078125,57.85
bench_detect_20260905_2011,ncnn,320,2,296,18.705880000197794,53.45912622070847,1,0.87353515625,57.85
bench_detect_20260905_2011,ncnn,320,2,297,18.519212997489376,53.99797497526318,1,0.8203125,58.4
bench_detect_20260905_2011,ncnn,320,2,298,18.64345399735612,53.63812950871726,1,0.833984375,58.95
bench_detect_20260905_2011,ncnn,320,2,299,18.594064997159876,53.78060150659598,1,0.85546875,59.5
bench_detect_20260905_2011,ncnn,320,2,300,18.64015800310881,53.64761392222211,1,0.86865234375,58.95
bench_detect_20260905_2011,ncnn,320,2,301,18.629083999258,53.679504587548706,2,0.8388671875,59.5
bench_detect_20260905_2011,ncnn,320,2,302,18.626064997079084,53.688205219772335,1,0.83984375,58.4
bench_detect_20260905_2011,ncnn,320,2,303,18.582343000161927,53.81452704813844,1,0.87451171875,58.95
bench_detect_20260905_2011,ncnn,320,2,304,18.560175001766765,53.87880232297426,1,0.86328125,59.5
bench_detect_20260905_2011,ncnn,320,2,305,18.598398000904126,53.76807184959623,1,0.8193359375,59.5
bench_detect_20260905_2011,ncnn,320,2,306,18.594193999888375,53.78022838774314,1,0.8447265625,58.95
bench_detect_20260905_2011,ncnn,320,2,307,18.575322999822674,53.83486467554542,1,0.87890625,59.5
bench_detect_20260905_2011,ncnn,320,2,308,18.68149099755101,53.528918014685864,2,0.85498046875,57.85
bench_detect_20260905_2011,ncnn,320,2,309,18.665842999325832,53.57379251695826,2,0.8330078125,58.95
bench_detect_20260905_2011,ncnn,320,2,310,18.60413899703417,53.751479719616036,1,0.85498046875,59.5
bench_detect_20260905_2011,ncnn,320,2,311,18.55636100299307,53.889876352303325,1,0.8603515625,58.95
bench_detect_20260905_2011,ncnn,320,2,312,18.699527998251142,53.477285634884694,1,0.83251953125,57.85
bench_detect_20260905_2011,ncnn,320,2,313,18.55143499778933,53.904185855119266,1,0.87060546875,58.95
bench_detect_20260905_2011,ncnn,320,2,314,18.717842998739798,53.424959279086075,2,0.875,58.95
bench_detect_20260905_2011,ncnn,320,2,315,18.56960100121796,53.851453239862884,1,0.857421875,59.5
bench_detect_20260905_2011,ncnn,320,2,316,18.63578700067592,53.660196908439126,1,0.87158203125,59.5
bench_detect_20260905_2011,ncnn,320,2,317,18.79667599860113,53.20089573680054,3,0.82373046875,59.5
bench_detect_20260905_2011,ncnn,320,2,318,18.681971996556967,53.52753982204325,1,0.845703125,58.95
bench_detect_20260905_2011,ncnn,320,2,319,20.685967003373662,48.341950842177724,1,0.8310546875,59.5
bench_detect_20260905_2011,ncnn,320,2,320,18.82291800211533,53.12672561648621,1,0.84423828125,59.5
bench_detect_20260905_2011,ncnn,320,2,321,18.618453003000468,53.710155179855406,1,0.837890625,58.95
bench_detect_20260905_2011,ncnn,320,2,322,18.64047199705965,53.64671024197993,1,0.875,58.95
bench_detect_20260905_2011,ncnn,320,2,323,18.61130599718308,53.73078064222657,1,0.8642578125,58.95
bench_detect_20260905_2011,ncnn,320,2,324,18.674546998227015,53.54882236741492,1,0.8798828125,58.95
bench_detect_20260905_2011,ncnn,320,2,325,19.816480002191383,50.463048931465934,1,0.84326171875,58.4
bench_detect_20260905_2011,ncnn,320,2,326,18.70032500301022,53.4750064418147,1,0.833984375,58.4
bench_detect_20260905_2011,ncnn,320,2,327,18.660454003111226,53.58926421796981,2,0.86572265625,59.5
bench_detect_20260905_2011,ncnn,320,2,328,18.74071300335345,53.35976277002165,1,0.83935546875,57.85
bench_detect_20260905_2011,ncnn,320,2,329,18.592489999718964,53.78515734122302,2,0.869140625,58.95
bench_detect_20260905_2011,ncnn,320,2,330,18.762972998956684,53.296457872406734,2,0.8857421875,58.4
bench_detect_20260905_2011,ncnn,320,2,331,18.676620999031,53.54287587952248,2,0.82958984375,59.5
bench_detect_20260905_2011,ncnn,320,2,332,18.67399099864997,53.55041673053686,2,0.86572265625,57.85
bench_detect_20260905_2011,ncnn,320,2,333,18.65086100224289,53.61682765636092,2,0.84423828125,58.95
bench_detect_20260905_2011,ncnn,320,2,334,18.666861000383506,53.57087085929741,1,0.8505859375,58.4
bench_detect_20260905_2011,ncnn,320,2,335,18.56604600106948,53.86176463972975,1,0.8662109375,60.05
bench_detect_20260905_2011,ncnn,320,2,336,18.716065998887643,53.43003172031095,2,0.84228515625,57.85
bench_detect_20260905_2011,ncnn,320,2,337,18.649083998752758,53.6219366091589,2,0.86328125,58.95
bench_detect_20260905_2011,ncnn,320,2,338,18.667935000848956,53.56778882905492,1,0.85498046875,58.95
bench_detect_20260905_2011,ncnn,320,2,339,18.55060100206174,53.90660927313668,1,0.86181640625,58.95
bench_detect_20260905_2011,ncnn,320,2,340,18.67974999913713,53.53390704084331,2,0.83935546875,58.4
bench_detect_20260905_2011,ncnn,320,2,341,18.715546997555066,53.43151338994455,1,0.87158203125,59.5
bench_detect_20260905_2011,ncnn,320,2,342,18.61141600238625,53.73046305943544,1,0.85498046875,58.4
bench_detect_20260905_2011,ncnn,320,2,343,18.55761899787467,53.886223233407584,1,0.83935546875,58.95
bench_detect_20260905_2011,ncnn,320,2,344,18.604490000143414,53.750465612994034,1,0.85107421875,59.5
bench_detect_20260905_2011,ncnn,320,2,345,18.6173609981779,53.71330555914294,1,0.85595703125,58.95
bench_detect_20260905_2011,ncnn,320,2,346,18.75802900030976,53.31050506337774,3,0.8505859375,58.95
bench_detect_20260905_2011,ncnn,320,2,347,18.62191699910909,53.700164169341,1,0.8427734375,58.4
bench_detect_20260905_2011,ncnn,320,2,348,18.6146939995524,53.721001270504125,1,0.8408203125,58.95
bench_detect_20260905_2011,ncnn,320,2,349,18.65665699733654,53.60017071347573,1,0.8408203125,59.5
bench_detect_20260905_2011,ncnn,320,2,350,18.609435002872488,53.73618273986521,1,0.86328125,58.95
bench_detect_20260905_2011,ncnn,320,2,351,18.65276899843593,53.61134317826227,2,0.85595703125,58.95
bench_detect_20260905_2011,ncnn,320,2,352,18.655046998901526,53.604796603240054,1,0.83642578125,58.4
bench_detect_20260905_2011,ncnn,320,2,353,18.75162099895533,53.32872289044829,3,0.84228515625,59.5
bench_detect_20260905_2011,ncnn,320,2,354,18.645194999407977,53.63312102832671,1,0.873046875,58.95
bench_detect_20260905_2011,ncnn,320,2,355,18.620582999574253,53.704011309574156,1,0.85986328125,57.85
bench_detect_20260905_2011,ncnn,320,2,356,18.683286998566473,53.52377234673576,1,0.83740234375,57.85
bench_detect_20260905_2011,ncnn,320,2,357,18.5995650026598,53.76469825272777,1,0.8388671875,58.95
bench_detect_20260905_2011,ncnn,320,2,358,18.61115800056723,53.73120791137887,1,0.85205078125,58.95
bench_detect_20260905_2011,ncnn,320,2,359,18.61145400107489,53.73035335886416,1,0.85986328125,59.5
bench_detect_20260905_2011,ncnn,320,2,360,18.67226899776142,53.55535527684867,1,0.85888671875,58.95
bench_detect_20260905_2011,ncnn,320,2,361,18.672027999855345,53.55604651019949,2,0.8447265625,58.95
bench_detect_20260905_2011,ncnn,320,2,362,18.66073199926177,53.58846587794952,1,0.84423828125,58.95
bench_detect_20260905_2011,ncnn,320,2,363,18.60298999963561,53.754799632725046,1,0.8232421875,58.4
bench_detect_20260905_2011,ncnn,320,2,364,18.71150900115026,53.44304406119926,3,0.86865234375,58.95
bench_detect_20260905_2011,ncnn,320,2,365,18.64591699995799,53.63104426573673,1,0.875,57.3
bench_detect_20260905_2011,ncnn,320,2,366,18.69845400142367,53.48035724899297,2,0.86328125,59.5
bench_detect_20260905_2011,ncnn,320,2,367,18.682212998101022,53.526849313924764,1,0.8427734375,57.85
bench_detect_20260905_2011,ncnn,320,2,368,18.5947500031034,53.778620300520494,1,0.85888671875,58.95
bench_detect_20260905_2011,ncnn,320,2,369,18.68226900114678,53.52668885875783,2,0.85546875,59.5
bench_detect_20260905_2011,ncnn,320,2,370,18.650046000402654,53.619170696866384,1,0.85498046875,58.4
bench_detect_20260905_2011,ncnn,320,2,371,18.693861002248013,53.493497136827216,3,0.8310546875,58.95
bench_detect_20260905_2011,ncnn,320,2,372,19.57338499778416,51.08978340298353,3,0.84228515625,59.5
bench_detect_20260905_2011,ncnn,320,2,373,20.27770499989856,49.315245487840095,2,0.8603515625,58.95
bench_detect_20260905_2011,ncnn,320,2,374,18.851788001484238,53.045366302722485,1,0.86767578125,58.95
bench_detect_20260905_2011,ncnn,320,2,375,18.62467600221862,53.69220918961905,1,0.8642578125,58.4
bench_detect_20260905_2011,ncnn,320,2,376,18.72543599893106,53.40329592630499,2,0.85107421875,59.5
bench_detect_20260905_2011,ncnn,320,2,377,18.56419400064624,53.867137995066685,1,0.8720703125,58.95
bench_detect_20260905_2011,ncnn,320,2,378,20.111685000301804,49.722338033088405,1,0.8251953125,57.85
bench_detect_20260905_2011,ncnn,320,2,379,18.748564998531947,53.33741542770352,1,0.87451171875,57.85
bench_detect_20260905_2011,ncnn,320,2,380,18.727343001955887,53.3978578752768,1,0.853515625,58.95
bench_detect_20260905_2011,ncnn,320,2,381,18.61204599845223,53.728644345880056,1,0.8603515625,58.95
bench_detect_20260905_2011,ncnn,320,2,382,18.672750000405358,53.553975712109434,1,0.86474609375,58.95
bench_detect_20260905_2011,ncnn,320,2,383,18.631360999279423,53.67294423840939,1,0.83203125,59.5
bench_detect_20260905_2011,ncnn,320,2,384,18.64450900029624,53.63509438538238,1,0.861328125,58.4
bench_detect_20260905_2011,ncnn,320,2,385,18.57056400331203,53.84866069881624,1,0.84326171875,59.5
bench_detect_20260905_2011,ncnn,320,2,386,18.63812100054929,53.65347719174742,1,0.84716796875,58.95
bench_detect_20260905_2011,ncnn,320,2,387,18.564768000942422,53.86547248795331,1,0.86328125,58.95
bench_detect_20260905_2011,ncnn,320,2,388,18.674232000194024,53.54972563206937,1,0.84130859375,58.4
bench_detect_20260905_2011,ncnn,320,2,389,18.58832300058566,53.79721451840992,1,0.87744140625,57.85
bench_detect_20260905_2011,ncnn,320,2,390,18.720175998168997,53.418301200683636,2,0.86572265625,59.5
bench_detect_20260905_2011,ncnn,320,2,391,18.594269000459462,53.78001146349395,2,0.83984375,59.5
bench_detect_20260905_2011,ncnn,320,2,392,18.682027999602724,53.52737936273648,2,0.83056640625,59.5
bench_detect_20260905_2011,ncnn,320,2,393,18.532748999859905,53.95853577942265,1,0.84326171875,58.95
bench_detect_20260905_2011,ncnn,320,2,394,18.62330499716336,53.696161887071966,1,0.833984375,58.95
bench_detect_20260905_2011,ncnn,320,2,395,18.677639000088675,53.539957592887,3,0.85595703125,58.95
bench_detect_20260905_2011,ncnn,320,2,396,18.727546997979516,53.397276221380636,1,0.86865234375,58.4
bench_detect_20260905_2011,ncnn,320,2,397,18.556601000454975,53.88917938018292,1,0.83251953125,58.95
bench_detect_20260905_2011,ncnn,320,2,398,18.690861001232406,53.50208318033416,1,0.8408203125,58.4
bench_detect_20260905_2011,ncnn,320,2,399,18.59252700160141,53.78505030079386,1,0.8583984375,58.95
bench_detect_20260905_2011,ncnn,320,2,400,18.59960199726629,53.76459131474839,1,0.88671875,58.95
bench_detect_20260905_2011,ncnn,320,2,401,18.592639000416966,53.78472630902873,1,0.85400390625,58.4
bench_detect_20260905_2011,ncnn,320,2,402,18.62019499822054,53.70513037567899,1,0.86474609375,57.85
bench_detect_20260905_2011,ncnn,320,2,403,18.63301000048523,53.6681942409712,1,0.833984375,58.4
bench_detect_20260905_2011,ncnn,320,2,404,18.635841999639524,53.66003854397044,1,0.837890625,59.5
bench_detect_20260905_2011,ncnn,320,2,405,18.640156999026658,53.64761681203745,1,0.8447265625,58.4
bench_detect_20260905_2011,ncnn,320,2,406,18.68478799951845,53.51947263334068,2,0.85107421875,58.95
bench_detect_20260905_2011,ncnn,320,2,407,18.586861002404476,53.80144607906821,2,0.87353515625,59.5
bench_detect_20260905_2011,ncnn,320,2,408,18.6636760008696,53.58001285242022,1,0.8828125,59.5
bench_detect_20260905_2011,ncnn,320,2,409,18.550675998994848,53.906391338740654,1,0.857421875,57.85
bench_detect_20260905_2011,ncnn,320,2,410,18.595472000015434,53.776532265444516,1,0.87353515625,57.85
bench_detect_20260905_2011,ncnn,320,2,411,18.623175001266645,53.69653670397156,1,0.84130859375,58.95
bench_detect_20260905_2011,ncnn,320,2,412,18.620564998855116,53.70406322587338,1,0.8603515625,59.5
bench_detect_20260905_2011,ncnn,320,2,413,18.59460199921159,53.77904835190341,1,0.88134765625,58.4
bench_detect_20260905_2011,ncnn,320,2,414,18.64419399862527,53.636000573354636,1,0.8388671875,58.95
bench_detect_20260905_2011,ncnn,320,2,415,18.539655997301452,53.93843338547142,1,0.853515625,58.95
bench_detect_20260905_2011,ncnn,320,2,416,18.65058299881639,53.61762686257381,1,0.84814453125,58.4
bench_detect_20260905_2011,ncnn,320,2,417,18.63326900274842,53.66744825357801,2,0.86279296875,58.95
bench_detect_20260905_2011,ncnn,320,2,418,18.731268999545136,53.38666590204239,1,0.84423828125,59.5
bench_detect_20260905_2011,ncnn,320,2,419,18.642750001163222,53.64015501670111,2,0.83642578125,58.4
bench_detect_20260905_2011,ncnn,320,2,420,18.620138998812763,53.70529189195424,1,0.837890625,58.95
bench_detect_20260905_2011,ncnn,320,2,421,18.622601000970462,53.698191780401025,1,0.86767578125,58.95
bench_detect_20260905_2011,ncnn,320,2,422,18.65525000175694,53.60421328611628,1,0.86474609375,58.95
bench_detect_20260905_2011,ncnn,320,2,423,18.546065002738032,53.919793759612396,1,0.873046875,58.95
bench_detect_20260905_2011,ncnn,320,2,424,18.716898001002846,53.42765665263658,1,0.837890625,58.95
bench_detect_20260905_2011,ncnn,320,2,425,18.73837999664829,53.36640628372723,2,0.8505859375,58.4
bench_detect_20260905_2011,ncnn,320,2,426,21.056857996882172,47.49046605851961,1,0.86181640625,58.95
bench_detect_20260905_2011,ncnn,320,2,427,18.684841998037882,53.51931796399516,1,0.85595703125,57.85
bench_detect_20260905_2011,ncnn,320,2,428,18.600749001052463,53.761275954178956,1,0.83447265625,59.5
bench_detect_20260905_2011,ncnn,320,2,429,18.798028999299277,53.197066566780826,2,0.845703125,58.95
bench_detect_20260905_2011,ncnn,320,2,430,18.64791700063506,53.625292302938966,1,0.8291015625,58.4
bench_detect_20260905_2011,ncnn,320,2,431,20.08620400010841,49.78541490440915,1,0.86328125,58.95
bench_detect_20260905_2011,ncnn,320,2,432,18.686546001845272,53.51443760132297,1,0.8603515625,59.5
bench_detect_20260905_2011,ncnn,320,2,433,18.716434999078047,53.42897833103682,1,0.8818359375,59.5
bench_detect_20260905_2011,ncnn,320,2,434,18.708990999584785,53.45023684185819,1,0.86474609375,57.85
bench_detect_20260905_2011,ncnn,320,2,435,18.60710199980531,53.74292031131249,1,0.83935546875,59.5
bench_detect_20260905_2011,ncnn,320,2,436,18.608582999149803,53.738643079147316,1,0.8125,59.5
bench_detect_20260905_2011,ncnn,320,2,437,18.68956500038621,53.50579320488923,2,0.86181640625,58.95
bench_detect_20260905_2011,ncnn,320,2,438,18.612750001921086,53.72661212861004,1,0.82470703125,58.95
bench_detect_20260905_2011,ncnn,320,2,439,18.601730997033883,53.75843786578001,2,0.84326171875,58.95
bench_detect_20260905_2011,ncnn,320,2,440,18.630990998644847,53.67401015183446,1,0.83447265625,59.5
bench_detect_20260905_2011,ncnn,320,2,441,18.553638001321815,53.89778543317257,1,0.8701171875,58.95
bench_detect_20260905_2011,ncnn,320,2,442,18.58180500130402,53.81608513972797,1,0.8701171875,58.4
bench_detect_20260905_2011,ncnn,320,2,443,18.577028000436258,53.829923708814796,1,0.84130859375,58.95
bench_detect_20260905_2011,ncnn,320,2,444,18.854918002034537,53.0365605351397,5,0.86181640625,59.5
bench_detect_20260905_2011,ncnn,320,2,445,18.613897998875473,53.72329858369339,1,0.84912109375,58.4
bench_detect_20260905_2011,ncnn,320,2,446,18.63575000243145,53.660303442014815,2,0.8583984375,58.95
bench_detect_20260905_2011,ncnn,320,2,447,18.60810100333765,53.740035042836155,1,0.87353515625,59.5
bench_detect_20260905_2011,ncnn,320,2,448,18.613991000165697,53.72303016537927,1,0.83203125,58.95
bench_detect_20260905_2011,ncnn,320,2,449,18.593083001178456,53.78344193572516,1,0.86181640625,58.95
bench_detect_20260905_2011,ncnn,320,2,450,18.730695002886932,53.38830192077078,1,0.84326171875,58.95
bench_detect_20260905_2011,ncnn,320,2,451,18.55873100066674,53.88299447651211,1,0.84619140625,60.05
bench_detect_20260905_2011,ncnn,320,2,452,18.640546000824543,53.64649726224576,1,0.8662109375,57.85
bench_detect_20260905_2011,ncnn,320,2,453,18.65556499978993,53.60330818237134,1,0.84716796875,58.95
bench_detect_20260905_2011,ncnn,320,2,454,18.59567599967704,53.775942322148836,1,0.84765625,58.4
bench_detect_20260905_2011,ncnn,320,2,455,18.561249002232216,53.875684760208635,1,0.88427734375,58.95
bench_detect_20260905_2011,ncnn,320,2,456,18.627934998221463,53.682815625858524,1,0.8525390625,58.95
bench_detect_20260905_2011,ncnn,320,2,457,18.544582999311388,53.92410279795091,1,0.86572265625,59.5
bench_detect_20260905_2011,ncnn,320,2,458,18.623046002176125,53.696908651954615,1,0.8701171875,58.95
bench_detect_20260905_2011,ncnn,320,2,459,18.524934999732068,53.981296021522525,1,0.873046875,59.5
bench_detect_20260905_2011,ncnn,320,2,460,18.628824000188615,53.6802537825187,1,0.88720703125,58.95
bench_detect_20260905_2011,ncnn,320,2,461,18.523064001783496,53.986748623430486,1,0.8427734375,58.95
bench_detect_20260905_2011,ncnn,320,2,462,18.718695002462482,53.42252757836206,1,0.8583984375,58.95
bench_detect_20260905_2011,ncnn,320,2,463,18.747638998320326,53.34004991719725,4,0.83251953125,58.95
bench_detect_20260905_2011,ncnn,320,2,464,18.603396998514654,53.753623603250674,1,0.86767578125,59.5
bench_detect_20260905_2011,ncnn,320,2,465,18.624009000632213,53.6941321262277,2,0.83251953125,58.95
bench_detect_20260905_2011,ncnn,320,2,466,18.630380000104196,53.67577043487074,1,0.876953125,59.5
bench_detect_20260905_2011,ncnn,320,2,467,18.554711998149287,53.89466568382972,1,0.82568359375,58.95
bench_detect_20260905_2011,ncnn,320,2,468,18.672769001568668,53.55392121629051,1,0.890625,60.05
bench_detect_20260905_2011,ncnn,320,2,469,18.618417001562193,53.71025903631303,1,0.82958984375,58.95
bench_detect_20260905_2011,ncnn,320,2,470,18.63900900207227,53.65092102744415,1,0.85546875,59.5
bench_detect_20260905_2011,ncnn,320,2,471,18.520268000429496,53.99489899265007,1,0.8505859375,57.85
bench_detect_20260905_2011,ncnn,320,2,472,18.645787000423297,53.631418184563515,1,0.85595703125,58.95
bench_detect_20260905_2011,ncnn,320,2,473,18.73150900064502,53.385981875008845,3,0.87451171875,58.4
bench_detect_20260905_2011,ncnn,320,2,474,18.620804999955,53.703371041285095,1,0.8447265625,58.4
bench_detect_20260905_2011,ncnn,320,2,475,18.586434998724144,53.80267921570998,1,0.84765625,58.4
bench_detect_20260905_2011,ncnn,320,2,476,18.64215699970373,53.64186129404942,1,0.85498046875,58.95
bench_detect_20260905_2011,ncnn,320,2,477,18.610120001540054,53.73420482604338,1,0.83935546875,58.4
bench_detect_20260905_2011,ncnn,320,2,478,18.777899000269827,53.254094080793095,2,0.8525390625,58.4
bench_detect_20260905_2011,ncnn,320,2,479,18.59899100236362,53.76635753374561,1,0.82666015625,58.95
bench_detect_20260905_2011,ncnn,320,2,480,20.792115999938687,48.09515298986158,1,0.83544921875,57.85
bench_detect_20260905_2011,ncnn,320,2,481,18.844195998099167,53.06673737106486,3,0.8310546875,59.5
bench_detect_20260905_2011,ncnn,320,2,482,18.688731997826835,53.50817808914388,1,0.83251953125,58.4
bench_detect_20260905_2011,ncnn,320,2,483,18.716917002166156,53.427602413595544,1,0.87890625,58.95
bench_detect_20260905_2011,ncnn,320,2,484,19.87953500065487,50.302987467617235,3,0.8505859375,58.95
bench_detect_20260905_2011,ncnn,320,2,485,19.289179999759654,51.84253555684898,1,0.87060546875,58.95
bench_detect_20260905_2011,ncnn,320,2,486,18.7221390006016,53.412700331295845,2,0.8818359375,57.85
bench_detect_20260905_2011,ncnn,320,2,487,18.7542690000555,53.321193163915936,2,0.87060546875,58.95
bench_detect_20260905_2011,ncnn,320,2,488,18.660195000848034,53.59000803338625,1,0.8291015625,59.5
bench_detect_20260905_2011,ncnn,320,2,489,18.691027999011567,53.50160515798718,3,0.853515625,58.95
bench_detect_20260905_2011,ncnn,320,2,490,18.81512099862448,53.1487413805687,1,0.853515625,59.5
bench_detect_20260905_2011,ncnn,320,2,491,18.612602001667256,53.727039341969665,2,0.857421875,58.95
bench_detect_20260905_2011,ncnn,320,2,492,18.68789899890544,53.51056317559136,1,0.84765625,58.95
bench_detect_20260905_2011,ncnn,320,2,493,18.582565000542672,53.813884141979145,1,0.857421875,58.95
bench_detect_20260905_2011,ncnn,320,2,494,18.628824000188615,53.6802537825187,1,0.8662109375,59.5
bench_detect_20260905_2011,ncnn,320,2,495,18.58787899982417,53.79849954959678,1,0.8525390625,58.4
bench_detect_20260905_2011,ncnn,320,2,496,18.644286999915494,53.635733026665626,1,0.8408203125,58.95
bench_detect_20260905_2011,ncnn,320,2,497,18.517989999963902,54.00154120409123,1,0.86181640625,57.85
bench_detect_20260905_2011,ncnn,320,2,498,18.755601999146165,53.317403517387724,2,0.86181640625,59.5
bench_detect_20260905_2011,ncnn,320,2,499,18.79076900149812,53.21761977491574,1,0.86474609375,58.95
bench_detect_20260905_2011,ncnn,320,4,0,16.367847001674818,61.09539024269205,1,0.85498046875,60.05
bench_detect_20260905_2011,ncnn,320,4,1,16.428958002506988,60.86813295447005,3,0.857421875,60.6
bench_detect_20260905_2011,ncnn,320,4,2,16.366957999707665,61.09870875320028,1,0.876953125,60.05
bench_detect_20260905_2011,ncnn,320,4,3,16.33771599881584,61.208066052346624,1,0.85107421875,59.5
bench_detect_20260905_2011,ncnn,320,4,4,16.320623999490635,61.272167046505686,1,0.85693359375,60.6
bench_detect_20260905_2011,ncnn,320,4,5,16.381715999159496,61.0436660024693,1,0.88330078125,60.6
bench_detect_20260905_2011,ncnn,320,4,6,16.286753001622856,61.399592656704336,1,0.83642578125,60.05
bench_detect_20260905_2011,ncnn,320,4,7,16.33771699926001,61.20806230425544,1,0.84765625,60.6
bench_detect_20260905_2011,ncnn,320,4,8,16.351457001292147,61.156629645968344,1,0.88818359375,58.95
bench_detect_20260905_2011,ncnn,320,4,9,16.430087001936045,60.863950378483366,3,0.85498046875,60.6
bench_detect_20260905_2011,ncnn,320,4,10,16.398717001720797,60.98038034896664,2,0.85693359375,60.05
bench_detect_20260905_2011,ncnn,320,4,11,16.334216998075135,61.2211776124832,1,0.86279296875,58.95
bench_detect_20260905_2011,ncnn,320,4,12,16.332808998413384,61.226455296032846,1,0.8408203125,59.5
bench_detect_20260905_2011,ncnn,320,4,13,16.414236000855453,60.922725855037264,2,0.8310546875,59.5
bench_detect_20260905_2011,ncnn,320,4,14,16.401606000727043,60.96963918994716,2,0.8642578125,60.05
bench_detect_20260905_2011,ncnn,320,4,15,16.35299400004442,61.15088160597893,2,0.869140625,60.6
bench_detect_20260905_2011,ncnn,320,4,16,16.36451300146291,61.107837423002124,2,0.8447265625,59.5
bench_detect_20260905_2011,ncnn,320,4,17,16.32147599957534,61.26896856791741,1,0.818359375,61.15
bench_detect_20260905_2011,ncnn,320,4,18,16.416586997365812,60.91400119650077,3,0.83642578125,60.6
bench_detect_20260905_2011,ncnn,320,4,19,16.347624001355143,61.17096893818359,2,0.89208984375,60.6
bench_detect_20260905_2011,ncnn,320,4,20,16.346958000212908,61.173461141025484,1,0.87744140625,60.05
bench_detect_20260905_2011,ncnn,320,4,21,16.332623999915086,61.22714880384187,1,0.84228515625,59.5
bench_detect_20260905_2011,ncnn,320,4,22,16.375180002796696,61.06803099747369,1,0.8759765625,60.6
bench_detect_20260905_2011,ncnn,320,4,23,16.404365000198595,60.95938489468466,1,0.86865234375,61.15
bench_detect_20260905_2011,ncnn,320,4,24,16.392790999816498,61.00242478606566,1,0.79248046875,59.5
bench_detect_20260905_2011,ncnn,320,4,25,16.54266299738083,60.44975951927015,1,0.84765625,60.6
bench_detect_20260905_2011,ncnn,320,4,26,16.492050999659114,60.635272109009954,2,0.8525390625,59.5
bench_detect_20260905_2011,ncnn,320,4,27,16.75540499854833,59.68223388731212,3,0.85595703125,60.6
bench_detect_20260905_2011,ncnn,320,4,28,21.218395999312634,47.12891587245308,2,0.85546875,58.95
bench_detect_20260905_2011,ncnn,320,4,29,16.525977000128478,60.51079461094649,1,0.84765625,60.6
bench_detect_20260905_2011,ncnn,320,4,30,16.578552000282798,60.31889877855086,3,0.82958984375,58.95
bench_detect_20260905_2011,ncnn,320,4,31,17.836412000178825,56.065087529373855,1,0.83056640625,60.6
bench_detect_20260905_2011,ncnn,320,4,32,18.281229000422172,54.70091753551727,1,0.85400390625,59.5
bench_detect_20260905_2011,ncnn,320,4,33,16.4321980009845,60.85613135504375,1,0.853515625,60.6
bench_detect_20260905_2011,ncnn,320,4,34,16.42549499956658,60.88096584160093,1,0.8720703125,60.05
bench_detect_20260905_2011,ncnn,320,4,35,16.392680001445115,61.0028378466391,1,0.85107421875,59.5
bench_detect_20260905_2011,ncnn,320,4,36,16.438698999991175,60.83206462996475,1,0.83935546875,59.5
bench_detect_20260905_2011,ncnn,320,4,37,16.33069799936493,61.234369776410546,1,0.8603515625,61.15
bench_detect_20260905_2011,ncnn,320,4,38,16.50158800111967,60.600228289068156,1,0.8525390625,60.6
bench_detect_20260905_2011,ncnn,320,4,39,16.33692000177689,61.211048342725235,1,0.8662109375,59.5
bench_detect_20260905_2011,ncnn,320,4,40,16.385179998906096,61.03076072809464,1,0.8310546875,61.15
bench_detect_20260905_2011,ncnn,320,4,41,16.35736500247731,61.13454091466143,1,0.85498046875,60.6
bench_detect_20260905_2011,ncnn,320,4,42,16.414457000792027,60.921905607462264,3,0.86865234375,61.15
bench_detect_20260905_2011,ncnn,320,4,43,16.243270998529624,61.56395470410622,1,0.8525390625,61.15
bench_detect_20260905_2011,ncnn,320,4,44,16.303272001096047,61.33738061493247,1,0.83203125,60.05
bench_detect_20260905_2011,ncnn,320,4,45,16.31512399762869,61.292822545838106,1,0.85205078125,61.15
bench_detect_20260905_2011,ncnn,320,4,46,16.29388299988932,61.3727249672035,1,0.84912109375,60.6
bench_detect_20260905_2011,ncnn,320,4,47,16.413384000770748,60.92588828440506,3,0.8525390625,60.6
bench_detect_20260905_2011,ncnn,320,4,48,16.428217000793666,60.87087843748892,1,0.86474609375,60.6
bench_detect_20260905_2011,ncnn,320,4,49,16.378958000132116,61.05394494521165,1,0.83447265625,60.05
bench_detect_20260905_2011,ncnn,320,4,50,16.46790199811221,60.72418940279305,1,0.8720703125,61.15
bench_detect_20260905_2011,ncnn,320,4,51,16.45314399866038,60.77865726340329,2,0.86767578125,60.6
bench_detect_20260905_2011,ncnn,320,4,52,16.34534600088955,61.17949414748258,1,0.85205078125,60.05
bench_detect_20260905_2011,ncnn,320,4,53,16.30199400096899,61.34218917885506,1,0.86572265625,60.05
bench_detect_20260905_2011,ncnn,320,4,54,16.374717000871897,61.0697577214161,1,0.857421875,60.6
bench_detect_20260905_2011,ncnn,320,4,55,16.290679002850084,61.384795552416705,1,0.88427734375,60.6
bench_detect_20260905_2011,ncnn,320,4,56,16.311364001012407,61.306951395231714,1,0.8720703125,60.6
bench_detect_20260905_2011,ncnn,320,4,57,16.305845998431323,61.32769805971449,1,0.849609375,61.15
bench_detect_20260905_2011,ncnn,320,4,58,16.32290199995623,61.2636159919775,1,0.86328125,60.6
bench_detect_20260905_2011,ncnn,320,4,59,16.415160996984923,60.919292852727814,2,0.857421875,60.05
bench_detect_20260905_2011,ncnn,320,4,60,16.358012999262428,61.13211916661818,1,0.8671875,61.15
bench_detect_20260905_2011,ncnn,320,4,61,16.327031000400893,61.24812282009179,1,0.86572265625,61.15
bench_detect_20260905_2011,ncnn,320,4,62,16.431790998467477,60.85763871347108,3,0.8896484375,60.6
bench_detect_20260905_2011,ncnn,320,4,63,16.314420001435792,61.29546743996982,1,0.81396484375,60.6
bench_detect_20260905_2011,ncnn,320,4,64,16.353512997739017,61.14894091185525,1,0.85205078125,59.5
bench_detect_20260905_2011,ncnn,320,4,65,16.28014200105099,61.424525654348926,1,0.83203125,61.15
bench_detect_20260905_2011,ncnn,320,4,66,16.41116099926876,60.9341411033965,1,0.857421875,60.6
bench_detect_20260905_2011,ncnn,320,4,67,16.417032002209453,60.91235004387011,1,0.86181640625,61.15
bench_detect_20260905_2011,ncnn,320,4,68,16.26673400096479,61.475155365587796,1,0.83447265625,60.6
bench_detect_20260905_2011,ncnn,320,4,69,16.316419998474885,61.28795410350256,1,0.86328125,61.15
bench_detect_20260905_2011,ncnn,320,4,70,16.683236997778295,59.94040605747973,1,0.85595703125,60.05
bench_detect_20260905_2011,ncnn,320,4,71,16.41756900062319,60.91035767609939,2,0.8447265625,60.6
bench_detect_20260905_2011,ncnn,320,4,72,16.344198000297183,61.183791335727655,1,0.85546875,59.5
bench_detect_20260905_2011,ncnn,320,4,73,16.336789998604218,61.21153544150583,1,0.86181640625,61.15
bench_detect_20260905_2011,ncnn,320,4,74,16.327993998856982,61.244510505699814,1,0.86572265625,60.6
bench_detect_20260905_2011,ncnn,320,4,75,16.349660996638704,61.16334768076158,1,0.8271484375,61.15
bench_detect_20260905_2011,ncnn,320,4,76,16.726145000575343,59.78663941784566,1,0.84423828125,61.15
bench_detect_20260905_2011,ncnn,320,4,77,16.417625000030966,60.91014991499159,1,0.84912109375,60.6
bench_detect_20260905_2011,ncnn,320,4,78,16.40597600271576,60.953398922104064,1,0.8310546875,60.6
bench_detect_20260905_2011,ncnn,320,4,79,16.40786500138347,60.94638150153494,1,0.87890625,61.15
bench_detect_20260905_2011,ncnn,320,4,80,16.30760500120232,61.32108301165453,1,0.8603515625,61.7
bench_detect_20260905_2011,ncnn,320,4,81,16.360438999981852,61.12305421640026,2,0.84619140625,60.6
bench_detect_20260905_2011,ncnn,320,4,82,16.359567998733837,61.126308474490024,1,0.85498046875,61.15
bench_detect_20260905_2011,ncnn,320,4,83,16.444013999716844,60.81240261758591,2,0.85888671875,61.15
bench_detect_20260905_2011,ncnn,320,4,84,16.35908800017205,61.128102006021535,1,0.8427734375,61.15
bench_detect_20260905_2011,ncnn,320,4,85,16.500624999025604,60.603765012479954,2,0.83740234375,60.6
bench_detect_20260905_2011,ncnn,320,4,86,16.299770999467,61.35055517238247,1,0.86572265625,60.6
bench_detect_20260905_2011,ncnn,320,4,87,16.33304999995744,61.22555187197773,1,0.83251953125,61.7
bench_detect_20260905_2011,ncnn,320,4,88,16.40634700015653,60.952020580233935,2,0.84716796875,61.7
bench_detect_20260905_2011,ncnn,320,4,89,18.972288999066222,52.70845284136342,3,0.85693359375,60.6
bench_detect_20260905_2011,ncnn,320,4,90,19.5543669979088,51.13947181757113,2,0.8798828125,61.15
bench_detect_20260905_2011,ncnn,320,4,91,18.889677001425298,52.93896766601918,3,0.8408203125,60.6
bench_detect_20260905_2011,ncnn,320,4,92,17.529483997350326,57.046744795862516,1,0.83984375,60.6
bench_detect_20260905_2011,ncnn,320,4,93,16.68344100107788,59.9396731127225,2,0.8505859375,60.6
bench_detect_20260905_2011,ncnn,320,4,94,16.34705000105896,61.17311685810101,1,0.87158203125,60.05
bench_detect_20260905_2011,ncnn,320,4,95,16.62314499844797,60.157088210044826,1,0.87060546875,60.6
bench_detect_20260905_2011,ncnn,320,4,96,16.32743899972411,61.24659231719668,1,0.85107421875,60.05
bench_detect_20260905_2011,ncnn,320,4,97,16.52360700245481,60.51947373545232,4,0.83935546875,59.5
bench_detect_20260905_2011,ncnn,320,4,98,16.529755001101876,60.4969644095354,1,0.85595703125,60.05
bench_detect_20260905_2011,ncnn,320,4,99,16.330919999745674,61.23353736443343,1,0.89208984375,61.7
bench_detect_20260905_2011,ncnn,320,4,100,16.352623999409843,61.15226522887638,1,0.86328125,60.6
bench_detect_20260905_2011,ncnn,320,4,101,16.381290999561315,61.04524973195212,2,0.86181640625,61.15
bench_detect_20260905_2011,ncnn,320,4,102,16.345383002771996,61.17935565232158,1,0.822265625,59.5
bench_detect_20260905_2011,ncnn,320,4,103,16.30760499756434,61.32108302533433,1,0.86865234375,60.05
bench_detect_20260905_2011,ncnn,320,4,104,16.33253099862486,61.22749744569267,1,0.8408203125,61.7
bench_detect_20260905_2011,ncnn,320,4,105,16.3576800005103,61.13336365357457,2,0.84716796875,60.6
bench_detect_20260905_2011,ncnn,320,4,106,16.39573599823052,60.99146754423974,2,0.86328125,61.15
bench_detect_20260905_2011,ncnn,320,4,107,16.384106002078624,61.03476136403974,2,0.84130859375,61.15
bench_detect_20260905_2011,ncnn,320,4,108,16.47864300321089,60.68460854483882,2,0.85107421875,61.15
bench_detect_20260905_2011,ncnn,320,4,109,16.33940099782194,61.201753976984904,1,0.85693359375,60.05
bench_detect_20260905_2011,ncnn,320,4,110,16.28919699942344,61.39038038740616,1,0.83935546875,61.15
bench_detect_20260905_2011,ncnn,320,4,111,16.536513998289593,60.472237383491596,1,0.86279296875,61.7
bench_detect_20260905_2011,ncnn,320,4,112,16.344790001312504,61.181575286051334,1,0.853515625,61.15
bench_detect_20260905_2011,ncnn,320,4,113,16.358198001398705,61.13142779629487,1,0.845703125,60.6
bench_detect_20260905_2011,ncnn,320,4,114,16.32832699760911,61.24326148946098,1,0.84130859375,61.15
bench_detect_20260905_2011,ncnn,320,4,115,16.363049999199575,61.11330100738656,1,0.82666015625,60.05
bench_detect_20260905_2011,ncnn,320,4,116,16.412680000939872,60.928501618427646,2,0.8642578125,61.7
bench_detect_20260905_2011,ncnn,320,4,117,16.456773002573755,60.76525451518382,3,0.85986328125,61.15
bench_detect_20260905_2011,ncnn,320,4,118,16.459069000120508,60.75677791937554,3,0.85546875,60.05
bench_detect_20260905_2011,ncnn,320,4,119,16.374475999327842,61.07065655359287,2,0.876953125,60.6
bench_detect_20260905_2011,ncnn,320,4,120,16.337327000655932,61.2095234403921,1,0.88427734375,61.15
bench_detect_20260905_2011,ncnn,320,4,121,16.286272002616897,61.40140603321121,1,0.8505859375,60.05
bench_detect_20260905_2011,ncnn,320,4,122,16.415272002632264,60.91888089576861,2,0.87353515625,61.15
bench_detect_20260905_2011,ncnn,320,4,123,16.351031001249794,61.15822298444452,1,0.8251953125,60.6
bench_detect_20260905_2011,ncnn,320,4,124,16.286938000121154,61.398895236941485,1,0.87060546875,60.6
bench_detect_20260905_2011,ncnn,320,4,125,16.394753998611122,60.99512076147741,2,0.875,60.05
bench_detect_20260905_2011,ncnn,320,4,126,16.327771998476237,61.245343216044624,2,0.83935546875,61.15
bench_detect_20260905_2011,ncnn,320,4,127,16.29882700217422,61.35410848072703,1,0.8671875,58.95
bench_detect_20260905_2011,ncnn,320,4,128,16.410254000220448,60.93750894937802,2,0.875,60.05
bench_detect_20260905_2011,ncnn,320,4,129,16.326124001352582,61.251525464167266,1,0.85693359375,61.7
bench_detect_20260905_2011,ncnn,320,4,130,16.328124002029654,61.2440228819732,2,0.85400390625,61.7
bench_detect_20260905_2011,ncnn,320,4,131,16.387125000619562,61.02351693553275,1,0.79638671875,61.15
bench_detect_20260905_2011,ncnn,320,4,132,16.444346998468973,60.81117116375029,1,0.84814453125,61.7
bench_detect_20260905_2011,ncnn,320,4,133,16.384624999773223,61.032828033222664,1,0.84326171875,61.15
bench_detect_20260905_2011,ncnn,320,4,134,16.294437999022193,61.37063457236197,1,0.85546875,60.6
bench_detect_20260905_2011,ncnn,320,4,135,16.351717000361532,61.15565723024012,1,0.87060546875,60.6
bench_detect_20260905_2011,ncnn,320,4,136,16.33706800203072,61.21049382151673,1,0.8720703125,62.25
bench_detect_20260905_2011,ncnn,320,4,137,16.404253998189233,60.959797386116065,2,0.8603515625,60.6
bench_detect_20260905_2011,ncnn,320,4,138,16.337289998773485,61.20966207217198,1,0.8720703125,62.25
bench_detect_20260905_2011,ncnn,320,4,139,16.34677199763246,61.17415720637887,2,0.8603515625,61.15
bench_detect_20260905_2011,ncnn,320,4,140,16.352105998521438,61.15420240612556,1,0.84765625,60.6
bench_detect_20260905_2011,ncnn,320,4,141,16.440125000372063,60.82678811611034,1,0.8583984375,61.7
bench_detect_20260905_2011,ncnn,320,4,142,16.394865000620484,60.994707791869814,1,0.84326171875,60.05
bench_detect_20260905_2011,ncnn,320,4,143,16.35028999953647,61.16099469968727,1,0.84912109375,61.15
bench_detect_20260905_2011,ncnn,320,4,144,16.53669900042587,60.471560858321666,3,0.875,60.6
bench_detect_20260905_2011,ncnn,320,4,145,16.4088100027584,60.942871532542284,1,0.8662109375,60.05
bench_detect_20260905_2011,ncnn,320,4,146,16.40086499901372,60.97239383777233,1,0.86474609375,60.6
bench_detect_20260905_2011,ncnn,320,4,147,16.491420999955153,60.63758847722821,3,0.8447265625,61.15
bench_detect_20260905_2011,ncnn,320,4,148,16.34566100256052,61.17831514084085,1,0.8447265625,60.6
bench_detect_20260905_2011,ncnn,320,4,149,16.342771999916295,61.189129971654864,1,0.85400390625,61.7
bench_detect_20260905_2011,ncnn,320,4,150,16.337809000106063,61.207717631752715,1,0.83447265625,60.05
bench_detect_20260905_2011,ncnn,320,4,151,23.926432000735076,41.79478160259238,2,0.85693359375,61.15
bench_detect_20260905_2011,ncnn,320,4,152,17.59863200277323,56.822598474837015,2,0.85107421875,61.15
bench_detect_20260905_2011,ncnn,320,4,153,16.470123999170028,60.71599704109044,1,0.83642578125,60.05
bench_detect_20260905_2011,ncnn,320,4,154,16.3626240027952,61.114892075327994,1,0.8388671875,60.05
bench_detect_20260905_2011,ncnn,320,4,155,16.319382997608045,61.276826467432706,1,0.84619140625,61.15
bench_detect_20260905_2011,ncnn,320,4,156,16.297217000101227,61.36016965312474,1,0.86474609375,62.25
bench_detect_20260905_2011,ncnn,320,4,157,16.36268000220298,61.11468291657391,1,0.857421875,61.15
bench_detect_20260905_2011,ncnn,320,4,158,16.548365998460213,60.42892694620409,1,0.86767578125,61.15
bench_detect_20260905_2011,ncnn,320,4,159,16.435569003078854,60.84364951482187,1,0.873046875,62.25
bench_detect_20260905_2011,ncnn,320,4,160,16.316864999680547,61.2862826296337,1,0.86767578125,61.7
bench_detect_20260905_2011,ncnn,320,4,161,16.36919799784664,61.090347867473376,1,0.85400390625,62.25
bench_detect_20260905_2011,ncnn,320,4,162,16.349475998140406,61.16403975966816,1,0.83740234375,61.15
bench_detect_20260905_2011,ncnn,320,4,163,16.347586999472696,61.1711073953762,1,0.85205078125,61.15
bench_detect_20260905_2011,ncnn,320,4,164,16.31529099904583,61.29219515965013,1,0.86181640625,60.6
bench_detect_20260905_2011,ncnn,320,4,165,16.384197999286698,61.034418654091944,1,0.869140625,61.15
bench_detect_20260905_2011,ncnn,320,4,166,16.391605000535492,61.00683855957555,2,0.84814453125,61.15
bench_detect_20260905_2011,ncnn,320,4,167,16.360401998099405,61.123192456772784,1,0.8447265625,61.7
bench_detect_20260905_2011,ncnn,320,4,168,16.355438998289173,61.141740072192675,1,0.892578125,61.15
bench_detect_20260905_2011,ncnn,320,4,169,16.401568002038402,60.96978044268201,1,0.8671875,62.25
bench_detect_20260905_2011,ncnn,320,4,170,16.402845998527482,60.965030098421465,3,0.86279296875,61.15
bench_detect_20260905_2011,ncnn,320,4,171,16.369883000152186,61.087791524881595,1,0.8525390625,60.6
bench_detect_20260905_2011,ncnn,320,4,172,16.37841999763623,61.05595046068682,1,0.86328125,61.15
bench_detect_20260905_2011,ncnn,320,4,173,16.368178999982774,61.094151035436035,1,0.8505859375,61.7
bench_detect_20260905_2011,ncnn,320,4,174,16.327160999935586,61.24763515248886,1,0.8857421875,61.15
bench_detect_20260905_2011,ncnn,320,4,175,16.34236500103725,61.190653858026664,1,0.85205078125,59.5
bench_detect_20260905_2011,ncnn,320,4,176,16.326715998729924,61.249304518911906,1,0.8603515625,61.15
bench_detect_20260905_2011,ncnn,320,4,177,16.38853099939297,61.0182816285999,1,0.8759765625,61.15
bench_detect_20260905_2011,ncnn,320,4,178,16.354512998077553,61.145201946248626,1,0.85107421875,62.25
bench_detect_20260905_2011,ncnn,320,4,179,16.33943899651058,61.20161164734959,1,0.87060546875,61.7
bench_detect_20260905_2011,ncnn,320,4,180,16.390790999139426,61.00986828838849,1,0.853515625,62.25
bench_detect_20260905_2011,ncnn,320,4,181,16.388938998716185,61.0167625908141,2,0.845703125,61.7
bench_detect_20260905_2011,ncnn,320,4,182,16.409829000622267,60.93908717525817,2,0.8427734375,61.7
bench_detect_20260905_2011,ncnn,320,4,183,16.51003200095147,60.56923450798704,5,0.85498046875,60.6
bench_detect_20260905_2011,ncnn,320,4,184,16.357734999473905,61.13315810729064,1,0.8583984375,61.15
bench_detect_20260905_2011,ncnn,320,4,185,16.358216002117842,61.13136052675508,1,0.85888671875,60.6
bench_detect_20260905_2011,ncnn,320,4,186,16.395161001128145,60.99360658496677,1,0.83984375,61.7
bench_detect_20260905_2011,ncnn,320,4,187,16.30730900069466,61.3221960752324,1,0.84912109375,60.6
bench_detect_20260905_2011,ncnn,320,4,188,16.5145319988369,60.5527301694307,2,0.84326171875,61.15
bench_detect_20260905_2011,ncnn,320,4,189,16.41780900172307,60.90946726783389,2,0.83251953125,61.15
bench_detect_20260905_2011,ncnn,320,4,190,16.294548997393576,61.37021651596229,1,0.8505859375,61.7
bench_detect_20260905_2011,ncnn,320,4,191,16.287104997900315,61.39826569110453,1,0.8408203125,62.25
bench_detect_20260905_2011,ncnn,320,4,192,16.342624003300443,61.18968409222698,1,0.86181640625,61.15
bench_detect_20260905_2011,ncnn,320,4,193,16.39554999928805,60.99215946055017,1,0.837890625,61.15
bench_detect_20260905_2011,ncnn,320,4,194,16.35717899989686,61.13523609457997,1,0.83935546875,60.05
bench_detect_20260905_2011,ncnn,320,4,195,16.336994001903804,61.2107710808651,1,0.85205078125,60.05
bench_detect_20260905_2011,ncnn,320,4,196,16.376771996874595,61.062094544080104,1,0.8671875,62.25
bench_detect_20260905_2011,ncnn,320,4,197,16.24303100106772,61.564864336851045,1,0.873046875,60.05
bench_detect_20260905_2011,ncnn,320,4,198,16.40956900155288,60.94005271591029,3,0.8203125,61.7
bench_detect_20260905_2011,ncnn,320,4,199,16.289290000713663,61.39002988811595,1,0.85546875,61.15
bench_detect_20260905_2011,ncnn,320,4,200,16.37325400224654,61.07521448471954,2,0.857421875,61.7
bench_detect_20260905_2011,ncnn,320,4,201,16.309087000990985,61.31551079096195,1,0.8525390625,60.6
bench_detect_20260905_2011,ncnn,320,4,202,16.350050002074568,61.16189246351635,1,0.82958984375,61.7
bench_detect_20260905_2011,ncnn,320,4,203,16.32180900196545,61.26771854024155,1,0.88330078125,61.15
bench_detect_20260905_2011,ncnn,320,4,204,16.37336400017375,61.074804175207255,1,0.8720703125,61.7
bench_detect_20260905_2011,ncnn,320,4,205,16.33271699756733,61.2268001795993,1,0.8583984375,62.25
bench_detect_20260905_2011,ncnn,320,4,206,16.29184499688563,61.380402292752066,2,0.87353515625,60.6
bench_detect_20260905_2011,ncnn,320,4,207,16.407958002673695,60.94603605378859,2,0.8720703125,62.25
bench_detect_20260905_2011,ncnn,320,4,208,16.404198002419434,60.96000547253278,2,0.84765625,61.7
bench_detect_20260905_2011,ncnn,320,4,209,16.3041610030632,61.33403612808544,1,0.8427734375,61.7
bench_detect_20260905_2011,ncnn,320,4,210,16.325623000739142,61.253405150585984,1,0.8271484375,61.7
bench_detect_20260905_2011,ncnn,320,4,211,16.33377200050745,61.222845523307925,1,0.8857421875,60.6
bench_detect_20260905_2011,ncnn,320,4,212,26.157316999160685,38.230220631270676,1,0.84765625,60.6
bench_detect_20260905_2011,ncnn,320,4,213,16.551495999010513,60.417499424812256,2,0.85546875,61.15
bench_detect_20260905_2011,ncnn,320,4,214,16.552273998968303,60.41465964509345,2,0.88818359375,61.7
bench_detect_20260905_2011,ncnn,320,4,215,16.43951300138724,60.82905253431872,1,0.8525390625,61.15
bench_detect_20260905_2011,ncnn,320,4,216,16.315642002155073,61.29087656298868,1,0.85693359375,61.7
bench_detect_20260905_2011,ncnn,320,4,217,16.329013000358827,61.24068858160779,1,0.83251953125,61.15
bench_detect_20260905_2011,ncnn,320,4,218,16.470402999402722,60.71496854304437,1,0.84765625,62.25
bench_detect_20260905_2011,ncnn,320,4,219,16.356013002223335,61.139594341485676,1,0.81640625,61.7
bench_detect_20260905_2011,ncnn,320,4,220,16.33038299769396,61.23555094459277,1,0.84326171875,61.15
bench_detect_20260905_2011,ncnn,320,4,221,16.396513001382118,60.988577261257106,1,0.84326171875,62.25
bench_detect_20260905_2011,ncnn,320,4,222,16.380624001612887,61.04773541603402,1,0.869140625,61.15
bench_detect_20260905_2011,ncnn,320,4,223,16.333401999872876,61.224232404723956,1,0.86767578125,62.25
bench_detect_20260905_2011,ncnn,320,4,224,16.409791001933627,60.939228286464235,2,0.8583984375,61.15
bench_detect_20260905_2011,ncnn,320,4,225,16.323252999427496,61.26229863833348,1,0.85205078125,62.25
bench_detect_20260905_2011,ncnn,320,4,226,16.27093799834256,61.45927174584926,1,0.83935546875,61.15
bench_detect_20260905_2011,ncnn,320,4,227,16.581495001446456,60.30819295321483,5,0.8310546875,60.05
bench_detect_20260905_2011,ncnn,320,4,228,16.517495998414233,60.541864220581935,4,0.87890625,61.15
bench_detect_20260905_2011,ncnn,320,4,229,16.381772999011446,61.043453602997964,1,0.8671875,61.7
bench_detect_20260905_2011,ncnn,320,4,230,16.35656800135621,61.13751979737343,1,0.845703125,61.7
bench_detect_20260905_2011,ncnn,320,4,231,16.35253199856379,61.152609277133834,1,0.84326171875,61.15
bench_detect_20260905_2011,ncnn,320,4,232,16.320679998898413,61.27195680985697,1,0.8603515625,61.7
bench_detect_20260905_2011,ncnn,320,4,233,16.340569000021787,61.19737935678168,1,0.85205078125,62.25
bench_detect_20260905_2011,ncnn,320,4,234,16.497346998221474,60.61580689960675,1,0.85888671875,61.15
bench_detect_20260905_2011,ncnn,320,4,235,16.306920002534753,61.32365890337107,1,0.85693359375,61.15
bench_detect_20260905_2011,ncnn,320,4,236,16.285048997815466,61.40601726983711,1,0.85546875,62.25
bench_detect_20260905_2011,ncnn,320,4,237,16.32523499938543,61.25486095836571,1,0.84716796875,61.15
bench_detect_20260905_2011,ncnn,320,4,238,16.555365997191984,60.40337617239109,5,0.8408203125,61.7
bench_detect_20260905_2011,ncnn,320,4,239,16.267456998320995,61.47242313922899,1,0.8310546875,61.15
bench_detect_20260905_2011,ncnn,320,4,240,16.384253998694476,61.034210045796506,2,0.853515625,60.05
bench_detect_20260905_2011,ncnn,320,4,241,16.331474998878548,61.231456440319576,1,0.86328125,61.15
bench_detect_20260905_2011,ncnn,320,4,242,16.30792000287329,61.319898541555894,1,0.87841796875,61.7
bench_detect_20260905_2011,ncnn,320,4,243,16.31601299959584,61.28948291624741,2,0.845703125,60.6
bench_detect_20260905_2011,ncnn,320,4,244,16.289864001009846,61.38786670889381,1,0.84912109375,61.15
bench_detect_20260905_2011,ncnn,320,4,245,16.304754000884714,61.3318054320684,1,0.82568359375,61.7
bench_detect_20260905_2011,ncnn,320,4,246,16.301679002935998,61.34337449657155,1,0.8505859375,61.15
bench_detect_20260905_2011,ncnn,320,4,247,16.337124001438497,61.2102840078798,1,0.84423828125,61.15
bench_detect_20260905_2011,ncnn,320,4,248,16.284549001284176,61.40790266412299,1,0.857421875,61.7
bench_detect_20260905_2011,ncnn,320,4,249,16.311734001646983,61.30556076374411,1,0.84228515625,62.25
bench_detect_20260905_2011,ncnn,320,4,250,16.30464200206916,61.33222672862697,1,0.857421875,61.7
bench_detect_20260905_2011,ncnn,320,4,251,16.31725300103426,61.284825327928395,1,0.88330078125,62.25
bench_detect_20260905_2011,ncnn,320,4,252,16.30186499824049,61.34267460244169,1,0.8603515625,61.7
bench_detect_20260905_2011,ncnn,320,4,253,16.410569001891417,60.936339250926885,2,0.87890625,61.7
bench_detect_20260905_2011,ncnn,320,4,254,16.378326999983983,61.05629714200833,2,0.84130859375,61.15
bench_detect_20260905_2011,ncnn,320,4,255,16.262271001323825,61.49202653913438,1,0.845703125,61.7
bench_detect_20260905_2011,ncnn,320,4,256,16.363623999495758,61.111157285868636,1,0.83740234375,61.7
bench_detect_20260905_2011,ncnn,320,4,257,16.33725400097319,61.20979694264601,1,0.8291015625,61.7
bench_detect_20260905_2011,ncnn,320,4,258,16.317605000949698,61.28350330466997,1,0.8271484375,61.7
bench_detect_20260905_2011,ncnn,320,4,259,16.321659997629467,61.268277867890795,1,0.86572265625,60.6
bench_detect_20260905_2011,ncnn,320,4,260,16.248697000264656,61.54339637102669,1,0.85693359375,61.15
bench_detect_20260905_2011,ncnn,320,4,261,16.328437999618473,61.242845152939054,1,0.85205078125,61.15
bench_detect_20260905_2011,ncnn,320,4,262,16.358308999770088,61.13101299248319,1,0.85498046875,61.15
bench_detect_20260905_2011,ncnn,320,4,263,16.306587000144646,61.32491121478269,1,0.85595703125,61.15
bench_detect_20260905_2011,ncnn,320,4,264,16.325180000421824,61.25506732386174,1,0.87841796875,62.25
bench_detect_20260905_2011,ncnn,320,4,265,16.421031999925617,60.89751240997093,1,0.85888671875,62.8
bench_detect_20260905_2011,ncnn,320,4,266,16.315124001266668,61.29282253217091,1,0.857421875,61.7
bench_detect_20260905_2011,ncnn,320,4,267,16.342123999493197,61.19155625248053,1,0.8642578125,61.7
bench_detect_20260905_2011,ncnn,320,4,268,16.341678998287534,61.193222563286874,1,0.85986328125,61.7
bench_detect_20260905_2011,ncnn,320,4,269,16.362605998438084,61.11495932221655,1,0.85888671875,61.7
bench_detect_20260905_2011,ncnn,320,4,270,16.331086000718642,61.232914942459765,2,0.84228515625,61.7
bench_detect_20260905_2011,ncnn,320,4,271,16.298513000947423,61.35529050667816,1,0.8359375,59.5
bench_detect_20260905_2011,ncnn,320,4,272,18.997010996827157,52.63986003729839,1,0.849609375,61.7
bench_detect_20260905_2011,ncnn,320,4,273,18.43897099752212,54.232961271775025,2,0.81591796875,61.7
bench_detect_20260905_2011,ncnn,320,4,274,21.331396001187386,46.879257219937045,1,0.84765625,62.25
bench_detect_20260905_2011,ncnn,320,4,275,16.514199000084773,60.55395117830823,1,0.82958984375,61.15
bench_detect_20260905_2011,ncnn,320,4,276,16.44703199781361,60.8012436610408,1,0.84912109375,61.15
bench_detect_20260905_2011,ncnn,320,4,277,16.36984699871391,61.08792587240214,1,0.85546875,61.7
bench_detect_20260905_2011,ncnn,320,4,278,16.456143002869794,60.767580825325204,1,0.8603515625,60.6
bench_detect_20260905_2011,ncnn,320,4,279,16.336197997588897,61.213753662118485,1,0.86767578125,61.7
bench_detect_20260905_2011,ncnn,320,4,280,16.416975999163697,60.91255783348537,1,0.8720703125,61.7
bench_detect_20260905_2011,ncnn,320,4,281,16.387550000217743,61.02193433348566,1,0.83251953125,61.7
bench_detect_20260905_2011,ncnn,320,4,282,16.37960500011104,61.05153329358191,1,0.857421875,61.7
bench_detect_20260905_2011,ncnn,320,4,283,16.353365001123166,61.14949430476963,2,0.8759765625,61.15
bench_detect_20260905_2011,ncnn,320,4,284,16.36527200025739,61.10500332559533,1,0.82958984375,61.15
bench_detect_20260905_2011,ncnn,320,4,285,16.321604998665862,61.26848432379908,1,0.84326171875,61.7
bench_detect_20260905_2011,ncnn,320,4,286,16.313086001900956,61.300479865273225,1,0.82958984375,61.7
bench_detect_20260905_2011,ncnn,320,4,287,16.37014299922157,61.086821297013216,2,0.8642578125,60.6
bench_detect_20260905_2011,ncnn,320,4,288,16.38138400085154,61.04490316251776,2,0.87353515625,61.15
bench_detect_20260905_2011,ncnn,320,4,289,16.314956999849528,61.293449931202574,1,0.8720703125,60.05
bench_detect_20260905_2011,ncnn,320,4,290,16.298605001793476,61.354944174054246,1,0.861328125,62.25
bench_detect_20260905_2011,ncnn,320,4,291,16.317549998348113,61.28370987686471,1,0.8642578125,61.15
bench_detect_20260905_2011,ncnn,320,4,292,16.346216998499585,61.176234237670386,1,0.8759765625,60.6
bench_detect_20260905_2011,ncnn,320,4,293,16.4481239989982,60.79720702865,3,0.84765625,62.25
bench_detect_20260905_2011,ncnn,320,4,294,16.336067998054205,61.21424079032423,1,0.8662109375,62.25
bench_detect_20260905_2011,ncnn,320,4,295,16.345048999937717,61.18060582160448,1,0.8330078125,61.15
bench_detect_20260905_2011,ncnn,320,4,296,16.4584019985341,60.75924017951846,1,0.87353515625,61.15
bench_detect_20260905_2011,ncnn,320,4,297,16.33658600258059,61.21229979397386,1,0.8203125,61.7
bench_detect_20260905_2011,ncnn,320,4,298,16.330734997609397,61.234231046329924,1,0.833984375,62.25
bench_detect_20260905_2011,ncnn,320,4,299,16.349032001016894,61.16570081566915,1,0.85546875,61.7
bench_detect_20260905_2011,ncnn,320,4,300,16.292881999106612,61.37649557977729,1,0.86865234375,62.25
bench_detect_20260905_2011,ncnn,320,4,301,16.353809001884656,61.14783411526681,2,0.8388671875,61.7
bench_detect_20260905_2011,ncnn,320,4,302,16.287067999655847,61.398405165443556,1,0.83984375,61.15
bench_detect_20260905_2011,ncnn,320,4,303,16.33225299883634,61.22853963083044,1,0.87451171875,61.7
bench_detect_20260905_2011,ncnn,320,4,304,16.34782800101675,61.170205603937426,1,0.86328125,61.7
bench_detect_20260905_2011,ncnn,320,4,305,16.37264300006791,61.07749371899529,1,0.8193359375,62.25
bench_detect_20260905_2011,ncnn,320,4,306,16.264271002000896,61.484464927876324,1,0.8447265625,62.25
bench_detect_20260905_2011,ncnn,320,4,307,16.345921001629904,61.17734203537915,1,0.87890625,61.7
bench_detect_20260905_2011,ncnn,320,4,308,16.367068001272855,61.09829811437398,2,0.85498046875,60.6
bench_detect_20260905_2011,ncnn,320,4,309,16.447661000711378,60.798918457569684,2,0.8330078125,62.25
bench_detect_20260905_2011,ncnn,320,4,310,16.271309003059287,61.45787040317302,1,0.85498046875,62.25
bench_detect_20260905_2011,ncnn,320,4,311,16.334956999344286,61.21840418925754,1,0.8603515625,62.25
bench_detect_20260905_2011,ncnn,320,4,312,16.35875300053158,61.12935380633872,1,0.83251953125,62.25
bench_detect_20260905_2011,ncnn,320,4,313,16.37432699862984,61.07121227539167,1,0.87060546875,61.7
bench_detect_20260905_2011,ncnn,320,4,314,16.31338299921481,61.29936384428243,2,0.875,62.25
bench_detect_20260905_2011,ncnn,320,4,315,16.33723499980988,61.2098681332329,1,0.857421875,61.7
bench_detect_20260905_2011,ncnn,320,4,316,16.290734998619882,61.38458455586675,1,0.87158203125,61.7
bench_detect_20260905_2011,ncnn,320,4,317,16.413086999818916,60.92699076115498,3,0.82373046875,61.7
bench_detect_20260905_2011,ncnn,320,4,318,16.2845129998459,61.408038423345104,1,0.845703125,60.6
bench_detect_20260905_2011,ncnn,320,4,319,16.304994001984596,61.33090265953382,1,0.8310546875,60.6
bench_detect_20260905_2011,ncnn,320,4,320,16.36262299871305,61.11489582560521,1,0.84423828125,62.25
bench_detect_20260905_2011,ncnn,320,4,321,16.371919999073725,61.08019096456476,1,0.837890625,61.7
bench_detect_20260905_2011,ncnn,320,4,322,16.302809002809227,61.33912259094028,1,0.875,62.25
bench_detect_20260905_2011,ncnn,320,4,323,16.399976000684546,60.97569898628262,1,0.8642578125,61.15
bench_detect_20260905_2011,ncnn,320,4,324,16.33942099942942,61.20167905796175,1,0.8798828125,61.7
bench_detect_20260905_2011,ncnn,320,4,325,16.469292000692803,60.71906430209226,1,0.84326171875,61.7
bench_detect_20260905_2011,ncnn,320,4,326,16.369308999856003,61.089933607386655,1,0.833984375,61.7
bench_detect_20260905_2011,ncnn,320,4,327,16.41753100193455,60.91049865428399,2,0.86572265625,61.7
bench_detect_20260905_2011,ncnn,320,4,328,16.31893800004036,61.27849741187366,1,0.83935546875,62.8
bench_detect_20260905_2011,ncnn,320,4,329,16.44203199975891,60.81973323094512,2,0.869140625,61.7
bench_detect_20260905_2011,ncnn,320,4,330,16.409161002229666,60.94156793660082,2,0.8857421875,62.25
bench_detect_20260905_2011,ncnn,320,4,331,16.429808998509543,60.86498023748886,2,0.82958984375,62.25
bench_detect_20260905_2011,ncnn,320,4,332,19.512792001478374,51.248432306572816,2,0.86572265625,61.15
bench_detect_20260905_2011,ncnn,320,4,333,16.60014400113141,60.240441283632435,2,0.84423828125,62.25
bench_detect_20260905_2011,ncnn,320,4,334,16.411031003372045,60.934623778026236,1,0.8505859375,61.15
bench_detect_20260905_2011,ncnn,320,4,335,23.05674099989119,43.37126396157719,1,0.8662109375,61.7
bench_detect_20260905_2011,ncnn,320,4,336,16.505235998920398,60.5868343879124,2,0.84228515625,61.7
bench_detect_20260905_2011,ncnn,320,4,337,16.641792997688754,60.08967904713645,2,0.86328125,61.7
bench_detect_20260905_2011,ncnn,320,4,338,16.56864400138147,60.35496929722319,1,0.85498046875,60.6
bench_detect_20260905_2011,ncnn,320,4,339,16.380864999518963,61.04683727198569,1,0.86181640625,62.25
bench_detect_20260905_2011,ncnn,320,4,340,16.450125000119442,60.78981162712983,2,0.83935546875,62.25
bench_detect_20260905_2011,ncnn,320,4,341,16.28904899916961,61.39093817269372,1,0.87158203125,61.7
bench_detect_20260905_2011,ncnn,320,4,342,16.33603199661593,61.21437569460893,1,0.85498046875,61.15
bench_detect_20260905_2011,ncnn,320,4,343,16.302846001053695,61.338983385806834,1,0.83935546875,61.7
bench_detect_20260905_2011,ncnn,320,4,344,16.422347001935123,60.89263610628647,1,0.85107421875,61.7
bench_detect_20260905_2011,ncnn,320,4,345,16.24282600096194,61.5656413447252,1,0.85595703125,62.25
bench_detect_20260905_2011,ncnn,320,4,346,16.477495002618525,60.6888364912922,3,0.8505859375,61.15
bench_detect_20260905_2011,ncnn,320,4,347,16.39336500011268,61.00028883594835,1,0.8427734375,60.6
bench_detect_20260905_2011,ncnn,320,4,348,16.35938300023554,61.1269997154295,1,0.8408203125,61.15
bench_detect_20260905_2011,ncnn,320,4,349,16.361197998776333,61.1202187073826,1,0.8408203125,61.7
bench_detect_20260905_2011,ncnn,320,4,350,16.31958600046346,61.27606423175202,1,0.86328125,60.6
bench_detect_20260905_2011,ncnn,320,4,351,16.34786499926122,61.170067164439594,2,0.85595703125,61.7
bench_detect_20260905_2011,ncnn,320,4,352,16.30825399843161,61.31864270057184,1,0.83642578125,61.7
bench_detect_20260905_2011,ncnn,320,4,353,16.41080899935332,60.935448096398275,3,0.84228515625,62.25
bench_detect_20260905_2011,ncnn,320,4,354,16.307234996929765,61.32247436112097,1,0.873046875,61.7
bench_detect_20260905_2011,ncnn,320,4,355,16.353383001842303,61.14942699546291,1,0.85986328125,61.15
bench_detect_20260905_2011,ncnn,320,4,356,16.25908600180992,61.504072239281015,1,0.83740234375,62.25
bench_detect_20260905_2011,ncnn,320,4,357,16.341513000952546,61.19384416496258,1,0.8388671875,62.8
bench_detect_20260905_2011,ncnn,320,4,358,16.307049998431467,61.32317004585057,1,0.85205078125,61.7
bench_detect_20260905_2011,ncnn,320,4,359,16.328364003129536,61.24312269179799,1,0.85986328125,61.15
bench_detect_20260905_2011,ncnn,320,4,360,16.310938000970054,61.30855257622384,1,0.85888671875,61.15
bench_detect_20260905_2011,ncnn,320,4,361,16.34575300340657,61.177970803277944,2,0.8447265625,61.7
bench_detect_20260905_2011,ncnn,320,4,362,16.280678999464726,61.4224996410087,1,0.84423828125,60.6
bench_detect_20260905_2011,ncnn,320,4,363,16.30945600118139,61.31412353223579,1,0.8232421875,61.7
bench_detect_20260905_2011,ncnn,320,4,364,16.424810000899015,60.8835048895704,3,0.86865234375,62.25
bench_detect_20260905_2011,ncnn,320,4,365,16.34751300298376,61.17138428441557,1,0.875,61.7
bench_detect_20260905_2011,ncnn,320,4,366,16.415809001046,60.916888100749766,2,0.86328125,62.25
bench_detect_20260905_2011,ncnn,320,4,367,16.21153000087361,61.68449245358778,1,0.8427734375,61.15
bench_detect_20260905_2011,ncnn,320,4,368,16.36982800118858,61.08799676620866,1,0.85888671875,61.15
bench_detect_20260905_2011,ncnn,320,4,369,16.41080899935332,60.935448096398275,2,0.85546875,60.6
bench_detect_20260905_2011,ncnn,320,4,370,16.362215999834007,61.116416016641324,1,0.85498046875,61.7
bench_detect_20260905_2011,ncnn,320,4,371,16.45934699990903,60.755751732163304,3,0.8310546875,62.25
bench_detect_20260905_2011,ncnn,320,4,372,16.43795700147166,60.8348105491742,3,0.84228515625,61.7
bench_detect_20260905_2011,ncnn,320,4,373,16.3676240008499,61.096222637328076,2,0.8603515625,61.15
bench_detect_20260905_2011,ncnn,320,4,374,16.37825400030124,61.05656927665228,1,0.86767578125,62.25
bench_detect_20260905_2011,ncnn,320,4,375,16.33771599881584,61.208066052346624,1,0.8642578125,61.7
bench_detect_20260905_2011,ncnn,320,4,376,16.42942100079381,60.86641762674921,2,0.85107421875,61.7
bench_detect_20260905_2011,ncnn,320,4,377,16.33364200097276,61.22333279622784,1,0.8720703125,62.25
bench_detect_20260905_2011,ncnn,320,4,378,16.34547600042424,61.17900757212854,1,0.8251953125,61.7
bench_detect_20260905_2011,ncnn,320,4,379,16.30527200177312,61.32985698682333,1,0.87451171875,62.25
bench_detect_20260905_2011,ncnn,320,4,380,16.310049999447074,61.31189052356682,1,0.853515625,61.7
bench_detect_20260905_2011,ncnn,320,4,381,16.3250869991316,61.25541628373522,1,0.8603515625,61.7
bench_detect_20260905_2011,ncnn,320,4,382,16.29199399758363,61.37984092974232,1,0.86474609375,62.25
bench_detect_20260905_2011,ncnn,320,4,383,16.36199399945326,61.11724524733447,1,0.83203125,61.7
bench_detect_20260905_2011,ncnn,320,4,384,16.416401998867514,60.91468764403948,1,0.861328125,61.7
bench_detect_20260905_2011,ncnn,320,4,385,16.477532000862993,60.68870022207367,1,0.84326171875,62.25
bench_detect_20260905_2011,ncnn,320,4,386,16.27814200037392,61.4320725287339,1,0.84716796875,61.15
bench_detect_20260905_2011,ncnn,320,4,387,16.349346002243692,61.16452608335316,1,0.86328125,61.7
bench_detect_20260905_2011,ncnn,320,4,388,16.368994998629205,61.09110547616047,1,0.84130859375,62.25
bench_detect_20260905_2011,ncnn,320,4,389,16.368827000405872,61.09173247265699,1,0.87744140625,61.7
bench_detect_20260905_2011,ncnn,320,4,390,16.35980900027789,61.125408003419466,2,0.86572265625,62.25
bench_detect_20260905_2011,ncnn,320,4,391,16.36153099752846,61.11897475554445,2,0.83984375,61.15
bench_detect_20260905_2011,ncnn,320,4,392,20.06781499949284,49.831035417920305,2,0.83056640625,61.15
bench_detect_20260905_2011,ncnn,320,4,393,16.454069002065808,60.77524045112793,1,0.84326171875,61.7
bench_detect_20260905_2011,ncnn,320,4,394,16.432569002063246,60.85475739517307,1,0.833984375,60.6
bench_detect_20260905_2011,ncnn,320,4,395,16.48742100223899,60.65229970558768,3,0.85595703125,61.15
bench_detect_20260905_2011,ncnn,320,4,396,17.897041001560865,55.87515835231011,1,0.86865234375,62.25
bench_detect_20260905_2011,ncnn,320,4,397,19.754591001401423,50.6211442154919,1,0.83251953125,61.7
bench_detect_20260905_2011,ncnn,320,4,398,17.22681500177714,58.0490357559908,1,0.8408203125,62.25
bench_detect_20260905_2011,ncnn,320,4,399,16.54056900224532,60.45741230935005,1,0.8583984375,61.7
bench_detect_20260905_2011,ncnn,320,4,400,16.427439997642068,60.87375757534565,1,0.88671875,61.7
bench_detect_20260905_2011,ncnn,320,4,401,16.560143001697725,60.385951975021065,1,0.85400390625,61.7
bench_detect_20260905_2011,ncnn,320,4,402,16.3336799996614,61.223190366208364,1,0.86474609375,61.7
bench_detect_20260905_2011,ncnn,320,4,403,16.45297700088122,60.779274167005774,1,0.833984375,62.25
bench_detect_20260905_2011,ncnn,320,4,404,16.384661001211498,61.03269392794022,1,0.837890625,62.25
bench_detect_20260905_2011,ncnn,320,4,405,16.433364999102196,60.851809720932565,1,0.8447265625,61.7
bench_detect_20260905_2011,ncnn,320,4,406,16.349568002624437,61.163695569172205,2,0.85107421875,61.15
bench_detect_20260905_2011,ncnn,320,4,407,16.432087002613116,60.85654243681736,2,0.87353515625,61.7
bench_detect_20260905_2011,ncnn,320,4,408,16.306772002280923,61.324215476865945,1,0.8828125,62.25
bench_detect_20260905_2011,ncnn,320,4,409,16.354475999833085,61.145340273219766,1,0.857421875,61.15
bench_detect_20260905_2011,ncnn,320,4,410,16.45262500096578,60.78057452481286,1,0.87353515625,62.25
bench_detect_20260905_2011,ncnn,320,4,411,16.346365002391394,61.17568033343834,1,0.84130859375,61.7
bench_detect_20260905_2011,ncnn,320,4,412,16.30693799961591,61.32359122378178,1,0.8603515625,62.25
bench_detect_20260905_2011,ncnn,320,4,413,16.53358800103888,60.482939331569504,1,0.88134765625,61.7
bench_detect_20260905_2011,ncnn,320,4,414,16.45325400022557,60.77825091536849,1,0.8388671875,61.15
bench_detect_20260905_2011,ncnn,320,4,415,16.368809003324714,61.09179964143312,1,0.853515625,62.25
bench_detect_20260905_2011,ncnn,320,4,416,16.33316099832882,61.22513578983995,1,0.84814453125,62.25
bench_detect_20260905_2011,ncnn,320,4,417,16.403587000240805,60.96227611590806,2,0.86279296875,61.15
bench_detect_20260905_2011,ncnn,320,4,418,16.33958700040239,61.20105728347806,1,0.84423828125,61.15
bench_detect_20260905_2011,ncnn,320,4,419,16.406773000198882,60.95043796777575,2,0.83642578125,61.15
bench_detect_20260905_2011,ncnn,320,4,420,16.346512999007246,61.17512646646608,1,0.837890625,62.25
bench_detect_20260905_2011,ncnn,320,4,421,16.294271001243033,61.371263551693325,1,0.86767578125,61.7
bench_detect_20260905_2011,ncnn,320,4,422,16.317531000822783,61.28378122582251,1,0.86474609375,62.25
bench_detect_20260905_2011,ncnn,320,4,423,16.327512999851024,61.246314733243466,1,0.873046875,61.7
bench_detect_20260905_2011,ncnn,320,4,424,16.353828003047965,61.14776306890495,1,0.837890625,62.8
bench_detect_20260905_2011,ncnn,320,4,425,16.429957999207545,60.864428262581825,2,0.8505859375,62.8
bench_detect_20260905_2011,ncnn,320,4,426,16.355420000763843,61.14181109095928,1,0.86181640625,62.25
bench_detect_20260905_2011,ncnn,320,4,427,16.368679000152042,61.09228484416558,1,0.85595703125,62.25
bench_detect_20260905_2011,ncnn,320,4,428,16.27528999961214,61.4428375791664,1,0.83447265625,61.15
bench_detect_20260905_2011,ncnn,320,4,429,16.41242099867668,60.92946312312054,2,0.845703125,62.25
bench_detect_20260905_2011,ncnn,320,4,430,16.38680899850442,61.0246937089013,1,0.8291015625,62.25
bench_detect_20260905_2011,ncnn,320,4,431,16.25193799918634,61.53112324512101,1,0.86328125,61.15
bench_detect_20260905_2011,ncnn,320,4,432,16.34143900082563,61.19412127349839,1,0.8603515625,61.7
bench_detect_20260905_2011,ncnn,320,4,433,16.325754000718007,61.252913645276045,1,0.8818359375,61.15
bench_detect_20260905_2011,ncnn,320,4,434,16.29843900082051,61.355569079324546,1,0.86474609375,61.7
bench_detect_20260905_2011,ncnn,320,4,435,16.33366100213607,61.22326157431717,1,0.83935546875,62.25
bench_detect_20260905_2011,ncnn,320,4,436,16.387550000217743,61.02193433348566,1,0.8125,62.25
bench_detect_20260905_2011,ncnn,320,4,437,16.44623500033049,60.80419013712895,2,0.86181640625,61.15
bench_detect_20260905_2011,ncnn,320,4,438,16.311252999003045,61.307368603817295,1,0.82470703125,62.8
bench_detect_20260905_2011,ncnn,320,4,439,16.480772999784676,60.67676558697005,2,0.84326171875,62.25
bench_detect_20260905_2011,ncnn,320,4,440,16.296271998726297,61.363727856172204,1,0.83447265625,60.6
bench_detect_20260905_2011,ncnn,320,4,441,16.308901998854708,61.3162063313781,1,0.8701171875,61.15
bench_detect_20260905_2011,ncnn,320,4,442,16.314697000780143,61.294426733894085,1,0.8701171875,62.25
bench_detect_20260905_2011,ncnn,320,4,443,16.28388199969777,61.41041798378053,1,0.84130859375,61.15
bench_detect_20260905_2011,ncnn,320,4,444,16.649236997182015,60.062812498209745,5,0.86181640625,62.25
bench_detect_20260905_2011,ncnn,320,4,445,16.430290997959673,60.86319470082306,1,0.84912109375,61.15
bench_detect_20260905_2011,ncnn,320,4,446,16.385069000534713,61.03117417249606,2,0.8583984375,61.7
bench_detect_20260905_2011,ncnn,320,4,447,16.368476000934606,61.09304250089636,1,0.87353515625,62.25
bench_detect_20260905_2011,ncnn,320,4,448,16.3790689985035,61.053531192240946,1,0.83203125,62.25
bench_detect_20260905_2011,ncnn,320,4,449,16.29667899760534,61.36219533727955,1,0.86181640625,61.7
bench_detect_20260905_2011,ncnn,320,4,450,16.318271998898126,61.28099838435858,1,0.84326171875,62.25
bench_detect_20260905_2011,ncnn,320,4,451,16.375995000998955,61.0649917723472,1,0.84619140625,61.7
bench_detect_20260905_2011,ncnn,320,4,452,19.350883998413337,51.67722570617416,1,0.8662109375,61.7
bench_detect_20260905_2011,ncnn,320,4,453,16.415254001913127,60.91894769849156,1,0.84716796875,61.15
bench_detect_20260905_2011,ncnn,320,4,454,16.383643000153825,61.036486207042664,1,0.84765625,62.25
bench_detect_20260905_2011,ncnn,320,4,455,16.263531000731746,61.48726251113654,1,0.88427734375,62.25
bench_detect_20260905_2011,ncnn,320,4,456,19.966796000517206,50.08314804108264,1,0.8525390625,61.7
bench_detect_20260905_2011,ncnn,320,4,457,16.49877300224034,60.610567820056175,1,0.86572265625,60.6
bench_detect_20260905_2011,ncnn,320,4,458,18.653416002052836,53.60948364041999,1,0.8701171875,61.15
bench_detect_20260905_2011,ncnn,320,4,459,20.54254000177025,48.67947195983677,1,0.873046875,61.7
bench_detect_20260905_2011,ncnn,320,4,460,16.50625399997807,60.583097776232485,1,0.88720703125,60.6
bench_detect_20260905_2011,ncnn,320,4,461,16.39401300053578,60.99787769884766,1,0.8427734375,62.25
bench_detect_20260905_2011,ncnn,320,4,462,16.502865000802558,60.59553901406626,1,0.8583984375,60.6
bench_detect_20260905_2011,ncnn,320,4,463,16.512772999703884,60.559180460963915,4,0.83251953125,60.6
bench_detect_20260905_2011,ncnn,320,4,464,16.358364002371673,61.13080744841096,1,0.86767578125,61.7
bench_detect_20260905_2011,ncnn,320,4,465,16.43488399713533,60.84618547805413,2,0.83251953125,61.15
bench_detect_20260905_2011,ncnn,320,4,466,16.338104996975744,61.2066087336998,1,0.876953125,62.25
bench_detect_20260905_2011,ncnn,320,4,467,16.35719799742219,61.1351650910868,1,0.82568359375,62.25
bench_detect_20260905_2011,ncnn,320,4,468,16.355124000256183,61.14291765591849,1,0.890625,62.8
bench_detect_20260905_2011,ncnn,320,4,469,16.417495000496274,60.910632223111485,1,0.82958984375,62.25
bench_detect_20260905_2011,ncnn,320,4,470,16.331864000676433,61.22999799401844,1,0.85546875,61.7
bench_detect_20260905_2011,ncnn,320,4,471,16.291178999381373,61.38291157674795,1,0.8505859375,61.7
bench_detect_20260905_2011,ncnn,320,4,472,16.361642003175803,61.11856009353459,1,0.85595703125,62.25
bench_detect_20260905_2011,ncnn,320,4,473,16.36968000093475,61.08854907016493,3,0.87451171875,61.7
bench_detect_20260905_2011,ncnn,320,4,474,16.447864996735007,60.79816439388976,1,0.8447265625,62.25
bench_detect_20260905_2011,ncnn,320,4,475,16.38340199860977,61.037384060090574,1,0.84765625,61.15
bench_detect_20260905_2011,ncnn,320,4,476,16.451143001177115,60.78604993759083,1,0.85498046875,61.7
bench_detect_20260905_2011,ncnn,320,4,477,16.35640200038324,61.13814028149769,1,0.83935546875,62.25
bench_detect_20260905_2011,ncnn,320,4,478,16.41240200115135,60.92953364960527,2,0.8525390625,61.7
bench_detect_20260905_2011,ncnn,320,4,479,16.275827001663856,61.440810343939596,1,0.82666015625,61.7
bench_detect_20260905_2011,ncnn,320,4,480,16.40880900231423,60.94287524822577,1,0.83544921875,61.15
bench_detect_20260905_2011,ncnn,320,4,481,16.484086998389103,60.66456699104563,3,0.8310546875,62.25
bench_detect_20260905_2011,ncnn,320,4,482,16.374791000998812,61.06948173805718,1,0.83251953125,61.7
bench_detect_20260905_2011,ncnn,320,4,483,16.355846000806196,61.14021860750639,1,0.87890625,60.6
bench_detect_20260905_2011,ncnn,320,4,484,16.42773599814973,60.87266073137717,3,0.8505859375,62.25
bench_detect_20260905_2011,ncnn,320,4,485,16.404884001531173,60.95745632256001,1,0.87060546875,61.7
bench_detect_20260905_2011,ncnn,320,4,486,16.342956998414593,61.18843732483715,2,0.8818359375,61.15
bench_detect_20260905_2011,ncnn,320,4,487,16.344270999979926,61.1835180658243,2,0.87060546875,62.25
bench_detect_20260905_2011,ncnn,320,4,488,16.3628090012935,61.11420110819291,1,0.8291015625,61.7
bench_detect_20260905_2011,ncnn,320,4,489,16.466255001432728,60.730263190567015,3,0.853515625,61.15
bench_detect_20260905_2011,ncnn,320,4,490,16.332456998497946,61.22777485910218,1,0.853515625,62.25
bench_detect_20260905_2011,ncnn,320,4,491,16.419958003098145,60.90149559525781,2,0.857421875,62.25
bench_detect_20260905_2011,ncnn,320,4,492,16.305679000652162,61.3283261592482,1,0.84765625,61.15
bench_detect_20260905_2011,ncnn,320,4,493,16.229697001108434,61.61544481894538,1,0.857421875,61.15
bench_detect_20260905_2011,ncnn,320,4,494,16.306252997310366,61.326167339912175,1,0.8662109375,61.7
bench_detect_20260905_2011,ncnn,320,4,495,16.323994001140818,61.259517733840994,1,0.8525390625,61.15
bench_detect_20260905_2011,ncnn,320,4,496,16.260308999335393,61.499446292249,1,0.8408203125,62.25
bench_detect_20260905_2011,ncnn,320,4,497,16.39067900032387,61.010285173679534,1,0.86181640625,62.25
bench_detect_20260905_2011,ncnn,320,4,498,16.374864997487748,61.06920577076032,2,0.86181640625,62.25
bench_detect_20260905_2011,ncnn,320,4,499,16.28797600278631,61.394982398607084,1,0.86474609375,62.25
bench_detect_20260905_2011,ncnn,640,1,0,117.37747799998033,8.51952194781496,1,0.84130859375,59.5
bench_detect_20260905_2011,ncnn,640,1,1,118.26848299824633,8.45533801270477,3,0.83740234375,58.95
bench_detect_20260905_2011,ncnn,640,1,2,115.96196800019243,8.623516979276694,1,0.8447265625,58.95
bench_detect_20260905_2011,ncnn,640,1,3,115.9033760013699,8.627876378580902,1,0.84912109375,58.95
bench_detect_20260905_2011,ncnn,640,1,4,115.8603010007937,8.63108408455757,1,0.833984375,57.3
bench_detect_20260905_2011,ncnn,640,1,5,115.90244899707614,8.62794538556495,1,0.85498046875,57.85
bench_detect_20260905_2011,ncnn,640,1,6,115.78433800241328,8.63674670730645,1,0.81005859375,58.95
bench_detect_20260905_2011,ncnn,640,1,7,115.79587400046876,8.635886283788937,1,0.82958984375,58.4
bench_detect_20260905_2011,ncnn,640,1,8,117.29782900147256,8.525306977228418,1,0.84228515625,58.95
bench_detect_20260905_2011,ncnn,640,1,9,119.16382300114492,8.391808644729299,3,0.85205078125,58.4
bench_detect_20260905_2011,ncnn,640,1,10,116.18513699795585,8.606952884322837,2,0.83740234375,57.85
bench_detect_20260905_2011,ncnn,640,1,11,116.05204299848992,8.61682374702367,1,0.86474609375,58.95
bench_detect_20260905_2011,ncnn,640,1,12,115.93206099860254,8.625741588533081,1,0.8017578125,57.85
bench_detect_20260905_2011,ncnn,640,1,13,116.00067299877992,8.620639640689998,2,0.82666015625,58.95
bench_detect_20260905_2011,ncnn,640,1,14,115.92567199841142,8.626216978183258,2,0.85693359375,58.4
bench_detect_20260905_2011,ncnn,640,1,15,115.78709700188483,8.63654090907661,1,0.869140625,58.95
bench_detect_20260905_2011,ncnn,640,1,16,116.0591910011135,8.616293043007733,2,0.83642578125,58.4
bench_detect_20260905_2011,ncnn,640,1,17,116.91734399937559,8.553050948585872,1,0.8095703125,57.85
bench_detect_20260905_2011,ncnn,640,1,18,118.30239099799655,8.452914531684613,3,0.853515625,57.85
bench_detect_20260905_2011,ncnn,640,1,19,115.88802400001441,8.629019336802875,2,0.88330078125,56.75
bench_detect_20260905_2011,ncnn,640,1,20,115.96243099847925,8.623482548525688,1,0.84326171875,58.4
bench_detect_20260905_2011,ncnn,640,1,21,115.95643100008601,8.623928758201071,1,0.83251953125,57.85
bench_detect_20260905_2011,ncnn,640,1,22,115.78574499799288,8.63664175600662,1,0.85205078125,57.3
bench_detect_20260905_2011,ncnn,640,1,23,115.73317099828273,8.640565115206583,1,0.82568359375,57.85
bench_detect_20260905_2011,ncnn,640,1,24,115.90430100113736,8.627807521915749,1,0.74951171875,57.85
bench_detect_20260905_2011,ncnn,640,1,25,117.64927499825717,8.499839884392095,1,0.84326171875,58.4
bench_detect_20260905_2011,ncnn,640,1,26,115.95433799811872,8.624084422061246,2,0.84765625,57.3
bench_detect_20260905_2011,ncnn,640,1,27,119.05519199717673,8.399465686668364,2,0.84130859375,57.3
bench_detect_20260905_2011,ncnn,640,1,28,116.07743200147524,8.614939034723742,2,0.8583984375,56.2
bench_detect_20260905_2011,ncnn,640,1,29,115.93607900067582,8.625442645806322,1,0.83984375,57.3
bench_detect_20260905_2011,ncnn,640,1,30,116.03446799927042,8.61812888224116,3,0.8193359375,57.85
bench_detect_20260905_2011,ncnn,640,1,31,115.80954199962434,8.63486706478162,1,0.83203125,56.75
bench_detect_20260905_2011,ncnn,640,1,32,115.79700400034199,8.635802010879717,1,0.837890625,57.85
bench_detect_20260905_2011,ncnn,640,1,33,115.96276400086936,8.62345778505679,1,0.84912109375,57.3
bench_detect_20260905_2011,ncnn,640,1,34,116.7189910011075,8.56758605795788,1,0.84765625,57.3
bench_detect_20260905_2011,ncnn,640,1,35,118.5290770008578,8.436748393752893,1,0.837890625,56.75
bench_detect_20260905_2011,ncnn,640,1,36,116.05198699908215,8.616827904962188,1,0.82177734375,57.3
bench_detect_20260905_2011,ncnn,640,1,37,116.2165619971347,8.604625561240185,1,0.82861328125,57.85
bench_detect_20260905_2011,ncnn,640,1,38,115.80535599932773,8.63517918813535,1,0.837890625,57.85
bench_detect_20260905_2011,ncnn,640,1,39,115.74533699968015,8.639656904733565,1,0.85400390625,57.85
bench_detect_20260905_2011,ncnn,640,1,40,115.80181799945422,8.635443011824849,1,0.8125,57.3
bench_detect_20260905_2011,ncnn,640,1,41,115.97898599939072,8.622251620696645,1,0.8408203125,57.3
bench_detect_20260905_2011,ncnn,640,1,42,116.42535899954964,8.589194043231322,1,0.8212890625,57.3
bench_detect_20260905_2011,ncnn,640,1,43,117.4809770018328,8.51201637508002,1,0.84765625,56.2
bench_detect_20260905_2011,ncnn,640,1,44,116.83826899752603,8.558839570117,1,0.81201171875,57.3
bench_detect_20260905_2011,ncnn,640,1,45,115.88687499897787,8.629104892239264,1,0.8310546875,57.3
bench_detect_20260905_2011,ncnn,640,1,46,115.95791199943051,8.62381861450654,1,0.8232421875,57.3
bench_detect_20260905_2011,ncnn,640,1,47,115.82948499926715,8.633380352216252,2,0.85205078125,57.3
bench_detect_20260905_2011,ncnn,640,1,48,115.83137499837903,8.633239482946603,1,0.82958984375,56.75
bench_detect_20260905_2011,ncnn,640,1,49,116.03328300043358,8.618216895545938,1,0.81640625,56.75
bench_detect_20260905_2011,ncnn,640,1,50,115.83707799945842,8.63281444309805,1,0.8427734375,57.85
bench_detect_20260905_2011,ncnn,640,1,51,116.74047300039092,8.56600949352545,1,0.83984375,57.85
bench_detect_20260905_2011,ncnn,640,1,52,115.90291099855676,8.627910993645813,1,0.84130859375,57.3
bench_detect_20260905_2011,ncnn,640,1,53,117.83307199948467,8.486581763771493,1,0.82177734375,56.2
bench_detect_20260905_2011,ncnn,640,1,54,115.77957800182048,8.637101786502248,1,0.84228515625,57.3
bench_detect_20260905_2011,ncnn,640,1,55,116.01670899835881,8.619448083242442,1,0.83251953125,56.75
bench_detect_20260905_2011,ncnn,640,1,56,115.76737400173442,8.638012295113631,1,0.861328125,57.3
bench_detect_20260905_2011,ncnn,640,1,57,115.96287499924074,8.623449530779117,1,0.798828125,57.3
bench_detect_20260905_2011,ncnn,640,1,58,115.6877989997156,8.643953888365171,1,0.83642578125,55.65
bench_detect_20260905_2011,ncnn,640,1,59,115.93548599921633,8.625486764309244,2,0.83740234375,56.75
bench_detect_20260905_2011,ncnn,640,1,60,117.5128479990235,8.509707806658806,1,0.85400390625,57.3
bench_detect_20260905_2011,ncnn,640,1,61,116.94593599895597,8.550959821373592,1,0.84814453125,57.3
bench_detect_20260905_2011,ncnn,640,1,62,116.2810610003362,8.599852730937059,3,0.8671875,57.3
bench_detect_20260905_2011,ncnn,640,1,63,115.90833800073597,8.627507021916323,1,0.7431640625,57.3
bench_detect_20260905_2011,ncnn,640,1,64,116.1088760018174,8.612605981857472,1,0.833984375,57.3
bench_detect_20260905_2011,ncnn,640,1,65,115.94081899966113,8.625090012542715,1,0.80517578125,57.85
bench_detect_20260905_2011,ncnn,640,1,66,115.87267000140855,8.630162746641153,1,0.833984375,57.3
bench_detect_20260905_2011,ncnn,640,1,67,115.84024400144699,8.632578501712313,1,0.8427734375,56.2
bench_detect_20260905_2011,ncnn,640,1,68,116.5267850010423,8.581717928552266,1,0.80419921875,57.3
bench_detect_20260905_2011,ncnn,640,1,69,116.03298599948175,8.618238954950849,1,0.873046875,57.3
bench_detect_20260905_2011,ncnn,640,1,70,116.54013700172072,8.580734721336691,1,0.8095703125,55.65
bench_detect_20260905_2011,ncnn,640,1,71,115.82811499829404,8.633482466797705,2,0.82373046875,56.2
bench_detect_20260905_2011,ncnn,640,1,72,115.9774669977196,8.622364549655687,1,0.8662109375,56.75
bench_detect_20260905_2011,ncnn,640,1,73,115.93928200090886,8.625204354742863,1,0.84765625,57.3
bench_detect_20260905_2011,ncnn,640,1,74,115.83307700129808,8.633112629726599,1,0.82958984375,56.75
bench_detect_20260905_2011,ncnn,640,1,75,115.7422989999759,8.639883678137481,1,0.8291015625,57.3
bench_detect_20260905_2011,ncnn,640,1,76,115.88180000035209,8.62948280055161,1,0.8310546875,56.75
bench_detect_20260905_2011,ncnn,640,1,77,116.81067600147799,8.560861337600231,1,0.83447265625,56.75
bench_detect_20260905_2011,ncnn,640,1,78,115.891299003124,8.628775487045353,1,0.81982421875,56.75
bench_detect_20260905_2011,ncnn,640,1,79,117.18528899655212,8.533494336728754,1,0.853515625,56.75
bench_detect_20260905_2011,ncnn,640,1,80,116.03726400062442,8.617921222225808,1,0.84716796875,57.3
bench_detect_20260905_2011,ncnn,640,1,81,116.2406719995488,8.602840837016855,2,0.83935546875,57.3
bench_detect_20260905_2011,ncnn,640,1,82,115.92404100156273,8.62633834500748,1,0.81640625,57.3
bench_detect_20260905_2011,ncnn,640,1,83,115.81526200097869,8.634440597229315,1,0.86279296875,57.3
bench_detect_20260905_2011,ncnn,640,1,84,115.79961399911554,8.635607369188968,1,0.84130859375,56.75
bench_detect_20260905_2011,ncnn,640,1,85,117.57743999987724,8.505032938300443,2,0.82470703125,57.3
bench_detect_20260905_2011,ncnn,640,1,86,116.90571299914154,8.553901895344868,1,0.84912109375,56.75
bench_detect_20260905_2011,ncnn,640,1,87,116.91156599772512,8.553473657340781,1,0.8251953125,56.2
bench_detect_20260905_2011,ncnn,640,1,88,116.12741200224264,8.611231256756916,2,0.8212890625,56.75
bench_detect_20260905_2011,ncnn,640,1,89,116.06674500217196,8.615732266647841,3,0.80908203125,56.75
bench_detect_20260905_2011,ncnn,640,1,90,116.1538019987347,8.609274795937315,2,0.8427734375,55.65
bench_detect_20260905_2011,ncnn,640,1,91,115.99441100042895,8.62110502889921,3,0.8232421875,56.75
bench_detect_20260905_2011,ncnn,640,1,92,115.88157799997134,8.629499332501732,1,0.8203125,56.75
bench_detect_20260905_2011,ncnn,640,1,93,116.01485600112937,8.619585753657836,1,0.86181640625,56.75
bench_detect_20260905_2011,ncnn,640,1,94,116.6623970020737,8.571742272552695,1,0.86767578125,55.1
bench_detect_20260905_2011,ncnn,640,1,95,116.01172600057907,8.61981831039225,1,0.8603515625,56.2
bench_detect_20260905_2011,ncnn,640,1,96,116.74293399846647,8.565828917860982,1,0.8427734375,55.65
bench_detect_20260905_2011,ncnn,640,1,97,116.15252300180146,8.609369595738274,4,0.85107421875,56.2
bench_detect_20260905_2011,ncnn,640,1,98,115.87009499999112,8.630354536259564,1,0.85498046875,56.75
bench_detect_20260905_2011,ncnn,640,1,99,115.90026300109457,8.628108117326326,1,0.84326171875,56.75
bench_detect_20260905_2011,ncnn,640,1,100,115.78257599830977,8.636878143172408,1,0.84326171875,56.2
bench_detect_20260905_2011,ncnn,640,1,101,115.93596599777811,8.625451053033576,2,0.845703125,56.75
bench_detect_20260905_2011,ncnn,640,1,102,115.83350199725828,8.63308095462459,1,0.79931640625,57.3
bench_detect_20260905_2011,ncnn,640,1,103,117.78853400028311,8.489790695566315,1,0.84716796875,56.2
bench_detect_20260905_2011,ncnn,640,1,104,115.96729899974889,8.62312055747858,1,0.81201171875,56.75
bench_detect_20260905_2011,ncnn,640,1,105,118.09096099750604,8.468048625847993,2,0.83056640625,56.75
bench_detect_20260905_2011,ncnn,640,1,106,115.94700299974647,8.624629995845487,2,0.83544921875,56.75
bench_detect_20260905_2011,ncnn,640,1,107,116.07228199864039,8.615321270341816,2,0.81787109375,56.75
bench_detect_20260905_2011,ncnn,640,1,108,116.00046600142377,8.620655023814527,2,0.83203125,56.75
bench_detect_20260905_2011,ncnn,640,1,109,115.96663299860666,8.623170080414553,1,0.83642578125,56.75
bench_detect_20260905_2011,ncnn,640,1,110,115.8939470005862,8.628578332869637,1,0.83203125,56.2
bench_detect_20260905_2011,ncnn,640,1,111,116.66615600188379,8.57146608982174,1,0.86474609375,56.2
bench_detect_20260905_2011,ncnn,640,1,112,115.99018800188787,8.62141890815561,1,0.84814453125,56.2
bench_detect_20260905_2011,ncnn,640,1,113,117.0868259978306,8.540670493694382,1,0.81201171875,56.75
bench_detect_20260905_2011,ncnn,640,1,114,116.25598699902184,8.601707540519302,1,0.8134765625,55.65
bench_detect_20260905_2011,ncnn,640,1,115,115.84490999666741,8.632230799167333,1,0.8125,56.2
bench_detect_20260905_2011,ncnn,640,1,116,116.07572600041749,8.61506565116296,2,0.83935546875,57.3
bench_detect_20260905_2011,ncnn,640,1,117,116.07859700234258,8.614852572518766,3,0.83935546875,55.1
bench_detect_20260905_2011,ncnn,640,1,118,115.99709599977359,8.62090547509872,3,0.853515625,57.3
bench_detect_20260905_2011,ncnn,640,1,119,115.87831799988635,8.62974210586126,2,0.84716796875,56.75
bench_detect_20260905_2011,ncnn,640,1,120,116.28674500025227,8.59943237724842,1,0.86328125,56.2
bench_detect_20260905_2011,ncnn,640,1,121,116.05311500170501,8.616744151893798,1,0.83642578125,56.2
bench_detect_20260905_2011,ncnn,640,1,122,116.95628699817462,8.550203034537232,2,0.86328125,56.75
bench_detect_20260905_2011,ncnn,640,1,123,115.93692899987218,8.625379407808037,1,0.82373046875,56.75
bench_detect_20260905_2011,ncnn,640,1,124,115.88576199937961,8.629187768600541,1,0.83203125,56.75
bench_detect_20260905_2011,ncnn,640,1,125,116.0605220029538,8.616194229891104,2,0.85400390625,56.75
bench_detect_20260905_2011,ncnn,640,1,126,115.87959499956924,8.629647005615762,2,0.8447265625,56.75
bench_detect_20260905_2011,ncnn,640,1,127,115.92507699970156,8.626261253228018,2,0.83740234375,56.75
bench_detect_20260905_2011,ncnn,640,1,128,117.49195700031123,8.511220899974889,2,0.84765625,56.2
bench_detect_20260905_2011,ncnn,640,1,129,116.14189300235012,8.61015757664433,1,0.86572265625,57.3
bench_detect_20260905_2011,ncnn,640,1,130,115.86442800035002,8.63077665214883,1,0.8408203125,55.65
bench_detect_20260905_2011,ncnn,640,1,131,118.12559000100009,8.465566182497236,1,0.75390625,56.75
bench_detect_20260905_2011,ncnn,640,1,132,115.8585570010473,8.631214006842503,1,0.81591796875,56.75
bench_detect_20260905_2011,ncnn,640,1,133,116.10255899722688,8.613074583686696,1,0.82958984375,56.75
bench_detect_20260905_2011,ncnn,640,1,134,115.94622499978868,8.624687867171376,1,0.82373046875,55.65
bench_detect_20260905_2011,ncnn,640,1,135,115.80527900150628,8.635184929583332,1,0.814453125,55.65
bench_detect_20260905_2011,ncnn,640,1,136,115.9413540008245,8.62505021282474,1,0.83935546875,56.2
bench_detect_20260905_2011,ncnn,640,1,137,116.86749000000418,8.55669955776379,2,0.8232421875,56.2
bench_detect_20260905_2011,ncnn,640,1,138,118.04851600027177,8.471093359595455,1,0.86474609375,55.1
bench_detect_20260905_2011,ncnn,640,1,139,116.7395630000101,8.56607626670586,1,0.84228515625,55.1
bench_detect_20260905_2011,ncnn,640,1,140,116.00781699962681,8.620108763905254,1,0.82470703125,55.65
bench_detect_20260905_2011,ncnn,640,1,141,115.98872499962454,8.62152765282347,1,0.84326171875,56.75
bench_detect_20260905_2011,ncnn,640,1,142,115.97398500089184,8.622623427075563,1,0.80322265625,56.75
bench_detect_20260905_2011,ncnn,640,1,143,115.94157699801144,8.625033623763384,1,0.845703125,55.1
bench_detect_20260905_2011,ncnn,640,1,144,115.8560200019565,8.63140301197221,3,0.8583984375,55.65
bench_detect_20260905_2011,ncnn,640,1,145,115.98411399972974,8.621870405479237,1,0.84912109375,56.75
bench_detect_20260905_2011,ncnn,640,1,146,117.12789900047937,8.537675554104384,1,0.853515625,56.2
bench_detect_20260905_2011,ncnn,640,1,147,115.9626870030479,8.623463510928447,3,0.8359375,55.1
bench_detect_20260905_2011,ncnn,640,1,148,117.26215899761883,8.527900292372294,1,0.8251953125,56.75
bench_detect_20260905_2011,ncnn,640,1,149,116.26037499809172,8.601382887474893,1,0.849609375,56.2
bench_detect_20260905_2011,ncnn,640,1,150,115.92518800171092,8.62625299331187,1,0.82666015625,55.65
bench_detect_20260905_2011,ncnn,640,1,151,115.8895209991897,8.628907871722,2,0.8359375,56.2
bench_detect_20260905_2011,ncnn,640,1,152,116.15831900053308,8.608940010533475,2,0.84326171875,55.65
bench_detect_20260905_2011,ncnn,640,1,153,116.09559600037755,8.613591164963294,1,0.80908203125,56.2
bench_detect_20260905_2011,ncnn,640,1,154,116.7993969975214,8.561688036978659,1,0.80517578125,56.2
bench_detect_20260905_2011,ncnn,640,1,155,115.92042800111813,8.626607210166222,1,0.84326171875,56.75
bench_detect_20260905_2011,ncnn,640,1,156,115.83052000059979,8.633303208815965,1,0.8310546875,56.2
bench_detect_20260905_2011,ncnn,640,1,157,118.99394800275331,8.403788737027716,1,0.85498046875,56.75
bench_detect_20260905_2011,ncnn,640,1,158,115.90518700177199,8.62774156936317,1,0.853515625,56.75
bench_detect_20260905_2011,ncnn,640,1,159,115.91048400077852,8.627347289769608,1,0.849609375,56.75
bench_detect_20260905_2011,ncnn,640,1,160,115.95368800044525,8.624132765800084,1,0.83642578125,56.2
bench_detect_20260905_2011,ncnn,640,1,161,115.92831600137288,8.626020238128513,1,0.82958984375,55.1
bench_detect_20260905_2011,ncnn,640,1,162,115.95113099974697,8.62432294862378,1,0.853515625,56.75
bench_detect_20260905_2011,ncnn,640,1,163,117.33788099809317,8.522396957349612,1,0.8193359375,56.75
bench_detect_20260905_2011,ncnn,640,1,164,115.98218699873541,8.622013654656325,1,0.8359375,56.75
bench_detect_20260905_2011,ncnn,640,1,165,117.16617599813617,8.534886382362668,1,0.8505859375,56.75
bench_detect_20260905_2011,ncnn,640,1,166,116.07952100166585,8.614783997822054,2,0.810546875,55.65
bench_detect_20260905_2011,ncnn,640,1,167,115.87209400022402,8.630205647255039,1,0.8310546875,56.2
bench_detect_20260905_2011,ncnn,640,1,168,115.89057600212982,8.628829318974324,1,0.84619140625,56.2
bench_detect_20260905_2011,ncnn,640,1,169,116.01355799939483,8.619682192707307,1,0.8505859375,55.65
bench_detect_20260905_2011,ncnn,640,1,170,116.0346139986359,8.618118038568698,2,0.85498046875,56.2
bench_detect_20260905_2011,ncnn,640,1,171,117.41169599918067,8.51703905211435,1,0.8173828125,55.65
bench_detect_20260905_2011,ncnn,640,1,172,115.98055799913709,8.622134754752949,1,0.84619140625,55.1
bench_detect_20260905_2011,ncnn,640,1,173,115.90129700198304,8.628031142592738,1,0.84912109375,56.2
bench_detect_20260905_2011,ncnn,640,1,174,116.77035899992916,8.563817124177948,1,0.84423828125,56.2
bench_detect_20260905_2011,ncnn,640,1,175,115.82135199932964,8.633986590018289,1,0.837890625,56.2
bench_detect_20260905_2011,ncnn,640,1,176,115.91944599786075,8.626680289849338,1,0.8447265625,56.75
bench_detect_20260905_2011,ncnn,640,1,177,115.91974300245056,8.62665818693939,1,0.82861328125,55.65
bench_detect_20260905_2011,ncnn,640,1,178,116.01694699857035,8.619430401080308,1,0.81591796875,56.2
bench_detect_20260905_2011,ncnn,640,1,179,115.88544600090245,8.629211298821877,1,0.84130859375,56.75
bench_detect_20260905_2011,ncnn,640,1,180,116.4612640022824,8.586545995073537,1,0.84765625,56.2
bench_detect_20260905_2011,ncnn,640,1,181,116.0736879974138,8.61521691308956,1,0.83203125,56.2
bench_detect_20260905_2011,ncnn,640,1,182,115.89579700012109,8.628440598229417,2,0.84130859375,56.2
bench_detect_20260905_2011,ncnn,640,1,183,119.17794800319825,8.390814045339697,5,0.8388671875,56.2
bench_detect_20260905_2011,ncnn,640,1,184,115.8845760000986,8.629276082428339,1,0.83740234375,56.75
bench_detect_20260905_2011,ncnn,640,1,185,116.4135780018114,8.590063265510489,1,0.849609375,56.75
bench_detect_20260905_2011,ncnn,640,1,186,115.84402000153204,8.632297118027974,1,0.83642578125,56.2
bench_detect_20260905_2011,ncnn,640,1,187,115.88666799798375,8.629120305861226,1,0.818359375,55.65
bench_detect_20260905_2011,ncnn,640,1,188,115.84005700206035,8.632592437193068,1,0.79296875,56.2
bench_detect_20260905_2011,ncnn,640,1,189,119.44572699940181,8.372003127453928,2,0.81005859375,56.2
bench_detect_20260905_2011,ncnn,640,1,190,115.97396499928436,8.62262491418803,1,0.84423828125,55.1
bench_detect_20260905_2011,ncnn,640,1,191,116.91460000292864,8.553251689480618,1,0.82373046875,56.2
bench_detect_20260905_2011,ncnn,640,1,192,115.89620499944431,8.628410222791977,1,0.83935546875,56.2
bench_detect_20260905_2011,ncnn,640,1,193,116.00457600070513,8.620349597191076,1,0.84912109375,56.75
bench_detect_20260905_2011,ncnn,640,1,194,116.04542799977935,8.617314936370448,1,0.833984375,56.75
bench_detect_20260905_2011,ncnn,640,1,195,115.74272200232372,8.639852102147065,1,0.8603515625,55.65
bench_detect_20260905_2011,ncnn,640,1,196,115.99059400032274,8.621388730858794,1,0.84765625,56.2
bench_detect_20260905_2011,ncnn,640,1,197,117.3135649987671,8.524163424839314,1,0.8525390625,56.2
bench_detect_20260905_2011,ncnn,640,1,198,115.96192700017127,8.623520028246194,3,0.82177734375,56.75
bench_detect_20260905_2011,ncnn,640,1,199,115.75392600207124,8.639015837632208,1,0.85205078125,55.1
bench_detect_20260905_2011,ncnn,640,1,200,117.04987900156993,8.543366371071494,2,0.822265625,56.2
bench_detect_20260905_2011,ncnn,640,1,201,115.97361200256273,8.622651159454295,1,0.8212890625,56.75
bench_detect_20260905_2011,ncnn,640,1,202,115.93451999942772,8.625558634347529,1,0.8125,56.2
bench_detect_20260905_2011,ncnn,640,1,203,115.82827799793449,8.633470317307424,1,0.861328125,56.2
bench_detect_20260905_2011,ncnn,640,1,204,116.14146499778144,8.610189306800136,1,0.83642578125,56.2
bench_detect_20260905_2011,ncnn,640,1,205,115.98772299839766,8.62160213295863,1,0.84814453125,55.65
bench_detect_20260905_2011,ncnn,640,1,206,116.79343200012227,8.562125308544346,2,0.853515625,55.65
bench_detect_20260905_2011,ncnn,640,1,207,115.87327799861669,8.630117463423604,2,0.83203125,55.65
bench_detect_20260905_2011,ncnn,640,1,208,116.18589199861162,8.606896954511049,3,0.84326171875,56.2
bench_detect_20260905_2011,ncnn,640,1,209,118.61331399995834,8.430756769854279,1,0.84228515625,55.1
bench_detect_20260905_2011,ncnn,640,1,210,115.85629699766287,8.631382375531757,1,0.84765625,56.75
bench_detect_20260905_2011,ncnn,640,1,211,115.89662999904249,8.62837858191616,1,0.84814453125,56.2
bench_detect_20260905_2011,ncnn,640,1,212,115.97231599807856,8.622747518610977,1,0.8095703125,56.2
bench_detect_20260905_2011,ncnn,640,1,213,116.16644599780557,8.608337729630554,2,0.83984375,56.2
bench_detect_20260905_2011,ncnn,640,1,214,116.60350500096683,8.576071533970685,2,0.85888671875,56.2
bench_detect_20260905_2011,ncnn,640,1,215,115.9425559999363,8.624960795245444,1,0.83642578125,55.1
bench_detect_20260905_2011,ncnn,640,1,216,115.83587000131956,8.632904470684325,1,0.86474609375,55.1
bench_detect_20260905_2011,ncnn,640,1,217,117.15335999906529,8.535820056786921,1,0.8232421875,56.2
bench_detect_20260905_2011,ncnn,640,1,218,115.8753150011762,8.62996575232481,1,0.837890625,56.2
bench_detect_20260905_2011,ncnn,640,1,219,115.92459300300106,8.626297268726335,1,0.7724609375,54.55
bench_detect_20260905_2011,ncnn,640,1,220,116.06022299747565,8.616216427757083,1,0.83056640625,55.1
bench_detect_20260905_2011,ncnn,640,1,221,115.90403700029128,8.627827173936028,1,0.83544921875,56.75
bench_detect_20260905_2011,ncnn,640,1,222,116.04770499980077,8.617145853954774,1,0.861328125,56.2
bench_detect_20260905_2011,ncnn,640,1,223,116.50709600144182,8.583168187349074,1,0.85595703125,56.2
bench_detect_20260905_2011,ncnn,640,1,224,116.06218599990825,8.616070698520106,2,0.8388671875,55.65
bench_detect_20260905_2011,ncnn,640,1,225,115.8923520015378,8.628697085953789,1,0.85107421875,55.65
bench_detect_20260905_2011,ncnn,640,1,226,116.87811799856718,8.555921477211493,1,0.82177734375,56.2
bench_detect_20260905_2011,ncnn,640,1,227,116.11037200054852,8.612495014616574,4,0.84423828125,56.2
bench_detect_20260905_2011,ncnn,640,1,228,115.92463000124553,8.626294515576678,3,0.84716796875,56.75
bench_detect_20260905_2011,ncnn,640,1,229,115.96135299987509,8.623562714045576,1,0.845703125,55.65
bench_detect_20260905_2011,ncnn,640,1,230,115.77092600055039,8.637747269942764,1,0.83203125,56.2
bench_detect_20260905_2011,ncnn,640,1,231,116.37883599905763,8.592627614939348,1,0.8203125,55.1
bench_detect_20260905_2011,ncnn,640,1,232,117.89482699896325,8.482136370655125,1,0.86572265625,55.65
bench_detect_20260905_2011,ncnn,640,1,233,115.98822299856693,8.621564967094594,1,0.84130859375,56.2
bench_detect_20260905_2011,ncnn,640,1,234,116.75741300132358,8.564766675574285,1,0.82958984375,56.2
bench_detect_20260905_2011,ncnn,640,1,235,117.83864199969685,8.486180619788309,1,0.84228515625,56.2
bench_detect_20260905_2011,ncnn,640,1,236,115.88627799937967,8.629149345924743,1,0.8203125,56.75
bench_detect_20260905_2011,ncnn,640,1,237,116.00250099945697,8.62050379417838,1,0.82666015625,56.2
bench_detect_20260905_2011,ncnn,640,1,238,116.03940799977863,8.617761993424748,5,0.8330078125,56.2
bench_detect_20260905_2011,ncnn,640,1,239,115.89687000014237,8.628360714131206,1,0.8212890625,55.1
bench_detect_20260905_2011,ncnn,640,1,240,117.0067659986671,8.546514310218535,2,0.80419921875,56.2
bench_detect_20260905_2011,ncnn,640,1,241,117.6089000000502,8.502757869511347,1,0.80419921875,56.75
bench_detect_20260905_2011,ncnn,640,1,242,115.81053699774202,8.634792877434782,1,0.83740234375,56.2
bench_detect_20260905_2011,ncnn,640,1,243,117.8102720004972,8.48822418469401,3,0.818359375,56.2
bench_detect_20260905_2011,ncnn,640,1,244,115.97014799917815,8.622908716190366,1,0.8154296875,56.2
bench_detect_20260905_2011,ncnn,640,1,245,115.98053800116759,8.62213624142641,1,0.81640625,56.2
bench_detect_20260905_2011,ncnn,640,1,246,115.97314800019376,8.622685658220895,1,0.82373046875,56.2
bench_detect_20260905_2011,ncnn,640,1,247,115.80614700142178,8.635120206423263,1,0.80615234375,55.1
bench_detect_20260905_2011,ncnn,640,1,248,116.01455599884503,8.619608043062764,1,0.80810546875,56.2
bench_detect_20260905_2011,ncnn,640,1,249,117.85186400084058,8.485228540745588,1,0.81982421875,56.2
bench_detect_20260905_2011,ncnn,640,1,250,115.76362900086679,8.638291738353438,1,0.84619140625,56.75
bench_detect_20260905_2011,ncnn,640,1,251,115.75709099997766,8.638779632084853,1,0.87353515625,55.65
bench_detect_20260905_2011,ncnn,640,1,252,117.04980300055468,8.54337191832148,1,0.84912109375,56.2
bench_detect_20260905_2011,ncnn,640,1,253,116.01609300123528,8.619493848921051,2,0.8505859375,55.1
bench_detect_20260905_2011,ncnn,640,1,254,115.90518500088365,8.627741718305149,2,0.82373046875,55.65
bench_detect_20260905_2011,ncnn,640,1,255,115.80177699943306,8.635446069233426,1,0.84765625,55.65
bench_detect_20260905_2011,ncnn,640,1,256,115.97820400129422,8.622309757347518,1,0.81787109375,56.2
bench_detect_20260905_2011,ncnn,640,1,257,117.11489600202185,8.538623472651473,1,0.80615234375,56.75
bench_detect_20260905_2011,ncnn,640,1,258,115.94462900029612,8.624806587612143,1,0.81640625,55.1
bench_detect_20260905_2011,ncnn,640,1,259,115.79770199750783,8.635749956605544,1,0.81787109375,55.1
bench_detect_20260905_2011,ncnn,640,1,260,117.21121200025664,8.531607027472853,1,0.83447265625,55.65
bench_detect_20260905_2011,ncnn,640,1,261,117.3659910018614,8.520355781634734,1,0.84228515625,54.55
bench_detect_20260905_2011,ncnn,640,1,262,115.78418399949442,8.636758194922086,1,0.8662109375,56.75
bench_detect_20260905_2011,ncnn,640,1,263,115.80516599860857,8.635193355812946,1,0.84716796875,54.55
bench_detect_20260905_2011,ncnn,640,1,264,116.09466799927759,8.613660017583431,1,0.83251953125,55.65
bench_detect_20260905_2011,ncnn,640,1,265,115.96586999803549,8.623226816794807,1,0.84765625,55.1
bench_detect_20260905_2011,ncnn,640,1,266,117.16974799855961,8.534626190476173,1,0.837890625,56.2
bench_detect_20260905_2011,ncnn,640,1,267,115.82188800093718,8.633946633575068,1,0.83984375,56.2
bench_detect_20260905_2011,ncnn,640,1,268,115.7849429982889,8.636701578846727,1,0.85888671875,55.65
bench_detect_20260905_2011,ncnn,640,1,269,117.96101300205919,8.47737718209103,1,0.83984375,56.2
bench_detect_20260905_2011,ncnn,640,1,270,115.84249899897259,8.632410459384763,2,0.83642578125,55.1
bench_detect_20260905_2011,ncnn,640,1,271,115.79664699820569,8.635828635137383,1,0.82666015625,55.1
bench_detect_20260905_2011,ncnn,640,1,272,115.90638800043962,8.627652170441262,1,0.82568359375,56.2
bench_detect_20260905_2011,ncnn,640,1,273,116.00775899933069,8.620113073693368,2,0.8203125,56.2
bench_detect_20260905_2011,ncnn,640,1,274,117.25187799675041,8.528648044577286,1,0.8505859375,56.2
bench_detect_20260905_2011,ncnn,640,1,275,115.98118499750854,8.622088143188757,1,0.83203125,56.2
bench_detect_20260905_2011,ncnn,640,1,276,115.84418399797869,8.632284897595278,1,0.84228515625,56.2
bench_detect_20260905_2011,ncnn,640,1,277,115.87864700049977,8.629717604449482,1,0.84765625,55.65
bench_detect_20260905_2011,ncnn,640,1,278,117.03807999947458,8.544227656541267,1,0.8310546875,55.65
bench_detect_20260905_2011,ncnn,640,1,279,115.83201699977508,8.633191633034775,1,0.822265625,55.1
bench_detect_20260905_2011,ncnn,640,1,280,115.83516499740654,8.632957012858654,1,0.84814453125,54.0
bench_detect_20260905_2011,ncnn,640,1,281,115.93890699805343,8.625232252851838,1,0.82666015625,56.2
bench_detect_20260905_2011,ncnn,640,1,282,115.90686900308356,8.627616366493312,1,0.85107421875,56.2
bench_detect_20260905_2011,ncnn,640,1,283,116.57731800005422,8.577997994425766,2,0.857421875,55.65
bench_detect_20260905_2011,ncnn,640,1,284,115.94157299987273,8.62503392118975,1,0.84228515625,55.1
bench_detect_20260905_2011,ncnn,640,1,285,115.94136900021113,8.625049096998147,1,0.83935546875,56.75
bench_detect_20260905_2011,ncnn,640,1,286,116.61118900155998,8.575506420628491,1,0.83251953125,55.65
bench_detect_20260905_2011,ncnn,640,1,287,117.57291699905181,8.505360124798678,2,0.85107421875,55.65
bench_detect_20260905_2011,ncnn,640,1,288,115.95588799900725,8.623969142546358,2,0.8310546875,56.2
bench_detect_20260905_2011,ncnn,640,1,289,116.0574080022343,8.616425415779993,1,0.8505859375,56.75
bench_detect_20260905_2011,ncnn,640,1,290,115.94801700266544,8.624554570666023,1,0.84228515625,56.2
bench_detect_20260905_2011,ncnn,640,1,291,115.8910360027221,8.62879506898628,1,0.86279296875,56.2
bench_detect_20260905_2011,ncnn,640,1,292,117.45976800011704,8.513553338526972,1,0.85693359375,56.2
bench_detect_20260905_2011,ncnn,640,1,293,116.08192499988945,8.614605589982698,2,0.8603515625,55.65
bench_detect_20260905_2011,ncnn,640,1,294,115.78540499976953,8.636667117086049,1,0.8193359375,56.2
bench_detect_20260905_2011,ncnn,640,1,295,117.63463900206261,8.500897426840966,1,0.82861328125,56.2
bench_detect_20260905_2011,ncnn,640,1,296,115.90746200090507,8.627572226473145,1,0.85400390625,55.65
bench_detect_20260905_2011,ncnn,640,1,297,115.95044299974688,8.624374121642493,1,0.837890625,56.2
bench_detect_20260905_2011,ncnn,640,1,298,115.9280910032976,8.62603697986845,1,0.833984375,56.2
bench_detect_20260905_2011,ncnn,640,1,299,115.78062699845759,8.637023532558015,1,0.82470703125,55.1
bench_detect_20260905_2011,ncnn,640,1,300,116.89030100023956,8.555029728240246,1,0.84326171875,55.65
bench_detect_20260905_2011,ncnn,640,1,301,116.24842600213015,8.602267010322151,2,0.8330078125,55.65
bench_detect_20260905_2011,ncnn,640,1,302,115.8332570012135,8.633099214239687,1,0.80078125,56.2
bench_detect_20260905_2011,ncnn,640,1,303,115.77431299883756,8.637494571097482,1,0.84716796875,55.1
bench_detect_20260905_2011,ncnn,640,1,304,116.99563499860233,8.547327428172396,1,0.84814453125,55.65
bench_detect_20260905_2011,ncnn,640,1,305,115.84351599958609,8.632334674679358,1,0.7880859375,55.65
bench_detect_20260905_2011,ncnn,640,1,306,115.80379399674712,8.635295662490035,1,0.8125,55.1
bench_detect_20260905_2011,ncnn,640,1,307,115.96311000175774,8.623432055115133,1,0.8583984375,56.75
bench_detect_20260905_2011,ncnn,640,1,308,116.02148100064369,8.619093562462385,1,0.8642578125,55.65
bench_detect_20260905_2011,ncnn,640,1,309,117.46385999867925,8.513256758387165,2,0.8232421875,56.2
bench_detect_20260905_2011,ncnn,640,1,310,115.97723999875598,8.622381425965356,1,0.8173828125,56.2
bench_detect_20260905_2011,ncnn,640,1,311,115.79309000080684,8.636093915388493,1,0.86865234375,55.65
bench_detect_20260905_2011,ncnn,640,1,312,117.18185899735545,8.533744118384126,1,0.8447265625,55.1
bench_detect_20260905_2011,ncnn,640,1,313,117.50221200054511,8.510478083556086,1,0.84423828125,55.1
bench_detect_20260905_2011,ncnn,640,1,314,115.82905400064192,8.633412476928786,2,0.83642578125,56.2
bench_detect_20260905_2011,ncnn,640,1,315,115.91436899834662,8.627058134736203,1,0.84716796875,56.75
bench_detect_20260905_2011,ncnn,640,1,316,115.87673900066875,8.629859699402042,1,0.83203125,56.2
bench_detect_20260905_2011,ncnn,640,1,317,117.7678250023746,8.491283591081322,3,0.837890625,56.2
bench_detect_20260905_2011,ncnn,640,1,318,115.94886899911216,8.624491197129807,1,0.84228515625,56.2
bench_detect_20260905_2011,ncnn,640,1,319,115.84166499960702,8.632472608222546,1,0.82763671875,56.2
bench_detect_20260905_2011,ncnn,640,1,320,115.97810899911565,8.622316820216694,1,0.84619140625,56.2
bench_detect_20260905_2011,ncnn,640,1,321,118.1433459969412,8.464293875897933,1,0.818359375,55.65
bench_detect_20260905_2011,ncnn,640,1,322,115.83471999983885,8.632990177741105,1,0.85888671875,54.55
bench_detect_20260905_2011,ncnn,640,1,323,115.76325699934387,8.638319497227586,1,0.8154296875,56.2
bench_detect_20260905_2011,ncnn,640,1,324,116.00123900279868,8.620597578064435,1,0.8203125,56.2
bench_detect_20260905_2011,ncnn,640,1,325,116.01110899937339,8.619864154607825,1,0.822265625,55.1
bench_detect_20260905_2011,ncnn,640,1,326,116.50526099765557,8.583303375631449,1,0.8310546875,55.1
bench_detect_20260905_2011,ncnn,640,1,327,115.98616600167588,8.621717869228913,2,0.8203125,55.65
bench_detect_20260905_2011,ncnn,640,1,328,115.95359099737834,8.624139980473823,1,0.82568359375,55.65
bench_detect_20260905_2011,ncnn,640,1,329,115.98998000044958,8.62143436869395,2,0.8525390625,56.75
bench_detect_20260905_2011,ncnn,640,1,330,117.24969199713087,8.528807052426801,1,0.8505859375,55.1
bench_detect_20260905_2011,ncnn,640,1,331,115.8185530002811,8.634195248472608,2,0.84619140625,56.2
bench_detect_20260905_2011,ncnn,640,1,332,115.96805400040466,8.623064417348166,2,0.84814453125,55.1
bench_detect_20260905_2011,ncnn,640,1,333,115.99001700233202,8.621431618377077,2,0.83935546875,56.2
bench_detect_20260905_2011,ncnn,640,1,334,115.94955400141771,8.624440245693167,1,0.80810546875,56.75
bench_detect_20260905_2011,ncnn,640,1,335,117.45934099963051,8.513584287886866,1,0.85888671875,56.2
bench_detect_20260905_2011,ncnn,640,1,336,116.03788799766335,8.617874879109632,2,0.8310546875,55.65
bench_detect_20260905_2011,ncnn,640,1,337,116.04890600210638,8.617056674208106,2,0.8388671875,56.75
bench_detect_20260905_2011,ncnn,640,1,338,117.23028400228941,8.530219034362066,1,0.85693359375,55.1
bench_detect_20260905_2011,ncnn,640,1,339,117.08961700060172,8.5404669142855,1,0.84619140625,54.55
bench_detect_20260905_2011,ncnn,640,1,340,116.00046099920291,8.620655395558051,2,0.83251953125,55.65
bench_detect_20260905_2011,ncnn,640,1,341,115.88538599971798,8.629215766709649,1,0.85595703125,55.65
bench_detect_20260905_2011,ncnn,640,1,342,116.0504059989762,8.616945295381578,1,0.8271484375,55.65
bench_detect_20260905_2011,ncnn,640,1,343,117.72484299945063,8.494383806523034,1,0.82470703125,56.2
bench_detect_20260905_2011,ncnn,640,1,344,116.23681400305941,8.603126372456144,1,0.837890625,56.2
bench_detect_20260905_2011,ncnn,640,1,345,116.0647210017487,8.615882512524486,1,0.8125,56.2
bench_detect_20260905_2011,ncnn,640,1,346,115.93105399879278,8.625816513411612,3,0.81787109375,54.55
bench_detect_20260905_2011,ncnn,640,1,347,117.66963799891528,8.498368967610986,1,0.84228515625,56.2
bench_detect_20260905_2011,ncnn,640,1,348,115.99883199960459,8.620776457502682,1,0.818359375,55.65
bench_detect_20260905_2011,ncnn,640,1,349,116.01301700284239,8.619722388354916,1,0.82763671875,55.65
bench_detect_20260905_2011,ncnn,640,1,350,115.9048499976052,8.627766655326864,1,0.81787109375,56.2
bench_detect_20260905_2011,ncnn,640,1,351,116.00751700098044,8.620131055744848,2,0.8447265625,55.65
bench_detect_20260905_2011,ncnn,640,1,352,116.80896599864354,8.560986662715708,1,0.8330078125,56.2
bench_detect_20260905_2011,ncnn,640,1,353,116.11209100010456,8.612367509591223,2,0.8232421875,56.2
bench_detect_20260905_2011,ncnn,640,1,354,115.8965150025324,8.628387143290283,1,0.85693359375,55.65
bench_detect_20260905_2011,ncnn,640,1,355,115.86834899935639,8.630484585618413,1,0.84716796875,54.0
bench_detect_20260905_2011,ncnn,640,1,356,117.495359001623,8.510974463137618,1,0.82568359375,55.65
bench_detect_20260905_2011,ncnn,640,1,357,115.91225700249197,8.62721532528265,1,0.80517578125,54.55
bench_detect_20260905_2011,ncnn,640,1,358,115.7824600013555,8.636886796050911,1,0.8505859375,55.65
bench_detect_20260905_2011,ncnn,640,1,359,115.86966400136589,8.630386638457948,1,0.8525390625,56.2
bench_detect_20260905_2011,ncnn,640,1,360,116.89870699774474,8.554414549848635,1,0.84814453125,56.2
bench_detect_20260905_2011,ncnn,640,1,361,116.1950550012989,8.606218224939274,2,0.80517578125,55.65
bench_detect_20260905_2011,ncnn,640,1,362,115.89520099732908,8.628484970857818,1,0.8271484375,55.65
bench_detect_20260905_2011,ncnn,640,1,363,115.88238600234035,8.629439162391806,1,0.80908203125,55.1
bench_detect_20260905_2011,ncnn,640,1,364,117.64804599806666,8.499928677238152,4,0.84814453125,56.2
bench_detect_20260905_2011,ncnn,640,1,365,117.25207999916165,8.528633351384043,1,0.85205078125,56.75
bench_detect_20260905_2011,ncnn,640,1,366,115.84720099926926,8.632060087548492,2,0.86572265625,54.55
bench_detect_20260905_2011,ncnn,640,1,367,115.87912599861738,8.629681932636698,1,0.81982421875,56.2
bench_detect_20260905_2011,ncnn,640,1,368,115.94725599934463,8.624611176703072,1,0.8525390625,56.2
bench_detect_20260905_2011,ncnn,640,1,369,116.76085500221234,8.564514194256734,2,0.8271484375,54.55
bench_detect_20260905_2011,ncnn,640,1,370,115.9936279982503,8.621163224716831,1,0.837890625,56.2
bench_detect_20260905_2011,ncnn,640,1,371,115.88607100202353,8.629164759434623,3,0.82861328125,56.2
bench_detect_20260905_2011,ncnn,640,1,372,116.10114599898225,8.613179408313215,4,0.8388671875,55.65
bench_detect_20260905_2011,ncnn,640,1,373,117.9530280023755,8.477951070318099,2,0.84912109375,56.2
bench_detect_20260905_2011,ncnn,640,1,374,115.88420099724317,8.629304006883471,1,0.83251953125,55.1
bench_detect_20260905_2011,ncnn,640,1,375,115.81197800114751,8.634685438064892,1,0.82763671875,55.65
bench_detect_20260905_2011,ncnn,640,1,376,116.15403500036336,8.609257525981526,2,0.83056640625,55.1
bench_detect_20260905_2011,ncnn,640,1,377,117.21581999881892,8.531271632191595,1,0.83935546875,56.2
bench_detect_20260905_2011,ncnn,640,1,378,116.73981700005243,8.566057628817003,1,0.818359375,55.65
bench_detect_20260905_2011,ncnn,640,1,379,115.73175500234356,8.640670833858435,1,0.8154296875,54.55
bench_detect_20260905_2011,ncnn,640,1,380,116.0386270021263,8.617819995247581,1,0.83935546875,55.65
bench_detect_20260905_2011,ncnn,640,1,381,115.94347899881541,8.624892133952759,1,0.85986328125,55.1
bench_detect_20260905_2011,ncnn,640,1,382,117.38859899924137,8.518714837089611,1,0.8251953125,54.0
bench_detect_20260905_2011,ncnn,640,1,383,115.77481100175646,8.637457417095924,1,0.82177734375,55.65
bench_detect_20260905_2011,ncnn,640,1,384,115.87942199912504,8.629659889117764,1,0.83935546875,56.2
bench_detect_20260905_2011,ncnn,640,1,385,116.01938599778805,8.61924920046608,1,0.82861328125,55.65
bench_detect_20260905_2011,ncnn,640,1,386,116.81813200266333,8.560314934476105,1,0.779296875,56.2
bench_detect_20260905_2011,ncnn,640,1,387,115.98499699903186,8.621804766769507,1,0.86328125,55.65
bench_detect_20260905_2011,ncnn,640,1,388,116.0810350011161,8.61467163857029,1,0.8271484375,56.2
bench_detect_20260905_2011,ncnn,640,1,389,116.15347900078632,8.609298736486664,1,0.84423828125,56.2
bench_detect_20260905_2011,ncnn,640,1,390,117.5086180010112,8.510014133528442,1,0.8427734375,56.2
bench_detect_20260905_2011,ncnn,640,1,391,117.00904000099399,8.546348213706437,2,0.84326171875,56.75
bench_detect_20260905_2011,ncnn,640,1,392,115.84827399929054,8.631980136416397,1,0.8359375,56.2
bench_detect_20260905_2011,ncnn,640,1,393,115.94605199934449,8.62470073587028,1,0.8388671875,56.2
bench_detect_20260905_2011,ncnn,640,1,394,115.93995899966103,8.625153990290126,1,0.845703125,56.2
bench_detect_20260905_2011,ncnn,640,1,395,119.37761099761701,8.376780131912355,1,0.86572265625,55.65
bench_detect_20260905_2011,ncnn,640,1,396,116.01277500085416,8.619740369046747,1,0.85595703125,56.2
bench_detect_20260905_2011,ncnn,640,1,397,115.96918199938955,8.622980543272815,1,0.818359375,56.75
bench_detect_20260905_2011,ncnn,640,1,398,115.92757099788287,8.626075672872181,1,0.82958984375,55.65
bench_detect_20260905_2011,ncnn,640,1,399,117.88791699655121,8.48263355123371,1,0.8408203125,55.65
bench_detect_20260905_2011,ncnn,640,1,400,116.02679399948101,8.618698884366943,1,0.83642578125,56.2
bench_detect_20260905_2011,ncnn,640,1,401,115.89349600035348,8.628611911033817,1,0.85205078125,56.2
bench_detect_20260905_2011,ncnn,640,1,402,116.01762699865503,8.619379881055426,1,0.82666015625,56.75
bench_detect_20260905_2011,ncnn,640,1,403,116.72607599757612,8.56706602576759,1,0.80810546875,56.2
bench_detect_20260905_2011,ncnn,640,1,404,116.08110900124302,8.61466614683438,1,0.8271484375,56.2
bench_detect_20260905_2011,ncnn,640,1,405,116.03014499996789,8.618449972636652,1,0.810546875,55.65
bench_detect_20260905_2011,ncnn,640,1,406,115.9844969988626,8.621841934701036,1,0.83447265625,55.65
bench_detect_20260905_2011,ncnn,640,1,407,115.90492200048175,8.62776129555433,2,0.84912109375,56.2
bench_detect_20260905_2011,ncnn,640,1,408,117.53911799678463,8.507805886610072,1,0.84716796875,55.1
bench_detect_20260905_2011,ncnn,640,1,409,115.90088499724516,8.628061813538084,1,0.83447265625,55.65
bench_detect_20260905_2011,ncnn,640,1,410,115.73232899900177,8.640627978796015,1,0.85888671875,56.75
bench_detect_20260905_2011,ncnn,640,1,411,115.7588099995337,8.638651347608258,1,0.8193359375,56.2
bench_detect_20260905_2011,ncnn,640,1,412,117.35520900037955,8.521138588716296,1,0.83544921875,56.75
bench_detect_20260905_2011,ncnn,640,1,413,115.9503670023696,8.624379774318124,1,0.85595703125,56.2
bench_detect_20260905_2011,ncnn,640,1,414,115.93988599997829,8.625159420979482,1,0.84228515625,56.2
bench_detect_20260905_2011,ncnn,640,1,415,115.91232999853673,8.627209892274825,1,0.84619140625,55.65
bench_detect_20260905_2011,ncnn,640,1,416,117.57613699955982,8.505127192635559,1,0.83203125,55.65
bench_detect_20260905_2011,ncnn,640,1,417,116.71229800049332,8.568077376008596,1,0.8427734375,56.2
bench_detect_20260905_2011,ncnn,640,1,418,115.83262500062119,8.633146317754926,1,0.8447265625,54.55
bench_detect_20260905_2011,ncnn,640,1,419,115.87149599654367,8.630250187067826,1,0.8251953125,56.2
bench_detect_20260905_2011,ncnn,640,1,420,117.31661600060761,8.523941740655227,1,0.83251953125,55.65
bench_detect_20260905_2011,ncnn,640,1,421,116.10160900090705,8.61314505979144,1,0.8447265625,55.65
bench_detect_20260905_2011,ncnn,640,1,422,115.77525400207378,8.637424366886622,1,0.85107421875,54.55
bench_detect_20260905_2011,ncnn,640,1,423,115.70014300014009,8.643031668498363,1,0.8203125,56.2
bench_detect_20260905_2011,ncnn,640,1,424,115.88021799980197,8.629600610534828,1,0.7998046875,55.65
bench_detect_20260905_2011,ncnn,640,1,425,117.99380500087864,8.475021209736846,2,0.85888671875,55.65
bench_detect_20260905_2011,ncnn,640,1,426,115.84875500193448,8.631944296538203,1,0.83056640625,55.65
bench_detect_20260905_2011,ncnn,640,1,427,115.71629099853453,8.64182554911533,1,0.83203125,56.2
bench_detect_20260905_2011,ncnn,640,1,428,116.00799599909806,8.620095463141825,1,0.8310546875,56.2
bench_detect_20260905_2011,ncnn,640,1,429,116.71998199744849,8.567513315944995,2,0.83251953125,56.2
bench_detect_20260905_2011,ncnn,640,1,430,115.86684700159822,8.630596463768505,1,0.80615234375,56.2
bench_detect_20260905_2011,ncnn,640,1,431,115.83775499821058,8.632763989732428,1,0.833984375,56.2
bench_detect_20260905_2011,ncnn,640,1,432,115.81945799844107,8.634127781995492,1,0.83544921875,55.65
bench_detect_20260905_2011,ncnn,640,1,433,116.00575600095908,8.620261911760073,1,0.84716796875,55.65
bench_detect_20260905_2011,ncnn,640,1,434,117.4500609995448,8.514256965808435,1,0.83203125,55.65
bench_detect_20260905_2011,ncnn,640,1,435,115.99868100165622,8.620787679350613,1,0.83935546875,56.2
bench_detect_20260905_2011,ncnn,640,1,436,115.79825499939034,8.635708716036048,1,0.802734375,55.65
bench_detect_20260905_2011,ncnn,640,1,437,116.06349700014107,8.61597337532217,2,0.82666015625,55.65
bench_detect_20260905_2011,ncnn,640,1,438,117.25793100049486,8.528207784902666,1,0.79296875,55.65
bench_detect_20260905_2011,ncnn,640,1,439,115.84516199945938,8.632212021117176,2,0.84619140625,56.75
bench_detect_20260905_2011,ncnn,640,1,440,115.84914400009438,8.631915312202784,1,0.81640625,55.1
bench_detect_20260905_2011,ncnn,640,1,441,115.89038500096649,8.628843540313206,1,0.8408203125,55.65
bench_detect_20260905_2011,ncnn,640,1,442,117.73239600006491,8.493838858078185,1,0.8662109375,55.1
bench_detect_20260905_2011,ncnn,640,1,443,116.81111200232408,8.560829383938268,1,0.82177734375,56.2
bench_detect_20260905_2011,ncnn,640,1,444,116.03792299865745,8.617872279664725,6,0.8505859375,56.75
bench_detect_20260905_2011,ncnn,640,1,445,115.8950700009882,8.628494723645046,1,0.8203125,55.65
bench_detect_20260905_2011,ncnn,640,1,446,117.22743000063929,8.530426709811403,2,0.84619140625,55.65
bench_detect_20260905_2011,ncnn,640,1,447,117.08324299979722,8.54093185650599,1,0.84130859375,56.2
bench_detect_20260905_2011,ncnn,640,1,448,115.79232800067984,8.636150747345962,1,0.78759765625,54.55
bench_detect_20260905_2011,ncnn,640,1,449,115.96240400103852,8.62348455617602,1,0.86279296875,55.65
bench_detect_20260905_2011,ncnn,640,1,450,115.85725500117405,8.631311004130612,1,0.8330078125,54.55
bench_detect_20260905_2011,ncnn,640,1,451,117.76513699805946,8.491477405715395,1,0.8408203125,56.2
bench_detect_20260905_2011,ncnn,640,1,452,115.8631799989962,8.630869617152435,1,0.84765625,56.2
bench_detect_20260905_2011,ncnn,640,1,453,115.95692099945154,8.623892316050112,1,0.83251953125,55.65
bench_detect_20260905_2011,ncnn,640,1,454,115.91766199853737,8.626813056431537,1,0.8408203125,55.1
bench_detect_20260905_2011,ncnn,640,1,455,116.68611200002488,8.570000172769376,1,0.8505859375,55.65
bench_detect_20260905_2011,ncnn,640,1,456,116.02875599783147,8.618553145727853,1,0.82861328125,55.65
bench_detect_20260905_2011,ncnn,640,1,457,115.92249499881291,8.626453390347063,1,0.853515625,55.1
bench_detect_20260905_2011,ncnn,640,1,458,115.87897700155736,8.62969302867215,1,0.83447265625,55.65
bench_detect_20260905_2011,ncnn,640,1,459,115.89603299944429,8.628423028118615,1,0.84912109375,55.65
bench_detect_20260905_2011,ncnn,640,1,460,117.28711500109057,8.526085751113426,1,0.8427734375,54.55
bench_detect_20260905_2011,ncnn,640,1,461,116.03051400015829,8.61842256424578,1,0.8212890625,56.2
bench_detect_20260905_2011,ncnn,640,1,462,115.92325399760739,8.626396909291724,1,0.8505859375,55.65
bench_detect_20260905_2011,ncnn,640,1,463,117.72063600074034,8.494687371496285,3,0.82861328125,54.55
bench_detect_20260905_2011,ncnn,640,1,464,116.07758899845066,8.61492738286757,1,0.8662109375,56.2
bench_detect_20260905_2011,ncnn,640,1,465,115.98582900114707,8.621742919905415,2,0.84619140625,55.65
bench_detect_20260905_2011,ncnn,640,1,466,115.83206900104415,8.633187757278044,1,0.8427734375,55.65
bench_detect_20260905_2011,ncnn,640,1,467,115.79760599852307,8.635757115848788,1,0.78515625,55.65
bench_detect_20260905_2011,ncnn,640,1,468,117.86282200046116,8.484439647950117,1,0.8505859375,55.1
bench_detect_20260905_2011,ncnn,640,1,469,116.79581499993219,8.561950614416968,1,0.82177734375,56.2
bench_detect_20260905_2011,ncnn,640,1,470,115.85253099838155,8.631662954467261,1,0.8330078125,56.2
bench_detect_20260905_2011,ncnn,640,1,471,115.7995130015479,8.635614900959323,1,0.84619140625,55.65
bench_detect_20260905_2011,ncnn,640,1,472,116.43386899959296,8.588566270210396,1,0.83642578125,55.65
bench_detect_20260905_2011,ncnn,640,1,473,116.17275599928689,8.607870161969286,3,0.8310546875,56.2
bench_detect_20260905_2011,ncnn,640,1,474,115.78523500065785,8.636679797681616,1,0.82958984375,56.2
bench_detect_20260905_2011,ncnn,640,1,475,115.79740199886146,8.635772329415751,1,0.8388671875,56.2
bench_detect_20260905_2011,ncnn,640,1,476,115.84110599869746,8.632514264938425,1,0.8408203125,54.55
bench_detect_20260905_2011,ncnn,640,1,477,118.02521199933835,8.472765971440118,1,0.845703125,56.75
bench_detect_20260905_2011,ncnn,640,1,478,116.06784800096648,8.615650390896135,2,0.83642578125,55.65
bench_detect_20260905_2011,ncnn,640,1,479,115.71862300115754,8.641651395990056,1,0.8251953125,55.65
bench_detect_20260905_2011,ncnn,640,1,480,116.23121899901889,8.603540499807036,1,0.8134765625,56.2
bench_detect_20260905_2011,ncnn,640,1,481,118.25097200198798,8.456590107210184,2,0.82373046875,56.2
bench_detect_20260905_2011,ncnn,640,1,482,115.8941430003324,8.628563740249858,1,0.80712890625,55.65
bench_detect_20260905_2011,ncnn,640,1,483,115.83597600110807,8.632896570841119,1,0.849609375,55.65
bench_detect_20260905_2011,ncnn,640,1,484,116.02334700000938,8.61895494188699,3,0.84619140625,56.2
bench_detect_20260905_2011,ncnn,640,1,485,115.88721700172755,8.629079426293348,1,0.8525390625,54.55
bench_detect_20260905_2011,ncnn,640,1,486,117.50054200092563,8.510599040403765,2,0.861328125,55.65
bench_detect_20260905_2011,ncnn,640,1,487,115.83473499922547,8.632989059859174,2,0.83935546875,54.0
bench_detect_20260905_2011,ncnn,640,1,488,115.87090199827799,8.630294429009117,1,0.81787109375,55.65
bench_detect_20260905_2011,ncnn,640,1,489,117.44400500174379,8.51469600330091,2,0.83251953125,56.2
bench_detect_20260905_2011,ncnn,640,1,490,115.9899949998362,8.621433253802728,1,0.837890625,56.2
bench_detect_20260905_2011,ncnn,640,1,491,115.80371600211947,8.635301478423177,2,0.857421875,55.65
bench_detect_20260905_2011,ncnn,640,1,492,115.99423599909642,8.621118035621958,1,0.84228515625,55.65
bench_detect_20260905_2011,ncnn,640,1,493,116.05286600024556,8.616762639863492,1,0.85400390625,56.75
bench_detect_20260905_2011,ncnn,640,1,494,117.87732199809398,8.483395983632624,1,0.86279296875,55.1
bench_detect_20260905_2011,ncnn,640,1,495,116.04468099903897,8.617370407595688,1,0.83642578125,56.2
bench_detect_20260905_2011,ncnn,640,1,496,115.82532699685544,8.633690281117438,1,0.8115234375,56.2
bench_detect_20260905_2011,ncnn,640,1,497,116.08327300200472,8.614505553980463,1,0.8505859375,56.2
bench_detect_20260905_2011,ncnn,640,1,498,118.31695400178432,8.451874107449717,2,0.83251953125,55.65
bench_detect_20260905_2011,ncnn,640,1,499,115.94547600179794,8.624743581927191,1,0.82861328125,55.65
bench_detect_20260905_2011,ncnn,640,2,0,80.75217900113785,12.383566764011524,1,0.84130859375,56.75
bench_detect_20260905_2011,ncnn,640,2,1,80.77173499987111,12.380568524392793,3,0.83740234375,57.3
bench_detect_20260905_2011,ncnn,640,2,2,80.15517499734415,12.475800845461743,1,0.8447265625,57.85
bench_detect_20260905_2011,ncnn,640,2,3,80.3706759979832,12.44234899834728,1,0.84912109375,57.3
bench_detect_20260905_2011,ncnn,640,2,4,80.48464000239619,12.424730979354917,1,0.833984375,56.2
bench_detect_20260905_2011,ncnn,640,2,5,80.65714199983631,12.39815811973637,1,0.85498046875,56.75
bench_detect_20260905_2011,ncnn,640,2,6,80.1956559989776,12.46950333585087,1,0.81005859375,56.2
bench_detect_20260905_2011,ncnn,640,2,7,81.92389000032563,12.206451622304865,1,0.82958984375,56.75
bench_detect_20260905_2011,ncnn,640,2,8,80.85186500102282,12.368298492401498,1,0.84228515625,57.3
bench_detect_20260905_2011,ncnn,640,2,9,80.72045599692501,12.388433485039954,3,0.85205078125,56.75
bench_detect_20260905_2011,ncnn,640,2,10,80.46228799867094,12.428182504784324,2,0.83740234375,56.75
bench_detect_20260905_2011,ncnn,640,2,11,81.52155399875483,12.266694523699513,1,0.86474609375,57.85
bench_detect_20260905_2011,ncnn,640,2,12,80.42473200111999,12.433986102509786,1,0.8017578125,56.2
bench_detect_20260905_2011,ncnn,640,2,13,80.69245600199793,12.392732227350228,2,0.82666015625,57.3
bench_detect_20260905_2011,ncnn,640,2,14,80.25856399763143,12.459729531536494,2,0.85693359375,57.3
bench_detect_20260905_2011,ncnn,640,2,15,80.35358299821382,12.444995763564506,1,0.869140625,56.75
bench_detect_20260905_2011,ncnn,640,2,16,80.44886100105941,12.430256781221939,2,0.83642578125,56.2
bench_detect_20260905_2011,ncnn,640,2,17,80.41687999866554,12.43520017211056,1,0.8095703125,56.75
bench_detect_20260905_2011,ncnn,640,2,18,80.38782400035416,12.439694847264361,3,0.853515625,57.85
bench_detect_20260905_2011,ncnn,640,2,19,84.07999599876348,11.89343538996727,2,0.88330078125,57.85
bench_detect_20260905_2011,ncnn,640,2,20,80.93331000054604,12.355851997073309,1,0.84326171875,56.2
bench_detect_20260905_2011,ncnn,640,2,21,80.46191700123018,12.428239809209506,1,0.83251953125,57.3
bench_detect_20260905_2011,ncnn,640,2,22,80.80069700008607,12.376130864303494,1,0.85205078125,56.2
bench_detect_20260905_2011,ncnn,640,2,23,80.25691600050777,12.459985379872723,1,0.82568359375,57.3
bench_detect_20260905_2011,ncnn,640,2,24,82.86878400031128,12.067270107357237,1,0.74951171875,56.2
bench_detect_20260905_2011,ncnn,640,2,25,80.59286300340318,12.408046602808653,1,0.84326171875,57.3
bench_detect_20260905_2011,ncnn,640,2,26,80.28678700065939,12.455349595591453,2,0.84765625,57.3
bench_detect_20260905_2011,ncnn,640,2,27,80.30937899820856,12.451845755429222,2,0.84130859375,56.2
bench_detect_20260905_2011,ncnn,640,2,28,80.40615800200612,12.436858380611223,2,0.8583984375,57.3
bench_detect_20260905_2011,ncnn,640,2,29,80.6814370007487,12.39442475461512,1,0.83984375,56.75
bench_detect_20260905_2011,ncnn,640,2,30,80.4632319996017,12.428036696375186,3,0.8193359375,56.75
bench_detect_20260905_2011,ncnn,640,2,31,80.19080400117673,12.470257811423439,1,0.83203125,57.85
bench_detect_20260905_2011,ncnn,640,2,32,82.86571000280674,12.067717756429397,1,0.837890625,57.3
bench_detect_20260905_2011,ncnn,640,2,33,80.95456900264253,12.352607299624532,1,0.84912109375,57.3
bench_detect_20260905_2011,ncnn,640,2,34,80.42856499741902,12.433393534151584,1,0.84765625,57.3
bench_detect_20260905_2011,ncnn,640,2,35,80.52317600231618,12.418784872211646,1,0.837890625,57.85
bench_detect_20260905_2011,ncnn,640,2,36,81.12732899826369,12.32630252157571,1,0.82177734375,57.85
bench_detect_20260905_2011,ncnn,640,2,37,80.95305000097142,12.352839083740516,1,0.82861328125,57.85
bench_detect_20260905_2011,ncnn,640,2,38,80.19126799990772,12.470185656637213,1,0.837890625,57.3
bench_detect_20260905_2011,ncnn,640,2,39,80.29665700087207,12.45381859408094,1,0.85400390625,57.3
bench_detect_20260905_2011,ncnn,640,2,40,80.48126900030184,12.42525139602669,1,0.8125,57.3
bench_detect_20260905_2011,ncnn,640,2,41,80.57060300052399,12.411474691253044,1,0.8408203125,57.3
bench_detect_20260905_2011,ncnn,640,2,42,80.17776700216928,12.472285489978091,1,0.8212890625,56.75
bench_detect_20260905_2011,ncnn,640,2,43,80.24108199970215,12.462444113150319,1,0.84765625,57.85
bench_detect_20260905_2011,ncnn,640,2,44,84.47879400046077,11.837290196099932,1,0.81201171875,57.85
bench_detect_20260905_2011,ncnn,640,2,45,80.92703200236429,12.356810515067265,1,0.8310546875,57.85
bench_detect_20260905_2011,ncnn,640,2,46,80.44712099945173,12.430525636918881,1,0.8232421875,58.4
bench_detect_20260905_2011,ncnn,640,2,47,80.33806499952334,12.447399623154144,2,0.85205078125,57.3
bench_detect_20260905_2011,ncnn,640,2,48,82.85921000060625,12.068664424783718,1,0.82958984375,57.85
bench_detect_20260905_2011,ncnn,640,2,49,80.6675109997741,12.396564460787696,1,0.81640625,58.4
bench_detect_20260905_2011,ncnn,640,2,50,80.38252700134763,12.440514590729833,1,0.8427734375,57.85
bench_detect_20260905_2011,ncnn,640,2,51,80.23589799995534,12.463249305199483,1,0.83984375,58.4
bench_detect_20260905_2011,ncnn,640,2,52,80.4999729989504,12.422364415116494,1,0.84130859375,57.3
bench_detect_20260905_2011,ncnn,640,2,53,80.50812100191251,12.421107182171653,1,0.82177734375,58.4
bench_detect_20260905_2011,ncnn,640,2,54,80.2875090012094,12.455237588513757,1,0.84228515625,57.85
bench_detect_20260905_2011,ncnn,640,2,55,80.33128600072814,12.44845003465942,1,0.83251953125,57.3
bench_detect_20260905_2011,ncnn,640,2,56,80.50539900068543,12.42152715734613,1,0.861328125,57.85
bench_detect_20260905_2011,ncnn,640,2,57,82.304744002613,12.149967928558919,1,0.798828125,58.95
bench_detect_20260905_2011,ncnn,640,2,58,80.76002999951015,12.382362909053716,1,0.83642578125,57.85
bench_detect_20260905_2011,ncnn,640,2,59,80.42612100325641,12.433771360917811,2,0.83740234375,57.85
bench_detect_20260905_2011,ncnn,640,2,60,80.9833269995579,12.348220764077267,1,0.85400390625,58.4
bench_detect_20260905_2011,ncnn,640,2,61,85.4712450018269,11.699841273853277,1,0.84814453125,58.4
bench_detect_20260905_2011,ncnn,640,2,62,80.97647500107996,12.349265635317705,3,0.8671875,58.95
bench_detect_20260905_2011,ncnn,640,2,63,80.38730499902158,12.439775161167193,1,0.7431640625,57.3
bench_detect_20260905_2011,ncnn,640,2,64,80.44834300017101,12.43033681871949,1,0.833984375,57.85
bench_detect_20260905_2011,ncnn,640,2,65,80.86314200045308,12.366573636161664,1,0.80517578125,57.3
bench_detect_20260905_2011,ncnn,640,2,66,80.26235999932396,12.459140249656537,1,0.833984375,57.85
bench_detect_20260905_2011,ncnn,640,2,67,80.18241600075271,12.471562343427173,1,0.8427734375,57.3
bench_detect_20260905_2011,ncnn,640,2,68,80.62638100091135,12.402888329921401,1,0.80419921875,58.4
bench_detect_20260905_2011,ncnn,640,2,69,83.98131000285503,11.907411303372191,1,0.873046875,56.75
bench_detect_20260905_2011,ncnn,640,2,70,80.61141800135374,12.405190539920866,1,0.8095703125,58.4
bench_detect_20260905_2011,ncnn,640,2,71,80.4252500020084,12.433906018010859,2,0.82373046875,57.3
bench_detect_20260905_2011,ncnn,640,2,72,80.59580600092886,12.407593516571756,1,0.8662109375,57.3
bench_detect_20260905_2011,ncnn,640,2,73,81.55723799791303,12.261327437616131,1,0.84765625,58.4
bench_detect_20260905_2011,ncnn,640,2,74,80.3957129974151,12.438474176255545,1,0.82958984375,57.3
bench_detect_20260905_2011,ncnn,640,2,75,80.19202600189601,12.470067784250228,1,0.8291015625,57.3
bench_detect_20260905_2011,ncnn,640,2,76,80.37526800035266,12.441638141668308,1,0.8310546875,58.4
bench_detect_20260905_2011,ncnn,640,2,77,80.57638099853648,12.410584685084865,1,0.83447265625,58.4
bench_detect_20260905_2011,ncnn,640,2,78,80.19226699980209,12.47003030856414,1,0.81982421875,57.85
bench_detect_20260905_2011,ncnn,640,2,79,80.37774900003569,12.4412541087653,1,0.853515625,57.3
bench_detect_20260905_2011,ncnn,640,2,80,80.45476900224457,12.42934399540817,1,0.84716796875,57.85
bench_detect_20260905_2011,ncnn,640,2,81,80.72927100147353,12.387080765064102,2,0.83935546875,57.85
bench_detect_20260905_2011,ncnn,640,2,82,82.95421000002534,12.054843268348822,1,0.81640625,58.4
bench_detect_20260905_2011,ncnn,640,2,83,80.59165799932089,12.408232127553779,1,0.86279296875,58.4
bench_detect_20260905_2011,ncnn,640,2,84,80.54451000134577,12.415495481731673,1,0.84130859375,57.85
bench_detect_20260905_2011,ncnn,640,2,85,82.91713599828654,12.060233243230503,2,0.82470703125,56.75
bench_detect_20260905_2011,ncnn,640,2,86,80.34404600039124,12.446473009277257,1,0.84912109375,58.4
bench_detect_20260905_2011,ncnn,640,2,87,80.20222999766702,12.468481238353208,1,0.8251953125,58.4
bench_detect_20260905_2011,ncnn,640,2,88,80.54056500259321,12.416103611488229,2,0.8212890625,58.4
bench_detect_20260905_2011,ncnn,640,2,89,80.47817600163398,12.425728932769259,3,0.80908203125,58.4
bench_detect_20260905_2011,ncnn,640,2,90,80.34430499901646,12.446432886714765,2,0.8427734375,58.4
bench_detect_20260905_2011,ncnn,640,2,91,80.4191390016058,12.434850862803096,3,0.8232421875,57.85
bench_detect_20260905_2011,ncnn,640,2,92,80.41534200310707,12.435438003377044,1,0.8203125,57.85
bench_detect_20260905_2011,ncnn,640,2,93,80.65184400038561,12.398972551640838,1,0.86181640625,58.4
bench_detect_20260905_2011,ncnn,640,2,94,83.89221600009478,11.92005704079709,1,0.86767578125,58.4
bench_detect_20260905_2011,ncnn,640,2,95,80.4998429994157,12.422384476044982,1,0.8603515625,57.3
bench_detect_20260905_2011,ncnn,640,2,96,80.97636400270858,12.34928256307669,1,0.8427734375,57.85
bench_detect_20260905_2011,ncnn,640,2,97,80.72010400064755,12.38848750730026,4,0.85107421875,58.4
bench_detect_20260905_2011,ncnn,640,2,98,82.86320900151622,12.068081987769773,1,0.85498046875,57.85
bench_detect_20260905_2011,ncnn,640,2,99,80.59808399775648,12.407242832569517,1,0.84326171875,57.85
bench_detect_20260905_2011,ncnn,640,2,100,80.35673099948326,12.4445082267773,1,0.84326171875,58.4
bench_detect_20260905_2011,ncnn,640,2,101,80.69728800182929,12.39199017415965,2,0.845703125,58.4
bench_detect_20260905_2011,ncnn,640,2,102,80.38167599806911,12.440646298840814,1,0.79931640625,57.3
bench_detect_20260905_2011,ncnn,640,2,103,80.3129159976379,12.451297373257013,1,0.84716796875,58.4
bench_detect_20260905_2011,ncnn,640,2,104,80.33247099956498,12.448266405317163,1,0.81201171875,57.85
bench_detect_20260905_2011,ncnn,640,2,105,80.58238000012352,12.409660771976046,2,0.83056640625,58.4
bench_detect_20260905_2011,ncnn,640,2,106,80.21121099955053,12.467085180968077,2,0.83544921875,57.85
bench_detect_20260905_2011,ncnn,640,2,107,83.30110099996091,12.00464325195977,2,0.81787109375,58.4
bench_detect_20260905_2011,ncnn,640,2,108,80.7850849996612,12.378522594909617,2,0.83203125,57.85
bench_detect_20260905_2011,ncnn,640,2,109,80.79632599765318,12.376800400912364,1,0.83642578125,58.4
bench_detect_20260905_2011,ncnn,640,2,110,81.35145900087082,12.292342537941398,1,0.83203125,57.3
bench_detect_20260905_2011,ncnn,640,2,111,80.5755279980076,12.410716067845403,1,0.86474609375,58.95
bench_detect_20260905_2011,ncnn,640,2,112,80.62214000165113,12.403540764106735,1,0.84814453125,58.4
bench_detect_20260905_2011,ncnn,640,2,113,80.50915700005135,12.420947346391445,1,0.81201171875,58.4
bench_detect_20260905_2011,ncnn,640,2,114,80.38713799760444,12.439801004357193,1,0.8134765625,58.4
bench_detect_20260905_2011,ncnn,640,2,115,80.3175260007265,12.45058270334366,1,0.8125,57.3
bench_detect_20260905_2011,ncnn,640,2,116,80.43978699788568,12.431658975256667,2,0.83935546875,58.95
bench_detect_20260905_2011,ncnn,640,2,117,80.7655300013721,12.381519690182326,3,0.83935546875,57.85
bench_detect_20260905_2011,ncnn,640,2,118,80.31234100053553,12.451386518459621,3,0.853515625,56.75
bench_detect_20260905_2011,ncnn,640,2,119,83.7129930005176,11.945576954748434,2,0.84716796875,57.3
bench_detect_20260905_2011,ncnn,640,2,120,80.76936299767112,12.380932111954797,1,0.86328125,58.4
bench_detect_20260905_2011,ncnn,640,2,121,80.63736199983396,12.40119933489465,1,0.83642578125,58.4
bench_detect_20260905_2011,ncnn,640,2,122,82.54865200069617,12.114068198128379,2,0.86328125,58.95
bench_detect_20260905_2011,ncnn,640,2,123,80.32369300053688,12.449626786872413,1,0.82373046875,57.85
bench_detect_20260905_2011,ncnn,640,2,124,80.40771299783955,12.436617865587952,1,0.83203125,58.95
bench_detect_20260905_2011,ncnn,640,2,125,80.69130699732341,12.392908693784955,2,0.85400390625,57.85
bench_detect_20260905_2011,ncnn,640,2,126,80.28902599835419,12.455002256728068,2,0.8447265625,57.85
bench_detect_20260905_2011,ncnn,640,2,127,80.36784199794056,12.442787751170737,2,0.83740234375,57.3
bench_detect_20260905_2011,ncnn,640,2,128,80.61062100023264,12.40531319064164,2,0.84765625,57.85
bench_detect_20260905_2011,ncnn,640,2,129,80.59767599843326,12.407305640170556,1,0.86572265625,58.4
bench_detect_20260905_2011,ncnn,640,2,130,80.22076699853642,12.465600086050591,1,0.8408203125,58.4
bench_detect_20260905_2011,ncnn,640,2,131,80.22717399944668,12.464604574092277,1,0.75390625,58.4
bench_detect_20260905_2011,ncnn,640,2,132,82.99132100000861,12.049452737351851,1,0.81591796875,58.4
bench_detect_20260905_2011,ncnn,640,2,133,80.77614100329811,12.379893215735198,1,0.82958984375,57.85
bench_detect_20260905_2011,ncnn,640,2,134,80.42193400251563,12.43441869936527,1,0.82373046875,58.4
bench_detect_20260905_2011,ncnn,640,2,135,84.90298200194957,11.778149323153782,1,0.814453125,57.85
bench_detect_20260905_2011,ncnn,640,2,136,81.22503200138453,12.311475604995199,1,0.83935546875,58.95
bench_detect_20260905_2011,ncnn,640,2,137,80.82234500034247,12.372815958207632,2,0.8232421875,58.4
bench_detect_20260905_2011,ncnn,640,2,138,80.01780300037353,12.497218900090669,1,0.86474609375,58.4
bench_detect_20260905_2011,ncnn,640,2,139,80.26495199737838,12.458737906336282,1,0.84228515625,58.4
bench_detect_20260905_2011,ncnn,640,2,140,80.26769299976877,12.458312462062175,1,0.82470703125,58.4
bench_detect_20260905_2011,ncnn,640,2,141,80.45619399854331,12.42912385363525,1,0.84326171875,58.95
bench_detect_20260905_2011,ncnn,640,2,142,80.22619199982728,12.464757145673236,1,0.80322265625,58.95
bench_detect_20260905_2011,ncnn,640,2,143,80.40191599866375,12.43751454898935,1,0.845703125,58.4
bench_detect_20260905_2011,ncnn,640,2,144,83.49106499736081,11.97732955055263,3,0.8583984375,57.3
bench_detect_20260905_2011,ncnn,640,2,145,80.77582600162714,12.379941493632712,1,0.84912109375,58.4
bench_detect_20260905_2011,ncnn,640,2,146,80.40067500041914,12.437706524165211,1,0.853515625,57.85
bench_detect_20260905_2011,ncnn,640,2,147,81.533478001802,12.264900559962605,3,0.8359375,58.4
bench_detect_20260905_2011,ncnn,640,2,148,80.61056500082486,12.405321808497028,1,0.8251953125,57.3
bench_detect_20260905_2011,ncnn,640,2,149,80.78364000175497,12.378744012751538,1,0.849609375,58.95
bench_detect_20260905_2011,ncnn,640,2,150,80.16121100081364,12.474861438780534,1,0.82666015625,57.85
bench_detect_20260905_2011,ncnn,640,2,151,80.25037700281246,12.461000650064909,2,0.8359375,56.75
bench_detect_20260905_2011,ncnn,640,2,152,80.494694000663,12.423179097888903,2,0.84326171875,57.3
bench_detect_20260905_2011,ncnn,640,2,153,80.51441700081341,12.420135886842443,1,0.80908203125,58.4
bench_detect_20260905_2011,ncnn,640,2,154,80.2260810014559,12.464774391533005,1,0.80517578125,58.4
bench_detect_20260905_2011,ncnn,640,2,155,80.24858100179699,12.461279533124793,1,0.84326171875,57.85
bench_detect_20260905_2011,ncnn,640,2,156,80.76745500147808,12.381224590792163,1,0.8310546875,57.85
bench_detect_20260905_2011,ncnn,640,2,157,83.40319399940199,11.989948490547857,1,0.85498046875,58.4
bench_detect_20260905_2011,ncnn,640,2,158,80.72969500062754,12.387015707073173,1,0.853515625,57.3
bench_detect_20260905_2011,ncnn,640,2,159,82.73215300141601,12.08719903594053,1,0.849609375,58.4
bench_detect_20260905_2011,ncnn,640,2,160,80.54997300132527,12.414653447289762,1,0.83642578125,58.4
bench_detect_20260905_2011,ncnn,640,2,161,80.67404699977487,12.395560123601962,1,0.82958984375,58.95
bench_detect_20260905_2011,ncnn,640,2,162,80.40967499982798,12.436314411196653,1,0.853515625,58.95
bench_detect_20260905_2011,ncnn,640,2,163,80.20419199965545,12.468176227051773,1,0.8193359375,58.4
bench_detect_20260905_2011,ncnn,640,2,164,80.36486000128207,12.443249449872082,1,0.8359375,58.4
bench_detect_20260905_2011,ncnn,640,2,165,80.53700900200056,12.416651827424579,1,0.8505859375,57.3
bench_detect_20260905_2011,ncnn,640,2,166,80.31130400195252,12.45154729371208,2,0.810546875,57.85
bench_detect_20260905_2011,ncnn,640,2,167,80.29796999835526,12.453614954655553,1,0.8310546875,58.4
bench_detect_20260905_2011,ncnn,640,2,168,80.3183230018476,12.450459155839154,1,0.84619140625,57.85
bench_detect_20260905_2011,ncnn,640,2,169,83.58839900029125,11.963382621989394,1,0.8505859375,58.4
bench_detect_20260905_2011,ncnn,640,2,170,80.44284200150287,12.43118685415562,2,0.85498046875,58.4
bench_detect_20260905_2011,ncnn,640,2,171,80.30413699816563,12.452658572532107,1,0.8173828125,58.4
bench_detect_20260905_2011,ncnn,640,2,172,82.88620899838861,12.064733229860241,1,0.84619140625,57.85
bench_detect_20260905_2011,ncnn,640,2,173,80.85249199939426,12.368202578190068,1,0.84912109375,58.4
bench_detect_20260905_2011,ncnn,640,2,174,80.30241500091506,12.45292560614279,1,0.84423828125,57.85
bench_detect_20260905_2011,ncnn,640,2,175,80.32617500066408,12.449242105599236,1,0.837890625,57.3
bench_detect_20260905_2011,ncnn,640,2,176,80.46987900161184,12.427010111199118,1,0.8447265625,58.4
bench_detect_20260905_2011,ncnn,640,2,177,80.62984199932544,12.402355941716545,1,0.82861328125,58.4
bench_detect_20260905_2011,ncnn,640,2,178,80.23730300192256,12.463031066436008,1,0.81591796875,58.95
bench_detect_20260905_2011,ncnn,640,2,179,80.28054500027793,12.456318028191488,1,0.84130859375,58.4
bench_detect_20260905_2011,ncnn,640,2,180,80.50334200015641,12.421844548988503,1,0.84765625,57.85
bench_detect_20260905_2011,ncnn,640,2,181,80.6153980011004,12.404578092963703,1,0.83203125,58.4
bench_detect_20260905_2011,ncnn,640,2,182,83.00383900132147,12.047635531461134,2,0.84130859375,58.4
bench_detect_20260905_2011,ncnn,640,2,183,80.5427499981306,12.415766782524932,5,0.8388671875,58.95
bench_detect_20260905_2011,ncnn,640,2,184,82.09151800110703,12.181526476176439,1,0.83740234375,58.95
bench_detect_20260905_2011,ncnn,640,2,185,80.73263999904157,12.386563848424524,1,0.849609375,57.85
bench_detect_20260905_2011,ncnn,640,2,186,80.23111799775506,12.46399183952517,1,0.83642578125,58.4
bench_detect_20260905_2011,ncnn,640,2,187,80.35182199819246,12.445268509561554,1,0.818359375,57.85
bench_detect_20260905_2011,ncnn,640,2,188,80.29998900019564,12.453301830434418,1,0.79296875,58.4
bench_detect_20260905_2011,ncnn,640,2,189,80.50534200083348,12.421535952106717,2,0.81005859375,58.4
bench_detect_20260905_2011,ncnn,640,2,190,80.11274700038484,12.482408074150749,1,0.84423828125,58.4
bench_detect_20260905_2011,ncnn,640,2,191,80.43774900215794,12.4319739476197,1,0.82373046875,58.4
bench_detect_20260905_2011,ncnn,640,2,192,80.44963800057303,12.430136727189215,1,0.83935546875,57.85
bench_detect_20260905_2011,ncnn,640,2,193,80.40060100029223,12.437717971739607,1,0.84912109375,58.4
bench_detect_20260905_2011,ncnn,640,2,194,83.59460199790192,11.96249489919335,1,0.833984375,57.85
bench_detect_20260905_2011,ncnn,640,2,195,80.66023199717165,12.39768316107825,1,0.8603515625,57.85
bench_detect_20260905_2011,ncnn,640,2,196,82.86126399980276,12.06836526175102,1,0.84765625,57.3
bench_detect_20260905_2011,ncnn,640,2,197,81.00191900302889,12.345386532911736,1,0.8525390625,57.3
bench_detect_20260905_2011,ncnn,640,2,198,80.51399000032688,12.420201756190943,3,0.82177734375,58.4
bench_detect_20260905_2011,ncnn,640,2,199,80.34828600284527,12.44581620527149,1,0.85205078125,58.95
bench_detect_20260905_2011,ncnn,640,2,200,80.35593399836216,12.444631656205779,2,0.822265625,58.4
bench_detect_20260905_2011,ncnn,640,2,201,80.61691599868936,12.404344517672415,1,0.8212890625,58.95
bench_detect_20260905_2011,ncnn,640,2,202,80.08722800150281,12.486385469368916,1,0.8125,58.4
bench_detect_20260905_2011,ncnn,640,2,203,80.37260100172716,12.442050991711847,1,0.861328125,57.3
bench_detect_20260905_2011,ncnn,640,2,204,80.33539700045367,12.447813010675143,1,0.83642578125,57.3
bench_detect_20260905_2011,ncnn,640,2,205,80.5430090003938,12.415726857126865,1,0.84814453125,58.95
bench_detect_20260905_2011,ncnn,640,2,206,80.4875819994777,12.424276828275065,2,0.853515625,58.4
bench_detect_20260905_2011,ncnn,640,2,207,83.1306370018865,12.02925944110481,2,0.83203125,57.3
bench_detect_20260905_2011,ncnn,640,2,208,80.8500470011495,12.36857660683589,3,0.84326171875,57.85
bench_detect_20260905_2011,ncnn,640,2,209,82.55239199934294,12.113519375767565,1,0.84228515625,58.95
bench_detect_20260905_2011,ncnn,640,2,210,83.42747099959524,11.986459472142595,1,0.84765625,58.4
bench_detect_20260905_2011,ncnn,640,2,211,80.58797199919354,12.408799665662354,1,0.84814453125,57.85
bench_detect_20260905_2011,ncnn,640,2,212,80.55456399961258,12.413945906340073,1,0.8095703125,58.4
bench_detect_20260905_2011,ncnn,640,2,213,80.58326799800852,12.409524022092443,2,0.83984375,58.4
bench_detect_20260905_2011,ncnn,640,2,214,80.31678499901318,12.450697572273176,2,0.85888671875,58.4
bench_detect_20260905_2011,ncnn,640,2,215,80.30456300184596,12.452592513043287,1,0.83642578125,58.4
bench_detect_20260905_2011,ncnn,640,2,216,80.46048899996094,12.42846038383492,1,0.86474609375,58.95
bench_detect_20260905_2011,ncnn,640,2,217,80.70723199853092,12.390463348045472,1,0.8232421875,58.4
bench_detect_20260905_2011,ncnn,640,2,218,80.1423769989924,12.477793115776596,1,0.837890625,57.3
bench_detect_20260905_2011,ncnn,640,2,219,83.07361699917237,12.037516074567483,1,0.7724609375,58.95
bench_detect_20260905_2011,ncnn,640,2,220,80.71052800005418,12.389957354749663,1,0.83056640625,57.85
bench_detect_20260905_2011,ncnn,640,2,221,82.36735299942666,12.14073250608115,1,0.83544921875,58.4
bench_detect_20260905_2011,ncnn,640,2,222,80.41711899932125,12.43516321454441,1,0.861328125,58.95
bench_detect_20260905_2011,ncnn,640,2,223,80.42573000057018,12.433831809707048,1,0.85595703125,57.85
bench_detect_20260905_2011,ncnn,640,2,224,80.71293600005447,12.38958771118579,2,0.8388671875,58.4
bench_detect_20260905_2011,ncnn,640,2,225,80.63982399835368,12.400820716330132,1,0.85107421875,58.95
bench_detect_20260905_2011,ncnn,640,2,226,80.28102599928388,12.456243396900783,1,0.82177734375,58.4
bench_detect_20260905_2011,ncnn,640,2,227,80.52432299882639,12.418607977797896,4,0.84423828125,57.85
bench_detect_20260905_2011,ncnn,640,2,228,80.42015599858132,12.434693611109642,3,0.84716796875,58.4
bench_detect_20260905_2011,ncnn,640,2,229,80.5258229993342,12.41837664929259,1,0.845703125,58.4
bench_detect_20260905_2011,ncnn,640,2,230,80.11408000311349,12.482200381769808,1,0.83203125,58.4
bench_detect_20260905_2011,ncnn,640,2,231,80.34174800195615,12.446829013175718,1,0.8203125,58.95
bench_detect_20260905_2011,ncnn,640,2,232,83.728121000604,11.943418627449983,1,0.86572265625,58.4
bench_detect_20260905_2011,ncnn,640,2,233,82.99504200113006,12.048912511983355,1,0.84130859375,58.95
bench_detect_20260905_2011,ncnn,640,2,234,80.45378499809885,12.429496014682595,1,0.82958984375,57.85
bench_detect_20260905_2011,ncnn,640,2,235,80.51387800151133,12.420219033310369,1,0.84228515625,58.4
bench_detect_20260905_2011,ncnn,640,2,236,80.38809999925434,12.439652137683012,1,0.8203125,58.4
bench_detect_20260905_2011,ncnn,640,2,237,80.52687800227432,12.418213953007802,1,0.82666015625,58.95
bench_detect_20260905_2011,ncnn,640,2,238,80.56908199796453,12.411708998065333,5,0.8330078125,58.95
bench_detect_20260905_2011,ncnn,640,2,239,80.22682099908707,12.464659418717082,1,0.8212890625,58.4
bench_detect_20260905_2011,ncnn,640,2,240,80.45511900127167,12.42928992478644,2,0.80419921875,57.3
bench_detect_20260905_2011,ncnn,640,2,241,80.57174900022801,12.411298158578761,1,0.80419921875,57.85
bench_detect_20260905_2011,ncnn,640,2,242,80.2421360021981,12.462280415523917,1,0.83740234375,58.4
bench_detect_20260905_2011,ncnn,640,2,243,80.3906930013909,12.439250896651659,3,0.818359375,57.85
bench_detect_20260905_2011,ncnn,640,2,244,83.11998800127185,12.030800581740925,1,0.8154296875,58.95
bench_detect_20260905_2011,ncnn,640,2,245,80.96441799716558,12.351104654825138,1,0.81640625,58.95
bench_detect_20260905_2011,ncnn,640,2,246,82.32887200210826,12.146407155613552,1,0.82373046875,58.4
bench_detect_20260905_2011,ncnn,640,2,247,80.42469300198718,12.433992131935044,1,0.80615234375,58.95
bench_detect_20260905_2011,ncnn,640,2,248,80.66273200165597,12.397298915928987,1,0.80810546875,58.4
bench_detect_20260905_2011,ncnn,640,2,249,80.55348900234094,12.414111572137358,1,0.81982421875,58.4
bench_detect_20260905_2011,ncnn,640,2,250,80.30717400106369,12.452187646233881,1,0.84619140625,56.75
bench_detect_20260905_2011,ncnn,640,2,251,80.4280070005916,12.43347979507492,1,0.87353515625,58.95
bench_detect_20260905_2011,ncnn,640,2,252,80.44573000006494,12.430740575033537,1,0.84912109375,58.95
bench_detect_20260905_2011,ncnn,640,2,253,80.63382399996044,12.40174346686684,2,0.8505859375,58.4
bench_detect_20260905_2011,ncnn,640,2,254,80.3340999991633,12.448013981738953,2,0.82373046875,58.4
bench_detect_20260905_2011,ncnn,640,2,255,80.34232200225233,12.446740087646033,1,0.84765625,58.95
bench_detect_20260905_2011,ncnn,640,2,256,80.31554400076857,12.450889954632327,1,0.81787109375,58.4
bench_detect_20260905_2011,ncnn,640,2,257,83.6640460001945,11.9525656217687,1,0.80615234375,58.4
bench_detect_20260905_2011,ncnn,640,2,258,82.16992600137019,12.169902647634427,1,0.81640625,58.95
bench_detect_20260905_2011,ncnn,640,2,259,80.32504400034668,12.449417394600918,1,0.81787109375,58.4
bench_detect_20260905_2011,ncnn,640,2,260,80.61504599754699,12.404632257239284,1,0.83447265625,58.95
bench_detect_20260905_2011,ncnn,640,2,261,80.60504600143759,12.40617119655468,1,0.84228515625,58.4
bench_detect_20260905_2011,ncnn,640,2,262,80.46382199972868,12.427945567927061,1,0.8662109375,58.95
bench_detect_20260905_2011,ncnn,640,2,263,80.31798799856915,12.450511086231577,1,0.84716796875,57.3
bench_detect_20260905_2011,ncnn,640,2,264,80.35559899872169,12.444683537433505,1,0.83251953125,58.4
bench_detect_20260905_2011,ncnn,640,2,265,80.44085900110076,12.43149330350035,1,0.84765625,58.95
bench_detect_20260905_2011,ncnn,640,2,266,80.2759700018214,12.457027924761428,1,0.837890625,58.4
bench_detect_20260905_2011,ncnn,640,2,267,80.41654499902506,12.435251974728876,1,0.83984375,58.95
bench_detect_20260905_2011,ncnn,640,2,268,80.45397000023513,12.42946743332961,1,0.85888671875,58.4
bench_detect_20260905_2011,ncnn,640,2,269,83.33052600210067,12.000404269316519,1,0.83984375,58.95
bench_detect_20260905_2011,ncnn,640,2,270,82.72013299938408,12.088955417992931,2,0.83642578125,58.95
bench_detect_20260905_2011,ncnn,640,2,271,80.49830399977509,12.4226219722939,1,0.82666015625,58.4
bench_detect_20260905_2011,ncnn,640,2,272,80.49922999998671,12.42247907216212,1,0.82568359375,58.95
bench_detect_20260905_2011,ncnn,640,2,273,80.64404600008857,12.400171489398012,2,0.8203125,57.85
bench_detect_20260905_2011,ncnn,640,2,274,80.13554299759562,12.478857228558418,1,0.8505859375,58.95
bench_detect_20260905_2011,ncnn,640,2,275,80.39724799891701,12.438236692050335,1,0.83203125,58.95
bench_detect_20260905_2011,ncnn,640,2,276,80.45824899818399,12.428806398988012,1,0.84228515625,57.3
bench_detect_20260905_2011,ncnn,640,2,277,80.59684200270567,12.407434027829893,1,0.84765625,57.85
bench_detect_20260905_2011,ncnn,640,2,278,80.51176700246288,12.42054468844796,1,0.8310546875,58.95
bench_detect_20260905_2011,ncnn,640,2,279,80.29335900209844,12.454330126777549,1,0.822265625,58.95
bench_detect_20260905_2011,ncnn,640,2,280,80.64236000063829,12.400430741264081,1,0.84814453125,58.95
bench_detect_20260905_2011,ncnn,640,2,281,80.52710000265506,12.41817971797108,1,0.82666015625,58.95
bench_detect_20260905_2011,ncnn,640,2,282,83.45013700090931,11.983203814142373,1,0.85107421875,58.4
bench_detect_20260905_2011,ncnn,640,2,283,83.2839700015029,12.00711253296348,2,0.857421875,58.4
bench_detect_20260905_2011,ncnn,640,2,284,83.16872800060082,12.023750080592501,1,0.84228515625,58.4
bench_detect_20260905_2011,ncnn,640,2,285,80.73515699652489,12.386177685181726,1,0.83935546875,58.4
bench_detect_20260905_2011,ncnn,640,2,286,80.3892289986834,12.439477433181725,1,0.83251953125,58.4
bench_detect_20260905_2011,ncnn,640,2,287,80.52978499836172,12.417765675400025,2,0.85107421875,58.4
bench_detect_20260905_2011,ncnn,640,2,288,80.45691499864915,12.42901247228768,2,0.8310546875,58.95
bench_detect_20260905_2011,ncnn,640,2,289,80.5505259995698,12.414568217783467,1,0.8505859375,58.95
bench_detect_20260905_2011,ncnn,640,2,290,80.10772700072266,12.483190291880069,1,0.84228515625,58.95
bench_detect_20260905_2011,ncnn,640,2,291,80.21282100162352,12.466834946245811,1,0.86279296875,58.4
bench_detect_20260905_2011,ncnn,640,2,292,80.42652500080294,12.433708903748066,1,0.85693359375,58.95
bench_detect_20260905_2011,ncnn,640,2,293,80.57397100128583,12.41095589025942,2,0.8603515625,59.5
bench_detect_20260905_2011,ncnn,640,2,294,82.33855599974049,12.14497859305611,1,0.8193359375,58.95
bench_detect_20260905_2011,ncnn,640,2,295,82.69366900276509,12.09282417940075,1,0.82861328125,58.95
bench_detect_20260905_2011,ncnn,640,2,296,80.72197200090159,12.388200823300389,1,0.85400390625,58.95
bench_detect_20260905_2011,ncnn,640,2,297,80.49937800024054,12.422456233102968,1,0.837890625,58.4
bench_detect_20260905_2011,ncnn,640,2,298,80.38874799967743,12.439551863701281,1,0.833984375,58.95
bench_detect_20260905_2011,ncnn,640,2,299,80.2786539970839,12.456611442891466,1,0.82470703125,57.85
bench_detect_20260905_2011,ncnn,640,2,300,80.5416930015781,12.415929722018712,1,0.84326171875,58.4
bench_detect_20260905_2011,ncnn,640,2,301,80.62545199936721,12.40303124139817,2,0.8330078125,57.85
bench_detect_20260905_2011,ncnn,640,2,302,80.28448700133595,12.45570641789565,1,0.80078125,57.85
bench_detect_20260905_2011,ncnn,640,2,303,80.27739499812014,12.45680680125977,1,0.84716796875,58.95
bench_detect_20260905_2011,ncnn,640,2,304,80.40547000200604,12.436964798228914,1,0.84814453125,57.85
bench_detect_20260905_2011,ncnn,640,2,305,80.45882200167398,12.428717884773338,1,0.7880859375,57.85
bench_detect_20260905_2011,ncnn,640,2,306,80.27802400101791,12.456709198364427,1,0.8125,58.95
bench_detect_20260905_2011,ncnn,640,2,307,85.74863299872959,11.661993492243958,1,0.8583984375,58.4
bench_detect_20260905_2011,ncnn,640,2,308,81.69723799801432,12.240315884660696,1,0.8642578125,58.4
bench_detect_20260905_2011,ncnn,640,2,309,80.92628799931845,12.356924118506731,2,0.8232421875,57.85
bench_detect_20260905_2011,ncnn,640,2,310,80.28637700044783,12.455413201599844,1,0.8173828125,58.4
bench_detect_20260905_2011,ncnn,640,2,311,80.33667299969238,12.447615300223212,1,0.86865234375,58.4
bench_detect_20260905_2011,ncnn,640,2,312,80.44461800091085,12.430912407200159,1,0.8447265625,57.3
bench_detect_20260905_2011,ncnn,640,2,313,80.55741600037436,12.413506411319759,1,0.84423828125,58.4
bench_detect_20260905_2011,ncnn,640,2,314,80.23956100078067,12.462680347793412,2,0.83642578125,58.4
bench_detect_20260905_2011,ncnn,640,2,315,80.30028400025913,12.453256080598333,1,0.84716796875,58.4
bench_detect_20260905_2011,ncnn,640,2,316,80.26915399750578,12.458085705389061,1,0.83203125,57.3
bench_detect_20260905_2011,ncnn,640,2,317,80.70904600026552,12.390184862260796,3,0.837890625,57.3
bench_detect_20260905_2011,ncnn,640,2,318,80.312950998632,12.451291946887038,1,0.84228515625,58.95
bench_detect_20260905_2011,ncnn,640,2,319,82.49131599950488,12.122488141733635,1,0.82763671875,58.4
bench_detect_20260905_2011,ncnn,640,2,320,82.96937499835622,12.05263990502293,1,0.84619140625,57.3
bench_detect_20260905_2011,ncnn,640,2,321,80.69256399903679,12.392715641207493,1,0.818359375,58.95
bench_detect_20260905_2011,ncnn,640,2,322,80.26417200017022,12.458858978796657,1,0.85888671875,57.3
bench_detect_20260905_2011,ncnn,640,2,323,80.31391400072607,12.451142649964234,1,0.8154296875,58.4
bench_detect_20260905_2011,ncnn,640,2,324,80.55348900234094,12.414111572137358,1,0.8203125,58.95
bench_detect_20260905_2011,ncnn,640,2,325,80.40222899944638,12.437466130533341,1,0.822265625,58.95
bench_detect_20260905_2011,ncnn,640,2,326,80.49293299700366,12.423450889001955,1,0.8310546875,58.95
bench_detect_20260905_2011,ncnn,640,2,327,80.47622999947635,12.426029400314937,2,0.8203125,58.4
bench_detect_20260905_2011,ncnn,640,2,328,80.47602599981474,12.426060899208693,1,0.82568359375,57.85
bench_detect_20260905_2011,ncnn,640,2,329,80.67374900201685,12.395605911100027,2,0.8525390625,58.95
bench_detect_20260905_2011,ncnn,640,2,330,80.30178400076693,12.453023459484404,1,0.8505859375,57.85
bench_detect_20260905_2011,ncnn,640,2,331,80.69735999742988,12.39197911842282,2,0.84619140625,57.85
bench_detect_20260905_2011,ncnn,640,2,332,85.80283699848223,11.654626291875278,2,0.84814453125,58.4
bench_detect_20260905_2011,ncnn,640,2,333,80.90439800071181,12.360267484979023,2,0.83935546875,58.4
bench_detect_20260905_2011,ncnn,640,2,334,80.19807899836451,12.469126598660713,1,0.80810546875,58.95
bench_detect_20260905_2011,ncnn,640,2,335,80.18356100001256,12.471384252937375,1,0.85888671875,57.85
bench_detect_20260905_2011,ncnn,640,2,336,80.84050899924478,12.370035918617758,2,0.8310546875,58.4
bench_detect_20260905_2011,ncnn,640,2,337,80.68523100155289,12.393841940921675,2,0.8388671875,58.95
bench_detect_20260905_2011,ncnn,640,2,338,80.34502399823396,12.446321504888477,1,0.85693359375,58.95
bench_detect_20260905_2011,ncnn,640,2,339,80.60756300255889,12.405783809246968,1,0.84619140625,57.85
bench_detect_20260905_2011,ncnn,640,2,340,80.83182399786892,12.371365021113025,2,0.83251953125,58.4
bench_detect_20260905_2011,ncnn,640,2,341,80.67141599894967,12.395964389828237,1,0.85595703125,58.95
bench_detect_20260905_2011,ncnn,640,2,342,80.36076599819353,12.443883374910582,1,0.8271484375,58.4
bench_detect_20260905_2011,ncnn,640,2,343,80.32702399941627,12.449110526082316,1,0.82470703125,58.95
bench_detect_20260905_2011,ncnn,640,2,344,84.53251399987494,11.82976765604628,1,0.837890625,58.4
bench_detect_20260905_2011,ncnn,640,2,345,81.94692400138592,12.203020579309207,1,0.8125,58.4
bench_detect_20260905_2011,ncnn,640,2,346,80.56748899980448,12.411954405112796,3,0.81787109375,58.95
bench_detect_20260905_2011,ncnn,640,2,347,80.15357900148956,12.476049260151143,1,0.84228515625,58.95
bench_detect_20260905_2011,ncnn,640,2,348,80.46972900046967,12.427033276005732,1,0.818359375,58.95
bench_detect_20260905_2011,ncnn,640,2,349,81.04034300049534,12.339533163055439,1,0.82763671875,58.95
bench_detect_20260905_2011,ncnn,640,2,350,80.55523000075482,12.41384327238132,1,0.81787109375,59.5
bench_detect_20260905_2011,ncnn,640,2,351,80.53098900199984,12.417580019725907,2,0.8447265625,58.4
bench_detect_20260905_2011,ncnn,640,2,352,80.58074799919268,12.409912104688066,1,0.8330078125,58.95
bench_detect_20260905_2011,ncnn,640,2,353,80.76169400010258,12.382107784895274,2,0.8232421875,58.95
bench_detect_20260905_2011,ncnn,640,2,354,80.18161600193707,12.471686776378284,1,0.85693359375,57.85
bench_detect_20260905_2011,ncnn,640,2,355,80.326987997978,12.449116105600426,1,0.84716796875,58.4
bench_detect_20260905_2011,ncnn,640,2,356,80.46133999960148,12.428328934180726,1,0.82568359375,58.4
bench_detect_20260905_2011,ncnn,640,2,357,86.07998700244934,11.617102125858194,1,0.80517578125,58.95
bench_detect_20260905_2011,ncnn,640,2,358,83.4703399996215,11.980303422803052,1,0.8505859375,57.3
bench_detect_20260905_2011,ncnn,640,2,359,80.72526700198068,12.387695168297974,1,0.8525390625,58.95
bench_detect_20260905_2011,ncnn,640,2,360,80.33832100045402,12.44735995907045,1,0.84814453125,58.95
bench_detect_20260905_2011,ncnn,640,2,361,80.98700999835273,12.347659211277708,2,0.80517578125,58.95
bench_detect_20260905_2011,ncnn,640,2,362,80.36780200200155,12.442793943463766,1,0.8271484375,58.95
bench_detect_20260905_2011,ncnn,640,2,363,80.47302599879913,12.426524137602613,1,0.80908203125,58.4
bench_detect_20260905_2011,ncnn,640,2,364,80.89104699683958,12.362307537434521,4,0.84814453125,58.95
bench_detect_20260905_2011,ncnn,640,2,365,80.65863699812326,12.397928321343537,1,0.85205078125,58.4
bench_detect_20260905_2011,ncnn,640,2,366,80.29546900070272,12.454002852779256,2,0.86572265625,58.95
bench_detect_20260905_2011,ncnn,640,2,367,80.36032000018167,12.443952438190133,1,0.81982421875,58.4
bench_detect_20260905_2011,ncnn,640,2,368,80.5901179992361,12.40846923700346,1,0.8525390625,58.4
bench_detect_20260905_2011,ncnn,640,2,369,86.18756099895108,11.602602375674259,2,0.8271484375,57.85
bench_detect_20260905_2011,ncnn,640,2,370,80.68773099876125,12.39345793495361,1,0.837890625,58.4
bench_detect_20260905_2011,ncnn,640,2,371,80.53743300115457,12.41658645844429,3,0.82861328125,58.95
bench_detect_20260905_2011,ncnn,640,2,372,80.70571200005361,12.390696708051292,4,0.8388671875,58.4
bench_detect_20260905_2011,ncnn,640,2,373,80.85423100055777,12.367936564669096,2,0.84912109375,58.95
bench_detect_20260905_2011,ncnn,640,2,374,80.28391300103976,12.455795471591538,1,0.83251953125,59.5
bench_detect_20260905_2011,ncnn,640,2,375,80.29528299812227,12.454031702253111,1,0.82763671875,57.85
bench_detect_20260905_2011,ncnn,640,2,376,80.54461799838464,12.415478834601407,2,0.83056640625,58.95
bench_detect_20260905_2011,ncnn,640,2,377,80.57880399792339,12.410211499611874,1,0.83935546875,59.5
bench_detect_20260905_2011,ncnn,640,2,378,80.14476400057902,12.477421481867179,1,0.818359375,58.95
bench_detect_20260905_2011,ncnn,640,2,379,80.37596899885102,12.441529632001016,1,0.8154296875,58.95
bench_detect_20260905_2011,ncnn,640,2,380,80.56274799673702,12.412684830965578,1,0.83935546875,58.4
bench_detect_20260905_2011,ncnn,640,2,381,82.07579499867279,12.183860052968972,1,0.85986328125,59.5
bench_detect_20260905_2011,ncnn,640,2,382,85.54802000071504,11.689341261102731,1,0.8251953125,58.4
bench_detect_20260905_2011,ncnn,640,2,383,80.39298699804931,12.438895945292646,1,0.82177734375,58.95
bench_detect_20260905_2011,ncnn,640,2,384,80.25924599860446,12.459623655290606,1,0.83935546875,58.95
bench_detect_20260905_2011,ncnn,640,2,385,80.54172900301637,12.415924172208284,1,0.82861328125,58.95
bench_detect_20260905_2011,ncnn,640,2,386,80.44469199739979,12.430900972712072,1,0.779296875,58.95
bench_detect_20260905_2011,ncnn,640,2,387,80.27413499803515,12.457312682652722,1,0.86328125,58.95
bench_detect_20260905_2011,ncnn,640,2,388,80.69397099825437,12.39249955887823,1,0.8271484375,57.85
bench_detect_20260905_2011,ncnn,640,2,389,80.52798800054006,12.418042780272785,1,0.84423828125,58.4
bench_detect_20260905_2011,ncnn,640,2,390,80.20411599864019,12.468188041832596,1,0.8427734375,57.3
bench_detect_20260905_2011,ncnn,640,2,391,80.38472900079796,12.440173804530376,2,0.84326171875,58.95
bench_detect_20260905_2011,ncnn,640,2,392,80.36096899741096,12.443851940513778,1,0.8359375,57.3
bench_detect_20260905_2011,ncnn,640,2,393,80.97758399890154,12.349096510628979,1,0.8388671875,57.85
bench_detect_20260905_2011,ncnn,640,2,394,85.55044600143447,11.689009780068622,1,0.845703125,58.95
bench_detect_20260905_2011,ncnn,640,2,395,80.59072899777675,12.40837516220491,1,0.86572265625,58.95
bench_detect_20260905_2011,ncnn,640,2,396,80.54509900102858,12.415404691317468,1,0.85595703125,58.95
bench_detect_20260905_2011,ncnn,640,2,397,80.84100800260785,12.369959562697945,1,0.818359375,58.95
bench_detect_20260905_2011,ncnn,640,2,398,80.54987699870253,12.414668243579163,1,0.82958984375,58.4
bench_detect_20260905_2011,ncnn,640,2,399,80.69378599975607,12.392527969911127,1,0.8408203125,58.95
bench_detect_20260905_2011,ncnn,640,2,400,80.48763600163511,12.42426849236428,1,0.83642578125,58.95
bench_detect_20260905_2011,ncnn,640,2,401,80.69985899783205,12.391595380939442,1,0.85205078125,58.4
bench_detect_20260905_2011,ncnn,640,2,402,80.35550600106944,12.444697940010371,1,0.82666015625,58.95
bench_detect_20260905_2011,ncnn,640,2,403,80.58806299959542,12.408785653590163,1,0.80810546875,57.85
bench_detect_20260905_2011,ncnn,640,2,404,80.53143299912335,12.417511557392574,1,0.8271484375,58.4
bench_detect_20260905_2011,ncnn,640,2,405,80.64124900192837,12.400601582647697,1,0.810546875,57.85
bench_detect_20260905_2011,ncnn,640,2,406,82.54190800289507,12.115057965039117,1,0.83447265625,58.95
bench_detect_20260905_2011,ncnn,640,2,407,84.46740200088243,11.838886674761858,2,0.84912109375,58.95
bench_detect_20260905_2011,ncnn,640,2,408,80.46502499928465,12.42775976281484,1,0.84716796875,58.95
bench_detect_20260905_2011,ncnn,640,2,409,80.73332300045877,12.386459058477223,1,0.83447265625,58.4
bench_detect_20260905_2011,ncnn,640,2,410,80.16091200261144,12.474907969702523,1,0.85888671875,57.85
bench_detect_20260905_2011,ncnn,640,2,411,80.56402500005788,12.412488080123623,1,0.8193359375,58.95
bench_detect_20260905_2011,ncnn,640,2,412,80.70084099745145,12.391444595126092,1,0.83544921875,58.95
bench_detect_20260905_2011,ncnn,640,2,413,80.61606299816049,12.404475768344309,1,0.85595703125,58.95
bench_detect_20260905_2011,ncnn,640,2,414,80.31433900032425,12.45107676222004,1,0.84228515625,58.95
bench_detect_20260905_2011,ncnn,640,2,415,80.22009799969965,12.465704043439889,1,0.84619140625,58.95
bench_detect_20260905_2011,ncnn,640,2,416,80.36521000030916,12.443195258198829,1,0.83203125,58.95
bench_detect_20260905_2011,ncnn,640,2,417,80.56641399889486,12.412120018320751,1,0.8427734375,58.95
bench_detect_20260905_2011,ncnn,640,2,418,82.90935499826446,12.061365089873549,1,0.8447265625,57.85
bench_detect_20260905_2011,ncnn,640,2,419,83.3705059994827,11.994649522772535,1,0.8251953125,57.3
bench_detect_20260905_2011,ncnn,640,2,420,80.61761800126988,12.404236503046372,1,0.83251953125,57.85
bench_detect_20260905_2011,ncnn,640,2,421,80.52519199918606,12.418473960423563,1,0.8447265625,58.4
bench_detect_20260905_2011,ncnn,640,2,422,80.34413499990478,12.446459221960447,1,0.85107421875,58.95
bench_detect_20260905_2011,ncnn,640,2,423,80.44661699750577,12.430603514763147,1,0.8203125,58.95
bench_detect_20260905_2011,ncnn,640,2,424,80.55572899684194,12.41376637581175,1,0.7998046875,58.95
bench_detect_20260905_2011,ncnn,640,2,425,80.54335900305887,12.41567290435481,2,0.85888671875,58.95
bench_detect_20260905_2011,ncnn,640,2,426,80.36087599975872,12.44386634116585,1,0.83056640625,58.95
bench_detect_20260905_2011,ncnn,640,2,427,80.35245000064606,12.44517124234494,1,0.83203125,58.95
bench_detect_20260905_2011,ncnn,640,2,428,80.32772699880297,12.449001575942784,1,0.8310546875,59.5
bench_detect_20260905_2011,ncnn,640,2,429,80.61926600203151,12.403982938455446,2,0.83251953125,58.95
bench_detect_20260905_2011,ncnn,640,2,430,80.37072799925227,12.442340947929495,1,0.80615234375,58.95
bench_detect_20260905_2011,ncnn,640,2,431,82.57948200116516,12.109545564670537,1,0.833984375,57.85
bench_detect_20260905_2011,ncnn,640,2,432,87.47638299973914,11.43165693079676,1,0.83544921875,58.4
bench_detect_20260905_2011,ncnn,640,2,433,80.727210999612,12.387396859341596,1,0.84716796875,58.95
bench_detect_20260905_2011,ncnn,640,2,434,80.27976399898762,12.45643920942033,1,0.83203125,58.95
bench_detect_20260905_2011,ncnn,640,2,435,80.46767300038482,12.427350794588254,1,0.83935546875,57.85
bench_detect_20260905_2011,ncnn,640,2,436,80.82865599862998,12.37184990453076,1,0.802734375,58.95
bench_detect_20260905_2011,ncnn,640,2,437,80.77086000048439,12.380702644419076,2,0.82666015625,58.95
bench_detect_20260905_2011,ncnn,640,2,438,80.23004099959508,12.464159154612013,1,0.79296875,58.4
bench_detect_20260905_2011,ncnn,640,2,439,80.50759899924742,12.42118771930272,2,0.84619140625,57.85
bench_detect_20260905_2011,ncnn,640,2,440,80.35837500210619,12.444253632229248,1,0.81640625,58.95
bench_detect_20260905_2011,ncnn,640,2,441,80.60758099964005,12.405781039434311,1,0.8408203125,59.5
bench_detect_20260905_2011,ncnn,640,2,442,80.36517199798254,12.44320114221996,1,0.8662109375,59.5
bench_detect_20260905_2011,ncnn,640,2,443,82.14764600052149,12.173203356230704,1,0.82177734375,57.85
bench_detect_20260905_2011,ncnn,640,2,444,83.71065599931171,11.94591044667267,6,0.8505859375,58.95
bench_detect_20260905_2011,ncnn,640,2,445,80.73193399832235,12.38667216891869,1,0.8203125,58.95
bench_detect_20260905_2011,ncnn,640,2,446,80.18396699844743,12.471321106117918,2,0.84619140625,59.5
bench_detect_20260905_2011,ncnn,640,2,447,80.23885600050562,12.462789848271248,1,0.84130859375,58.95
bench_detect_20260905_2011,ncnn,640,2,448,80.47308000095654,12.426515798675949,1,0.78759765625,58.4
bench_detect_20260905_2011,ncnn,640,2,449,80.632137000066,12.402002938346797,1,0.86279296875,58.95
bench_detect_20260905_2011,ncnn,640,2,450,80.27869000216015,12.456605856088233,1,0.8330078125,57.3
bench_detect_20260905_2011,ncnn,640,2,451,80.28848599860794,12.455086025875968,1,0.8408203125,58.95
bench_detect_20260905_2011,ncnn,640,2,452,80.45706100165262,12.42898991773338,1,0.84765625,57.3
bench_detect_20260905_2011,ncnn,640,2,453,80.37635700020473,12.441469572917478,1,0.83251953125,58.95
bench_detect_20260905_2011,ncnn,640,2,454,80.29280100163305,12.454416679020342,1,0.8408203125,57.85
bench_detect_20260905_2011,ncnn,640,2,455,82.89487300135079,12.06347224856361,1,0.8505859375,58.95
bench_detect_20260905_2011,ncnn,640,2,456,80.45967200087034,12.42858658421057,1,0.82861328125,58.95
bench_detect_20260905_2011,ncnn,640,2,457,84.1477140020288,11.883864129403324,1,0.853515625,57.85
bench_detect_20260905_2011,ncnn,640,2,458,80.35631999882753,12.44457187704204,1,0.83447265625,58.95
bench_detect_20260905_2011,ncnn,640,2,459,80.66022999992128,12.397683468060727,1,0.84912109375,58.4
bench_detect_20260905_2011,ncnn,640,2,460,80.69585900011589,12.392209617578565,1,0.8427734375,58.95
bench_detect_20260905_2011,ncnn,640,2,461,80.75674800056731,12.382866135136782,1,0.8212890625,58.95
bench_detect_20260905_2011,ncnn,640,2,462,80.46919099797378,12.427116360908611,1,0.8505859375,57.85
bench_detect_20260905_2011,ncnn,640,2,463,80.42746899809572,12.433562966200975,3,0.82861328125,58.95
bench_detect_20260905_2011,ncnn,640,2,464,80.6590439970023,12.397865762420455,1,0.8662109375,58.95
bench_detect_20260905_2011,ncnn,640,2,465,80.91562000117847,12.35855326802706,2,0.84619140625,58.4
bench_detect_20260905_2011,ncnn,640,2,466,80.34409700121614,12.446465108505276,1,0.8427734375,58.95
bench_detect_20260905_2011,ncnn,640,2,467,80.35054200081504,12.445466764740136,1,0.78515625,58.95
bench_detect_20260905_2011,ncnn,640,2,468,82.37042499968084,12.140279718161885,1,0.8505859375,59.5
bench_detect_20260905_2011,ncnn,640,2,469,83.65800699903048,11.953428438853308,1,0.82177734375,57.85
bench_detect_20260905_2011,ncnn,640,2,470,80.75189599912846,12.383610163293167,1,0.8330078125,57.85
bench_detect_20260905_2011,ncnn,640,2,471,80.7099699995888,12.39004301457546,1,0.84619140625,58.95
bench_detect_20260905_2011,ncnn,640,2,472,80.48122800028068,12.425257725894944,1,0.83642578125,58.95
bench_detect_20260905_2011,ncnn,640,2,473,80.70839599895407,12.39028464910837,3,0.8310546875,57.85
bench_detect_20260905_2011,ncnn,640,2,474,80.41200500156265,12.435954059105566,1,0.82958984375,59.5
bench_detect_20260905_2011,ncnn,640,2,475,80.42004300295957,12.434711082698607,1,0.8388671875,58.95
bench_detect_20260905_2011,ncnn,640,2,476,80.67448899964802,12.395492210732973,1,0.8408203125,58.95
bench_detect_20260905_2011,ncnn,640,2,477,80.53671000016038,12.416697925678967,1,0.845703125,58.4
bench_detect_20260905_2011,ncnn,640,2,478,80.59376599703683,12.407907579809173,2,0.83642578125,58.4
bench_detect_20260905_2011,ncnn,640,2,479,80.47169099882012,12.426730289719673,1,0.8251953125,59.5
bench_detect_20260905_2011,ncnn,640,2,480,82.24581299873535,12.158673658139612,1,0.8134765625,58.95
bench_detect_20260905_2011,ncnn,640,2,481,80.91819400215172,12.358160143482795,2,0.82373046875,58.95
bench_detect_20260905_2011,ncnn,640,2,482,83.95795400065253,11.910723789103148,1,0.80712890625,58.95
bench_detect_20260905_2011,ncnn,640,2,483,80.66004400097881,12.397712056639406,1,0.849609375,58.95
bench_detect_20260905_2011,ncnn,640,2,484,80.50967300005141,12.420867738456241,3,0.84619140625,58.4
bench_detect_20260905_2011,ncnn,640,2,485,80.94019300187938,12.354801278726635,1,0.8525390625,58.95
bench_detect_20260905_2011,ncnn,640,2,486,80.27769000182161,12.456761025103097,2,0.861328125,57.85
bench_detect_20260905_2011,ncnn,640,2,487,80.45474599930458,12.429347549101003,2,0.83935546875,57.85
bench_detect_20260905_2011,ncnn,640,2,488,80.33067099677282,12.448545338805568,1,0.81787109375,58.95
bench_detect_20260905_2011,ncnn,640,2,489,80.65413599979365,12.398620202224452,2,0.83251953125,57.85
bench_detect_20260905_2011,ncnn,640,2,490,80.38083900100901,12.44077584195715,1,0.837890625,58.4
bench_detect_20260905_2011,ncnn,640,2,491,80.42643099906854,12.433723436162193,2,0.857421875,58.4
bench_detect_20260905_2011,ncnn,640,2,492,82.77383499807911,12.081112346953677,1,0.84228515625,58.4
bench_detect_20260905_2011,ncnn,640,2,493,80.97086099951412,12.350121854403904,1,0.85400390625,58.4
bench_detect_20260905_2011,ncnn,640,2,494,83.20829999865964,12.018031855188827,1,0.86279296875,58.95
bench_detect_20260905_2011,ncnn,640,2,495,80.41541300190147,12.43542702412477,1,0.83642578125,58.4
bench_detect_20260905_2011,ncnn,640,2,496,80.4798760000267,12.425466460704639,1,0.8115234375,58.4
bench_detect_20260905_2011,ncnn,640,2,497,80.62367299862672,12.403304920343102,1,0.8505859375,59.5
bench_detect_20260905_2011,ncnn,640,2,498,80.53228399876389,12.417380339235745,2,0.83251953125,58.95
bench_detect_20260905_2011,ncnn,640,2,499,80.47567199901096,12.426115559647517,1,0.82861328125,58.95
bench_detect_20260905_2011,ncnn,640,4,0,72.20358300037333,13.84972820524474,1,0.84130859375,60.6
bench_detect_20260905_2011,ncnn,640,4,1,73.14314500035834,13.671821193839843,3,0.83740234375,59.5
bench_detect_20260905_2011,ncnn,640,4,2,72.32149099945673,13.827148558199829,1,0.8447265625,60.05
bench_detect_20260905_2011,ncnn,640,4,3,72.416177001287,13.809069208144304,1,0.84912109375,60.6
bench_detect_20260905_2011,ncnn,640,4,4,72.28895400112378,13.833372108060303,1,0.833984375,60.6
bench_detect_20260905_2011,ncnn,640,4,5,72.79067900162772,13.738022693505007,1,0.85498046875,60.6
bench_detect_20260905_2011,ncnn,640,4,6,72.38282500111382,13.815432044612962,1,0.81005859375,60.6
bench_detect_20260905_2011,ncnn,640,4,7,72.67284499903326,13.760297949162478,1,0.82958984375,61.15
bench_detect_20260905_2011,ncnn,640,4,8,72.71114200193551,13.753050391828268,1,0.84228515625,60.6
bench_detect_20260905_2011,ncnn,640,4,9,75.1258609998331,13.310995530583293,3,0.85205078125,60.6
bench_detect_20260905_2011,ncnn,640,4,10,72.51564100079122,13.790128394356866,2,0.83740234375,60.05
bench_detect_20260905_2011,ncnn,640,4,11,78.57980900007533,12.725915381125976,1,0.86474609375,60.6
bench_detect_20260905_2011,ncnn,640,4,12,72.97005099826492,13.704252447675799,1,0.8017578125,60.05
bench_detect_20260905_2011,ncnn,640,4,13,72.48302899824921,13.796332932280665,2,0.82666015625,60.6
bench_detect_20260905_2011,ncnn,640,4,14,72.05315600003814,13.878642595467582,2,0.85693359375,60.05
bench_detect_20260905_2011,ncnn,640,4,15,72.69460399766103,13.75617920736146,1,0.869140625,60.6
bench_detect_20260905_2011,ncnn,640,4,16,72.34178799990332,13.823269062707386,2,0.83642578125,60.05
bench_detect_20260905_2011,ncnn,640,4,17,72.53639999908046,13.786181834398688,1,0.8095703125,61.15
bench_detect_20260905_2011,ncnn,640,4,18,72.7650500011805,13.742861442186552,3,0.853515625,60.6
bench_detect_20260905_2011,ncnn,640,4,19,72.56162299745483,13.78138964773536,2,0.88330078125,59.5
bench_detect_20260905_2011,ncnn,640,4,20,72.15773099960643,13.858528894228316,1,0.84326171875,59.5
bench_detect_20260905_2011,ncnn,640,4,21,72.55052999971667,13.783496826334765,1,0.83251953125,60.6
bench_detect_20260905_2011,ncnn,640,4,22,75.31075000224519,13.278316840161434,1,0.85205078125,59.5
bench_detect_20260905_2011,ncnn,640,4,23,72.40326899773208,13.811531079229633,1,0.82568359375,60.6
bench_detect_20260905_2011,ncnn,640,4,24,72.58117799938191,13.777676631378398,1,0.74951171875,60.05
bench_detect_20260905_2011,ncnn,640,4,25,79.15949699963676,12.63272302001349,1,0.84326171875,60.6
bench_detect_20260905_2011,ncnn,640,4,26,72.20323100045789,13.849795724427599,2,0.84765625,60.6
bench_detect_20260905_2011,ncnn,640,4,27,72.51645599899348,13.789973409813076,2,0.84130859375,60.6
bench_detect_20260905_2011,ncnn,640,4,28,72.14952700087451,13.860104723734075,2,0.8583984375,60.6
bench_detect_20260905_2011,ncnn,640,4,29,72.95064299978549,13.707898366337094,1,0.83984375,60.6
bench_detect_20260905_2011,ncnn,640,4,30,72.26530499974615,13.837899113599711,3,0.8193359375,60.6
bench_detect_20260905_2011,ncnn,640,4,31,72.27591599803418,13.83586753887974,1,0.83203125,61.15
bench_detect_20260905_2011,ncnn,640,4,32,72.30721299856668,13.829878908758696,1,0.837890625,59.5
bench_detect_20260905_2011,ncnn,640,4,33,72.46660300006624,13.799460145787238,1,0.84912109375,60.6
bench_detect_20260905_2011,ncnn,640,4,34,72.20199000221328,13.850033772882798,1,0.84765625,60.6
bench_detect_20260905_2011,ncnn,640,4,35,72.33608399837976,13.824359085050812,1,0.837890625,61.15
bench_detect_20260905_2011,ncnn,640,4,36,75.45719600238954,13.252546516151124,1,0.82177734375,61.15
bench_detect_20260905_2011,ncnn,640,4,37,72.62784499835107,13.768823789590671,1,0.82861328125,61.15
bench_detect_20260905_2011,ncnn,640,4,38,72.01780400282587,13.885455323808007,1,0.837890625,61.15
bench_detect_20260905_2011,ncnn,640,4,39,79.02038500105846,12.654962387067657,1,0.85400390625,60.6
bench_detect_20260905_2011,ncnn,640,4,40,72.4327509997238,13.805909429062183,1,0.8125,60.6
bench_detect_20260905_2011,ncnn,640,4,41,72.5141029979568,13.790420878931325,1,0.8408203125,61.15
bench_detect_20260905_2011,ncnn,640,4,42,72.25832399853971,13.839236016880344,1,0.8212890625,60.6
bench_detect_20260905_2011,ncnn,640,4,43,72.34478699683677,13.822696029828995,1,0.84765625,60.05
bench_detect_20260905_2011,ncnn,640,4,44,72.25252799980808,13.840346181418818,1,0.81201171875,60.05
bench_detect_20260905_2011,ncnn,640,4,45,72.3756389998016,13.81680374528702,1,0.8310546875,59.5
bench_detect_20260905_2011,ncnn,640,4,46,72.26217499919585,13.838498495390269,1,0.8232421875,61.15
bench_detect_20260905_2011,ncnn,640,4,47,72.3923610021302,13.813612184448221,2,0.85205078125,60.6
bench_detect_20260905_2011,ncnn,640,4,48,72.39258399931714,13.813569633174481,1,0.82958984375,59.5
bench_detect_20260905_2011,ncnn,640,4,49,74.68233899999177,13.390046607941807,1,0.81640625,61.15
bench_detect_20260905_2011,ncnn,640,4,50,73.74036999681266,13.561092791414307,1,0.8427734375,61.15
bench_detect_20260905_2011,ncnn,640,4,51,72.43841700255871,13.80482955563037,1,0.83984375,60.6
bench_detect_20260905_2011,ncnn,640,4,52,72.10228600160917,13.86918578389709,1,0.84130859375,60.6
bench_detect_20260905_2011,ncnn,640,4,53,78.2170460006455,12.78493693039427,1,0.82177734375,60.6
bench_detect_20260905_2011,ncnn,640,4,54,72.752494001179,13.74523325597325,1,0.84228515625,61.15
bench_detect_20260905_2011,ncnn,640,4,55,72.39517599737155,13.81307505953583,1,0.83251953125,61.15
bench_detect_20260905_2011,ncnn,640,4,56,72.59588099987013,13.77488620878902,1,0.861328125,61.15
bench_detect_20260905_2011,ncnn,640,4,57,72.77588299984927,13.740815759007296,1,0.798828125,59.5
bench_detect_20260905_2011,ncnn,640,4,58,72.27475000036065,13.836090750850193,1,0.83642578125,61.15
bench_detect_20260905_2011,ncnn,640,4,59,72.58184400052414,13.77755020928896,2,0.83740234375,60.05
bench_detect_20260905_2011,ncnn,640,4,60,72.36810199901811,13.818242739232929,1,0.85400390625,61.15
bench_detect_20260905_2011,ncnn,640,4,61,72.83912300044904,13.728885780157393,1,0.84814453125,61.7
bench_detect_20260905_2011,ncnn,640,4,62,72.48310299837613,13.796318847199512,3,0.8671875,60.05
bench_detect_20260905_2011,ncnn,640,4,63,75.62856700315024,13.222516829630607,1,0.7431640625,61.15
bench_detect_20260905_2011,ncnn,640,4,64,72.3394719971111,13.823711625099161,1,0.833984375,60.6
bench_detect_20260905_2011,ncnn,640,4,65,72.4149359994044,13.809305859335769,1,0.80517578125,61.15
bench_detect_20260905_2011,ncnn,640,4,66,72.4583060000441,13.801040283765278,1,0.833984375,61.15
bench_detect_20260905_2011,ncnn,640,4,67,79.89355599784176,12.516654034363096,1,0.8427734375,61.15
bench_detect_20260905_2011,ncnn,640,4,68,73.02349499877892,13.69422266103152,1,0.80419921875,61.15
bench_detect_20260905_2011,ncnn,640,4,69,72.7335680021497,13.74880990260844,1,0.873046875,62.25
bench_detect_20260905_2011,ncnn,640,4,70,72.46747300087009,13.799294477785825,1,0.8095703125,59.5
bench_detect_20260905_2011,ncnn,640,4,71,72.26119400002062,13.838686363246566,2,0.82373046875,60.6
bench_detect_20260905_2011,ncnn,640,4,72,72.4564729971462,13.80138942230029,1,0.8662109375,61.7
bench_detect_20260905_2011,ncnn,640,4,73,72.44441700095194,13.803686210724281,1,0.84765625,61.15
bench_detect_20260905_2011,ncnn,640,4,74,72.73604899819475,13.74834093648418,1,0.82958984375,60.05
bench_detect_20260905_2011,ncnn,640,4,75,72.71880800180952,13.751600548445682,1,0.8291015625,61.15
bench_detect_20260905_2011,ncnn,640,4,76,72.17128599950229,13.855926025855993,1,0.8310546875,61.15
bench_detect_20260905_2011,ncnn,640,4,77,75.62478900217684,13.223177389244885,1,0.83447265625,60.05
bench_detect_20260905_2011,ncnn,640,4,78,72.92103199870326,13.713464724659723,1,0.81982421875,60.6
bench_detect_20260905_2011,ncnn,640,4,79,72.60125199900358,13.773867150579228,1,0.853515625,61.15
bench_detect_20260905_2011,ncnn,640,4,80,72.40558400008013,13.811089487226473,1,0.84716796875,61.15
bench_detect_20260905_2011,ncnn,640,4,81,79.81852000011713,12.528420722390399,2,0.83935546875,61.15
bench_detect_20260905_2011,ncnn,640,4,82,72.59108500147704,13.775796297570874,1,0.81640625,60.05
bench_detect_20260905_2011,ncnn,640,4,83,72.47456500044791,13.797944147630549,1,0.86279296875,61.15
bench_detect_20260905_2011,ncnn,640,4,84,72.5781770015601,13.778246317464056,1,0.84130859375,60.6
bench_detect_20260905_2011,ncnn,640,4,85,72.8397720013163,13.72876345606805,2,0.82470703125,60.05
bench_detect_20260905_2011,ncnn,640,4,86,72.60351099830586,13.773438587885014,1,0.84912109375,61.15
bench_detect_20260905_2011,ncnn,640,4,87,72.61886199921719,13.770527001797133,1,0.8251953125,60.05
bench_detect_20260905_2011,ncnn,640,4,88,72.46710300023551,13.799364933861785,2,0.8212890625,61.15
bench_detect_20260905_2011,ncnn,640,4,89,72.89879000018118,13.717648811420801,3,0.80908203125,61.15
bench_detect_20260905_2011,ncnn,640,4,90,75.74516000022413,13.202163676161499,2,0.8427734375,61.15
bench_detect_20260905_2011,ncnn,640,4,91,72.7977889982867,13.736680931663116,3,0.8232421875,61.7
bench_detect_20260905_2011,ncnn,640,4,92,72.69586300026276,13.755940967320045,1,0.8203125,61.7
bench_detect_20260905_2011,ncnn,640,4,93,72.66762200015364,13.761286973143083,1,0.86181640625,61.7
bench_detect_20260905_2011,ncnn,640,4,94,72.0177289986168,13.885469785074816,1,0.86767578125,60.6
bench_detect_20260905_2011,ncnn,640,4,95,79.35171999997692,12.602121289876147,1,0.8603515625,61.15
bench_detect_20260905_2011,ncnn,640,4,96,72.79543799813837,13.737124571261917,1,0.8427734375,61.7
bench_detect_20260905_2011,ncnn,640,4,97,72.55669599908288,13.782325479823944,4,0.85107421875,60.6
bench_detect_20260905_2011,ncnn,640,4,98,72.72101100170403,13.751183959427731,1,0.85498046875,61.15
bench_detect_20260905_2011,ncnn,640,4,99,72.27141600014875,13.836729032650222,1,0.84326171875,60.6
bench_detect_20260905_2011,ncnn,640,4,100,72.32828700216487,13.825849352274426,1,0.84326171875,61.15
bench_detect_20260905_2011,ncnn,640,4,101,72.69497399829561,13.756109191585182,2,0.845703125,62.25
bench_detect_20260905_2011,ncnn,640,4,102,72.34539699857123,13.822579479655758,1,0.79931640625,61.15
bench_detect_20260905_2011,ncnn,640,4,103,72.6073069999984,13.772718495123666,1,0.84716796875,61.15
bench_detect_20260905_2011,ncnn,640,4,104,75.48721400235081,13.247276551613869,1,0.81201171875,61.15
bench_detect_20260905_2011,ncnn,640,4,105,72.99291999879642,13.699958845549526,2,0.83056640625,61.15
bench_detect_20260905_2011,ncnn,640,4,106,72.29600899881916,13.832022180039473,2,0.83544921875,61.15
bench_detect_20260905_2011,ncnn,640,4,107,72.39699099955033,13.812728763909695,2,0.81787109375,60.05
bench_detect_20260905_2011,ncnn,640,4,108,72.31474999935017,13.828437490401145,2,0.83203125,61.15
bench_detect_20260905_2011,ncnn,640,4,109,79.49809099955019,12.578918404539527,1,0.83642578125,62.25
bench_detect_20260905_2011,ncnn,640,4,110,72.94273500156123,13.70938449152745,1,0.83203125,61.7
bench_detect_20260905_2011,ncnn,640,4,111,72.4886029966001,13.795272065691522,1,0.86474609375,61.15
bench_detect_20260905_2011,ncnn,640,4,112,72.36680599817191,13.818490207033062,1,0.84814453125,61.15
bench_detect_20260905_2011,ncnn,640,4,113,72.83280799674685,13.730076149812403,1,0.81201171875,61.15
bench_detect_20260905_2011,ncnn,640,4,114,72.56915900143213,13.77995850799739,1,0.8134765625,62.25
bench_detect_20260905_2011,ncnn,640,4,115,72.58123300198349,13.777666190551932,1,0.8125,61.7
bench_detect_20260905_2011,ncnn,640,4,116,72.5995659995533,13.77418702483914,2,0.83935546875,60.05
bench_detect_20260905_2011,ncnn,640,4,117,72.69369599816855,13.756351032491098,3,0.83935546875,60.05
bench_detect_20260905_2011,ncnn,640,4,118,75.1063410025381,13.314455033380025,3,0.853515625,59.5
bench_detect_20260905_2011,ncnn,640,4,119,72.48649099710747,13.795674011036132,2,0.84716796875,62.25
bench_detect_20260905_2011,ncnn,640,4,120,72.45269500344875,13.802109085830416,1,0.86328125,61.15
bench_detect_20260905_2011,ncnn,640,4,121,73.03442000193172,13.692174182714815,1,0.83642578125,60.6
bench_detect_20260905_2011,ncnn,640,4,122,72.30663799782633,13.829988887466484,2,0.86328125,61.15
bench_detect_20260905_2011,ncnn,640,4,123,79.3825900000229,12.597220624821029,1,0.82373046875,61.15
bench_detect_20260905_2011,ncnn,640,4,124,73.25097800276126,13.651694861498015,1,0.83203125,61.15
bench_detect_20260905_2011,ncnn,640,4,125,73.0354770021222,13.691976023802004,2,0.85400390625,60.6
bench_detect_20260905_2011,ncnn,640,4,126,72.34460200197645,13.82273137631858,2,0.8447265625,61.7
bench_detect_20260905_2011,ncnn,640,4,127,72.34215700009372,13.82319855348942,2,0.83740234375,60.6
bench_detect_20260905_2011,ncnn,640,4,128,72.32413800011273,13.826642496567901,2,0.84765625,62.25
bench_detect_20260905_2011,ncnn,640,4,129,72.68401100009214,13.758184038560177,1,0.86572265625,60.05
bench_detect_20260905_2011,ncnn,640,4,130,72.59930700092809,13.774236164364712,1,0.8408203125,62.25
bench_detect_20260905_2011,ncnn,640,4,131,75.68619599987869,13.212448938530386,1,0.75390625,61.15
bench_detect_20260905_2011,ncnn,640,4,132,72.35500900060288,13.820743218920308,1,0.81591796875,61.15
bench_detect_20260905_2011,ncnn,640,4,133,72.72443699912401,13.750536150758311,1,0.82958984375,60.05
bench_detect_20260905_2011,ncnn,640,4,134,72.2792490014399,13.835229527358242,1,0.82373046875,60.6
bench_detect_20260905_2011,ncnn,640,4,135,72.43967600152246,13.804589628189158,1,0.814453125,60.05
bench_detect_20260905_2011,ncnn,640,4,136,72.11563699820545,13.866618137546014,1,0.83935546875,61.15
bench_detect_20260905_2011,ncnn,640,4,137,79.28599600199959,12.612567797909483,2,0.8232421875,61.7
bench_detect_20260905_2011,ncnn,640,4,138,72.81871600207523,13.732733216162467,1,0.86474609375,62.25
bench_detect_20260905_2011,ncnn,640,4,139,72.6152320021356,13.771215383166306,1,0.84228515625,61.15
bench_detect_20260905_2011,ncnn,640,4,140,72.46282399864867,13.80017980003993,1,0.82470703125,60.6
bench_detect_20260905_2011,ncnn,640,4,141,72.43067599847564,13.806304942135924,1,0.84326171875,61.15
bench_detect_20260905_2011,ncnn,640,4,142,72.06509999741684,13.876342363166705,1,0.80322265625,60.05
bench_detect_20260905_2011,ncnn,640,4,143,72.60999200298102,13.77220920171627,1,0.845703125,61.15
bench_detect_20260905_2011,ncnn,640,4,144,72.22191500113695,13.846212745594707,3,0.8583984375,61.7
bench_detect_20260905_2011,ncnn,640,4,145,75.65110300129163,13.218577923218469,1,0.84912109375,61.15
bench_detect_20260905_2011,ncnn,640,4,146,72.74910400155932,13.745873763319008,1,0.853515625,61.7
bench_detect_20260905_2011,ncnn,640,4,147,72.65988099970855,13.762753065945859,3,0.8359375,61.7
bench_detect_20260905_2011,ncnn,640,4,148,72.76877100230195,13.742158706629336,1,0.8251953125,60.05
bench_detect_20260905_2011,ncnn,640,4,149,72.51023199933115,13.79115708813653,1,0.849609375,61.15
bench_detect_20260905_2011,ncnn,640,4,150,72.22558200010099,13.845509753020776,1,0.82666015625,60.05
bench_detect_20260905_2011,ncnn,640,4,151,78.64982599858195,12.71458629823326,2,0.8359375,61.7
bench_detect_20260905_2011,ncnn,640,4,152,72.21348999883048,13.847828155323823,2,0.84326171875,61.15
bench_detect_20260905_2011,ncnn,640,4,153,72.85227100146585,13.726408061869192,1,0.80908203125,60.6
bench_detect_20260905_2011,ncnn,640,4,154,72.4481580000429,13.802973431007148,1,0.80517578125,60.6
bench_detect_20260905_2011,ncnn,640,4,155,72.53556599971489,13.786340345147794,1,0.84326171875,61.7
bench_detect_20260905_2011,ncnn,640,4,156,72.14541500070482,13.860894694281413,1,0.8310546875,62.25
bench_detect_20260905_2011,ncnn,640,4,157,72.83173399991938,13.730278617300351,1,0.85498046875,62.25
bench_detect_20260905_2011,ncnn,640,4,158,73.36284900156897,13.6308773937966,1,0.853515625,60.6
bench_detect_20260905_2011,ncnn,640,4,159,76.11221700062742,13.138495229901878,1,0.849609375,61.15
bench_detect_20260905_2011,ncnn,640,4,160,72.77376999991247,13.74121472614656,1,0.83642578125,61.15
bench_detect_20260905_2011,ncnn,640,4,161,72.38260099984473,13.815474799007916,1,0.82958984375,61.7
bench_detect_20260905_2011,ncnn,640,4,162,72.51752800220856,13.789769557086176,1,0.853515625,61.7
bench_detect_20260905_2011,ncnn,640,4,163,72.59008400069433,13.775986262675145,1,0.8193359375,60.6
bench_detect_20260905_2011,ncnn,640,4,164,72.16332199823228,13.857455176807079,1,0.8359375,60.05
bench_detect_20260905_2011,ncnn,640,4,165,79.5258689977345,12.574524649689618,1,0.8505859375,61.15
bench_detect_20260905_2011,ncnn,640,4,166,72.8934010003286,13.718662955450414,2,0.810546875,62.25
bench_detect_20260905_2011,ncnn,640,4,167,72.61267699868768,13.771699947353174,1,0.8310546875,62.25
bench_detect_20260905_2011,ncnn,640,4,168,72.25719300186029,13.839452633791831,1,0.84619140625,61.15
bench_detect_20260905_2011,ncnn,640,4,169,72.534139999334,13.786611380643402,1,0.8505859375,61.7
bench_detect_20260905_2011,ncnn,640,4,170,72.8394939978898,13.728815854060855,2,0.85498046875,62.25
bench_detect_20260905_2011,ncnn,640,4,171,72.51528800043161,13.790195523929354,1,0.8173828125,60.05
bench_detect_20260905_2011,ncnn,640,4,172,75.5961210015812,13.228191959466857,1,0.84619140625,61.15
bench_detect_20260905_2011,ncnn,640,4,173,72.82034500167356,13.732426013321112,1,0.84912109375,61.15
bench_detect_20260905_2011,ncnn,640,4,174,72.57786199988914,13.778306117663366,1,0.84423828125,61.7
bench_detect_20260905_2011,ncnn,640,4,175,72.19873000212829,13.850659145535134,1,0.837890625,62.25
bench_detect_20260905_2011,ncnn,640,4,176,72.49695399877965,13.793682973450625,1,0.8447265625,61.7
bench_detect_20260905_2011,ncnn,640,4,177,72.65599200036377,13.763489733854206,1,0.82861328125,60.6
bench_detect_20260905_2011,ncnn,640,4,178,72.20048899762332,13.850321706725806,1,0.81591796875,61.15
bench_detect_20260905_2011,ncnn,640,4,179,79.63975800157641,12.556542424202314,1,0.84130859375,61.7
bench_detect_20260905_2011,ncnn,640,4,180,72.74269700064906,13.747084466652058,1,0.84765625,61.15
bench_detect_20260905_2011,ncnn,640,4,181,72.44524999987334,13.803527491474574,1,0.83203125,61.7
bench_detect_20260905_2011,ncnn,640,4,182,72.43380499858176,13.805708536498667,2,0.84130859375,61.7
bench_detect_20260905_2011,ncnn,640,4,183,72.53304699770524,13.786819131307656,5,0.8388671875,61.7
bench_detect_20260905_2011,ncnn,640,4,184,72.57313900117879,13.779202798211019,1,0.83740234375,61.7
bench_detect_20260905_2011,ncnn,640,4,185,72.89954899897566,13.717505989152983,1,0.849609375,61.15
bench_detect_20260905_2011,ncnn,640,4,186,76.07064300100319,13.145675658174893,1,0.83642578125,61.7
bench_detect_20260905_2011,ncnn,640,4,187,72.52737999806413,13.787896378260065,1,0.818359375,61.15
bench_detect_20260905_2011,ncnn,640,4,188,72.53036100155441,13.787329694644272,1,0.79296875,62.25
bench_detect_20260905_2011,ncnn,640,4,189,72.53834299990558,13.785812559866464,2,0.81005859375,61.15
bench_detect_20260905_2011,ncnn,640,4,190,72.4857500026701,13.79581503899958,1,0.84423828125,62.25
bench_detect_20260905_2011,ncnn,640,4,191,72.62062199879438,13.770193265717301,1,0.82373046875,61.15
bench_detect_20260905_2011,ncnn,640,4,192,72.25054499940597,13.840726045848122,1,0.83935546875,61.7
bench_detect_20260905_2011,ncnn,640,4,193,79.57696099765599,12.566451237431094,1,0.84912109375,61.15
bench_detect_20260905_2011,ncnn,640,4,194,72.51893500142614,13.789502010479527,1,0.833984375,61.15
bench_detect_20260905_2011,ncnn,640,4,195,72.29376800023601,13.83245095202031,1,0.8603515625,61.7
bench_detect_20260905_2011,ncnn,640,4,196,72.25486000243109,13.839899488648292,1,0.84765625,61.15
bench_detect_20260905_2011,ncnn,640,4,197,72.55473199984408,13.78269855647939,1,0.8525390625,60.6
bench_detect_20260905_2011,ncnn,640,4,198,72.58617600018624,13.776727954334365,3,0.82177734375,62.25
bench_detect_20260905_2011,ncnn,640,4,199,75.62343699828489,13.223413794624008,1,0.85205078125,61.7
bench_detect_20260905_2011,ncnn,640,4,200,72.35039700026391,13.821624226835304,2,0.822265625,61.7
bench_detect_20260905_2011,ncnn,640,4,201,72.96021599904634,13.706099773787278,1,0.8212890625,60.6
bench_detect_20260905_2011,ncnn,640,4,202,72.69327000176418,13.756431647327616,1,0.8125,61.7
bench_detect_20260905_2011,ncnn,640,4,203,72.56758399671526,13.780257587813102,1,0.861328125,61.7
bench_detect_20260905_2011,ncnn,640,4,204,72.24158200187958,13.842443261748919,1,0.83642578125,61.7
bench_detect_20260905_2011,ncnn,640,4,205,72.52808400153299,13.787762544214782,1,0.84814453125,61.7
bench_detect_20260905_2011,ncnn,640,4,206,72.38300900280592,13.815396925005357,2,0.853515625,62.25
bench_detect_20260905_2011,ncnn,640,4,207,79.22671799678938,12.622004612642474,2,0.83203125,62.25
bench_detect_20260905_2011,ncnn,640,4,208,72.6266769997892,13.769045222913098,3,0.84326171875,62.25
bench_detect_20260905_2011,ncnn,640,4,209,72.72510300026624,13.750410226250748,1,0.84228515625,61.7
bench_detect_20260905_2011,ncnn,640,4,210,72.32628600104363,13.826231862445841,1,0.84765625,61.7
bench_detect_20260905_2011,ncnn,640,4,211,72.66208399960306,13.762335800958624,1,0.84814453125,62.25
bench_detect_20260905_2011,ncnn,640,4,212,72.47463899693685,13.79793005995194,1,0.8095703125,61.15
bench_detect_20260905_2011,ncnn,640,4,213,76.44162600263371,13.081877666568031,2,0.83984375,61.15
bench_detect_20260905_2011,ncnn,640,4,214,72.22295200335793,13.846013936864642,2,0.85888671875,62.8
bench_detect_20260905_2011,ncnn,640,4,215,72.37889700263622,13.816181807296365,1,0.83642578125,61.7
bench_detect_20260905_2011,ncnn,640,4,216,72.35849000062444,13.820078334848754,1,0.86474609375,62.25
bench_detect_20260905_2011,ncnn,640,4,217,72.5276759985718,13.787840106991597,1,0.8232421875,61.15
bench_detect_20260905_2011,ncnn,640,4,218,72.07524799741805,13.874388611688483,1,0.837890625,62.25
bench_detect_20260905_2011,ncnn,640,4,219,72.2341000000597,13.843877060822708,1,0.7724609375,62.25
bench_detect_20260905_2011,ncnn,640,4,220,72.16291399890906,13.857533524978185,1,0.83056640625,61.7
bench_detect_20260905_2011,ncnn,640,4,221,79.14423599868314,12.635158927008137,1,0.83544921875,61.7
bench_detect_20260905_2011,ncnn,640,4,222,72.68371499958448,13.758240068022346,1,0.861328125,61.7
bench_detect_20260905_2011,ncnn,640,4,223,72.56995400166488,13.779807549238052,1,0.85595703125,61.7
bench_detect_20260905_2011,ncnn,640,4,224,72.42332399982843,13.807706478680391,2,0.8388671875,61.7
bench_detect_20260905_2011,ncnn,640,4,225,72.54428799933521,13.784682813472012,1,0.85107421875,61.7
bench_detect_20260905_2011,ncnn,640,4,226,72.07367299997713,13.874691803209714,1,0.82177734375,61.7
bench_detect_20260905_2011,ncnn,640,4,227,75.77419700101018,13.197104549806955,4,0.84423828125,61.15
bench_detect_20260905_2011,ncnn,640,4,228,72.37721199999214,13.8165034596816,3,0.84716796875,61.7
bench_detect_20260905_2011,ncnn,640,4,229,72.55895399794099,13.781896580653259,1,0.845703125,62.25
bench_detect_20260905_2011,ncnn,640,4,230,72.20341500215,13.849760429894113,1,0.83203125,62.25
bench_detect_20260905_2011,ncnn,640,4,231,72.32813799782889,13.825877835124382,1,0.8203125,62.25
bench_detect_20260905_2011,ncnn,640,4,232,72.21271099842852,13.847977539878842,1,0.86572265625,62.25
bench_detect_20260905_2011,ncnn,640,4,233,72.61217700215639,13.771794777207997,1,0.84130859375,62.25
bench_detect_20260905_2011,ncnn,640,4,234,72.15937699947972,13.858212772640902,1,0.82958984375,61.7
bench_detect_20260905_2011,ncnn,640,4,235,78.734214999713,12.700958535036452,1,0.84228515625,62.25
bench_detect_20260905_2011,ncnn,640,4,236,72.63441699979012,13.767577978947495,1,0.8203125,61.15
bench_detect_20260905_2011,ncnn,640,4,237,72.676750998653,13.759558404289896,1,0.82666015625,61.7
bench_detect_20260905_2011,ncnn,640,4,238,72.66643600087264,13.761511573073312,5,0.8330078125,62.25
bench_detect_20260905_2011,ncnn,640,4,239,72.4014530023851,13.811877504268558,1,0.8212890625,62.25
bench_detect_20260905_2011,ncnn,640,4,240,75.90306799829705,13.174698024359646,2,0.80419921875,61.15
bench_detect_20260905_2011,ncnn,640,4,241,73.14116099951207,13.672192050747883,1,0.80419921875,61.7
bench_detect_20260905_2011,ncnn,640,4,242,72.38756399965496,13.814527589362816,1,0.83740234375,61.15
bench_detect_20260905_2011,ncnn,640,4,243,72.67971400142414,13.75899745533403,3,0.818359375,60.6
bench_detect_20260905_2011,ncnn,640,4,244,72.6189169981808,13.770516572493795,1,0.8154296875,61.15
bench_detect_20260905_2011,ncnn,640,4,245,72.5933059984527,13.775374826176321,1,0.81640625,60.6
bench_detect_20260905_2011,ncnn,640,4,246,72.28960000065854,13.833248489283248,1,0.82373046875,61.7
bench_detect_20260905_2011,ncnn,640,4,247,72.37906400041538,13.81614992968493,1,0.80615234375,61.7
bench_detect_20260905_2011,ncnn,640,4,248,72.47913799801609,13.797073580364218,1,0.80810546875,61.7
bench_detect_20260905_2011,ncnn,640,4,249,80.21677899887436,12.466219816854432,1,0.81982421875,61.7
bench_detect_20260905_2011,ncnn,640,4,250,72.55274999988615,13.783075072985783,1,0.84619140625,60.05
bench_detect_20260905_2011,ncnn,640,4,251,72.69208399884519,13.756656089484053,1,0.87353515625,61.7
bench_detect_20260905_2011,ncnn,640,4,252,72.38189700001385,13.815609170892671,1,0.84912109375,62.25
bench_detect_20260905_2011,ncnn,640,4,253,72.60391700037871,13.773361566632607,2,0.8505859375,61.7
bench_detect_20260905_2011,ncnn,640,4,254,75.19326699912199,13.299063066533295,2,0.82373046875,61.7
bench_detect_20260905_2011,ncnn,640,4,255,72.77128800342325,13.741683395145607,1,0.84765625,61.7
bench_detect_20260905_2011,ncnn,640,4,256,72.30384099966614,13.830523886063224,1,0.81787109375,62.25
bench_detect_20260905_2011,ncnn,640,4,257,72.49182400119025,13.794659105054121,1,0.80615234375,61.15
bench_detect_20260905_2011,ncnn,640,4,258,72.29395200192812,13.832415745833476,1,0.81640625,60.6
bench_detect_20260905_2011,ncnn,640,4,259,72.28702700012946,13.833740873009056,1,0.81787109375,62.25
bench_detect_20260905_2011,ncnn,640,4,260,72.18395099698682,13.853494941579784,1,0.83447265625,61.7
bench_detect_20260905_2011,ncnn,640,4,261,72.46217599822558,13.800303209559807,1,0.84228515625,61.7
bench_detect_20260905_2011,ncnn,640,4,262,72.11489499968593,13.866760812788469,1,0.8662109375,61.15
bench_detect_20260905_2011,ncnn,640,4,263,78.821622999385,12.686874006740542,1,0.84716796875,62.25
bench_detect_20260905_2011,ncnn,640,4,264,72.66010199964512,13.76271120572999,1,0.83251953125,60.6
bench_detect_20260905_2011,ncnn,640,4,265,72.40884199927677,13.81046806424536,1,0.84765625,61.7
bench_detect_20260905_2011,ncnn,640,4,266,72.21443299931707,13.847647325700903,1,0.837890625,61.15
bench_detect_20260905_2011,ncnn,640,4,267,73.34375500067836,13.634425998379154,1,0.83984375,62.25
bench_detect_20260905_2011,ncnn,640,4,268,74.69876300092437,13.387102541278031,1,0.85888671875,61.7
bench_detect_20260905_2011,ncnn,640,4,269,72.63971399879665,13.766574026111474,1,0.83984375,61.7
bench_detect_20260905_2011,ncnn,640,4,270,72.35693400070886,13.820375528766922,2,0.83642578125,61.7
bench_detect_20260905_2011,ncnn,640,4,271,72.42743499955395,13.806922749730935,1,0.82666015625,60.6
bench_detect_20260905_2011,ncnn,640,4,272,72.30119300220395,13.831030422548038,1,0.82568359375,61.7
bench_detect_20260905_2011,ncnn,640,4,273,72.57923200086225,13.778046039232269,2,0.8203125,61.15
bench_detect_20260905_2011,ncnn,640,4,274,72.13065500036464,13.863731030793284,1,0.8505859375,62.25
bench_detect_20260905_2011,ncnn,640,4,275,72.31528600095771,13.828334993887134,1,0.83203125,61.7
bench_detect_20260905_2011,ncnn,640,4,276,72.19128500219085,13.852087547266295,1,0.84228515625,61.15
bench_detect_20260905_2011,ncnn,640,4,277,79.42012599960435,12.591266853504887,1,0.84765625,61.15
bench_detect_20260905_2011,ncnn,640,4,278,72.47035999898799,13.798744755979747,1,0.8310546875,62.25
bench_detect_20260905_2011,ncnn,640,4,279,72.37660100145149,13.816620097701815,1,0.822265625,61.7
bench_detect_20260905_2011,ncnn,640,4,280,72.50508200013428,13.79213666702905,1,0.84814453125,61.7
bench_detect_20260905_2011,ncnn,640,4,281,75.5449909993331,13.237145001563743,1,0.82666015625,62.25
bench_detect_20260905_2011,ncnn,640,4,282,72.14072900023893,13.861795047797312,1,0.85107421875,61.15
bench_detect_20260905_2011,ncnn,640,4,283,72.63252800112241,13.76793604078529,2,0.857421875,61.7
bench_detect_20260905_2011,ncnn,640,4,284,72.22587800060865,13.84545301050647,1,0.84228515625,61.7
bench_detect_20260905_2011,ncnn,640,4,285,72.56387999950675,13.780960996115388,1,0.83935546875,62.25
bench_detect_20260905_2011,ncnn,640,4,286,72.24150699767051,13.842457633563013,1,0.83251953125,61.7
bench_detect_20260905_2011,ncnn,640,4,287,72.38378599868156,13.815248625130144,2,0.85107421875,61.15
bench_detect_20260905_2011,ncnn,640,4,288,72.25308100169059,13.840240251853093,2,0.8310546875,61.15
bench_detect_20260905_2011,ncnn,640,4,289,72.46652699905098,13.799474618303371,1,0.8505859375,61.7
bench_detect_20260905_2011,ncnn,640,4,290,72.47500899757142,13.79785961852739,1,0.84228515625,62.25
bench_detect_20260905_2011,ncnn,640,4,291,78.56669399916427,12.728039695938296,1,0.86279296875,62.25
bench_detect_20260905_2011,ncnn,640,4,292,72.90095599819324,13.71724123926144,1,0.85693359375,62.25
bench_detect_20260905_2011,ncnn,640,4,293,72.68289900093805,13.758394529462755,2,0.8603515625,61.7
bench_detect_20260905_2011,ncnn,640,4,294,72.21252499948605,13.848013208333557,1,0.8193359375,62.8
bench_detect_20260905_2011,ncnn,640,4,295,75.7135849999031,13.207669403070529,1,0.82861328125,62.25
bench_detect_20260905_2011,ncnn,640,4,296,72.45098999919719,13.802433893740869,1,0.85400390625,61.7
bench_detect_20260905_2011,ncnn,640,4,297,72.52221300223027,13.78887872560159,1,0.837890625,61.7
bench_detect_20260905_2011,ncnn,640,4,298,72.08519100095145,13.872474860846259,1,0.833984375,60.6
bench_detect_20260905_2011,ncnn,640,4,299,72.20396999764489,13.849653973772044,1,0.82470703125,61.7
bench_detect_20260905_2011,ncnn,640,4,300,72.46715699875494,13.79935465133786,1,0.84326171875,61.7
bench_detect_20260905_2011,ncnn,640,4,301,72.57702800052357,13.778464447356345,2,0.8330078125,60.6
bench_detect_20260905_2011,ncnn,640,4,302,72.13317299829214,13.863247080835839,1,0.80078125,60.6
bench_detect_20260905_2011,ncnn,640,4,303,72.3564889995032,13.820460525756937,1,0.84716796875,62.25
bench_detect_20260905_2011,ncnn,640,4,304,72.56795400098781,13.780187326025311,1,0.84814453125,61.7
bench_detect_20260905_2011,ncnn,640,4,305,79.02543899763259,12.654153051018895,1,0.7880859375,61.7
bench_detect_20260905_2011,ncnn,640,4,306,72.54419399760081,13.784700675467867,1,0.8125,61.15
bench_detect_20260905_2011,ncnn,640,4,307,72.48180500027956,13.79656591052255,1,0.8583984375,61.15
bench_detect_20260905_2011,ncnn,640,4,308,73.35360599972773,13.632594967501825,1,0.8642578125,62.8
bench_detect_20260905_2011,ncnn,640,4,309,75.12376600061543,13.311366738347592,2,0.8232421875,62.25
bench_detect_20260905_2011,ncnn,640,4,310,72.39000799745554,13.814061189703823,1,0.8173828125,62.25
bench_detect_20260905_2011,ncnn,640,4,311,72.48460099799559,13.796033726220731,1,0.86865234375,61.7
bench_detect_20260905_2011,ncnn,640,4,312,72.19541400263552,13.851295318612546,1,0.8447265625,62.25
bench_detect_20260905_2011,ncnn,640,4,313,72.4688039990724,13.799041033060238,1,0.84423828125,61.15
bench_detect_20260905_2011,ncnn,640,4,314,72.3732669976016,13.81725658499207,2,0.83642578125,62.25
bench_detect_20260905_2011,ncnn,640,4,315,72.39928499984671,13.81229110207535,1,0.84716796875,61.7
bench_detect_20260905_2011,ncnn,640,4,316,72.04506199923344,13.880201810509096,1,0.83203125,61.7
bench_detect_20260905_2011,ncnn,640,4,317,72.60902800044278,13.772392050116714,3,0.837890625,61.7
bench_detect_20260905_2011,ncnn,640,4,318,72.2707109998737,13.836864009844149,1,0.84228515625,61.15
bench_detect_20260905_2011,ncnn,640,4,319,79.71555299809552,12.544603435466238,1,0.82763671875,61.15
bench_detect_20260905_2011,ncnn,640,4,320,72.36341499810806,13.819137751115603,1,0.84619140625,61.7
bench_detect_20260905_2011,ncnn,640,4,321,72.62734300093143,13.768918959174579,1,0.818359375,62.25
bench_detect_20260905_2011,ncnn,640,4,322,75.57445299971732,13.23198462321309,1,0.85888671875,62.25
bench_detect_20260905_2011,ncnn,640,4,323,76.08810500096297,13.142658763644384,1,0.8154296875,62.8
bench_detect_20260905_2011,ncnn,640,4,324,72.14821000161464,13.860357727206544,1,0.8203125,62.25
bench_detect_20260905_2011,ncnn,640,4,325,72.57743399895844,13.778387370575143,1,0.822265625,62.25
bench_detect_20260905_2011,ncnn,640,4,326,72.2344140012865,13.843816881828515,1,0.8310546875,62.25
bench_detect_20260905_2011,ncnn,640,4,327,72.44830499985255,13.802945424355133,2,0.8203125,61.15
bench_detect_20260905_2011,ncnn,640,4,328,72.13111799865146,13.863642041687134,1,0.82568359375,61.15
bench_detect_20260905_2011,ncnn,640,4,329,72.4186000006739,13.80860718089958,2,0.8525390625,62.8
bench_detect_20260905_2011,ncnn,640,4,330,72.20713599963346,13.849046720327976,1,0.8505859375,62.25
bench_detect_20260905_2011,ncnn,640,4,331,72.5054899994575,13.792059056596711,2,0.84619140625,62.25
bench_detect_20260905_2011,ncnn,640,4,332,72.33615600125631,13.824345324385668,2,0.84814453125,61.7
bench_detect_20260905_2011,ncnn,640,4,333,79.3609579995973,12.60065434196339,2,0.83935546875,61.15
bench_detect_20260905_2011,ncnn,640,4,334,72.510803998739,13.791048296987448,1,0.80810546875,61.7
bench_detect_20260905_2011,ncnn,640,4,335,72.41504500052542,13.809285073188097,1,0.85888671875,61.7
bench_detect_20260905_2011,ncnn,640,4,336,75.9272149989556,13.170508097969288,2,0.8310546875,62.25
bench_detect_20260905_2011,ncnn,640,4,337,72.58813899898087,13.776355390707012,2,0.8388671875,62.25
bench_detect_20260905_2011,ncnn,640,4,338,72.30276599875651,13.830729518939819,1,0.85693359375,62.8
bench_detect_20260905_2011,ncnn,640,4,339,72.37671199982287,13.816598908257221,1,0.84619140625,62.8
bench_detect_20260905_2011,ncnn,640,4,340,72.19715400060522,13.850961493462984,2,0.83251953125,62.25
bench_detect_20260905_2011,ncnn,640,4,341,72.46617499913555,13.79954164838877,1,0.85595703125,61.15
bench_detect_20260905_2011,ncnn,640,4,342,72.27973000044585,13.835137458231118,1,0.8271484375,61.7
bench_detect_20260905_2011,ncnn,640,4,343,72.36724800168304,13.818405806681264,1,0.82470703125,60.6
bench_detect_20260905_2011,ncnn,640,4,344,72.29382200239343,13.83244061943347,1,0.837890625,62.25
bench_detect_20260905_2011,ncnn,640,4,345,72.58354599980521,13.77722714184677,1,0.8125,62.25
bench_detect_20260905_2011,ncnn,640,4,346,72.57337899864069,13.779157230900466,3,0.81787109375,62.25
bench_detect_20260905_2011,ncnn,640,4,347,78.589805001684,12.724296745342125,1,0.84228515625,62.25
bench_detect_20260905_2011,ncnn,640,4,348,72.63619500008645,13.767240973991134,1,0.818359375,60.6
bench_detect_20260905_2011,ncnn,640,4,349,76.08732700100518,13.142793148546133,1,0.82763671875,61.15
bench_detect_20260905_2011,ncnn,640,4,350,72.41521199830458,13.809253227393885,1,0.81787109375,61.7
bench_detect_20260905_2011,ncnn,640,4,351,72.4765449995175,13.797567199245734,2,0.8447265625,60.6
bench_detect_20260905_2011,ncnn,640,4,352,72.28039500114392,13.835010170934648,1,0.8330078125,61.7
bench_detect_20260905_2011,ncnn,640,4,353,72.67049100119038,13.760743683204499,2,0.8232421875,61.7
bench_detect_20260905_2011,ncnn,640,4,354,72.15821000136202,13.85843689832556,1,0.85693359375,61.7
bench_detect_20260905_2011,ncnn,640,4,355,72.3874520008394,13.814548963381167,1,0.84716796875,62.25
bench_detect_20260905_2011,ncnn,640,4,356,72.22482199722435,13.845655445691934,1,0.82568359375,62.25
bench_detect_20260905_2011,ncnn,640,4,357,72.4864530020568,13.795681242281574,1,0.80517578125,62.25
bench_detect_20260905_2011,ncnn,640,4,358,72.11907999953837,13.865956138187022,1,0.8505859375,62.25
bench_detect_20260905_2011,ncnn,640,4,359,72.38298899756046,13.815400743311432,1,0.8525390625,62.25
bench_detect_20260905_2011,ncnn,640,4,360,72.2287660028087,13.844899412529267,1,0.84814453125,62.25
bench_detect_20260905_2011,ncnn,640,4,361,79.88331399974413,12.518258819397541,2,0.80517578125,62.25
bench_detect_20260905_2011,ncnn,640,4,362,72.56232399959117,13.78125650999869,1,0.8271484375,61.7
bench_detect_20260905_2011,ncnn,640,4,363,75.9049740008777,13.174367202713709,1,0.80908203125,61.7
bench_detect_20260905_2011,ncnn,640,4,364,72.53191500058165,13.78703430058314,4,0.84814453125,61.15
bench_detect_20260905_2011,ncnn,640,4,365,72.48706399695948,13.795564958210278,1,0.85205078125,62.8
bench_detect_20260905_2011,ncnn,640,4,366,72.34552599766175,13.822554832655728,2,0.86572265625,61.15
bench_detect_20260905_2011,ncnn,640,4,367,72.49280500036548,13.794472430677201,1,0.81982421875,62.25
bench_detect_20260905_2011,ncnn,640,4,368,71.98996800070745,13.890824343610944,1,0.8525390625,61.7
bench_detect_20260905_2011,ncnn,640,4,369,72.53713799946127,13.786041572351904,2,0.8271484375,62.25
bench_detect_20260905_2011,ncnn,640,4,370,72.24000700080069,13.842745059381242,1,0.837890625,62.25
bench_detect_20260905_2011,ncnn,640,4,371,72.48226799856639,13.796477781569678,3,0.82861328125,62.25
bench_detect_20260905_2011,ncnn,640,4,372,72.29719200040563,13.831795846156645,4,0.8388671875,61.15
bench_detect_20260905_2011,ncnn,640,4,373,72.72551000278327,13.750333273176485,2,0.84912109375,61.7
bench_detect_20260905_2011,ncnn,640,4,374,72.10872799987555,13.867946748439742,1,0.83251953125,61.7
bench_detect_20260905_2011,ncnn,640,4,375,79.22275400051149,12.622636168310226,1,0.82763671875,62.25
bench_detect_20260905_2011,ncnn,640,4,376,72.255672999745,13.83974376660403,2,0.83056640625,61.7
bench_detect_20260905_2011,ncnn,640,4,377,77.6141890019062,12.884242080728823,1,0.83935546875,62.25
bench_detect_20260905_2011,ncnn,640,4,378,72.33171099869651,13.825194872246573,1,0.818359375,62.8
bench_detect_20260905_2011,ncnn,640,4,379,72.45241599957808,13.80216223577449,1,0.8154296875,62.25
bench_detect_20260905_2011,ncnn,640,4,380,72.26420999722905,13.838108796018732,1,0.83935546875,62.25
bench_detect_20260905_2011,ncnn,640,4,381,72.49224800034426,13.794578421616214,1,0.85986328125,61.7
bench_detect_20260905_2011,ncnn,640,4,382,72.2630990021571,13.838321547352257,1,0.8251953125,62.25
bench_detect_20260905_2011,ncnn,640,4,383,72.28806199782412,13.833542805866067,1,0.82177734375,62.8
bench_detect_20260905_2011,ncnn,640,4,384,72.18576499872142,13.853146808345278,1,0.83935546875,61.7
bench_detect_20260905_2011,ncnn,640,4,385,72.55928599988692,13.78183352026863,1,0.82861328125,61.15
bench_detect_20260905_2011,ncnn,640,4,386,72.3053030014853,13.830244235052275,1,0.779296875,62.25
bench_detect_20260905_2011,ncnn,640,4,387,72.65147200087085,13.764346027125415,1,0.86328125,61.7
bench_detect_20260905_2011,ncnn,640,4,388,72.18306199865765,13.85366555963775,1,0.8271484375,62.25
bench_detect_20260905_2011,ncnn,640,4,389,78.1558579983539,12.794946221703071,1,0.84423828125,61.7
bench_detect_20260905_2011,ncnn,640,4,390,76.02008600224508,13.154418162200807,1,0.8427734375,62.8
bench_detect_20260905_2011,ncnn,640,4,391,72.48950800203602,13.79509983668137,2,0.84326171875,61.7
bench_detect_20260905_2011,ncnn,640,4,392,72.60265600052662,13.773600789380852,1,0.8359375,62.25
bench_detect_20260905_2011,ncnn,640,4,393,72.27580299877445,13.8358891705009,1,0.8388671875,62.8
bench_detect_20260905_2011,ncnn,640,4,394,72.22989500223775,13.844683007901631,1,0.845703125,61.7
bench_detect_20260905_2011,ncnn,640,4,395,72.36724799804506,13.81840580737593,1,0.86572265625,62.25
bench_detect_20260905_2011,ncnn,640,4,396,72.37989599889261,13.815991114650119,1,0.85595703125,62.25
bench_detect_20260905_2011,ncnn,640,4,397,72.50998900053673,13.791203305693479,1,0.818359375,62.8
bench_detect_20260905_2011,ncnn,640,4,398,72.21411800128408,13.847707729148176,1,0.82958984375,62.25
bench_detect_20260905_2011,ncnn,640,4,399,72.19470900236047,13.85143058014548,1,0.8408203125,62.25
bench_detect_20260905_2011,ncnn,640,4,400,72.18450599975768,13.853388426643205,1,0.83642578125,61.15
bench_detect_20260905_2011,ncnn,640,4,401,72.46911900074338,13.79898105273975,1,0.85205078125,62.25
bench_detect_20260905_2011,ncnn,640,4,402,72.07180100158439,13.87505218550063,1,0.82666015625,62.8
bench_detect_20260905_2011,ncnn,640,4,403,78.66106499932357,12.712769653050074,1,0.80810546875,61.15
bench_detect_20260905_2011,ncnn,640,4,404,75.59047200265923,13.229180523767871,1,0.8271484375,61.15
bench_detect_20260905_2011,ncnn,640,4,405,76.74016400051187,13.030985964446595,1,0.810546875,62.25
bench_detect_20260905_2011,ncnn,640,4,406,72.34143299865536,13.823336897661225,1,0.83447265625,62.8
bench_detect_20260905_2011,ncnn,640,4,407,72.20974700248917,13.848545958283564,2,0.84912109375,62.25
bench_detect_20260905_2011,ncnn,640,4,408,72.37511799758067,13.816903207445238,1,0.84716796875,62.25
bench_detect_20260905_2011,ncnn,640,4,409,72.47152599666151,13.79852274734861,1,0.83447265625,62.25
bench_detect_20260905_2011,ncnn,640,4,410,72.19987599819433,13.850439300269842,1,0.85888671875,62.25
bench_detect_20260905_2011,ncnn,640,4,411,72.2520249983063,13.840442534634034,1,0.8193359375,62.25
bench_detect_20260905_2011,ncnn,640,4,412,72.16870899719652,13.856420793655131,1,0.83544921875,62.8
bench_detect_20260905_2011,ncnn,640,4,413,72.40380300208926,13.811429214169099,1,0.85595703125,61.7
bench_detect_20260905_2011,ncnn,640,4,414,72.10008000038215,13.869610130733555,1,0.84228515625,62.8
bench_detect_20260905_2011,ncnn,640,4,415,72.62778599761077,13.768834974990108,1,0.84619140625,61.15
bench_detect_20260905_2011,ncnn,640,4,416,72.22884000293561,13.844885228107731,1,0.83203125,62.25
bench_detect_20260905_2011,ncnn,640,4,417,79.52542199927848,12.574595328888325,1,0.8427734375,61.15
bench_detect_20260905_2011,ncnn,640,4,418,75.42189699961455,13.258748981149475,1,0.8447265625,61.7
bench_detect_20260905_2011,ncnn,640,4,419,72.5742110007559,13.778999264485073,1,0.8251953125,62.8
bench_detect_20260905_2011,ncnn,640,4,420,72.30865499877837,13.829603109294382,1,0.83251953125,61.7
bench_detect_20260905_2011,ncnn,640,4,421,72.52500799950212,13.788347324372097,1,0.8447265625,62.25
bench_detect_20260905_2011,ncnn,640,4,422,72.40598799762665,13.811012426662534,1,0.85107421875,61.15
bench_detect_20260905_2011,ncnn,640,4,423,72.4048779993609,13.811224155488897,1,0.8203125,62.8
bench_detect_20260905_2011,ncnn,640,4,424,72.27521099775913,13.836002499266376,1,0.7998046875,62.8
bench_detect_20260905_2011,ncnn,640,4,425,72.52185999823269,13.78894584369967,2,0.85888671875,62.25
bench_detect_20260905_2011,ncnn,640,4,426,72.56497100024717,13.780753801949343,1,0.83056640625,61.15
bench_detect_20260905_2011,ncnn,640,4,427,72.40528499823995,13.811146520924657,1,0.83203125,62.8
bench_detect_20260905_2011,ncnn,640,4,428,72.23728399912943,13.843266864962025,1,0.8310546875,62.25
bench_detect_20260905_2011,ncnn,640,4,429,72.78732499980833,13.73865573439652,2,0.83251953125,61.15
bench_detect_20260905_2011,ncnn,640,4,430,72.57447099982528,13.778949901025216,1,0.80615234375,62.25
bench_detect_20260905_2011,ncnn,640,4,431,82.29903200117406,12.150811202563528,1,0.833984375,61.15
bench_detect_20260905_2011,ncnn,640,4,432,72.25909800035879,13.839087778192784,1,0.83544921875,62.25
bench_detect_20260905_2011,ncnn,640,4,433,72.72384300085832,13.750648463230931,1,0.84716796875,62.25
bench_detect_20260905_2011,ncnn,640,4,434,72.34995199905825,13.82170923918535,1,0.83203125,61.15
bench_detect_20260905_2011,ncnn,640,4,435,72.36460000058287,13.818911456595426,1,0.83935546875,62.8
bench_detect_20260905_2011,ncnn,640,4,436,72.23965400044108,13.842812702202231,1,0.802734375,62.25
bench_detect_20260905_2011,ncnn,640,4,437,72.65713800006779,13.763272646371881,2,0.82666015625,62.25
bench_detect_20260905_2011,ncnn,640,4,438,72.43022900001961,13.806390146850555,1,0.79296875,62.8
bench_detect_20260905_2011,ncnn,640,4,439,72.49728500028141,13.79361999550905,2,0.84619140625,62.8
bench_detect_20260905_2011,ncnn,640,4,440,72.13978299841983,13.861976823826934,1,0.81640625,60.6
bench_detect_20260905_2011,ncnn,640,4,441,72.46137800029828,13.800455188636953,1,0.8408203125,61.7
bench_detect_20260905_2011,ncnn,640,4,442,72.19950600119773,13.850510278884883,1,0.8662109375,61.7
bench_detect_20260905_2011,ncnn,640,4,443,72.4967120004294,13.793729017587404,1,0.82177734375,62.25
bench_detect_20260905_2011,ncnn,640,4,444,72.57284099978278,13.779259378904474,6,0.8505859375,62.25
bench_detect_20260905_2011,ncnn,640,4,445,81.23226499810698,12.310379379712035,1,0.8203125,62.25
bench_detect_20260905_2011,ncnn,640,4,446,72.54273100261344,13.78497867641589,2,0.84619140625,62.25
bench_detect_20260905_2011,ncnn,640,4,447,72.16398699893034,13.857327478522253,1,0.84130859375,62.25
bench_detect_20260905_2011,ncnn,640,4,448,72.30991399774211,13.829362319961065,1,0.78759765625,62.25
bench_detect_20260905_2011,ncnn,640,4,449,72.48787799835554,13.795410041147651,1,0.86279296875,62.25
bench_detect_20260905_2011,ncnn,640,4,450,72.32263599871658,13.82692964921447,1,0.8330078125,62.25
bench_detect_20260905_2011,ncnn,640,4,451,72.29089500106056,13.833000684046437,1,0.8408203125,61.15
bench_detect_20260905_2011,ncnn,640,4,452,72.28415500139818,13.834290516097992,1,0.84765625,61.7
bench_detect_20260905_2011,ncnn,640,4,453,72.57374900291325,13.779086980333043,1,0.83251953125,62.8
bench_detect_20260905_2011,ncnn,640,4,454,72.27680300275097,13.835697740559146,1,0.8408203125,62.25
bench_detect_20260905_2011,ncnn,640,4,455,72.20391300143092,13.84966490639063,1,0.8505859375,61.15
bench_detect_20260905_2011,ncnn,640,4,456,72.20969099944341,13.848556698680625,1,0.82861328125,62.8
bench_detect_20260905_2011,ncnn,640,4,457,72.73780499963323,13.748009030586536,1,0.853515625,62.8
bench_detect_20260905_2011,ncnn,640,4,458,72.21178299732856,13.848155501672,1,0.83447265625,62.25
bench_detect_20260905_2011,ncnn,640,4,459,83.74057800028822,11.941641959965432,1,0.84912109375,61.7
bench_detect_20260905_2011,ncnn,640,4,460,72.37937700119801,13.816090182476263,1,0.8427734375,62.25
bench_detect_20260905_2011,ncnn,640,4,461,72.59576700016623,13.774907839980672,1,0.8212890625,60.6
bench_detect_20260905_2011,ncnn,640,4,462,72.14739399933023,13.860514490783732,1,0.8505859375,62.25
bench_detect_20260905_2011,ncnn,640,4,463,72.57710100020631,13.778450588666491,3,0.82861328125,61.7
bench_detect_20260905_2011,ncnn,640,4,464,72.24228400082211,13.84230875076735,1,0.8662109375,62.25
bench_detect_20260905_2011,ncnn,640,4,465,72.41672899908735,13.808963948269504,2,0.84619140625,63.35
bench_detect_20260905_2011,ncnn,640,4,466,72.22193199777394,13.846209487040896,1,0.8427734375,62.25
bench_detect_20260905_2011,ncnn,640,4,467,72.36354300039238,13.81911330674588,1,0.78515625,63.35
bench_detect_20260905_2011,ncnn,640,4,468,72.1908949999488,13.852162381429254,1,0.8505859375,62.25
bench_detect_20260905_2011,ncnn,640,4,469,72.88749099825509,13.71977531815356,1,0.82177734375,62.25
bench_detect_20260905_2011,ncnn,640,4,470,72.17609800136415,13.85500224715805,1,0.8330078125,61.15
bench_detect_20260905_2011,ncnn,640,4,471,72.39993199982564,13.812167668920024,1,0.84619140625,62.25
bench_detect_20260905_2011,ncnn,640,4,472,75.60463699701359,13.226701955324518,1,0.83642578125,62.25
bench_detect_20260905_2011,ncnn,640,4,473,79.40306900127325,12.59397165094418,3,0.8310546875,62.25
bench_detect_20260905_2011,ncnn,640,4,474,72.78378699993482,13.739323566674203,1,0.82958984375,63.35
bench_detect_20260905_2011,ncnn,640,4,475,72.55558199904044,13.782537090161101,1,0.8388671875,62.25
bench_detect_20260905_2011,ncnn,640,4,476,72.22185700084083,13.846223865281639,1,0.8408203125,61.15
bench_detect_20260905_2011,ncnn,640,4,477,72.55452599929413,13.782737689027543,1,0.845703125,62.8
bench_detect_20260905_2011,ncnn,640,4,478,72.324025000853,13.826664099352959,2,0.83642578125,62.8
bench_detect_20260905_2011,ncnn,640,4,479,72.5500810003723,13.78358212990649,1,0.8251953125,62.8
bench_detect_20260905_2011,ncnn,640,4,480,72.2668580019672,13.837601739552296,1,0.8134765625,61.7
bench_detect_20260905_2011,ncnn,640,4,481,72.47208199987654,13.79841688557676,2,0.82373046875,62.25
bench_detect_20260905_2011,ncnn,640,4,482,72.20274599967524,13.849888756370815,1,0.80712890625,62.8
bench_detect_20260905_2011,ncnn,640,4,483,72.38113600033103,13.815754425233484,1,0.849609375,61.7
bench_detect_20260905_2011,ncnn,640,4,484,72.33909900241997,13.823782902888338,3,0.84619140625,62.25
bench_detect_20260905_2011,ncnn,640,4,485,72.36889600244467,13.818091130839129,1,0.8525390625,60.6
bench_detect_20260905_2011,ncnn,640,4,486,75.11952400091104,13.312118431259922,2,0.861328125,62.25
bench_detect_20260905_2011,ncnn,640,4,487,82.89407200209098,12.063588816999788,2,0.83935546875,62.25
bench_detect_20260905_2011,ncnn,640,4,488,72.47635900057503,13.797602608487354,1,0.81787109375,62.8
bench_detect_20260905_2011,ncnn,640,4,489,72.46948800093378,13.798910791078237,2,0.83251953125,62.25
bench_detect_20260905_2011,ncnn,640,4,490,72.41819200135069,13.8086849776828,1,0.837890625,61.7
bench_detect_20260905_2011,ncnn,640,4,491,72.5719330002903,13.779431781099172,2,0.857421875,62.25
bench_detect_20260905_2011,ncnn,640,4,492,72.45676700040349,13.801333421272181,1,0.84228515625,62.8
bench_detect_20260905_2011,ncnn,640,4,493,72.42309899811517,13.807749376010896,1,0.85400390625,61.7
bench_detect_20260905_2011,ncnn,640,4,494,72.08385599733447,13.872731781121395,1,0.86279296875,61.15
bench_detect_20260905_2011,ncnn,640,4,495,72.34774700191338,13.822130493898491,1,0.83642578125,62.8
bench_detect_20260905_2011,ncnn,640,4,496,72.33200600239797,13.825138486645146,1,0.8115234375,62.25
bench_detect_20260905_2011,ncnn,640,4,497,72.76939800067339,13.742040300934553,1,0.8505859375,62.25
bench_detect_20260905_2011,ncnn,640,4,498,72.48276699829148,13.796382801219101,2,0.83251953125,62.8
bench_detect_20260905_2011,ncnn,640,4,499,73.4135310012789,13.621467137748484,1,0.82861328125,62.25
