run_id,backend,imgsz,threads,sample_idx,latency_ms,fps_instant,n_faces,conf_top,cpu_temp_c
bench_detect_20260904_0818,onnx,320,1,0,38.2884999999078,26.117502644460036,3,0.8670165538787842,
bench_detect_20260904_0818,onnx,320,1,1,30.615099996794015,32.66362024310615,1,0.8328515291213989,
bench_detect_20260904_0818,onnx,320,1,2,31.098899999051355,32.15547816901897,2,0.8697807192802429,
bench_detect_20260904_0818,onnx,320,1,3,37.64380000939127,26.564799508830745,1,0.8827570080757141,
bench_detect_20260904_0818,onnx,320,1,4,31.274100008886307,31.975340608230365,1,0.8138214349746704,
bench_detect_20260904_0818,onnx,320,1,5,29.971700001624413,33.36480746657019,1,0.8523721694946289,
bench_detect_20260904_0818,onnx,320,1,6,30.717900008312427,32.554308716722,1,0.855189323425293,
bench_detect_20260904_0818,onnx,320,1,7,30.348000000230968,32.95110056650815,2,0.8453751802444458,
bench_detect_20260904_0818,onnx,320,1,8,38.60070000519045,25.906265945061485,1,0.8628569841384888,
bench_detect_20260904_0818,onnx,320,1,9,30.33710000454448,32.96293976188233,1,0.8440912365913391,
bench_detect_20260904_0818,onnx,320,1,10,39.57189999346156,25.27045707093239,1,0.831957995891571,
bench_detect_20260904_0818,onnx,320,1,11,42.57970000617206,23.485369785485734,2,0.8591516613960266,
bench_detect_20260904_0818,onnx,320,1,12,37.8744000045117,26.403058527154947,1,0.8425641059875488,
bench_detect_20260904_0818,onnx,320,1,13,34.077799995429814,29.344617320780987,2,0.8373713493347168,
bench_detect_20260904_0818,onnx,320,1,14,30.344899991177954,32.95446682278491,1,0.8705068826675415,
bench_detect_20260904_0818,onnx,320,1,15,44.882200003485195,22.28054774325563,1,0.8714592456817627,
bench_detect_20260904_0818,onnx,320,1,16,35.560100004659034,28.121405729145344,2,0.8616288900375366,
bench_detect_20260904_0818,onnx,320,1,17,32.293700001901016,30.965792087655906,3,0.8603709936141968,
bench_detect_20260904_0818,onnx,320,1,18,31.454500000108965,31.791953456470004,2,0.8776817321777344,
bench_detect_20260904_0818,onnx,320,1,19,30.43959999922663,32.85194286473563,1,0.8844539523124695,
bench_detect_20260904_0818,onnx,320,1,20,36.653600007412024,27.282449740210563,2,0.8719533681869507,
bench_detect_20260904_0818,onnx,320,1,21,33.36970000236761,29.967305667388356,1,0.857478141784668,
bench_detect_20260904_0818,onnx,320,1,22,47.54670000693295,21.031953844413735,1,0.8467496633529663,
bench_detect_20260904_0818,onnx,320,1,23,43.13669999828562,23.182116389054862,1,0.8392353057861328,
bench_detect_20260904_0818,onnx,320,1,24,34.625700005562976,28.880282560044698,1,0.866562008857727,
bench_detect_20260904_0818,onnx,320,1,25,32.56199999304954,30.71064431587289,3,0.8383882641792297,
bench_detect_20260904_0818,onnx,320,1,26,30.127700010780245,33.19204584625383,3,0.8507544994354248,
bench_detect_20260904_0818,onnx,320,1,27,29.609500008518808,33.77294448444907,1,0.8478227853775024,
bench_detect_20260904_0818,onnx,320,1,28,33.112599994638,30.199984300898517,1,0.8780727386474609,
bench_detect_20260904_0818,onnx,320,1,29,30.36529998644255,32.93232737521046,1,0.8478468656539917,
bench_detect_20260904_0818,onnx,320,1,30,29.932999997981824,33.40794441143297,1,0.8513926267623901,
bench_detect_20260904_0818,onnx,320,1,31,30.35079999244772,32.94806068534711,1,0.8696877360343933,
bench_detect_20260904_0818,onnx,320,1,32,32.16760000213981,31.087180888020228,2,0.8461759090423584,
bench_detect_20260904_0818,onnx,320,1,33,31.042899994645268,32.213485214734916,1,0.838685154914856,
bench_detect_20260904_0818,onnx,320,1,34,30.186000003595836,33.127940100738,2,0.8442750573158264,
bench_detect_20260904_0818,onnx,320,1,35,29.607400007080287,33.77533994071958,1,0.850351095199585,
bench_detect_20260904_0818,onnx,320,1,36,40.29580000496935,24.816482111700925,1,0.8418047428131104,
bench_detect_20260904_0818,onnx,320,1,37,43.96480000286829,22.745469101070846,1,0.8386183977127075,
bench_detect_20260904_0818,onnx,320,1,38,48.48399999900721,20.625360944238857,1,0.8658446669578552,
bench_detect_20260904_0818,onnx,320,1,39,30.083299992838874,33.2410340700004,2,0.856457531452179,
bench_detect_20260904_0818,onnx,320,1,40,34.287500006030314,29.16514764343055,1,0.8289919495582581,
bench_detect_20260904_0818,onnx,320,1,41,30.57059999264311,32.711166946041374,1,0.858521044254303,
bench_detect_20260904_0818,onnx,320,1,42,56.14909999712836,17.809724466663635,2,0.8730190396308899,
bench_detect_20260904_0818,onnx,320,1,43,41.64440000022296,24.012832457536813,1,0.8458724617958069,
bench_detect_20260904_0818,onnx,320,1,44,35.83480000088457,27.905834551199263,1,0.8432605266571045,
bench_detect_20260904_0818,onnx,320,1,45,34.33729999233037,29.122848920077043,1,0.8354377746582031,
bench_detect_20260904_0818,onnx,320,1,46,41.724300011992455,23.966849047499387,1,0.8780818581581116,
bench_detect_20260904_0818,onnx,320,1,47,55.114999995566905,18.143880977600173,1,0.8653022050857544,
bench_detect_20260904_0818,onnx,320,1,48,51.724500008276664,19.333197997853738,1,0.8466675281524658,
bench_detect_20260904_0818,onnx,320,1,49,47.527000002446584,21.040671617154928,1,0.8357389569282532,
bench_detect_20260904_0818,onnx,320,1,50,38.20179999456741,26.1767770142299,2,0.8686115145683289,
bench_detect_20260904_0818,onnx,320,1,51,38.917900004889816,25.69511715365823,1,0.8685365915298462,
bench_detect_20260904_0818,onnx,320,1,52,47.168899996904656,21.200409593304542,1,0.845445990562439,
bench_detect_20260904_0818,onnx,320,1,53,52.075300001888536,19.202961864141628,1,0.8381633758544922,
bench_detect_20260904_0818,onnx,320,1,54,39.277299991226755,25.459998529007006,1,0.8505581617355347,
bench_detect_20260904_0818,onnx,320,1,55,39.191200005006976,25.515932144773377,1,0.8439571261405945,
bench_detect_20260904_0818,onnx,320,1,56,44.17710000416264,22.636162172387365,1,0.837119460105896,
bench_detect_20260904_0818,onnx,320,1,57,49.10810000728816,20.363239462565026,1,0.8488036394119263,
bench_detect_20260904_0818,onnx,320,1,58,35.571900007198565,28.11207722380962,3,0.8435398936271667,
bench_detect_20260904_0818,onnx,320,1,59,37.54960000514984,26.63144214220264,1,0.8659918308258057,
bench_detect_20260904_0818,onnx,320,1,60,30.48329999728594,32.80484724714957,2,0.8362575769424438,
bench_detect_20260904_0818,onnx,320,1,61,35.48989999399055,28.17703065292741,1,0.8402531147003174,
bench_detect_20260904_0818,onnx,320,1,62,30.705099998158403,32.567879605016,2,0.8753020167350769,
bench_detect_20260904_0818,onnx,320,1,63,33.84099999675527,29.54995420040429,1,0.8739726543426514,
bench_detect_20260904_0818,onnx,320,1,64,36.19780000008177,27.62598831966973,1,0.8813583850860596,
bench_detect_20260904_0818,onnx,320,1,65,37.137799998163246,26.92674310404649,1,0.8344632387161255,
bench_detect_20260904_0818,onnx,320,1,66,34.82899999653455,28.711705765296134,2,0.8658980131149292,
bench_detect_20260904_0818,onnx,320,1,67,47.03169999993406,21.26225503227402,1,0.8395222425460815,
bench_detect_20260904_0818,onnx,320,1,68,30.61070000694599,32.66831532023398,2,0.8659771084785461,
bench_detect_20260904_0818,onnx,320,1,69,31.397900005686097,31.849263798499326,1,0.866417407989502,
bench_detect_20260904_0818,onnx,320,1,70,32.60069999669213,30.67418798067116,1,0.8556604385375977,
bench_detect_20260904_0818,onnx,320,1,71,34.0007000049809,29.41115917770828,1,0.8706233501434326,
bench_detect_20260904_0818,onnx,320,1,72,32.279599996400066,30.97931821061982,1,0.8552780747413635,
bench_detect_20260904_0818,onnx,320,1,73,35.89159999683034,27.8616723714828,1,0.8395992517471313,
bench_detect_20260904_0818,onnx,320,1,74,31.325700008892454,31.92267051386335,1,0.8509736657142639,
bench_detect_20260904_0818,onnx,320,1,75,40.34380000666715,24.786956108119256,1,0.8412090539932251,
bench_detect_20260904_0818,onnx,320,1,76,37.5281000015093,26.64669940550633,2,0.855376124382019,
bench_detect_20260904_0818,onnx,320,1,77,30.33280000090599,32.967612616380016,1,0.858833372592926,
bench_detect_20260904_0818,onnx,320,1,78,34.7780000010971,28.753809878902015,1,0.8597094416618347,
bench_detect_20260904_0818,onnx,320,1,79,31.67369999573566,31.57193507972335,3,0.8422050476074219,
bench_detect_20260904_0818,onnx,320,1,80,30.859299993608147,32.40514205465221,1,0.8683744668960571,
bench_detect_20260904_0818,onnx,320,1,81,31.9761999999173,31.27325948682415,1,0.861799955368042,
bench_detect_20260904_0818,onnx,320,1,82,30.13880000798963,33.17982135104601,2,0.8524229526519775,
bench_detect_20260904_0818,onnx,320,1,83,36.74160000809934,27.217105400406062,1,0.8346436023712158,
bench_detect_20260904_0818,onnx,320,1,84,30.912799993529916,32.34905929612656,1,0.8658377528190613,
bench_detect_20260904_0818,onnx,320,1,85,33.42300000076648,29.919516499927216,1,0.8456016778945923,
bench_detect_20260904_0818,onnx,320,1,86,34.65719999803696,28.85403321839738,1,0.8533008694648743,
bench_detect_20260904_0818,onnx,320,1,87,29.594599996926263,33.78994816972899,1,0.8807278871536255,
bench_detect_20260904_0818,onnx,320,1,88,37.68109998782165,26.53850339621707,1,0.8535933494567871,
bench_detect_20260904_0818,onnx,320,1,89,38.51040000154171,25.967011507539947,1,0.8226962685585022,
bench_detect_20260904_0818,onnx,320,1,90,46.05000000447035,21.71552659941203,1,0.83518385887146,
bench_detect_20260904_0818,onnx,320,1,91,45.879400000558235,21.796274580483452,5,0.8622596263885498,
bench_detect_20260904_0818,onnx,320,1,92,35.2854000084335,28.340333388908498,1,0.8443489670753479,
bench_detect_20260904_0818,onnx,320,1,93,29.903000002377667,33.44146072034536,1,0.8922711610794067,
bench_detect_20260904_0818,onnx,320,1,94,33.126299997093156,30.18749453116558,1,0.83056640625,
bench_detect_20260904_0818,onnx,320,1,95,31.10920000472106,32.144831749072374,1,0.8475976586341858,
bench_detect_20260904_0818,onnx,320,1,96,38.95909999846481,25.6679440756949,1,0.8309311866760254,
bench_detect_20260904_0818,onnx,320,1,97,32.22690000256989,31.029978059331064,1,0.8784871697425842,
bench_detect_20260904_0818,onnx,320,1,98,30.13819998886902,33.1804819255739,1,0.8540769815444946,
bench_detect_20260904_0818,onnx,320,1,99,34.43410000181757,29.040979724959154,1,0.863140344619751,
bench_detect_20260904_0818,onnx,320,2,0,21.743699995568022,45.99033284141283,3,0.8670165538787842,
bench_detect_20260904_0818,onnx,320,2,1,26.26060000329744,38.07986107988523,1,0.8328515291213989,
bench_detect_20260904_0818,onnx,320,2,2,35.72050000366289,27.995128844709814,2,0.8697807192802429,
bench_detect_20260904_0818,onnx,320,2,3,31.515299997408874,31.730619733342788,1,0.8827570080757141,
bench_detect_20260904_0818,onnx,320,2,4,22.974200008320622,43.52708689041741,1,0.8138214349746704,
bench_detect_20260904_0818,onnx,320,2,5,25.290499994298443,39.54053894645984,1,0.8523721694946289,
bench_detect_20260904_0818,onnx,320,2,6,32.78509998926893,30.501660825415065,1,0.855189323425293,
bench_detect_20260904_0818,onnx,320,2,7,31.630700003006496,31.61485518515082,2,0.8453751802444458,
bench_detect_20260904_0818,onnx,320,2,8,27.327100004185922,36.593710999221344,1,0.8628569841384888,
bench_detect_20260904_0818,onnx,320,2,9,28.431900005671196,35.17176128927487,1,0.8440912365913391,
bench_detect_20260904_0818,onnx,320,2,10,38.61519999918528,25.896538151326382,1,0.831957995891571,
bench_detect_20260904_0818,onnx,320,2,11,52.08839999977499,19.198132405762507,2,0.8591516613960266,
bench_detect_20260904_0818,onnx,320,2,12,33.8668000040343,29.5274428018259,1,0.8425641059875488,
bench_detect_20260904_0818,onnx,320,2,13,35.29149999667425,28.335434880757028,2,0.8373713493347168,
bench_detect_20260904_0818,onnx,320,2,14,22.618100003455766,44.212378575000216,1,0.8705068826675415,
bench_detect_20260904_0818,onnx,320,2,15,20.038800008478574,49.90318779452323,1,0.8714592456817627,
bench_detect_20260904_0818,onnx,320,2,16,28.05629999784287,35.64261859464312,2,0.8616288900375366,
bench_detect_20260904_0818,onnx,320,2,17,26.146999996853992,38.24530539336521,3,0.8603709936141968,
bench_detect_20260904_0818,onnx,320,2,18,24.14770000905264,41.41181146134471,2,0.8776817321777344,
bench_detect_20260904_0818,onnx,320,2,19,23.088799993274733,43.311042596032635,1,0.8844539523124695,
bench_detect_20260904_0818,onnx,320,2,20,26.51799999875948,37.71023455942305,2,0.8719533681869507,
bench_detect_20260904_0818,onnx,320,2,21,30.53209999052342,32.7524146819374,1,0.857478141784668,
bench_detect_20260904_0818,onnx,320,2,22,24.525299988454208,40.774220925769335,1,0.8467496633529663,
bench_detect_20260904_0818,onnx,320,2,23,29.207899991888553,34.237312517425565,1,0.8392353057861328,
bench_detect_20260904_0818,onnx,320,2,24,25.134600000455976,39.78579328821062,1,0.866562008857727,
bench_detect_20260904_0818,onnx,320,2,25,22.875199996633455,43.71546478925518,3,0.8383882641792297,
bench_detect_20260904_0818,onnx,320,2,26,25.60259999881964,39.05853311953095,3,0.8507544994354248,
bench_detect_20260904_0818,onnx,320,2,27,24.39750000485219,40.98780611952534,1,0.8478227853775024,
bench_detect_20260904_0818,onnx,320,2,28,23.547399992821738,42.46753358353122,1,0.8780727386474609,
bench_detect_20260904_0818,onnx,320,2,29,26.70060000673402,37.45234188549303,1,0.8478468656539917,
bench_detect_20260904_0818,onnx,320,2,30,24.541999999200925,40.746475431202,1,0.8513926267623901,
bench_detect_20260904_0818,onnx,320,2,31,27.924099995288998,35.811360085686104,1,0.8696877360343933,
bench_detect_20260904_0818,onnx,320,2,32,31.51620000426192,31.729713603314185,2,0.8461759090423584,
bench_detect_20260904_0818,onnx,320,2,33,34.024199994746596,29.39084534403166,1,0.838685154914856,
bench_detect_20260904_0818,onnx,320,2,34,22.393400009605102,44.656014699468344,2,0.8442750573158264,
bench_detect_20260904_0818,onnx,320,2,35,22.529099995153956,44.38703721920101,1,0.850351095199585,
bench_detect_20260904_0818,onnx,320,2,36,22.096100001363084,45.25685527936202,1,0.8418047428131104,
bench_detect_20260904_0818,onnx,320,2,37,26.0720000078436,38.355323707393225,1,0.8386183977127075,
bench_detect_20260904_0818,onnx,320,2,38,24.92270000220742,40.12406360111181,1,0.8658446669578552,
bench_detect_20260904_0818,onnx,320,2,39,22.12580000923481,45.19610588465152,2,0.856457531452179,
bench_detect_20260904_0818,onnx,320,2,40,25.58600000338629,39.08387398841752,1,0.8289919495582581,
bench_detect_20260904_0818,onnx,320,2,41,40.635900004417636,24.608781887229945,1,0.858521044254303,
bench_detect_20260904_0818,onnx,320,2,42,45.922999997856095,21.775580864636126,2,0.8730190396308899,
bench_detect_20260904_0818,onnx,320,2,43,33.169999995152466,30.147723851255414,1,0.8458724617958069,
bench_detect_20260904_0818,onnx,320,2,44,19.996499991975725,50.008751551585725,1,0.8432605266571045,
bench_detect_20260904_0818,onnx,320,2,45,20.040500006871298,49.89895459979189,1,0.8354377746582031,
bench_detect_20260904_0818,onnx,320,2,46,28.46829999180045,35.12679015916032,1,0.8780818581581116,
bench_detect_20260904_0818,onnx,320,2,47,32.034400006523356,31.21644231814437,1,0.8653022050857544,
bench_detect_20260904_0818,onnx,320,2,48,37.314200002583675,26.79944900147287,1,0.8466675281524658,
bench_detect_20260904_0818,onnx,320,2,49,25.851599988527596,38.68232528910316,1,0.8357389569282532,
bench_detect_20260904_0818,onnx,320,2,50,28.320500001427718,35.31011104851917,2,0.8686115145683289,
bench_detect_20260904_0818,onnx,320,2,51,20.138299994869158,49.656624454635214,1,0.8685365915298462,
bench_detect_20260904_0818,onnx,320,2,52,21.058400001493283,47.48698856176578,1,0.845445990562439,
bench_detect_20260904_0818,onnx,320,2,53,22.976799999014474,43.52216148649473,1,0.8381633758544922,
bench_detect_20260904_0818,onnx,320,2,54,30.801899993093684,32.46552973109507,1,0.8505581617355347,
bench_detect_20260904_0818,onnx,320,2,55,24.028199986787513,41.617765814745766,1,0.8439571261405945,
bench_detect_20260904_0818,onnx,320,2,56,30.14909999910742,33.16848595910344,1,0.837119460105896,
bench_detect_20260904_0818,onnx,320,2,57,26.368599996203557,37.92389433432097,1,0.8488036394119263,
bench_detect_20260904_0818,onnx,320,2,58,29.10189999965951,34.362017600627446,3,0.8435398936271667,
bench_detect_20260904_0818,onnx,320,2,59,19.76029999786988,50.60651913724984,1,0.8659918308258057,
bench_detect_20260904_0818,onnx,320,2,60,24.246999993920326,41.24221554215941,2,0.8362575769424438,
bench_detect_20260904_0818,onnx,320,2,61,23.813100007828325,41.99369253357437,1,0.8402531147003174,
bench_detect_20260904_0818,onnx,320,2,62,18.644900002982467,53.633969602413444,2,0.8753020167350769,
bench_detect_20260904_0818,onnx,320,2,63,24.745899994741194,40.410734716155496,1,0.8739726543426514,
bench_detect_20260904_0818,onnx,320,2,64,24.696899999980815,40.490911814874615,1,0.8813583850860596,
bench_detect_20260904_0818,onnx,320,2,65,25.768100007553585,38.807673041740095,1,0.8344632387161255,
bench_detect_20260904_0818,onnx,320,2,66,32.725099998060614,30.557584241431286,2,0.8658980131149292,
bench_detect_20260904_0818,onnx,320,2,67,27.889499993762,35.855788028601026,1,0.8395222425460815,
bench_detect_20260904_0818,onnx,320,2,68,29.693000004044734,33.677971234425,2,0.8659771084785461,
bench_detect_20260904_0818,onnx,320,2,69,19.503399991663173,51.27311137686019,1,0.866417407989502,
bench_detect_20260904_0818,onnx,320,2,70,27.21929999825079,36.73863766019933,1,0.8556604385375977,
bench_detect_20260904_0818,onnx,320,2,71,21.14110000547953,47.301228400641946,1,0.8706233501434326,
bench_detect_20260904_0818,onnx,320,2,72,23.786000005202368,42.041537029398995,1,0.8552780747413635,
bench_detect_20260904_0818,onnx,320,2,73,21.0949000029359,47.404822960091025,1,0.8395992517471313,
bench_detect_20260904_0818,onnx,320,2,74,22.232499992242083,44.979197137026645,1,0.8509736657142639,
bench_detect_20260904_0818,onnx,320,2,75,29.658800005563535,33.71680579836053,1,0.8412090539932251,
bench_detect_20260904_0818,onnx,320,2,76,21.368699992308393,46.79741867123163,2,0.855376124382019,
bench_detect_20260904_0818,onnx,320,2,77,25.130099995294586,39.792917663966406,1,0.858833372592926,
bench_detect_20260904_0818,onnx,320,2,78,26.07920000446029,38.344734494500265,1,0.8597094416618347,
bench_detect_20260904_0818,onnx,320,2,79,19.288800001959316,51.84355687748445,3,0.8422050476074219,
bench_detect_20260904_0818,onnx,320,2,80,22.694200000842102,44.064122108860126,1,0.8683744668960571,
bench_detect_20260904_0818,onnx,320,2,81,28.272399998968467,35.370184350691325,1,0.861799955368042,
bench_detect_20260904_0818,onnx,320,2,82,33.7679000076605,29.613923275452205,2,0.8524229526519775,
bench_detect_20260904_0818,onnx,320,2,83,20.41889999236446,48.97423467346159,1,0.8346436023712158,
bench_detect_20260904_0818,onnx,320,2,84,25.75079999223817,38.833744982735325,1,0.8658377528190613,
bench_detect_20260904_0818,onnx,320,2,85,29.49310000985861,33.90623568447304,1,0.8456016778945923,
bench_detect_20260904_0818,onnx,320,2,86,31.191599991871044,32.05991357482827,1,0.8533008694648743,
bench_detect_20260904_0818,onnx,320,2,87,37.575800000922754,26.612873178360616,1,0.8807278871536255,
bench_detect_20260904_0818,onnx,320,2,88,30.552399999578483,32.73065291151584,1,0.8535933494567871,
bench_detect_20260904_0818,onnx,320,2,89,26.336000009905547,37.97083838183012,1,0.8226962685585022,
bench_detect_20260904_0818,onnx,320,2,90,27.722900005755946,36.071262378480455,1,0.83518385887146,
bench_detect_20260904_0818,onnx,320,2,91,29.61199999845121,33.77009320722352,5,0.8622596263885498,
bench_detect_20260904_0818,onnx,320,2,92,34.668199994484894,28.84487801959959,1,0.8443489670753479,
bench_detect_20260904_0818,onnx,320,2,93,38.38139999425039,26.054286715695678,1,0.8922711610794067,
bench_detect_20260904_0818,onnx,320,2,94,32.95280000020284,30.346434900641054,1,0.83056640625,
bench_detect_20260904_0818,onnx,320,2,95,25.890500008245,38.62420577746832,1,0.8475976586341858,
bench_detect_20260904_0818,onnx,320,2,96,47.004799998831004,21.27442303817631,1,0.8309311866760254,
bench_detect_20260904_0818,onnx,320,2,97,30.627799991634674,32.65007608359492,1,0.8784871697425842,
bench_detect_20260904_0818,onnx,320,2,98,20.51750000100583,48.73888144028157,1,0.8540769815444946,
bench_detect_20260904_0818,onnx,320,2,99,22.533499999553896,44.37836998334912,1,0.863140344619751,
bench_detect_20260904_0818,onnx,320,4,0,29.056300001684576,34.4159442166423,3,0.8670165538787842,
bench_detect_20260904_0818,onnx,320,4,1,22.606700003962032,44.23467378364559,1,0.8328515291213989,
bench_detect_20260904_0818,onnx,320,4,2,21.20259999355767,47.16402706761653,2,0.8697807192802429,
bench_detect_20260904_0818,onnx,320,4,3,23.629300005268306,42.32033956896918,1,0.8827570080757141,
bench_detect_20260904_0818,onnx,320,4,4,22.403599999961443,44.635683550934715,1,0.8138214349746704,
bench_detect_20260904_0818,onnx,320,4,5,17.51900000090245,57.08088360913792,1,0.8523721694946289,
bench_detect_20260904_0818,onnx,320,4,6,24.171800003387034,41.3705226693865,1,0.855189323425293,
bench_detect_20260904_0818,onnx,320,4,7,23.207400008686818,43.08970412996232,2,0.8453751802444458,
bench_detect_20260904_0818,onnx,320,4,8,22.816500000772066,43.82793153928788,1,0.8628569841384888,
bench_detect_20260904_0818,onnx,320,4,9,22.83230000466574,43.79760251028814,1,0.8440912365913391,
bench_detect_20260904_0818,onnx,320,4,10,17.318099999101833,57.743054957060124,1,0.831957995891571,
bench_detect_20260904_0818,onnx,320,4,11,19.951700000092387,50.121042316963944,2,0.8591516613960266,
bench_detect_20260904_0818,onnx,320,4,12,23.350399991613813,42.825818845036714,1,0.8425641059875488,
bench_detect_20260904_0818,onnx,320,4,13,20.91659999859985,47.808917322458704,2,0.8373713493347168,
bench_detect_20260904_0818,onnx,320,4,14,24.616599999717437,40.62299424012571,1,0.8705068826675415,
bench_detect_20260904_0818,onnx,320,4,15,20.8855999953812,47.87987897025451,1,0.8714592456817627,
bench_detect_20260904_0818,onnx,320,4,16,23.525800002971664,42.50652474618015,2,0.8616288900375366,
bench_detect_20260904_0818,onnx,320,4,17,23.033400007989258,43.41521441268526,3,0.8603709936141968,
bench_detect_20260904_0818,onnx,320,4,18,24.83629999915138,40.26364635771707,2,0.8776817321777344,
bench_detect_20260904_0818,onnx,320,4,19,19.474700005957857,51.348672877840066,1,0.8844539523124695,
bench_detect_20260904_0818,onnx,320,4,20,22.71949998976197,44.015053168011065,2,0.8719533681869507,
bench_detect_20260904_0818,onnx,320,4,21,19.60150001104921,51.01650381023431,1,0.857478141784668,
bench_detect_20260904_0818,onnx,320,4,22,21.193900000071153,47.18338767270973,1,0.8467496633529663,
bench_detect_20260904_0818,onnx,320,4,23,23.57579999079462,42.41637613105213,1,0.8392353057861328,
bench_detect_20260904_0818,onnx,320,4,24,23.43539999856148,42.670489945184734,1,0.866562008857727,
bench_detect_20260904_0818,onnx,320,4,25,25.852100006886758,38.68157711495814,3,0.8383882641792297,
bench_detect_20260904_0818,onnx,320,4,26,22.22240000264719,44.9996399975195,3,0.8507544994354248,
bench_detect_20260904_0818,onnx,320,4,27,23.75449999817647,42.09728683309544,1,0.8478227853775024,
bench_detect_20260904_0818,onnx,320,4,28,23.255499996594153,43.000580514134434,1,0.8780727386474609,
bench_detect_20260904_0818,onnx,320,4,29,25.009200006024912,39.98528540533452,1,0.8478468656539917,
bench_detect_20260904_0818,onnx,320,4,30,23.936100013088435,41.77790030344094,1,0.8513926267623901,
bench_detect_20260904_0818,onnx,320,4,31,23.44720000110101,42.64901565871588,1,0.8696877360343933,
bench_detect_20260904_0818,onnx,320,4,32,21.885299996938556,45.69277095310029,2,0.8461759090423584,
bench_detect_20260904_0818,onnx,320,4,33,27.123000007122755,36.86907789467944,1,0.838685154914856,
bench_detect_20260904_0818,onnx,320,4,34,22.22759999858681,44.989112637602716,2,0.8442750573158264,
bench_detect_20260904_0818,onnx,320,4,35,24.41959999850951,40.95071172586924,1,0.850351095199585,
bench_detect_20260904_0818,onnx,320,4,36,21.234200001345016,47.09383918097494,1,0.8418047428131104,
bench_detect_20260904_0818,onnx,320,4,37,22.22040000197012,45.003690298614664,1,0.8386183977127075,
bench_detect_20260904_0818,onnx,320,4,38,23.278900000150315,42.95735623219065,1,0.8658446669578552,
bench_detect_20260904_0818,onnx,320,4,39,18.031500003417023,55.458503164489755,2,0.856457531452179,
bench_detect_20260904_0818,onnx,320,4,40,25.239099995815195,39.62106414911017,1,0.8289919495582581,
bench_detect_20260904_0818,onnx,320,4,41,20.870200009085238,47.91520922486028,1,0.858521044254303,
bench_detect_20260904_0818,onnx,320,4,42,24.637900001835078,40.58787477526567,2,0.8730190396308899,
bench_detect_20260904_0818,onnx,320,4,43,23.93369999481365,41.78208969848776,1,0.8458724617958069,
bench_detect_20260904_0818,onnx,320,4,44,21.799099995405413,45.8734535008679,1,0.8432605266571045,
bench_detect_20260904_0818,onnx,320,4,45,27.699600002961233,36.1016043514381,1,0.8354377746582031,
bench_detect_20260904_0818,onnx,320,4,46,20.798500001546927,48.08039040919408,1,0.8780818581581116,
bench_detect_20260904_0818,onnx,320,4,47,19.65099999506492,50.88799553463621,1,0.8653022050857544,
bench_detect_20260904_0818,onnx,320,4,48,23.10839999699965,43.27430718396072,1,0.8466675281524658,
bench_detect_20260904_0818,onnx,320,4,49,22.973700004513375,43.52803422189467,1,0.8357389569282532,
bench_detect_20260904_0818,onnx,320,4,50,19.350499991560355,51.67825123051839,2,0.8686115145683289,
bench_detect_20260904_0818,onnx,320,4,51,19.344800006365404,51.69347833376153,1,0.8685365915298462,
bench_detect_20260904_0818,onnx,320,4,52,19.705600003362633,50.746995769190306,1,0.845445990562439,
bench_detect_20260904_0818,onnx,320,4,53,22.41600000706967,44.610992134395744,1,0.8381633758544922,
bench_detect_20260904_0818,onnx,320,4,54,24.100800001178868,41.49239859054828,1,0.8505581617355347,
bench_detect_20260904_0818,onnx,320,4,55,22.847499989438802,43.76846484132826,1,0.8439571261405945,
bench_detect_20260904_0818,onnx,320,4,56,22.96129999740515,43.551541076202554,1,0.837119460105896,
bench_detect_20260904_0818,onnx,320,4,57,20.496400000411086,48.78905563806051,1,0.8488036394119263,
bench_detect_20260904_0818,onnx,320,4,58,23.061100000631995,43.363065941026,3,0.8435398936271667,
bench_detect_20260904_0818,onnx,320,4,59,23.562100002891384,42.44103878165726,1,0.8659918308258057,
bench_detect_20260904_0818,onnx,320,4,60,22.09230000153184,45.26463971296161,2,0.8362575769424438,
bench_detect_20260904_0818,onnx,320,4,61,25.11380000214558,39.81874506902841,1,0.8402531147003174,
bench_detect_20260904_0818,onnx,320,4,62,22.971200000029057,43.53277147030782,2,0.8753020167350769,
bench_detect_20260904_0818,onnx,320,4,63,23.73030000308063,42.140217353770566,1,0.8739726543426514,
bench_detect_20260904_0818,onnx,320,4,64,23.678899990045466,42.231691523693954,1,0.8813583850860596,
bench_detect_20260904_0818,onnx,320,4,65,24.005400002351962,41.65729377148573,1,0.8344632387161255,
bench_detect_20260904_0818,onnx,320,4,66,24.454300000797957,40.89260375342453,2,0.8658980131149292,
bench_detect_20260904_0818,onnx,320,4,67,23.604599991813302,42.364623859198055,1,0.8395222425460815,
bench_detect_20260904_0818,onnx,320,4,68,23.52709999831859,42.504176038333114,2,0.8659771084785461,
bench_detect_20260904_0818,onnx,320,4,69,23.75259999826085,42.10065424724954,1,0.866417407989502,
bench_detect_20260904_0818,onnx,320,4,70,24.23090000229422,41.26961854100831,1,0.8556604385375977,
bench_detect_20260904_0818,onnx,320,4,71,26.60089998971671,37.592713043039026,1,0.8706233501434326,
bench_detect_20260904_0818,onnx,320,4,72,27.35559998836834,36.55558644026094,1,0.8552780747413635,
bench_detect_20260904_0818,onnx,320,4,73,25.95599999767728,38.5267375593114,1,0.8395992517471313,
bench_detect_20260904_0818,onnx,320,4,74,26.0889000055613,38.33047770457293,1,0.8509736657142639,
bench_detect_20260904_0818,onnx,320,4,75,27.36459999869112,36.5435635838942,1,0.8412090539932251,
bench_detect_20260904_0818,onnx,320,4,76,23.91170000191778,41.820531368317496,2,0.855376124382019,
bench_detect_20260904_0818,onnx,320,4,77,22.80040000914596,43.85887965118456,1,0.858833372592926,
bench_detect_20260904_0818,onnx,320,4,78,29.86540000711102,33.48356291099057,1,0.8597094416618347,
bench_detect_20260904_0818,onnx,320,4,79,25.008600001456216,39.986244729483914,3,0.8422050476074219,
bench_detect_20260904_0818,onnx,320,4,80,19.36399999249261,51.64222270128581,1,0.8683744668960571,
bench_detect_20260904_0818,onnx,320,4,81,22.68109998840373,44.08957239777941,1,0.861799955368042,
bench_detect_20260904_0818,onnx,320,4,82,24.447699994198047,40.90364329721491,2,0.8524229526519775,
bench_detect_20260904_0818,onnx,320,4,83,23.048899995046668,43.38601843102731,1,0.8346436023712158,
bench_detect_20260904_0818,onnx,320,4,84,21.195699999225326,47.17938072517297,1,0.8658377528190613,
bench_detect_20260904_0818,onnx,320,4,85,24.96719999180641,40.05254895735902,1,0.8456016778945923,
bench_detect_20260904_0818,onnx,320,4,86,24.28630000213161,41.17547752898671,1,0.8533008694648743,
bench_detect_20260904_0818,onnx,320,4,87,24.466099988785572,40.872881270752835,1,0.8807278871536255,
bench_detect_20260904_0818,onnx,320,4,88,24.55319999717176,40.72788883384602,1,0.8535933494567871,
bench_detect_20260904_0818,onnx,320,4,89,21.474100009072572,46.56772575230212,1,0.8226962685585022,
bench_detect_20260904_0818,onnx,320,4,90,17.87400001194328,55.9471858191679,1,0.83518385887146,
bench_detect_20260904_0818,onnx,320,4,91,21.331199997803196,46.879687973624804,5,0.8622596263885498,
bench_detect_20260904_0818,onnx,320,4,92,24.679399997694418,40.5196236575209,1,0.8443489670753479,
bench_detect_20260904_0818,onnx,320,4,93,21.946599998045713,45.565144491130624,1,0.8922711610794067,
bench_detect_20260904_0818,onnx,320,4,94,22.575099996174686,44.29659227066318,1,0.83056640625,
bench_detect_20260904_0818,onnx,320,4,95,21.859300002688542,45.74711906954966,1,0.8475976586341858,
bench_detect_20260904_0818,onnx,320,4,96,22.238799996557645,44.96645503151206,1,0.8309311866760254,
bench_detect_20260904_0818,onnx,320,4,97,24.265900006867014,41.21009316435862,1,0.8784871697425842,
bench_detect_20260904_0818,onnx,320,4,98,22.09230000153184,45.26463971296161,1,0.8540769815444946,
bench_detect_20260904_0818,onnx,320,4,99,24.120600006426685,41.4583385045795,1,0.863140344619751,
bench_detect_20260904_0818,onnx,640,1,0,254.78979999024887,3.924803897323485,1,0.8214688301086426,
bench_detect_20260904_0818,onnx,640,1,1,226.32070000690874,4.41850877966299,1,0.812147855758667,
bench_detect_20260904_0818,onnx,640,1,2,145.15930000925437,6.888983344065774,1,0.8395455479621887,
bench_detect_20260904_0818,onnx,640,1,3,261.01489999564365,3.8311989086319977,1,0.8316104412078857,
bench_detect_20260904_0818,onnx,640,1,4,185.0503000023309,5.403936118922282,1,0.7443010807037354,
bench_detect_20260904_0818,onnx,640,1,5,135.5920999922091,7.375060936864745,1,0.8330690860748291,
bench_detect_20260904_0818,onnx,640,1,6,170.53229999146424,5.863991748484326,1,0.8096311092376709,
bench_detect_20260904_0818,onnx,640,1,7,234.84260000986978,4.258171217479166,2,0.8250116109848022,
bench_detect_20260904_0818,onnx,640,1,8,161.63470000901725,6.186790336135818,1,0.8489115238189697,
bench_detect_20260904_0818,onnx,640,1,9,163.1405999942217,6.129682004574086,1,0.8309528827667236,
bench_detect_20260904_0818,onnx,640,1,10,195.47610000881832,5.115714913254807,1,0.8210679292678833,
bench_detect_20260904_0818,onnx,640,1,11,243.62700000347104,4.104635364658895,1,0.8629555702209473,
bench_detect_20260904_0818,onnx,640,1,12,233.1080000003567,4.289857061956131,1,0.842363715171814,
bench_detect_20260904_0818,onnx,640,1,13,256.21019999380223,3.9030452340468496,2,0.825884997844696,
bench_detect_20260904_0818,onnx,640,1,14,205.1257999992231,4.875057160063665,1,0.8677326440811157,
bench_detect_20260904_0818,onnx,640,1,15,243.99400000402238,4.098461437508768,1,0.861142635345459,
bench_detect_20260904_0818,onnx,640,1,16,168.66389999631792,5.928951008614356,2,0.8343461751937866,
bench_detect_20260904_0818,onnx,640,1,17,133.1512000033399,7.510259013624484,3,0.839414656162262,
bench_detect_20260904_0818,onnx,640,1,18,164.76929999771528,6.069091754434025,2,0.8466666340827942,
bench_detect_20260904_0818,onnx,640,1,19,169.05120000592433,5.915367651723002,1,0.8641484975814819,
bench_detect_20260904_0818,onnx,640,1,20,162.98179999284912,6.1356544107616635,2,0.8630983829498291,
bench_detect_20260904_0818,onnx,640,1,21,138.5459000011906,7.217824562050602,1,0.8406504392623901,
bench_detect_20260904_0818,onnx,640,1,22,134.65890000225045,7.426170865670875,1,0.8391133546829224,
bench_detect_20260904_0818,onnx,640,1,23,140.0634000019636,7.139623913070657,1,0.8192139863967896,
bench_detect_20260904_0818,onnx,640,1,24,138.02519999444485,7.245053802061126,1,0.8192445635795593,
bench_detect_20260904_0818,onnx,640,1,25,150.60429999721237,6.6399166558890395,2,0.8416056632995605,
bench_detect_20260904_0818,onnx,640,1,26,136.43389999924693,7.329556657146938,3,0.8323211669921875,
bench_detect_20260904_0818,onnx,640,1,27,143.5102000104962,6.968145817697007,1,0.8368035554885864,
bench_detect_20260904_0818,onnx,640,1,28,135.50100001157261,7.380019335020361,1,0.8446122407913208,
bench_detect_20260904_0818,onnx,640,1,29,136.78760000038892,7.310604177550865,1,0.8436522483825684,
bench_detect_20260904_0818,onnx,640,1,30,147.36350000021048,6.785940887659235,1,0.8377926349639893,
bench_detect_20260904_0818,onnx,640,1,31,152.7741000027163,6.545612116073472,1,0.8432223796844482,
bench_detect_20260904_0818,onnx,640,1,32,132.77320000634063,7.531640421050668,1,0.8313404321670532,
bench_detect_20260904_0818,onnx,640,1,33,157.45980000065174,6.350827322248986,1,0.8367631435394287,
bench_detect_20260904_0818,onnx,640,1,34,137.41250000020955,7.277358318919131,1,0.7940600514411926,
bench_detect_20260904_0818,onnx,640,1,35,141.282600001432,7.078012437411714,1,0.8441817760467529,
bench_detect_20260904_0818,onnx,640,1,36,145.816799995373,6.8579203495875065,1,0.8246177434921265,
bench_detect_20260904_0818,onnx,640,1,37,181.24439999519382,5.517411848457209,1,0.8456279039382935,
bench_detect_20260904_0818,onnx,640,1,38,181.6880999977002,5.503937792363165,1,0.8481340408325195,
bench_detect_20260904_0818,onnx,640,1,39,254.06700000166893,3.9359696457762365,2,0.8228013515472412,
bench_detect_20260904_0818,onnx,640,1,40,239.08330000995193,4.182642618528248,1,0.811850368976593,
bench_detect_20260904_0818,onnx,640,1,41,279.0464999998221,3.583632118663511,1,0.848019003868103,
bench_detect_20260904_0818,onnx,640,1,42,247.6870999962557,4.03735196550453,2,0.8532116413116455,
bench_detect_20260904_0818,onnx,640,1,43,250.2699000033317,3.9956862570636242,1,0.8299169540405273,
bench_detect_20260904_0818,onnx,640,1,44,145.19920000748243,6.88709028664392,1,0.7718535661697388,
bench_detect_20260904_0818,onnx,640,1,45,180.6434000027366,5.535768259370953,1,0.8479881882667542,
bench_detect_20260904_0818,onnx,640,1,46,151.1478000029456,6.616040722924924,1,0.8480563163757324,
bench_detect_20260904_0818,onnx,640,1,47,170.69280000578146,5.858477920369983,1,0.8432231545448303,
bench_detect_20260904_0818,onnx,640,1,48,268.3940999995684,3.725864316695516,1,0.815872073173523,
bench_detect_20260904_0818,onnx,640,1,49,272.04020001227036,3.6759273076365,1,0.7787197232246399,
bench_detect_20260904_0818,onnx,640,1,50,231.27689999819268,4.3238213587600605,2,0.8698760271072388,
bench_detect_20260904_0818,onnx,640,1,51,148.36510000168346,6.740129585654937,1,0.8253887891769409,
bench_detect_20260904_0818,onnx,640,1,52,133.8058999972418,7.473512005230065,1,0.8267799615859985,
bench_detect_20260904_0818,onnx,640,1,53,157.6197999966098,6.344380591914904,1,0.8350735902786255,
bench_detect_20260904_0818,onnx,640,1,54,134.4260000041686,7.439037090808249,1,0.842432975769043,
bench_detect_20260904_0818,onnx,640,1,55,133.53690000076313,7.488566830548599,1,0.853783130645752,
bench_detect_20260904_0818,onnx,640,1,56,154.59849999751896,6.468368063183331,1,0.8273897171020508,
bench_detect_20260904_0818,onnx,640,1,57,137.89929999620654,7.251668427812969,1,0.8261759877204895,
bench_detect_20260904_0818,onnx,640,1,58,134.9264000018593,7.411448018966043,2,0.8604758977890015,
bench_detect_20260904_0818,onnx,640,1,59,142.37339999817777,7.023783937257935,1,0.8189926147460938,
bench_detect_20260904_0818,onnx,640,1,60,153.8657999917632,6.499170056331767,2,0.8329588770866394,
bench_detect_20260904_0818,onnx,640,1,61,138.07529999758117,7.242424966793613,1,0.8284343481063843,
bench_detect_20260904_0818,onnx,640,1,62,129.84059999871533,7.70175122426956,2,0.8373318910598755,
bench_detect_20260904_0818,onnx,640,1,63,129.60699999530334,7.715632643578184,1,0.8421447277069092,
bench_detect_20260904_0818,onnx,640,1,64,138.2368999911705,7.2339585166035425,1,0.8202601075172424,
bench_detect_20260904_0818,onnx,640,1,65,130.53939999372233,7.660522417355145,1,0.8330275416374207,
bench_detect_20260904_0818,onnx,640,1,66,137.16529999510385,7.290473611297429,2,0.8189750909805298,
bench_detect_20260904_0818,onnx,640,1,67,141.94359999964945,7.045051696606748,1,0.8267172574996948,
bench_detect_20260904_0818,onnx,640,1,68,168.54509999393485,5.933130064510836,2,0.8485020399093628,
bench_detect_20260904_0818,onnx,640,1,69,141.3289999909466,7.075688641850285,1,0.8594738841056824,
bench_detect_20260904_0818,onnx,640,1,70,151.81660000234842,6.586894977127213,1,0.857597827911377,
bench_detect_20260904_0818,onnx,640,1,71,146.65379999496508,6.818780011389626,1,0.8561351299285889,
bench_detect_20260904_0818,onnx,640,1,72,174.511999997776,5.730264967525122,1,0.8265813589096069,
bench_detect_20260904_0818,onnx,640,1,73,139.37730000179727,7.174769492500609,1,0.8261643648147583,
bench_detect_20260904_0818,onnx,640,1,74,170.5729999957839,5.86259255582488,1,0.8381205797195435,
bench_detect_20260904_0818,onnx,640,1,75,155.94019999844022,6.412714617590605,1,0.8184213638305664,
bench_detect_20260904_0818,onnx,640,1,76,172.6589000027161,5.791766309088434,2,0.8448441028594971,
bench_detect_20260904_0818,onnx,640,1,77,242.1844000054989,4.129085110260176,1,0.8476138114929199,
bench_detect_20260904_0818,onnx,640,1,78,175.48710000119172,5.69842455652415,1,0.8524564504623413,
bench_detect_20260904_0818,onnx,640,1,79,148.41989999695215,6.737640976853746,4,0.8396109342575073,
bench_detect_20260904_0818,onnx,640,1,80,194.59710000955965,5.138822726293838,1,0.8314977288246155,
bench_detect_20260904_0818,onnx,640,1,81,191.32530000933912,5.226700284547769,1,0.827151358127594,
bench_detect_20260904_0818,onnx,640,1,82,196.00460000219755,5.101921077305269,2,0.8298345804214478,
bench_detect_20260904_0818,onnx,640,1,83,196.28999999258667,5.094503031421709,1,0.8219830989837646,
bench_detect_20260904_0818,onnx,640,1,84,195.20220000413246,5.122893082039187,1,0.8257669806480408,
bench_detect_20260904_0818,onnx,640,1,85,126.76520000968594,7.8886003408158665,1,0.8114612102508545,
bench_detect_20260904_0818,onnx,640,1,86,155.52650000608992,6.4297724179534885,1,0.8388513326644897,
bench_detect_20260904_0818,onnx,640,1,87,173.32279999391176,5.769581382455895,1,0.8571672439575195,
bench_detect_20260904_0818,onnx,640,1,88,201.83089999773074,4.954642723246259,1,0.8460313081741333,
bench_detect_20260904_0818,onnx,640,1,89,157.6768999948399,6.342083082764347,1,0.7928652763366699,
bench_detect_20260904_0818,onnx,640,1,90,170.40560000168625,5.868351744250802,1,0.8154222965240479,
bench_detect_20260904_0818,onnx,640,1,91,194.37599999946542,5.14466806603053,6,0.8506507873535156,
bench_detect_20260904_0818,onnx,640,1,92,161.11829999135807,6.206619608409704,1,0.8413549065589905,
bench_detect_20260904_0818,onnx,640,1,93,201.60119999491144,4.96028793491924,1,0.8516277074813843,
bench_detect_20260904_0818,onnx,640,1,94,156.3731999922311,6.394957704067461,1,0.8222675323486328,
bench_detect_20260904_0818,onnx,640,1,95,200.99700000719167,4.975198634627482,1,0.8292025923728943,
bench_detect_20260904_0818,onnx,640,1,96,181.53639999218285,5.508537131082588,1,0.807289183139801,
bench_detect_20260904_0818,onnx,640,1,97,171.062699999311,5.845809752821788,1,0.8510770797729492,
bench_detect_20260904_0818,onnx,640,1,98,153.9129999873694,6.497176977136845,1,0.8391404151916504,
bench_detect_20260904_0818,onnx,640,1,99,191.100700001698,5.232843207749185,1,0.849768877029419,
bench_detect_20260904_0818,onnx,640,2,0,100.05209999508224,9.994792713487792,1,0.8214688301086426,
bench_detect_20260904_0818,onnx,640,2,1,103.79930000635795,9.633976336437216,1,0.812147855758667,
bench_detect_20260904_0818,onnx,640,2,2,105.32970000349451,9.493998368616099,1,0.8395455479621887,
bench_detect_20260904_0818,onnx,640,2,3,101.47129998949822,9.855003336938573,1,0.8316104412078857,
bench_detect_20260904_0818,onnx,640,2,4,111.24179999751505,8.989426636591087,1,0.7443010807037354,
bench_detect_20260904_0818,onnx,640,2,5,98.87190000154078,10.114097129562762,1,0.8330690860748291,
bench_detect_20260904_0818,onnx,640,2,6,104.00760000629816,9.614682003425184,1,0.8096311092376709,
bench_detect_20260904_0818,onnx,640,2,7,106.70160000154283,9.37193069256263,2,0.8250116109848022,
bench_detect_20260904_0818,onnx,640,2,8,135.27159999648575,7.392534722927645,1,0.8489115238189697,
bench_detect_20260904_0818,onnx,640,2,9,92.34489999653306,10.828968357078121,1,0.8309528827667236,
bench_detect_20260904_0818,onnx,640,2,10,119.90940000396222,8.33962975352188,1,0.8210679292678833,
bench_detect_20260904_0818,onnx,640,2,11,109.98310000286438,9.092305999503163,1,0.8629555702209473,
bench_detect_20260904_0818,onnx,640,2,12,123.19700000807643,8.11708077253864,1,0.842363715171814,
bench_detect_20260904_0818,onnx,640,2,13,111.6976000048453,8.952743836542783,2,0.825884997844696,
bench_detect_20260904_0818,onnx,640,2,14,112.57930001011118,8.882627622575253,1,0.8677326440811157,
bench_detect_20260904_0818,onnx,640,2,15,105.78640000312589,9.45301097277581,1,0.861142635345459,
bench_detect_20260904_0818,onnx,640,2,16,131.15950000064913,7.624304758672081,2,0.8343461751937866,
bench_detect_20260904_0818,onnx,640,2,17,110.58240001148079,9.04303035470544,3,0.839414656162262,
bench_detect_20260904_0818,onnx,640,2,18,97.23300000769086,10.284574166393126,2,0.8466666340827942,
bench_detect_20260904_0818,onnx,640,2,19,92.46210000128485,10.815242136898297,1,0.8641484975814819,
bench_detect_20260904_0818,onnx,640,2,20,97.96829998958856,10.207383409799634,2,0.8630983829498291,
bench_detect_20260904_0818,onnx,640,2,21,79.70970000314992,12.545524571795937,1,0.8406504392623901,
bench_detect_20260904_0818,onnx,640,2,22,97.12220000801608,10.296307125636199,1,0.8391133546829224,
bench_detect_20260904_0818,onnx,640,2,23,99.04000000096858,10.096930533019188,1,0.8192139863967896,
bench_detect_20260904_0818,onnx,640,2,24,95.72779999871273,10.446286240919015,1,0.8192445635795593,
bench_detect_20260904_0818,onnx,640,2,25,117.10820000735112,8.539111692752753,2,0.8416056632995605,
bench_detect_20260904_0818,onnx,640,2,26,142.87619999959134,6.999066324572324,3,0.8323211669921875,
bench_detect_20260904_0818,onnx,640,2,27,108.92529999546241,9.180603588345939,1,0.8368035554885864,
bench_detect_20260904_0818,onnx,640,2,28,105.1442999887513,9.510739052016929,1,0.8446122407913208,
bench_detect_20260904_0818,onnx,640,2,29,92.23090000159573,10.842353267535051,1,0.8436522483825684,
bench_detect_20260904_0818,onnx,640,2,30,83.16239999840036,12.024664993064595,1,0.8377926349639893,
bench_detect_20260904_0818,onnx,640,2,31,101.15899999800604,9.885427890941104,1,0.8432223796844482,
bench_detect_20260904_0818,onnx,640,2,32,87.36419999331702,11.446336143139819,1,0.8313404321670532,
bench_detect_20260904_0818,onnx,640,2,33,111.62370000965893,8.958670962470055,1,0.8367631435394287,
bench_detect_20260904_0818,onnx,640,2,34,138.17180000478402,7.237366814106615,1,0.7940600514411926,
bench_detect_20260904_0818,onnx,640,2,35,147.13850000407547,6.7963177548520735,1,0.8441817760467529,
bench_detect_20260904_0818,onnx,640,2,36,129.69970000267494,7.710118064878915,1,0.8246177434921265,
bench_detect_20260904_0818,onnx,640,2,37,121.35009998746682,8.240619497662394,1,0.8456279039382935,
bench_detect_20260904_0818,onnx,640,2,38,146.5850000095088,6.821980420473658,1,0.8481340408325195,
bench_detect_20260904_0818,onnx,640,2,39,176.10459998832084,5.678443380049808,2,0.8228013515472412,
bench_detect_20260904_0818,onnx,640,2,40,96.50220000185072,10.362458057752278,1,0.811850368976593,
bench_detect_20260904_0818,onnx,640,2,41,94.17180001037195,10.618890154906898,1,0.848019003868103,
bench_detect_20260904_0818,onnx,640,2,42,100.65340000437573,9.93508415966601,2,0.8532116413116455,
bench_detect_20260904_0818,onnx,640,2,43,104.07249999116175,9.608686253188152,1,0.8299169540405273,
bench_detect_20260904_0818,onnx,640,2,44,116.6749000112759,8.570823715326572,1,0.7718535661697388,
bench_detect_20260904_0818,onnx,640,2,45,88.08220000355504,11.353031599569942,1,0.8479881882667542,
bench_detect_20260904_0818,onnx,640,2,46,93.28269999241456,10.720101370150271,1,0.8480563163757324,
bench_detect_20260904_0818,onnx,640,2,47,126.81920001341496,7.8852413506331835,1,0.8432231545448303,
bench_detect_20260904_0818,onnx,640,2,48,86.0839999950258,11.616560569418045,1,0.815872073173523,
bench_detect_20260904_0818,onnx,640,2,49,105.26249998656567,9.50005937658356,1,0.7787197232246399,
bench_detect_20260904_0818,onnx,640,2,50,133.60060000559315,7.484996324553447,2,0.8698760271072388,
bench_detect_20260904_0818,onnx,640,2,51,112.05919999338221,8.923854534559021,1,0.8253887891769409,
bench_detect_20260904_0818,onnx,640,2,52,114.11589999624994,8.76302075375002,1,0.8267799615859985,
bench_detect_20260904_0818,onnx,640,2,53,108.49659999075811,9.21687868638447,1,0.8350735902786255,
bench_detect_20260904_0818,onnx,640,2,54,107.78669999854174,9.277582484791994,1,0.842432975769043,
bench_detect_20260904_0818,onnx,640,2,55,148.62409999477677,6.728383889524942,1,0.853783130645752,
bench_detect_20260904_0818,onnx,640,2,56,161.49250000307802,6.192238029511836,1,0.8273897171020508,
bench_detect_20260904_0818,onnx,640,2,57,185.31339999753982,5.396263842837462,1,0.8261759877204895,
bench_detect_20260904_0818,onnx,640,2,58,131.91229999938514,7.580794209521486,2,0.8604758977890015,
bench_detect_20260904_0818,onnx,640,2,59,89.73510000214446,11.143911356605189,1,0.8189926147460938,
bench_detect_20260904_0818,onnx,640,2,60,93.72859999712091,10.66910206735956,2,0.8329588770866394,
bench_detect_20260904_0818,onnx,640,2,61,87.02760000596754,11.490607576578341,1,0.8284343481063843,
bench_detect_20260904_0818,onnx,640,2,62,103.07189999730326,9.701965327370154,2,0.8373318910598755,
bench_detect_20260904_0818,onnx,640,2,63,172.70290000305977,5.790290724604411,1,0.8421447277069092,
bench_detect_20260904_0818,onnx,640,2,64,170.36659999575932,5.869695116442375,1,0.8202601075172424,
bench_detect_20260904_0818,onnx,640,2,65,179.23349999182392,5.579314135167906,1,0.8330275416374207,
bench_detect_20260904_0818,onnx,640,2,66,119.09629999718163,8.396566476235321,2,0.8189750909805298,
bench_detect_20260904_0818,onnx,640,2,67,110.6187000114005,9.04006284558523,1,0.8267172574996948,
bench_detect_20260904_0818,onnx,640,2,68,85.33189998706803,11.718946843461227,2,0.8485020399093628,
bench_detect_20260904_0818,onnx,640,2,69,109.12150000513066,9.164096900729756,1,0.8594738841056824,
bench_detect_20260904_0818,onnx,640,2,70,116.9711999973515,8.549112944234498,1,0.857597827911377,
bench_detect_20260904_0818,onnx,640,2,71,145.50420000159647,6.872653847717303,1,0.8561351299285889,
bench_detect_20260904_0818,onnx,640,2,72,136.70550000097137,7.314994641714447,1,0.8265813589096069,
bench_detect_20260904_0818,onnx,640,2,73,90.73379999608733,11.021251176993827,1,0.8261643648147583,
bench_detect_20260904_0818,onnx,640,2,74,102.33019999577664,9.772286187667687,1,0.8381205797195435,
bench_detect_20260904_0818,onnx,640,2,75,105.85690000152681,9.446715329709983,1,0.8184213638305664,
bench_detect_20260904_0818,onnx,640,2,76,140.89330000570044,7.097569578961815,2,0.8448441028594971,
bench_detect_20260904_0818,onnx,640,2,77,129.16620000032708,7.741963454816103,1,0.8476138114929199,
bench_detect_20260904_0818,onnx,640,2,78,86.48539999558125,11.562645256321789,1,0.8524564504623413,
bench_detect_20260904_0818,onnx,640,2,79,83.88279999780934,11.92139508965027,4,0.8396109342575073,
bench_detect_20260904_0818,onnx,640,2,80,93.81389999180101,10.659401219727528,1,0.8314977288246155,
bench_detect_20260904_0818,onnx,640,2,81,119.7622999898158,8.34987304089047,1,0.827151358127594,
bench_detect_20260904_0818,onnx,640,2,82,97.25279999838676,10.282480298938314,2,0.8298345804214478,
bench_detect_20260904_0818,onnx,640,2,83,97.94809999584686,10.209488494849838,1,0.8219830989837646,
bench_detect_20260904_0818,onnx,640,2,84,98.0654000013601,10.197276511247908,1,0.8257669806480408,
bench_detect_20260904_0818,onnx,640,2,85,100.52700000233017,9.947576272810494,1,0.8114612102508545,
bench_detect_20260904_0818,onnx,640,2,86,87.97599999525119,11.366736383263373,1,0.8388513326644897,
bench_detect_20260904_0818,onnx,640,2,87,127.02639999042731,7.872379285529306,1,0.8571672439575195,
bench_detect_20260904_0818,onnx,640,2,88,86.09389999764971,11.61522477233926,1,0.8460313081741333,
bench_detect_20260904_0818,onnx,640,2,89,88.63689999270719,11.281983012518234,1,0.7928652763366699,
bench_detect_20260904_0818,onnx,640,2,90,97.52559999469668,10.253717998703712,1,0.8154222965240479,
bench_detect_20260904_0818,onnx,640,2,91,92.9316999972798,10.760590842836955,6,0.8506507873535156,
bench_detect_20260904_0818,onnx,640,2,92,107.08939998585265,9.337992370226258,1,0.8413549065589905,
bench_detect_20260904_0818,onnx,640,2,93,112.69290000200272,8.873673496575458,1,0.8516277074813843,
bench_detect_20260904_0818,onnx,640,2,94,101.56569999526255,9.84584362680161,1,0.8222675323486328,
bench_detect_20260904_0818,onnx,640,2,95,91.6338000097312,10.913003715810142,1,0.8292025923728943,
bench_detect_20260904_0818,onnx,640,2,96,90.59339998930227,11.038331712002034,1,0.807289183139801,
bench_detect_20260904_0818,onnx,640,2,97,96.56390000600368,10.355836911494118,1,0.8510770797729492,
bench_detect_20260904_0818,onnx,640,2,98,89.67159999883734,11.151802800585312,1,0.8391404151916504,
bench_detect_20260904_0818,onnx,640,2,99,100.66430000006221,9.934008382310134,1,0.849768877029419,
bench_detect_20260904_0818,onnx,640,4,0,77.24539999617264,12.945754699303105,1,0.8214688301086426,
bench_detect_20260904_0818,onnx,640,4,1,90.61559999827296,11.03562741977164,1,0.812147855758667,
bench_detect_20260904_0818,onnx,640,4,2,86.18309999292251,11.603202949094678,1,0.8395455479621887,
bench_detect_20260904_0818,onnx,640,4,3,87.64589999918826,11.40954682431536,1,0.8316104412078857,
bench_detect_20260904_0818,onnx,640,4,4,86.05650000390597,11.620272727273496,1,0.7443010807037354,
bench_detect_20260904_0818,onnx,640,4,5,83.36009999038652,11.996146839019204,1,0.8330690860748291,
bench_detect_20260904_0818,onnx,640,4,6,96.5001000004122,10.362683561941681,1,0.8096311092376709,
bench_detect_20260904_0818,onnx,640,4,7,99.43850000854582,10.056467061691993,2,0.8250116109848022,
bench_detect_20260904_0818,onnx,640,4,8,102.40659999544732,9.76499561595109,1,0.8489115238189697,
bench_detect_20260904_0818,onnx,640,4,9,90.74970000074245,11.019320173971028,1,0.8309528827667236,
bench_detect_20260904_0818,onnx,640,4,10,85.47949999046978,11.698711388245034,1,0.8210679292678833,
bench_detect_20260904_0818,onnx,640,4,11,90.01969998644199,11.10867954626167,1,0.8629555702209473,
bench_detect_20260904_0818,onnx,640,4,12,77.36289998865686,12.92609248291652,1,0.842363715171814,
bench_detect_20260904_0818,onnx,640,4,13,89.51190000516362,11.17169895781805,2,0.825884997844696,
bench_detect_20260904_0818,onnx,640,4,14,86.07380000466947,11.617937164918366,1,0.8677326440811157,
bench_detect_20260904_0818,onnx,640,4,15,90.6539999996312,11.03095285375238,1,0.861142635345459,
bench_detect_20260904_0818,onnx,640,4,16,80.79280001402367,12.377340552950564,2,0.8343461751937866,
bench_detect_20260904_0818,onnx,640,4,17,91.96089999750257,10.874186747053994,3,0.839414656162262,
bench_detect_20260904_0818,onnx,640,4,18,89.28219998779241,11.200440850883272,2,0.8466666340827942,
bench_detect_20260904_0818,onnx,640,4,19,91.51900000870228,10.926692816845822,1,0.8641484975814819,
bench_detect_20260904_0818,onnx,640,4,20,85.16930000041611,11.741319935647168,2,0.8630983829498291,
bench_detect_20260904_0818,onnx,640,4,21,90.0413000053959,11.106014683707066,1,0.8406504392623901,
bench_detect_20260904_0818,onnx,640,4,22,101.70720001042355,9.832145609135972,1,0.8391133546829224,
bench_detect_20260904_0818,onnx,640,4,23,80.77630000479985,12.379868846933798,1,0.8192139863967896,
bench_detect_20260904_0818,onnx,640,4,24,83.51950001087971,11.973251754018337,1,0.8192445635795593,
bench_detect_20260904_0818,onnx,640,4,25,86.40420000301674,11.573511472417842,2,0.8416056632995605,
bench_detect_20260904_0818,onnx,640,4,26,85.36750001076143,11.714059798798605,3,0.8323211669921875,
bench_detect_20260904_0818,onnx,640,4,27,87.51139999367297,11.427082643773263,1,0.8368035554885864,
bench_detect_20260904_0818,onnx,640,4,28,82.86700000462588,12.067529896631676,1,0.8446122407913208,
bench_detect_20260904_0818,onnx,640,4,29,80.41080000111833,12.43614041877574,1,0.8436522483825684,
bench_detect_20260904_0818,onnx,640,4,30,95.8929999906104,10.428289865766192,1,0.8377926349639893,
bench_detect_20260904_0818,onnx,640,4,31,94.38609999779146,10.594780375748114,1,0.8432223796844482,
bench_detect_20260904_0818,onnx,640,4,32,90.18929999729153,11.087789793578962,1,0.8313404321670532,
bench_detect_20260904_0818,onnx,640,4,33,100.32050000154413,9.968052391929945,1,0.8367631435394287,
bench_detect_20260904_0818,onnx,640,4,34,99.28469998703804,10.072045341634244,1,0.7940600514411926,
bench_detect_20260904_0818,onnx,640,4,35,84.43699999770615,11.843149330591642,1,0.8441817760467529,
bench_detect_20260904_0818,onnx,640,4,36,83.50790000986308,11.974914946752229,1,0.8246177434921265,
bench_detect_20260904_0818,onnx,640,4,37,88.33939999749418,11.319977269806744,1,0.8456279039382935,
bench_detect_20260904_0818,onnx,640,4,38,90.79370000108611,11.013980044739201,1,0.8481340408325195,
bench_detect_20260904_0818,onnx,640,4,39,89.51059999526478,11.171861210324824,2,0.8228013515472412,
bench_detect_20260904_0818,onnx,640,4,40,88.60069999354891,11.286592544673018,1,0.811850368976593,
bench_detect_20260904_0818,onnx,640,4,41,88.95449999545235,11.241702219124646,1,0.848019003868103,
bench_detect_20260904_0818,onnx,640,4,42,98.08919999341015,10.194802282689453,2,0.8532116413116455,
bench_detect_20260904_0818,onnx,640,4,43,101.19329999724869,9.882077173362156,1,0.8299169540405273,
bench_detect_20260904_0818,onnx,640,4,44,101.91990000021178,9.81162658124588,1,0.7718535661697388,
bench_detect_20260904_0818,onnx,640,4,45,100.47320000012405,9.952902863636924,1,0.8479881882667542,
bench_detect_20260904_0818,onnx,640,4,46,95.71850000065751,10.447301200845509,1,0.8480563163757324,
bench_detect_20260904_0818,onnx,640,4,47,79.61369999975432,12.560652249588776,1,0.8432231545448303,
bench_detect_20260904_0818,onnx,640,4,48,97.11510001216084,10.297059879202916,1,0.815872073173523,
bench_detect_20260904_0818,onnx,640,4,49,86.876300003496,11.510619121207498,1,0.7787197232246399,
bench_detect_20260904_0818,onnx,640,4,50,92.90850000979844,10.763277847500891,2,0.8698760271072388,
bench_detect_20260904_0818,onnx,640,4,51,85.2288000023691,11.733123075441672,1,0.8253887891769409,
bench_detect_20260904_0818,onnx,640,4,52,90.63310000055935,11.033496592236483,1,0.8267799615859985,
bench_detect_20260904_0818,onnx,640,4,53,84.8287000117125,11.788463101072251,1,0.8350735902786255,
bench_detect_20260904_0818,onnx,640,4,54,81.83549999375828,12.21963573359082,1,0.842432975769043,
bench_detect_20260904_0818,onnx,640,4,55,79.34430000022985,12.603299795916065,1,0.853783130645752,
bench_detect_20260904_0818,onnx,640,4,56,97.82049999921583,10.22280605811682,1,0.8273897171020508,
bench_detect_20260904_0818,onnx,640,4,57,95.43990000383928,10.477798069358547,1,0.8261759877204895,
bench_detect_20260904_0818,onnx,640,4,58,100.62440000183415,9.937947455903064,2,0.8604758977890015,
bench_detect_20260904_0818,onnx,640,4,59,89.61160000762902,11.15926955790172,1,0.8189926147460938,
bench_detect_20260904_0818,onnx,640,4,60,88.28290000383276,11.327221919041914,2,0.8329588770866394,
bench_detect_20260904_0818,onnx,640,4,61,87.25169999524951,11.461094741471465,1,0.8284343481063843,
bench_detect_20260904_0818,onnx,640,4,62,77.93909999600146,12.830530504602997,2,0.8373318910598755,
bench_detect_20260904_0818,onnx,640,4,63,88.21090000856202,11.33646748761136,1,0.8421447277069092,
bench_detect_20260904_0818,onnx,640,4,64,85.57609999843407,11.685505649571535,1,0.8202601075172424,
bench_detect_20260904_0818,onnx,640,4,65,87.74510001239832,11.396647788408705,1,0.8330275416374207,
bench_detect_20260904_0818,onnx,640,4,66,92.69800000765827,10.787719259502738,2,0.8189750909805298,
bench_detect_20260904_0818,onnx,640,4,67,85.0291999959154,11.760665748331602,1,0.8267172574996948,
bench_detect_20260904_0818,onnx,640,4,68,90.64850000140723,11.031622144707038,2,0.8485020399093628,
bench_detect_20260904_0818,onnx,640,4,69,101.48990000016056,9.853197214682623,1,0.8594738841056824,
bench_detect_20260904_0818,onnx,640,4,70,95.56030000385363,10.464596699253491,1,0.857597827911377,
bench_detect_20260904_0818,onnx,640,4,71,84.05560000392143,11.896887297852222,1,0.8561351299285889,
bench_detect_20260904_0818,onnx,640,4,72,93.15800000331365,10.734451147131,1,0.8265813589096069,
bench_detect_20260904_0818,onnx,640,4,73,83.33649999985937,11.99954401734759,1,0.8261643648147583,
bench_detect_20260904_0818,onnx,640,4,74,83.98979999765288,11.906207658881737,1,0.8381205797195435,
bench_detect_20260904_0818,onnx,640,4,75,86.78320000763051,11.52296757796525,1,0.8184213638305664,
bench_detect_20260904_0818,onnx,640,4,76,80.35370000288822,12.444977642150345,2,0.8448441028594971,
bench_detect_20260904_0818,onnx,640,4,77,93.10009999899194,10.74112702361037,1,0.8476138114929199,
bench_detect_20260904_0818,onnx,640,4,78,88.20929999637883,11.336673117699064,1,0.8524564504623413,
bench_detect_20260904_0818,onnx,640,4,79,95.46570001111832,10.474966400325311,4,0.8396109342575073,
bench_detect_20260904_0818,onnx,640,4,80,80.77819999016356,12.379577659836082,1,0.8314977288246155,
bench_detect_20260904_0818,onnx,640,4,81,91.0126999951899,10.987477572392104,1,0.827151358127594,
bench_detect_20260904_0818,onnx,640,4,82,89.53859999019187,11.168367610276917,2,0.8298345804214478,
bench_detect_20260904_0818,onnx,640,4,83,92.44569999282248,10.817160777382187,1,0.8219830989837646,
bench_detect_20260904_0818,onnx,640,4,84,98.63769999356009,10.138111493529234,1,0.8257669806480408,
bench_detect_20260904_0818,onnx,640,4,85,99.92889998829924,10.007115059978554,1,0.8114612102508545,
bench_detect_20260904_0818,onnx,640,4,86,93.86399999493733,10.653711753749427,1,0.8388513326644897,
bench_detect_20260904_0818,onnx,640,4,87,89.41250000498258,11.184118551033405,1,0.8571672439575195,
bench_detect_20260904_0818,onnx,640,4,88,81.67990000220016,12.242914107057718,1,0.8460313081741333,
bench_detect_20260904_0818,onnx,640,4,89,115.67279999144375,8.64507472866542,1,0.7928652763366699,
bench_detect_20260904_0818,onnx,640,4,90,88.94230000441894,11.243244215073332,1,0.8154222965240479,
bench_detect_20260904_0818,onnx,640,4,91,80.1733999978751,12.472964849021045,6,0.8506507873535156,
bench_detect_20260904_0818,onnx,640,4,92,87.39110000897199,11.44281282530298,1,0.8413549065589905,
bench_detect_20260904_0818,onnx,640,4,93,86.10140001110267,11.614213007814637,1,0.8516277074813843,
bench_detect_20260904_0818,onnx,640,4,94,91.10259999579284,10.976635134959709,1,0.8222675323486328,
bench_detect_20260904_0818,onnx,640,4,95,85.92519999365322,11.638029356624878,1,0.8292025923728943,
bench_detect_20260904_0818,onnx,640,4,96,70.78609999734908,14.127067320242952,1,0.807289183139801,
bench_detect_20260904_0818,onnx,640,4,97,84.26859999599401,11.866816347340983,1,0.8510770797729492,
bench_detect_20260904_0818,onnx,640,4,98,89.35249999922235,11.191628661858406,1,0.8391404151916504,
bench_detect_20260904_0818,onnx,640,4,99,80.86099999491125,12.366901226338186,1,0.849768877029419,
bench_detect_20260904_0818,ncnn,320,1,0,50.699100000201724,19.724216011645595,3,0.8670164942741394,
bench_detect_20260904_0818,ncnn,320,1,1,47.84339999605436,20.90152455892495,1,0.8328514695167542,
bench_detect_20260904_0818,ncnn,320,1,2,46.41750000882894,21.543598854091513,2,0.8697808384895325,
bench_detect_20260904_0818,ncnn,320,1,3,41.95949999848381,23.83250515464042,1,0.8827570676803589,
bench_detect_20260904_0818,ncnn,320,1,4,36.38029999274295,27.487403902647245,1,0.8138216137886047,
bench_detect_20260904_0818,ncnn,320,1,5,30.13440000358969,33.184666025568035,1,0.8523721098899841,
bench_detect_20260904_0818,ncnn,320,1,6,30.729599995538592,32.54191398993748,1,0.8551892638206482,
bench_detect_20260904_0818,ncnn,320,1,7,38.47430000314489,25.991376059298283,2,0.8453751802444458,
bench_detect_20260904_0818,ncnn,320,1,8,34.384500002488494,29.082871640641205,1,0.8628572225570679,
bench_detect_20260904_0818,ncnn,320,1,9,30.011900002136827,33.320116351473935,1,0.8440912961959839,
bench_detect_20260904_0818,ncnn,320,1,10,26.93350000481587,37.12848310918351,1,0.8319580554962158,
bench_detect_20260904_0818,ncnn,320,1,11,36.04279999854043,27.74479230360836,2,0.8591515421867371,
bench_detect_20260904_0818,ncnn,320,1,12,34.56620000360999,28.92999519459943,1,0.8425639271736145,
bench_detect_20260904_0818,ncnn,320,1,13,81.37410000199452,12.28892239638275,2,0.8373714685440063,
bench_detect_20260904_0818,ncnn,320,1,14,59.50479999592062,16.805366963145083,1,0.870506763458252,
bench_detect_20260904_0818,ncnn,320,1,15,46.543199990992434,21.48541570398106,1,0.8714591264724731,
bench_detect_20260904_0818,ncnn,320,1,16,23.942300002090633,41.76708168858799,2,0.8616291880607605,
bench_detect_20260904_0818,ncnn,320,1,17,42.22819999267813,23.680857819499487,3,0.860371470451355,
bench_detect_20260904_0818,ncnn,320,1,18,30.709600003319792,32.56310729843102,2,0.8776816129684448,
bench_detect_20260904_0818,ncnn,320,1,19,33.01810000266414,30.28641865883599,1,0.8844538927078247,
bench_detect_20260904_0818,ncnn,320,1,20,45.605999999679625,21.926939437947308,2,0.871953547000885,
bench_detect_20260904_0818,ncnn,320,1,21,58.89739999838639,16.97867817641181,1,0.8574782609939575,
bench_detect_20260904_0818,ncnn,320,1,22,46.16169999644626,21.66298035117824,1,0.8467497825622559,
bench_detect_20260904_0818,ncnn,320,1,23,57.95380000199657,17.255123908450333,1,0.8392353653907776,
bench_detect_20260904_0818,ncnn,320,1,24,31.982000000425614,31.267588017844165,1,0.8665619492530823,
bench_detect_20260904_0818,ncnn,320,1,25,25.682199993752874,38.93747421339477,3,0.8383881449699402,
bench_detect_20260904_0818,ncnn,320,1,26,35.649800003739074,28.05064824753902,3,0.8507546782493591,
bench_detect_20260904_0818,ncnn,320,1,27,27.675799996359274,36.132650190113715,1,0.8478229641914368,
bench_detect_20260904_0818,ncnn,320,1,28,30.977700007497333,32.281286207755144,1,0.8780727386474609,
bench_detect_20260904_0818,ncnn,320,1,29,32.8668000001926,30.42584005726569,1,0.8478466868400574,
bench_detect_20260904_0818,ncnn,320,1,30,51.019199992879294,19.60046414172643,1,0.8513928651809692,
bench_detect_20260904_0818,ncnn,320,1,31,55.01219999860041,18.177786018836574,1,0.8696878552436829,
bench_detect_20260904_0818,ncnn,320,1,32,54.763899999670684,18.260204258754644,2,0.8461757302284241,
bench_detect_20260904_0818,ncnn,320,1,33,38.26720001234207,26.13203996314014,1,0.8386850953102112,
bench_detect_20260904_0818,ncnn,320,1,34,26.959599999827333,37.09253846519995,2,0.8442752361297607,
bench_detect_20260904_0818,ncnn,320,1,35,27.068499999586493,36.94331049061737,1,0.850351095199585,
bench_detect_20260904_0818,ncnn,320,1,36,27.907700001378544,35.83240467507546,1,0.8418047428131104,
bench_detect_20260904_0818,ncnn,320,1,37,26.85850000125356,37.23216113905569,1,0.8386184573173523,
bench_detect_20260904_0818,ncnn,320,1,38,43.94480001064949,22.755820933481598,1,0.8658448457717896,
bench_detect_20260904_0818,ncnn,320,1,39,35.680600005434826,28.026434528782623,2,0.8564574718475342,
bench_detect_20260904_0818,ncnn,320,1,40,25.41320001182612,39.34962930818026,1,0.8289921283721924,
bench_detect_20260904_0818,ncnn,320,1,41,32.46089999447577,30.80629311479907,1,0.8585211038589478,
bench_detect_20260904_0818,ncnn,320,1,42,34.345000007306226,29.11631969099635,2,0.8730190396308899,
bench_detect_20260904_0818,ncnn,320,1,43,29.492599991499446,33.90681053173429,1,0.8458724021911621,
bench_detect_20260904_0818,ncnn,320,1,44,24.83850000135135,40.260080115369064,1,0.8432603478431702,
bench_detect_20260904_0818,ncnn,320,1,45,23.597100007464178,42.37808881954488,1,0.8354376554489136,
bench_detect_20260904_0818,ncnn,320,1,46,25.68740000424441,38.929591933584824,1,0.8780819177627563,
bench_detect_20260904_0818,ncnn,320,1,47,23.39620000566356,42.74198373060276,1,0.8653020858764648,
bench_detect_20260904_0818,ncnn,320,1,48,27.12460000475403,36.86690309994373,1,0.8466676473617554,
bench_detect_20260904_0818,ncnn,320,1,49,24.53819999936968,40.75278545393253,1,0.8357387185096741,
bench_detect_20260904_0818,ncnn,320,1,50,28.89570000115782,34.60722529511073,2,0.8686113357543945,
bench_detect_20260904_0818,ncnn,320,1,51,31.319199988502078,31.929295779174453,1,0.8685365915298462,
bench_detect_20260904_0818,ncnn,320,1,52,30.6743999972241,32.60047466586129,1,0.845445990562439,
bench_detect_20260904_0818,ncnn,320,1,53,24.96800001244992,40.051265600022624,1,0.8381633758544922,
bench_detect_20260904_0818,ncnn,320,1,54,27.63920000870712,36.180497253356535,1,0.850558340549469,
bench_detect_20260904_0818,ncnn,320,1,55,24.329899999429472,41.101689691427,1,0.8439571857452393,
bench_detect_20260904_0818,ncnn,320,1,56,38.265299997874536,26.133337516118925,1,0.8371194005012512,
bench_detect_20260904_0818,ncnn,320,1,57,30.356599992956035,32.94176555451008,1,0.8488039374351501,
bench_detect_20260904_0818,ncnn,320,1,58,42.20399999758229,23.6944365476563,3,0.8435398936271667,
bench_detect_20260904_0818,ncnn,320,1,59,41.35909999604337,24.17847583955321,1,0.8659918904304504,
bench_detect_20260904_0818,ncnn,320,1,60,25.12649999698624,39.798618992694706,2,0.8362575173377991,
bench_detect_20260904_0818,ncnn,320,1,61,38.526799995452166,25.955957933647316,1,0.8402529358863831,
bench_detect_20260904_0818,ncnn,320,1,62,26.979699992807582,37.06490436389531,2,0.8753019571304321,
bench_detect_20260904_0818,ncnn,320,1,63,54.87379999249242,18.223633138889877,1,0.8739727139472961,
bench_detect_20260904_0818,ncnn,320,1,64,52.680699998745695,18.982283834949225,1,0.8813585042953491,
bench_detect_20260904_0818,ncnn,320,1,65,53.86279999220278,18.565689123936384,1,0.8344634175300598,
bench_detect_20260904_0818,ncnn,320,1,66,53.555700011202134,18.67214880565154,2,0.8658980131149292,
bench_detect_20260904_0818,ncnn,320,1,67,33.67679999792017,29.694032689025043,1,0.8395223617553711,
bench_detect_20260904_0818,ncnn,320,1,68,35.734699995373376,27.984004346740605,2,0.8659769892692566,
bench_detect_20260904_0818,ncnn,320,1,69,28.14389999548439,35.53167827346058,1,0.8664171099662781,
bench_detect_20260904_0818,ncnn,320,1,70,40.80820000672247,24.50487891735648,1,0.8556603789329529,
bench_detect_20260904_0818,ncnn,320,1,71,32.606499997200444,30.66873169723395,1,0.8706234097480774,
bench_detect_20260904_0818,ncnn,320,1,72,25.83339999546297,38.70957753046934,1,0.8552781939506531,
bench_detect_20260904_0818,ncnn,320,1,73,30.010100002982654,33.322114884675884,1,0.8395993113517761,
bench_detect_20260904_0818,ncnn,320,1,74,23.951299997861497,41.751387193567176,1,0.8509736657142639,
bench_detect_20260904_0818,ncnn,320,1,75,26.482500004931353,37.76078541730532,1,0.8412089347839355,
bench_detect_20260904_0818,ncnn,320,1,76,32.46689999650698,30.800599999001662,2,0.8553760647773743,
bench_detect_20260904_0818,ncnn,320,1,77,29.320599991478957,34.105714081247186,1,0.8588331341743469,
bench_detect_20260904_0818,ncnn,320,1,78,27.19690000230912,36.76889645198887,1,0.8597092628479004,
bench_detect_20260904_0818,ncnn,320,1,79,25.88380000088364,38.63420363184159,3,0.8422051072120667,
bench_detect_20260904_0818,ncnn,320,1,80,31.986400004825555,31.263286892214733,1,0.8683741688728333,
bench_detect_20260904_0818,ncnn,320,1,81,25.855400002910756,38.67664007856857,1,0.8618001937866211,
bench_detect_20260904_0818,ncnn,320,1,82,31.926800002111122,31.321648268347474,2,0.852422833442688,
bench_detect_20260904_0818,ncnn,320,1,83,49.35770000156481,20.26026334226061,1,0.8346434235572815,
bench_detect_20260904_0818,ncnn,320,1,84,25.92440000444185,38.57369890252663,1,0.8658378720283508,
bench_detect_20260904_0818,ncnn,320,1,85,23.849400007748045,41.92977599751466,1,0.8456016778945923,
bench_detect_20260904_0818,ncnn,320,1,86,32.12829999392852,31.125207377576032,1,0.8533008098602295,
bench_detect_20260904_0818,ncnn,320,1,87,26.8690999946557,37.21747286656053,1,0.8807278871536255,
bench_detect_20260904_0818,ncnn,320,1,88,24.361499992664903,41.04837552289858,1,0.8535934090614319,
bench_detect_20260904_0818,ncnn,320,1,89,25.251400002161972,39.60176465124239,1,0.8226959705352783,
bench_detect_20260904_0818,ncnn,320,1,90,28.814300007070415,34.70499022202939,1,0.8351837992668152,
bench_detect_20260904_0818,ncnn,320,1,91,36.86819999711588,27.123645854102666,5,0.8622596859931946,
bench_detect_20260904_0818,ncnn,320,1,92,53.0542000051355,18.848649115493266,1,0.8443489074707031,
bench_detect_20260904_0818,ncnn,320,1,93,54.086899996036664,18.488765303119187,1,0.8922712802886963,
bench_detect_20260904_0818,ncnn,320,1,94,55.175000001327135,18.12415043001263,1,0.83056640625,
bench_detect_20260904_0818,ncnn,320,1,95,50.04079999343958,19.983693308881982,1,0.8475977778434753,
bench_detect_20260904_0818,ncnn,320,1,96,25.0707999948645,39.887039911165175,1,0.8309312462806702,
bench_detect_20260904_0818,ncnn,320,1,97,29.837599999154918,33.5147599012093,1,0.8784870505332947,
bench_detect_20260904_0818,ncnn,320,1,98,25.539599999319762,39.154881048514255,1,0.8540768623352051,
bench_detect_20260904_0818,ncnn,320,1,99,40.09779999614693,24.939024088505896,1,0.8631400465965271,
bench_detect_20260904_0818,ncnn,320,2,0,21.258399996440858,47.04022881154851,3,0.8670164942741394,
bench_detect_20260904_0818,ncnn,320,2,1,28.90849999675993,34.5919020396105,1,0.8328514695167542,
bench_detect_20260904_0818,ncnn,320,2,2,30.986700003268197,32.27191020323329,2,0.8697808384895325,
bench_detect_20260904_0818,ncnn,320,2,3,31.51380000053905,31.732130050419016,1,0.8827570676803589,
bench_detect_20260904_0818,ncnn,320,2,4,36.41139999672305,27.46392613549597,1,0.8138216137886047,
bench_detect_20260904_0818,ncnn,320,2,5,28.096199996070936,35.59200177034059,1,0.8523721098899841,
bench_detect_20260904_0818,ncnn,320,2,6,34.05289999500383,29.36607455302538,1,0.8551892638206482,
bench_detect_20260904_0818,ncnn,320,2,7,21.46619999257382,46.58486366222003,2,0.8453751802444458,
bench_detect_20260904_0818,ncnn,320,2,8,18.05850000528153,55.37558488841998,1,0.8628572225570679,
bench_detect_20260904_0818,ncnn,320,2,9,22.806100008892827,43.84791786452169,1,0.8440912961959839,
bench_detect_20260904_0818,ncnn,320,2,10,22.005199993145652,45.44380420589168,1,0.8319580554962158,
bench_detect_20260904_0818,ncnn,320,2,11,22.326800011796877,44.789221897971366,2,0.8591515421867371,
bench_detect_20260904_0818,ncnn,320,2,12,33.00219999800902,30.30101023750928,1,0.8425639271736145,
bench_detect_20260904_0818,ncnn,320,2,13,27.465800012578256,36.408915798631,2,0.8373714685440063,
bench_detect_20260904_0818,ncnn,320,2,14,23.39800000481773,42.73869560620978,1,0.870506763458252,
bench_detect_20260904_0818,ncnn,320,2,15,19.729899999219924,50.68449409472616,1,0.8714591264724731,
bench_detect_20260904_0818,ncnn,320,2,16,29.568700003437698,33.81954566429159,2,0.8616291880607605,
bench_detect_20260904_0818,ncnn,320,2,17,21.758399991085753,45.959261729249036,3,0.860371470451355,
bench_detect_20260904_0818,ncnn,320,2,18,32.565799992880784,30.707060788268986,2,0.8776816129684448,
bench_detect_20260904_0818,ncnn,320,2,19,30.812900004093535,32.45393974170392,1,0.8844538927078247,
bench_detect_20260904_0818,ncnn,320,2,20,34.318300007726066,29.138972494991606,2,0.871953547000885,
bench_detect_20260904_0818,ncnn,320,2,21,31.838499999139458,31.408514849224314,1,0.8574782609939575,
bench_detect_20260904_0818,ncnn,320,2,22,31.54569999605883,31.700041531014854,1,0.8467497825622559,
bench_detect_20260904_0818,ncnn,320,2,23,29.01719999499619,34.46231890645696,1,0.8392353653907776,
bench_detect_20260904_0818,ncnn,320,2,24,21.679800003767014,46.125886762158466,1,0.8665619492530823,
bench_detect_20260904_0818,ncnn,320,2,25,20.68159999907948,48.35215844250489,3,0.8383881449699402,
bench_detect_20260904_0818,ncnn,320,2,26,20.644799995352514,48.43834768198852,3,0.8507546782493591,
bench_detect_20260904_0818,ncnn,320,2,27,20.034699991811067,49.91340027096675,1,0.8478229641914368,
bench_detect_20260904_0818,ncnn,320,2,28,27.529500002856366,36.32466989579336,1,0.8780727386474609,
bench_detect_20260904_0818,ncnn,320,2,29,24.387899989960715,41.003940495559284,1,0.8478466868400574,
bench_detect_20260904_0818,ncnn,320,2,30,22.328000006382354,44.786814748932045,1,0.8513928651809692,
bench_detect_20260904_0818,ncnn,320,2,31,25.60310000262689,39.057770344114566,1,0.8696878552436829,
bench_detect_20260904_0818,ncnn,320,2,32,41.46020000916906,24.119517025456865,2,0.8461757302284241,
bench_detect_20260904_0818,ncnn,320,2,33,48.70670000673272,20.531056299477694,1,0.8386850953102112,
bench_detect_20260904_0818,ncnn,320,2,34,20.79799999773968,48.08154630775458,2,0.8442752361297607,
bench_detect_20260904_0818,ncnn,320,2,35,38.62130000197794,25.892447948380457,1,0.850351095199585,
bench_detect_20260904_0818,ncnn,320,2,36,25.988399997004308,38.47870588859916,1,0.8418047428131104,
bench_detect_20260904_0818,ncnn,320,2,37,29.513100002077408,33.88325861836305,1,0.8386184573173523,
bench_detect_20260904_0818,ncnn,320,2,38,36.49129999394063,27.403792141306276,1,0.8658448457717896,
bench_detect_20260904_0818,ncnn,320,2,39,32.575199991697446,30.69819986538451,2,0.8564574718475342,
bench_detect_20260904_0818,ncnn,320,2,40,32.478299996000715,30.789788878209055,1,0.8289921283721924,
bench_detect_20260904_0818,ncnn,320,2,41,22.446600007242523,44.550176849827785,1,0.8585211038589478,
bench_detect_20260904_0818,ncnn,320,2,42,28.86900000157766,34.63923239271714,2,0.8730190396308899,
bench_detect_20260904_0818,ncnn,320,2,43,35.2742999966722,28.349251440690267,1,0.8458724021911621,
bench_detect_20260904_0818,ncnn,320,2,44,39.482399995904416,25.327740970754867,1,0.8432603478431702,
bench_detect_20260904_0818,ncnn,320,2,45,47.340899996925145,21.123383798469217,1,0.8354376554489136,
bench_detect_20260904_0818,ncnn,320,2,46,37.519500008784235,26.652807200678993,1,0.8780819177627563,
bench_detect_20260904_0818,ncnn,320,2,47,28.344200007268228,35.280586495423144,1,0.8653020858764648,
bench_detect_20260904_0818,ncnn,320,2,48,31.601800001226366,31.643767125960963,1,0.8466676473617554,
bench_detect_20260904_0818,ncnn,320,2,49,27.834599997731857,35.926508736661795,1,0.8357387185096741,
bench_detect_20260904_0818,ncnn,320,2,50,21.15290000801906,47.274841729545365,2,0.8686113357543945,
bench_detect_20260904_0818,ncnn,320,2,51,39.476799996919,25.33133384869204,1,0.8685365915298462,
bench_detect_20260904_0818,ncnn,320,2,52,25.193499997840263,39.692777902463966,1,0.845445990562439,
bench_detect_20260904_0818,ncnn,320,2,53,29.913000005763024,33.4302811422238,1,0.8381633758544922,
bench_detect_20260904_0818,ncnn,320,2,54,29.12819999619387,34.33099196416765,1,0.850558340549469,
bench_detect_20260904_0818,ncnn,320,2,55,50.20830000285059,19.917025669923593,1,0.8439571857452393,
bench_detect_20260904_0818,ncnn,320,2,56,44.11420000542421,22.668437824488297,1,0.8371194005012512,
bench_detect_20260904_0818,ncnn,320,2,57,47.05159999139141,21.25326237966319,1,0.8488039374351501,
bench_detect_20260904_0818,ncnn,320,2,58,46.15009999542963,21.66842542267585,3,0.8435398936271667,
bench_detect_20260904_0818,ncnn,320,2,59,40.00670000095852,24.995813200689913,1,0.8659918904304504,
bench_detect_20260904_0818,ncnn,320,2,60,40.43570000794716,24.73062169823848,2,0.8362575173377991,
bench_detect_20260904_0818,ncnn,320,2,61,42.5078999978723,23.52503887630427,1,0.8402529358863831,
bench_detect_20260904_0818,ncnn,320,2,62,40.08900000189897,24.944498489676253,2,0.8753019571304321,
bench_detect_20260904_0818,ncnn,320,2,63,39.19700000551529,25.512156539002806,1,0.8739727139472961,
bench_detect_20260904_0818,ncnn,320,2,64,47.08980000577867,21.236021386314743,1,0.8813585042953491,
bench_detect_20260904_0818,ncnn,320,2,65,49.84939999121707,20.060421994571435,1,0.8344634175300598,
bench_detect_20260904_0818,ncnn,320,2,66,49.75689999992028,20.097715090803533,2,0.8658980131149292,
bench_detect_20260904_0818,ncnn,320,2,67,37.6140000007581,26.585845695215752,1,0.8395223617553711,
bench_detect_20260904_0818,ncnn,320,2,68,30.9665000095265,32.29296173905224,2,0.8659769892692566,
bench_detect_20260904_0818,ncnn,320,2,69,21.851899989997037,45.762611052483386,1,0.8664171099662781,
bench_detect_20260904_0818,ncnn,320,2,70,18.660000001545995,53.590568055581414,1,0.8556603789329529,
bench_detect_20260904_0818,ncnn,320,2,71,42.70560000441037,23.416132776421037,1,0.8706234097480774,
bench_detect_20260904_0818,ncnn,320,2,72,31.54039999935776,31.705368353615125,1,0.8552781939506531,
bench_detect_20260904_0818,ncnn,320,2,73,21.713199996156618,46.05493433381569,1,0.8395993113517761,
bench_detect_20260904_0818,ncnn,320,2,74,18.370100005995482,54.43628503239657,1,0.8509736657142639,
bench_detect_20260904_0818,ncnn,320,2,75,18.703699999605305,53.465357122981146,1,0.8412089347839355,
bench_detect_20260904_0818,ncnn,320,2,76,22.245600004680455,44.95270973988568,2,0.8553760647773743,
bench_detect_20260904_0818,ncnn,320,2,77,21.903000000747852,45.65584622955103,1,0.8588331341743469,
bench_detect_20260904_0818,ncnn,320,2,78,21.124999999301508,47.33727810807407,1,0.8597092628479004,
bench_detect_20260904_0818,ncnn,320,2,79,27.161199992406182,36.81722458063647,3,0.8422051072120667,
bench_detect_20260904_0818,ncnn,320,2,80,20.725099995615892,48.25067190081284,1,0.8683741688728333,
bench_detect_20260904_0818,ncnn,320,2,81,21.1462000006577,47.28982039179132,1,0.8618001937866211,
bench_detect_20260904_0818,ncnn,320,2,82,24.192699987906963,41.33478282704547,2,0.852422833442688,
bench_detect_20260904_0818,ncnn,320,2,83,23.130500005208887,43.23296079958515,1,0.8346434235572815,
bench_detect_20260904_0818,ncnn,320,2,84,34.018500009551644,29.3957699404507,1,0.8658378720283508,
bench_detect_20260904_0818,ncnn,320,2,85,28.54519999527838,35.03215952823622,1,0.8456016778945923,
bench_detect_20260904_0818,ncnn,320,2,86,20.90920000046026,47.82583742936065,1,0.8533008098602295,
bench_detect_20260904_0818,ncnn,320,2,87,33.82739999506157,29.561834493516766,1,0.8807278871536255,
bench_detect_20260904_0818,ncnn,320,2,88,31.285200006095693,31.963995748953412,1,0.8535934090614319,
bench_detect_20260904_0818,ncnn,320,2,89,40.48799999873154,24.6986761517321,1,0.8226959705352783,
bench_detect_20260904_0818,ncnn,320,2,90,35.53910000482574,28.138022624777026,1,0.8351837992668152,
bench_detect_20260904_0818,ncnn,320,2,91,31.72999998787418,31.515915549390368,5,0.8622596859931946,
bench_detect_20260904_0818,ncnn,320,2,92,36.33679999620654,27.52030999164476,1,0.8443489074707031,
bench_detect_20260904_0818,ncnn,320,2,93,46.99750000145286,21.277727538041095,1,0.8922712802886963,
bench_detect_20260904_0818,ncnn,320,2,94,36.38249999494292,27.48574177527651,1,0.83056640625,
bench_detect_20260904_0818,ncnn,320,2,95,32.00269999797456,31.24736350568201,1,0.8475977778434753,
bench_detect_20260904_0818,ncnn,320,2,96,40.432800000417046,24.732395480641593,1,0.8309312462806702,
bench_detect_20260904_0818,ncnn,320,2,97,46.167599997716025,21.66021192458502,1,0.8784870505332947,
bench_detect_20260904_0818,ncnn,320,2,98,50.57700000179466,19.771833045940177,1,0.8540768623352051,
bench_detect_20260904_0818,ncnn,320,2,99,42.48459999507759,23.537940809513646,1,0.8631400465965271,
bench_detect_20260904_0818,ncnn,320,4,0,28.015200005029328,35.69490847184666,3,0.8670164942741394,
bench_detect_20260904_0818,ncnn,320,4,1,26.110599996172823,38.29862202119352,1,0.8328514695167542,
bench_detect_20260904_0818,ncnn,320,4,2,22.05790000152774,45.335231365213346,2,0.8697808384895325,
bench_detect_20260904_0818,ncnn,320,4,3,23.74569998937659,42.11288782589616,1,0.8827570676803589,
bench_detect_20260904_0818,ncnn,320,4,4,22.810499998740852,43.839459900274015,1,0.8138216137886047,
bench_detect_20260904_0818,ncnn,320,4,5,36.13829999812879,27.671473202994587,1,0.8523721098899841,
bench_detect_20260904_0818,ncnn,320,4,6,25.485899997875094,39.237382242078,1,0.8551892638206482,
bench_detect_20260904_0818,ncnn,320,4,7,19.542699999874458,51.1700020982988,2,0.8453751802444458,
bench_detect_20260904_0818,ncnn,320,4,8,28.29370000108611,35.34355704491152,1,0.8628572225570679,
bench_detect_20260904_0818,ncnn,320,4,9,27.370499999960884,36.53568623157886,1,0.8440912961959839,
bench_detect_20260904_0818,ncnn,320,4,10,22.874900008901022,43.71603808588814,1,0.8319580554962158,
bench_detect_20260904_0818,ncnn,320,4,11,22.151200013468042,45.14428109501945,2,0.8591515421867371,
bench_detect_20260904_0818,ncnn,320,4,12,25.450700006331317,39.29165012165607,1,0.8425639271736145,
bench_detect_20260904_0818,ncnn,320,4,13,24.13769999111537,41.42896797822829,2,0.8373714685440063,
bench_detect_20260904_0818,ncnn,320,4,14,24.988400007714517,40.01856860348306,1,0.870506763458252,
bench_detect_20260904_0818,ncnn,320,4,15,23.027899995213374,43.425583757436065,1,0.8714591264724731,
bench_detect_20260904_0818,ncnn,320,4,16,25.90579999377951,38.60139429163043,2,0.8616291880607605,
bench_detect_20260904_0818,ncnn,320,4,17,23.39689999644179,42.74070497168772,3,0.860371470451355,
bench_detect_20260904_0818,ncnn,320,4,18,23.21880000818055,43.06854788566487,2,0.8776816129684448,
bench_detect_20260904_0818,ncnn,320,4,19,22.86120000644587,43.7422357408204,1,0.8844538927078247,
bench_detect_20260904_0818,ncnn,320,4,20,25.885499999276362,38.63166637800913,2,0.871953547000885,
bench_detect_20260904_0818,ncnn,320,4,21,19.770500002778135,50.58041020001926,1,0.8574782609939575,
bench_detect_20260904_0818,ncnn,320,4,22,31.06159999151714,32.194091749075966,1,0.8467497825622559,
bench_detect_20260904_0818,ncnn,320,4,23,32.26859999995213,30.98987870566072,1,0.8392353653907776,
bench_detect_20260904_0818,ncnn,320,4,24,24.504700006218627,40.80849795125944,1,0.8665619492530823,
bench_detect_20260904_0818,ncnn,320,4,25,22.5922000099672,44.26306422388352,3,0.8383881449699402,
bench_detect_20260904_0818,ncnn,320,4,26,24.283499995362945,41.18022526369572,3,0.8507546782493591,
bench_detect_20260904_0818,ncnn,320,4,27,25.482500001089647,39.24261748090805,1,0.8478229641914368,
bench_detect_20260904_0818,ncnn,320,4,28,27.566300006583333,36.27617778813921,1,0.8780727386474609,
bench_detect_20260904_0818,ncnn,320,4,29,26.530500006629154,37.6924671510198,1,0.8478466868400574,
bench_detect_20260904_0818,ncnn,320,4,30,36.96990000025835,27.04903177971842,1,0.8513928651809692,
bench_detect_20260904_0818,ncnn,320,4,31,27.909600001294166,35.82996531493214,1,0.8696878552436829,
bench_detect_20260904_0818,ncnn,320,4,32,30.138999994960614,33.17960118674159,2,0.8461757302284241,
bench_detect_20260904_0818,ncnn,320,4,33,28.955599991604686,34.53563387703717,1,0.8386850953102112,
bench_detect_20260904_0818,ncnn,320,4,34,23.915699988720007,41.81353673409753,2,0.8442752361297607,
bench_detect_20260904_0818,ncnn,320,4,35,24.16849999281112,41.37617147516181,1,0.850351095199585,
bench_detect_20260904_0818,ncnn,320,4,36,25.323299996671267,39.48932406643089,1,0.8418047428131104,
bench_detect_20260904_0818,ncnn,320,4,37,26.1288999899989,38.27179867437053,1,0.8386184573173523,
bench_detect_20260904_0818,ncnn,320,4,38,48.92819999076892,20.43811135886188,1,0.8658448457717896,
bench_detect_20260904_0818,ncnn,320,4,39,26.79619999253191,37.31872430712935,2,0.8564574718475342,
bench_detect_20260904_0818,ncnn,320,4,40,23.301499997614883,42.91569212721752,1,0.8289921283721924,
bench_detect_20260904_0818,ncnn,320,4,41,30.311800001072697,32.99045256186077,1,0.8585211038589478,
bench_detect_20260904_0818,ncnn,320,4,42,27.641200009384193,36.177879385138844,2,0.8730190396308899,
bench_detect_20260904_0818,ncnn,320,4,43,27.212300003156997,36.74808817644912,1,0.8458724021911621,
bench_detect_20260904_0818,ncnn,320,4,44,27.25980000104755,36.684054907283674,1,0.8432603478431702,
bench_detect_20260904_0818,ncnn,320,4,45,29.31330000865273,34.11420753394599,1,0.8354376554489136,
bench_detect_20260904_0818,ncnn,320,4,46,33.48559999722056,29.863583154639727,1,0.8780819177627563,
bench_detect_20260904_0818,ncnn,320,4,47,29.347300005611032,34.07468488783656,1,0.8653020858764648,
bench_detect_20260904_0818,ncnn,320,4,48,32.04879999975674,31.20241631535628,1,0.8466676473617554,
bench_detect_20260904_0818,ncnn,320,4,49,26.586899999529123,37.612508416464905,1,0.8357387185096741,
bench_detect_20260904_0818,ncnn,320,4,50,27.842499999678694,35.91631498649691,2,0.8686113357543945,
bench_detect_20260904_0818,ncnn,320,4,51,26.3383999990765,37.96737842978552,1,0.8685365915298462,
bench_detect_20260904_0818,ncnn,320,4,52,30.438100002356805,32.85356181636077,1,0.845445990562439,
bench_detect_20260904_0818,ncnn,320,4,53,25.768799998331815,38.80661885942445,1,0.8381633758544922,
bench_detect_20260904_0818,ncnn,320,4,54,25.161400000797585,39.74341650179645,1,0.850558340549469,
bench_detect_20260904_0818,ncnn,320,4,55,22.8110000025481,43.8384989648983,1,0.8439571857452393,
bench_detect_20260904_0818,ncnn,320,4,56,38.68880000663921,25.847273625142016,1,0.8371194005012512,
bench_detect_20260904_0818,ncnn,320,4,57,44.41410000436008,22.515372368275642,1,0.8488039374351501,
bench_detect_20260904_0818,ncnn,320,4,58,40.355400007683784,24.779831195071715,3,0.8435398936271667,
bench_detect_20260904_0818,ncnn,320,4,59,33.65720000874717,29.711324760827104,1,0.8659918904304504,
bench_detect_20260904_0818,ncnn,320,4,60,27.866300006280653,35.885639635495735,2,0.8362575173377991,
bench_detect_20260904_0818,ncnn,320,4,61,28.393300002790056,35.219576445912786,1,0.8402529358863831,
bench_detect_20260904_0818,ncnn,320,4,62,26.32949998951517,37.98021232451114,2,0.8753019571304321,
bench_detect_20260904_0818,ncnn,320,4,63,29.521299991756678,33.87384702839079,1,0.8739727139472961,
bench_detect_20260904_0818,ncnn,320,4,64,30.11829999741167,33.20240518508478,1,0.8813585042953491,
bench_detect_20260904_0818,ncnn,320,4,65,28.229200004716404,35.424312408177514,1,0.8344634175300598,
bench_detect_20260904_0818,ncnn,320,4,66,27.861999988090247,35.891177963802136,2,0.8658980131149292,
bench_detect_20260904_0818,ncnn,320,4,67,26.642299999366514,37.53429696474319,1,0.8395223617553711,
bench_detect_20260904_0818,ncnn,320,4,68,28.053899994120002,35.645667811234674,2,0.8659769892692566,
bench_detect_20260904_0818,ncnn,320,4,69,28.145399992354214,35.52978462809742,1,0.8664171099662781,
bench_detect_20260904_0818,ncnn,320,4,70,29.867300007026643,33.481432863524255,1,0.8556603789329529,
bench_detect_20260904_0818,ncnn,320,4,71,66.3401000056183,15.073839200051111,1,0.8706234097480774,
bench_detect_20260904_0818,ncnn,320,4,72,28.975399996852502,34.512034350125504,1,0.8552781939506531,
bench_detect_20260904_0818,ncnn,320,4,73,28.267999994568527,35.37568983274877,1,0.8395993113517761,
bench_detect_20260904_0818,ncnn,320,4,74,29.7666999977082,33.59458724269039,1,0.8509736657142639,
bench_detect_20260904_0818,ncnn,320,4,75,32.75739999662619,30.52745334193171,1,0.8412089347839355,
bench_detect_20260904_0818,ncnn,320,4,76,22.14349999849219,45.15997922948462,2,0.8553760647773743,
bench_detect_20260904_0818,ncnn,320,4,77,27.844700001878664,35.913477248184776,1,0.8588331341743469,
bench_detect_20260904_0818,ncnn,320,4,78,30.217100007575937,33.09384420574056,1,0.8597092628479004,
bench_detect_20260904_0818,ncnn,320,4,79,29.753399998298846,33.609604282440834,3,0.8422051072120667,
bench_detect_20260904_0818,ncnn,320,4,80,31.43360000103712,31.813091722456416,1,0.8683741688728333,
bench_detect_20260904_0818,ncnn,320,4,81,31.021100003272295,32.236123151484435,1,0.8618001937866211,
bench_detect_20260904_0818,ncnn,320,4,82,27.979100006632507,35.74096378235711,2,0.852422833442688,
bench_detect_20260904_0818,ncnn,320,4,83,31.814400004805066,31.432307378073002,1,0.8346434235572815,
bench_detect_20260904_0818,ncnn,320,4,84,30.65020000212826,32.626214508569696,1,0.8658378720283508,
bench_detect_20260904_0818,ncnn,320,4,85,32.416900008684024,30.848106997649815,1,0.8456016778945923,
bench_detect_20260904_0818,ncnn,320,4,86,31.712600000901148,31.533207620049566,1,0.8533008098602295,
bench_detect_20260904_0818,ncnn,320,4,87,33.03259999665897,30.273124128925463,1,0.8807278871536255,
bench_detect_20260904_0818,ncnn,320,4,88,32.89599998970516,30.39883269433825,1,0.8535934090614319,
bench_detect_20260904_0818,ncnn,320,4,89,33.279199997195974,30.04879925251381,1,0.8226959705352783,
bench_detect_20260904_0818,ncnn,320,4,90,29.325199997401796,34.10036419491085,1,0.8351837992668152,
bench_detect_20260904_0818,ncnn,320,4,91,33.41930000169668,29.922829022428072,5,0.8622596859931946,
bench_detect_20260904_0818,ncnn,320,4,92,30.494799997541122,32.79247609692907,1,0.8443489074707031,
bench_detect_20260904_0818,ncnn,320,4,93,32.02390001388267,31.22667756164897,1,0.8922712802886963,
bench_detect_20260904_0818,ncnn,320,4,94,24.043199999141507,41.59180142558837,1,0.83056640625,
bench_detect_20260904_0818,ncnn,320,4,95,33.718899998348206,29.656957968646285,1,0.8475977778434753,
bench_detect_20260904_0818,ncnn,320,4,96,30.24839999852702,33.05959984821333,1,0.8309312462806702,
bench_detect_20260904_0818,ncnn,320,4,97,31.11890000582207,32.13481195713566,1,0.8784870505332947,
bench_detect_20260904_0818,ncnn,320,4,98,42.01249999459833,23.80243975313473,1,0.8540768623352051,
bench_detect_20260904_0818,ncnn,320,4,99,32.106600003317,31.14624407120928,1,0.8631400465965271,
bench_detect_20260904_0818,ncnn,640,1,0,201.24390001001302,4.969094715170221,1,0.8214687705039978,
bench_detect_20260904_0818,ncnn,640,1,1,154.98479999951087,6.45224563959276,1,0.8121480345726013,
bench_detect_20260904_0818,ncnn,640,1,2,130.36739999370184,7.670629314140735,1,0.8395454287528992,
bench_detect_20260904_0818,ncnn,640,1,3,138.02149999537505,7.245248023195726,1,0.8316106796264648,
bench_detect_20260904_0818,ncnn,640,1,4,137.3979999916628,7.278126319602026,1,0.7443011403083801,
bench_detect_20260904_0818,ncnn,640,1,5,118.91340000147466,8.409481185363457,1,0.8330689668655396,
bench_detect_20260904_0818,ncnn,640,1,6,128.13709999318235,7.804141033730324,1,0.8096312284469604,
bench_detect_20260904_0818,ncnn,640,1,7,196.81799999671057,5.080836102473925,2,0.8250117301940918,
bench_detect_20260904_0818,ncnn,640,1,8,139.76330000150483,7.154954125934584,1,0.848911464214325,
bench_detect_20260904_0818,ncnn,640,1,9,210.38360000238754,4.753222209281767,1,0.830953061580658,
bench_detect_20260904_0818,ncnn,640,1,10,163.39239999069832,6.1202357028657906,1,0.8210681080818176,
bench_detect_20260904_0818,ncnn,640,1,11,157.4086000036914,6.3528930438143085,1,0.8629554510116577,
bench_detect_20260904_0818,ncnn,640,1,12,123.75880000763573,8.080233485928286,1,0.8423637747764587,
bench_detect_20260904_0818,ncnn,640,1,13,117.06210000556894,8.54247446400182,2,0.8258850574493408,
bench_detect_20260904_0818,ncnn,640,1,14,144.46540000790264,6.922072689691077,1,0.8677327632904053,
bench_detect_20260904_0818,ncnn,640,1,15,159.58880000107456,6.266103886947372,1,0.8611426949501038,
bench_detect_20260904_0818,ncnn,640,1,16,149.22340000339318,6.701361850602929,2,0.8343462347984314,
bench_detect_20260904_0818,ncnn,640,1,17,148.7741000019014,6.721600063366,3,0.839414656162262,
bench_detect_20260904_0818,ncnn,640,1,18,189.04969999857713,5.289614318391018,2,0.8466665744781494,
bench_detect_20260904_0818,ncnn,640,1,19,188.8460999907693,5.2953171924063005,1,0.8641485571861267,
bench_detect_20260904_0818,ncnn,640,1,20,111.74489998666104,8.94895427101702,2,0.8630983233451843,
bench_detect_20260904_0818,ncnn,640,1,21,133.11939999402966,7.512053089518504,1,0.8406503796577454,
bench_detect_20260904_0818,ncnn,640,1,22,116.89389999082778,8.554766331506316,1,0.8391132950782776,
bench_detect_20260904_0818,ncnn,640,1,23,124.66929999936838,8.021220942165122,1,0.8192141056060791,
bench_detect_20260904_0818,ncnn,640,1,24,120.09419999958482,8.32679679787581,1,0.8192446231842041,
bench_detect_20260904_0818,ncnn,640,1,25,115.28950001229532,8.673816782043053,2,0.8416053652763367,
bench_detect_20260904_0818,ncnn,640,1,26,130.3397000010591,7.67225948802916,3,0.8323209881782532,
bench_detect_20260904_0818,ncnn,640,1,27,113.85160000645556,8.783363606161867,1,0.8368034958839417,
bench_detect_20260904_0818,ncnn,640,1,28,149.0635999944061,6.708545882680459,1,0.8446123003959656,
bench_detect_20260904_0818,ncnn,640,1,29,150.17189999343827,6.659035412375383,1,0.8436523079872131,
bench_detect_20260904_0818,ncnn,640,1,30,163.9186999964295,6.100585229273915,1,0.8377924561500549,
bench_detect_20260904_0818,ncnn,640,1,31,125.58409999473952,7.962791468361744,1,0.843222439289093,
bench_detect_20260904_0818,ncnn,640,1,32,209.0701999986777,4.783082428802979,1,0.8313406705856323,
bench_detect_20260904_0818,ncnn,640,1,33,139.62289999471977,7.162148902778969,1,0.8367629647254944,
bench_detect_20260904_0818,ncnn,640,1,34,179.4763000070816,5.571766299843172,1,0.794060230255127,
bench_detect_20260904_0818,ncnn,640,1,35,130.06480000331067,7.6884752828939575,1,0.844182014465332,
bench_detect_20260904_0818,ncnn,640,1,36,145.05540000391193,6.893917771920463,1,0.8246176838874817,
bench_detect_20260904_0818,ncnn,640,1,37,198.92260000051465,5.027080884713013,1,0.845628023147583,
bench_detect_20260904_0818,ncnn,640,1,38,180.9489000006579,5.526422100362944,1,0.8481340408325195,
bench_detect_20260904_0818,ncnn,640,1,39,135.7748000009451,7.365136976766228,2,0.8228015303611755,
bench_detect_20260904_0818,ncnn,640,1,40,150.5850000103237,6.640767672287695,1,0.8118503093719482,
bench_detect_20260904_0818,ncnn,640,1,41,184.43600001046434,5.421934979848094,1,0.8480193018913269,
bench_detect_20260904_0818,ncnn,640,1,42,133.07670000358485,7.514463463349045,2,0.8532117605209351,
bench_detect_20260904_0818,ncnn,640,1,43,121.5962000133004,8.223941207789538,1,0.8299168944358826,
bench_detect_20260904_0818,ncnn,640,1,44,112.74670000420883,8.869439193898092,1,0.7718534469604492,
bench_detect_20260904_0818,ncnn,640,1,45,124.68200000876095,8.020403906977219,1,0.8479881286621094,
bench_detect_20260904_0818,ncnn,640,1,46,122.4460000084946,8.16686539315801,1,0.848056435585022,
bench_detect_20260904_0818,ncnn,640,1,47,129.4225000019651,7.726631767929197,1,0.8432230353355408,
bench_detect_20260904_0818,ncnn,640,1,48,112.71640000632033,8.871823443118545,1,0.815872073173523,
bench_detect_20260904_0818,ncnn,640,1,49,136.36609999230132,7.333200847252037,1,0.7787197828292847,
bench_detect_20260904_0818,ncnn,640,1,50,112.38950000551995,8.897628336729726,2,0.8698756694793701,
bench_detect_20260904_0818,ncnn,640,1,51,116.67000000306871,8.571183680240829,1,0.8253887891769409,
bench_detect_20260904_0818,ncnn,640,1,52,121.85239999962505,8.206650012663493,1,0.8267797231674194,
bench_detect_20260904_0818,ncnn,640,1,53,115.01449999923352,8.694555903878765,1,0.8350737690925598,
bench_detect_20260904_0818,ncnn,640,1,54,105.52630000165664,9.476310644685745,1,0.8424330353736877,
bench_detect_20260904_0818,ncnn,640,1,55,111.91490000055637,8.935360707064284,1,0.8537830710411072,
bench_detect_20260904_0818,ncnn,640,1,56,116.02980000316165,8.618475598275197,1,0.8273897767066956,
bench_detect_20260904_0818,ncnn,640,1,57,105.60809999878984,9.468970656715337,1,0.826176106929779,
bench_detect_20260904_0818,ncnn,640,1,58,121.36530000134371,8.23958742728711,2,0.8604757785797119,
bench_detect_20260904_0818,ncnn,640,1,59,205.5809000012232,4.864265114094014,1,0.818992555141449,
bench_detect_20260904_0818,ncnn,640,1,60,177.98770000808872,5.618365763221585,2,0.8329590559005737,
bench_detect_20260904_0818,ncnn,640,1,61,120.07079999602865,8.32841956606498,1,0.8284342288970947,
bench_detect_20260904_0818,ncnn,640,1,62,119.19389999820851,8.389691083310725,2,0.8373320698738098,
bench_detect_20260904_0818,ncnn,640,1,63,149.92899999197107,6.669823716916351,1,0.8421450257301331,
bench_detect_20260904_0818,ncnn,640,1,64,132.4903000058839,7.547722361226368,1,0.8202604651451111,
bench_detect_20260904_0818,ncnn,640,1,65,151.11130000150297,6.617638786709226,1,0.8330275416374207,
bench_detect_20260904_0818,ncnn,640,1,66,163.2516000099713,6.1255142365460475,2,0.8189752101898193,
bench_detect_20260904_0818,ncnn,640,1,67,170.97790000843816,5.848709101881867,1,0.8267175555229187,
bench_detect_20260904_0818,ncnn,640,1,68,155.4955999890808,6.431050139490905,2,0.8485023379325867,
bench_detect_20260904_0818,ncnn,640,1,69,160.09089999715798,6.246451235003067,1,0.8594738841056824,
bench_detect_20260904_0818,ncnn,640,1,70,217.41549999569543,4.599488077068097,1,0.8575980067253113,
bench_detect_20260904_0818,ncnn,640,1,71,143.0187000078149,6.992092642048609,1,0.8561351895332336,
bench_detect_20260904_0818,ncnn,640,1,72,141.12139999633655,7.086097502051139,1,0.8265811800956726,
bench_detect_20260904_0818,ncnn,640,1,73,194.02520000585355,5.1539696903795535,1,0.8261642456054688,
bench_detect_20260904_0818,ncnn,640,1,74,188.04890000319574,5.317765751264728,1,0.8381205797195435,
bench_detect_20260904_0818,ncnn,640,1,75,129.8197000141954,7.702991147650572,1,0.8184217214584351,
bench_detect_20260904_0818,ncnn,640,1,76,124.21629999880679,8.050473247147162,2,0.8448438048362732,
bench_detect_20260904_0818,ncnn,640,1,77,130.89910001144744,7.639471928474279,1,0.8476136922836304,
bench_detect_20260904_0818,ncnn,640,1,78,171.05990000709426,5.8459054398987,1,0.8524566292762756,
bench_detect_20260904_0818,ncnn,640,1,79,208.98769999621436,4.784970598834832,4,0.839610755443573,
bench_detect_20260904_0818,ncnn,640,1,80,172.80469999241177,5.786879639523185,1,0.8314980268478394,
bench_detect_20260904_0818,ncnn,640,1,81,183.04960000386927,5.463000192182131,1,0.8271514773368835,
bench_detect_20260904_0818,ncnn,640,1,82,236.07539999647997,4.235934790388624,2,0.8298346996307373,
bench_detect_20260904_0818,ncnn,640,1,83,142.65829999931157,7.009756880635938,1,0.8219830989837646,
bench_detect_20260904_0818,ncnn,640,1,84,114.59920000925194,8.72606440463168,1,0.8257671594619751,
bench_detect_20260904_0818,ncnn,640,1,85,124.27060000482015,8.046955594977513,1,0.811461329460144,
bench_detect_20260904_0818,ncnn,640,1,86,113.47720000776462,8.812342919384472,1,0.8388513922691345,
bench_detect_20260904_0818,ncnn,640,1,87,111.597700000857,8.960758151756897,1,0.8571673035621643,
bench_detect_20260904_0818,ncnn,640,1,88,106.10380000434816,9.42473313829495,1,0.8460314273834229,
bench_detect_20260904_0818,ncnn,640,1,89,119.27399999694899,8.38405687765632,1,0.7928651571273804,
bench_detect_20260904_0818,ncnn,640,1,90,116.1839999986114,8.607037113646903,1,0.8154221177101135,
bench_detect_20260904_0818,ncnn,640,1,91,127.41129999631085,7.848597416625956,6,0.85065096616745,
bench_detect_20260904_0818,ncnn,640,1,92,143.65440000256058,6.961151207217986,1,0.8413549065589905,
bench_detect_20260904_0818,ncnn,640,1,93,154.78270000312477,6.460670346103355,1,0.8516277074813843,
bench_detect_20260904_0818,ncnn,640,1,94,118.32330000470392,8.451420810273591,1,0.8222675323486328,
bench_detect_20260904_0818,ncnn,640,1,95,110.06479999923613,9.085556872014852,1,0.8292026519775391,
bench_detect_20260904_0818,ncnn,640,1,96,107.41899999266025,9.309340061519174,1,0.8072890043258667,
bench_detect_20260904_0818,ncnn,640,1,97,115.42970000300556,8.663281633530728,1,0.8510768413543701,
bench_detect_20260904_0818,ncnn,640,1,98,117.85830000007991,8.484765179875511,1,0.8391404151916504,
bench_detect_20260904_0818,ncnn,640,1,99,106.44230000616517,9.394761292663533,1,0.8497687578201294,
bench_detect_20260904_0818,ncnn,640,2,0,111.65030000847764,8.956536614089435,1,0.8214687705039978,
bench_detect_20260904_0818,ncnn,640,2,1,164.60300001199357,6.075223415898473,1,0.8121480345726013,
bench_detect_20260904_0818,ncnn,640,2,2,111.77589998987969,8.946472362025634,1,0.8395454287528992,
bench_detect_20260904_0818,ncnn,640,2,3,107.65200000605546,9.289191096716733,1,0.8316106796264648,
bench_detect_20260904_0818,ncnn,640,2,4,110.64600000099745,9.037832366203796,1,0.7443011403083801,
bench_detect_20260904_0818,ncnn,640,2,5,102.03910000564065,9.800164838230842,1,0.8330689668655396,
bench_detect_20260904_0818,ncnn,640,2,6,103.87910000281408,9.626575509153525,1,0.8096312284469604,
bench_detect_20260904_0818,ncnn,640,2,7,95.92930000508204,10.424343760947105,2,0.8250117301940918,
bench_detect_20260904_0818,ncnn,640,2,8,125.63310000405181,7.959685783187304,1,0.848911464214325,
bench_detect_20260904_0818,ncnn,640,2,9,141.90630000666715,7.046903484574098,1,0.830953061580658,
bench_detect_20260904_0818,ncnn,640,2,10,116.32669999380596,8.596478710848386,1,0.8210681080818176,
bench_detect_20260904_0818,ncnn,640,2,11,129.26499999593943,7.736046107077807,1,0.8629554510116577,
bench_detect_20260904_0818,ncnn,640,2,12,140.92669999809004,7.0958874366145865,1,0.8423637747764587,
bench_detect_20260904_0818,ncnn,640,2,13,159.85870000440627,6.255524409822152,2,0.8258850574493408,
bench_detect_20260904_0818,ncnn,640,2,14,178.084500003024,5.615311832208976,1,0.8677327632904053,
bench_detect_20260904_0818,ncnn,640,2,15,155.27299999666866,6.440269718633985,1,0.8611426949501038,
bench_detect_20260904_0818,ncnn,640,2,16,129.50919999275357,7.721459170900237,2,0.8343462347984314,
bench_detect_20260904_0818,ncnn,640,2,17,148.35649999440648,6.740520301016155,3,0.839414656162262,
bench_detect_20260904_0818,ncnn,640,2,18,147.17890000611078,6.79445219361254,2,0.8466665744781494,
bench_detect_20260904_0818,ncnn,640,2,19,105.57870000775438,9.47160743527391,1,0.8641485571861267,
bench_detect_20260904_0818,ncnn,640,2,20,114.15709998982493,8.759858126118587,2,0.8630983233451843,
bench_detect_20260904_0818,ncnn,640,2,21,93.28340001229662,10.720020924067732,1,0.8406503796577454,
bench_detect_20260904_0818,ncnn,640,2,22,132.62619999295566,7.5399883284985485,1,0.8391132950782776,
bench_detect_20260904_0818,ncnn,640,2,23,77.95520000217948,12.827880628515377,1,0.8192141056060791,
bench_detect_20260904_0818,ncnn,640,2,24,104.2969000118319,9.58801268193547,1,0.8192446231842041,
bench_detect_20260904_0818,ncnn,640,2,25,161.6208000050392,6.18732242365352,2,0.8416053652763367,
bench_detect_20260904_0818,ncnn,640,2,26,124.01610000233632,8.06346917844668,3,0.8323209881782532,
bench_detect_20260904_0818,ncnn,640,2,27,147.9546000045957,6.758830073339649,1,0.8368034958839417,
bench_detect_20260904_0818,ncnn,640,2,28,138.96119999117218,7.196253343116836,1,0.8446123003959656,
bench_detect_20260904_0818,ncnn,640,2,29,151.92000000388362,6.582411795513668,1,0.8436523079872131,
bench_detect_20260904_0818,ncnn,640,2,30,149.006499996176,6.71111662931257,1,0.8377924561500549,
bench_detect_20260904_0818,ncnn,640,2,31,160.40710000379477,6.234138014940379,1,0.843222439289093,
bench_detect_20260904_0818,ncnn,640,2,32,113.45679999794811,8.813927415704349,1,0.8313406705856323,
bench_detect_20260904_0818,ncnn,640,2,33,164.97820000222418,6.061406900951267,1,0.8367629647254944,
bench_detect_20260904_0818,ncnn,640,2,34,168.31200000888202,5.941347021883341,1,0.794060230255127,
bench_detect_20260904_0818,ncnn,640,2,35,114.92890000226907,8.701031681154667,1,0.844182014465332,
bench_detect_20260904_0818,ncnn,640,2,36,157.3208999907365,6.356434523695725,1,0.8246176838874817,
bench_detect_20260904_0818,ncnn,640,2,37,122.25919999764301,8.179343558761047,1,0.845628023147583,
bench_detect_20260904_0818,ncnn,640,2,38,130.11959999857936,7.685237274099505,1,0.8481340408325195,
bench_detect_20260904_0818,ncnn,640,2,39,134.16000000142958,7.453786523474539,2,0.8228015303611755,
bench_detect_20260904_0818,ncnn,640,2,40,150.30209999531507,6.653266987162322,1,0.8118503093719482,
bench_detect_20260904_0818,ncnn,640,2,41,119.3974000052549,8.375391758580909,1,0.8480193018913269,
bench_detect_20260904_0818,ncnn,640,2,42,115.88620000111405,8.629155153852544,2,0.8532117605209351,
bench_detect_20260904_0818,ncnn,640,2,43,156.47449999232776,6.390817673480547,1,0.8299168944358826,
bench_detect_20260904_0818,ncnn,640,2,44,139.42360000510234,7.172386884023967,1,0.7718534469604492,
bench_detect_20260904_0818,ncnn,640,2,45,93.19980000145733,10.72963675870939,1,0.8479881286621094,
bench_detect_20260904_0818,ncnn,640,2,46,145.83600001060404,6.85701747118193,1,0.848056435585022,
bench_detect_20260904_0818,ncnn,640,2,47,170.83119999733754,5.853731636935088,1,0.8432230353355408,
bench_detect_20260904_0818,ncnn,640,2,48,156.53029999521095,6.388539471467154,1,0.815872073173523,
bench_detect_20260904_0818,ncnn,640,2,49,156.94739999889862,6.3715614276312795,1,0.7787197828292847,
bench_detect_20260904_0818,ncnn,640,2,50,104.63889999664389,9.55667538584669,2,0.8698756694793701,
bench_detect_20260904_0818,ncnn,640,2,51,100.33269999257755,9.966840322985213,1,0.8253887891769409,
bench_detect_20260904_0818,ncnn,640,2,52,90.34770001017023,11.068350382881162,1,0.8267797231674194,
bench_detect_20260904_0818,ncnn,640,2,53,162.1584999957122,6.166805933863732,1,0.8350737690925598,
bench_detect_20260904_0818,ncnn,640,2,54,112.37409999012016,8.898847688995232,1,0.8424330353736877,
bench_detect_20260904_0818,ncnn,640,2,55,120.95009999757167,8.267872453351234,1,0.8537830710411072,
bench_detect_20260904_0818,ncnn,640,2,56,157.18589999596588,6.3618937832570515,1,0.8273897767066956,
bench_detect_20260904_0818,ncnn,640,2,57,152.49500000209082,6.557592052108523,1,0.826176106929779,
bench_detect_20260904_0818,ncnn,640,2,58,157.11159999773372,6.3649024006784005,2,0.8604757785797119,
bench_detect_20260904_0818,ncnn,640,2,59,163.12339999421965,6.130328328341829,1,0.818992555141449,
bench_detect_20260904_0818,ncnn,640,2,60,116.62010000145528,8.574851161913951,2,0.8329590559005737,
bench_detect_20260904_0818,ncnn,640,2,61,109.66529999859631,9.1186546702813,1,0.8284342288970947,
bench_detect_20260904_0818,ncnn,640,2,62,123.23659998946823,8.114472486951602,2,0.8373320698738098,
bench_detect_20260904_0818,ncnn,640,2,63,125.9907000057865,7.937093769254969,1,0.8421450257301331,
bench_detect_20260904_0818,ncnn,640,2,64,96.4244999922812,10.370808249771066,1,0.8202604651451111,
bench_detect_20260904_0818,ncnn,640,2,65,133.7368999957107,7.477367877018779,1,0.8330275416374207,
bench_detect_20260904_0818,ncnn,640,2,66,93.63980000489391,10.679219732931262,2,0.8189752101898193,
bench_detect_20260904_0818,ncnn,640,2,67,93.29699999943841,10.718458257028836,1,0.8267175555229187,
bench_detect_20260904_0818,ncnn,640,2,68,91.85759999672882,10.88641549567604,2,0.8485023379325867,
bench_detect_20260904_0818,ncnn,640,2,69,92.76349999709055,10.78010208790488,1,0.8594738841056824,
bench_detect_20260904_0818,ncnn,640,2,70,84.1736000002129,11.88020947182336,1,0.8575980067253113,
bench_detect_20260904_0818,ncnn,640,2,71,87.99590000126045,11.364165830290684,1,0.8561351895332336,
bench_detect_20260904_0818,ncnn,640,2,72,81.01379999425262,12.343576033600982,1,0.8265811800956726,
bench_detect_20260904_0818,ncnn,640,2,73,124.41639999451581,8.037525599873323,1,0.8261642456054688,
bench_detect_20260904_0818,ncnn,640,2,74,105.67029999219812,9.463397000612588,1,0.8381205797195435,
bench_detect_20260904_0818,ncnn,640,2,75,107.55729999800678,9.297369867210609,1,0.8184217214584351,
bench_detect_20260904_0818,ncnn,640,2,76,113.23380000249017,8.831285358064541,2,0.8448438048362732,
bench_detect_20260904_0818,ncnn,640,2,77,116.472400011844,8.585725029262818,1,0.8476136922836304,
bench_detect_20260904_0818,ncnn,640,2,78,78.41759998700581,12.752239295332998,1,0.8524566292762756,
bench_detect_20260904_0818,ncnn,640,2,79,83.93639999849256,11.913782340176125,4,0.839610755443573,
bench_detect_20260904_0818,ncnn,640,2,80,98.12249999959022,10.191342454627392,1,0.8314980268478394,
bench_detect_20260904_0818,ncnn,640,2,81,155.13740001188125,6.445898925232823,1,0.8271514773368835,
bench_detect_20260904_0818,ncnn,640,2,82,111.30760000378359,8.984112495157634,2,0.8298346996307373,
bench_detect_20260904_0818,ncnn,640,2,83,162.6371000020299,6.14865857782461,1,0.8219830989837646,
bench_detect_20260904_0818,ncnn,640,2,84,138.90259999607224,7.199289286365245,1,0.8257671594619751,
bench_detect_20260904_0818,ncnn,640,2,85,95.38500000780914,10.48382869338083,1,0.811461329460144,
bench_detect_20260904_0818,ncnn,640,2,86,142.60259999718983,7.012494863485703,1,0.8388513922691345,
bench_detect_20260904_0818,ncnn,640,2,87,146.28809998976067,6.835826017769008,1,0.8571673035621643,
bench_detect_20260904_0818,ncnn,640,2,88,114.89420001453254,8.703659539589585,1,0.8460314273834229,
bench_detect_20260904_0818,ncnn,640,2,89,102.65719999733847,9.741157951180496,1,0.7928651571273804,
bench_detect_20260904_0818,ncnn,640,2,90,133.15700000384822,7.509931884700768,1,0.8154221177101135,
bench_detect_20260904_0818,ncnn,640,2,91,160.13879999809433,6.244582824474144,6,0.85065096616745,
bench_detect_20260904_0818,ncnn,640,2,92,161.8501000048127,6.1785565777856455,1,0.8413549065589905,
bench_detect_20260904_0818,ncnn,640,2,93,120.96980000205804,8.26652602536325,1,0.8516277074813843,
bench_detect_20260904_0818,ncnn,640,2,94,124.7045999916736,8.018950384081814,1,0.8222675323486328,
bench_detect_20260904_0818,ncnn,640,2,95,156.68749999895226,6.382130035942158,1,0.8292026519775391,
bench_detect_20260904_0818,ncnn,640,2,96,145.6913000001805,6.86382783322519,1,0.8072890043258667,
bench_detect_20260904_0818,ncnn,640,2,97,96.1947999894619,10.395572318977218,1,0.8510768413543701,
bench_detect_20260904_0818,ncnn,640,2,98,86.95899999293033,11.499672260275519,1,0.8391404151916504,
bench_detect_20260904_0818,ncnn,640,2,99,88.03759999864269,11.358783065592625,1,0.8497687578201294,
bench_detect_20260904_0818,ncnn,640,4,0,95.88210000947583,10.429475365069935,1,0.8214687705039978,
bench_detect_20260904_0818,ncnn,640,4,1,93.68039999390021,10.674591484078983,1,0.8121480345726013,
bench_detect_20260904_0818,ncnn,640,4,2,95.06409999448806,10.519218086091188,1,0.8395454287528992,
bench_detect_20260904_0818,ncnn,640,4,3,113.76530000416096,8.790026484028303,1,0.8316106796264648,
bench_detect_20260904_0818,ncnn,640,4,4,102.07140000420623,9.797063623686864,1,0.7443011403083801,
bench_detect_20260904_0818,ncnn,640,4,5,100.91439999814611,9.909388551270888,1,0.8330689668655396,
bench_detect_20260904_0818,ncnn,640,4,6,116.71090000891127,8.568180006525926,1,0.8096312284469604,
bench_detect_20260904_0818,ncnn,640,4,7,99.58069999993313,10.042106552782533,2,0.8250117301940918,
bench_detect_20260904_0818,ncnn,640,4,8,96.2256999919191,10.392234092180972,1,0.848911464214325,
bench_detect_20260904_0818,ncnn,640,4,9,95.09600000455976,10.515689408093412,1,0.830953061580658,
bench_detect_20260904_0818,ncnn,640,4,10,105.86939999484457,9.44559995663238,1,0.8210681080818176,
bench_detect_20260904_0818,ncnn,640,4,11,97.49010000086855,10.257451782192149,1,0.8629554510116577,
bench_detect_20260904_0818,ncnn,640,4,12,108.69960000854917,9.19966586741212,1,0.8423637747764587,
bench_detect_20260904_0818,ncnn,640,4,13,104.05449999962002,9.610348423217177,2,0.8258850574493408,
bench_detect_20260904_0818,ncnn,640,4,14,87.20850000099745,11.466772160839396,1,0.8677327632904053,
bench_detect_20260904_0818,ncnn,640,4,15,97.80609999143053,10.22431116349202,1,0.8611426949501038,
bench_detect_20260904_0818,ncnn,640,4,16,108.21520000172313,9.24084601778749,2,0.8343462347984314,
bench_detect_20260904_0818,ncnn,640,4,17,95.66629999608267,10.453001736671617,3,0.839414656162262,
bench_detect_20260904_0818,ncnn,640,4,18,92.6231000048574,10.796442787464006,2,0.8466665744781494,
bench_detect_20260904_0818,ncnn,640,4,19,97.9183000017656,10.212595602476439,1,0.8641485571861267,
bench_detect_20260904_0818,ncnn,640,4,20,110.9230000001844,9.015262839973113,2,0.8630983233451843,
bench_detect_20260904_0818,ncnn,640,4,21,97.3426999989897,10.272984004043229,1,0.8406503796577454,
bench_detect_20260904_0818,ncnn,640,4,22,121.53479999687988,8.228095985887768,1,0.8391132950782776,
bench_detect_20260904_0818,ncnn,640,4,23,102.71999999531545,9.735202492655812,1,0.8192141056060791,
bench_detect_20260904_0818,ncnn,640,4,24,89.72109999740496,11.14565024313036,1,0.8192446231842041,
bench_detect_20260904_0818,ncnn,640,4,25,93.95809999841731,10.64304195185774,2,0.8416053652763367,
bench_detect_20260904_0818,ncnn,640,4,26,116.04470000020228,8.61736899658715,3,0.8323209881782532,
bench_detect_20260904_0818,ncnn,640,4,27,107.16259999026079,9.331613828806717,1,0.8368034958839417,
bench_detect_20260904_0818,ncnn,640,4,28,99.1929000010714,10.081366710613349,1,0.8446123003959656,
bench_detect_20260904_0818,ncnn,640,4,29,110.40570000477601,9.057503371263815,1,0.8436523079872131,
bench_detect_20260904_0818,ncnn,640,4,30,94.79589998954907,10.548979440147164,1,0.8377924561500549,
bench_detect_20260904_0818,ncnn,640,4,31,85.27630000025965,11.726587574706633,1,0.843222439289093,
bench_detect_20260904_0818,ncnn,640,4,32,83.41199999267701,11.988682684599254,1,0.8313406705856323,
bench_detect_20260904_0818,ncnn,640,4,33,103.45750000851694,9.665804798276364,1,0.8367629647254944,
bench_detect_20260904_0818,ncnn,640,4,34,106.88659999868833,9.355709696185224,1,0.794060230255127,
bench_detect_20260904_0818,ncnn,640,4,35,110.97930000687484,9.010689380254272,1,0.844182014465332,
bench_detect_20260904_0818,ncnn,640,4,36,105.04949999449309,9.519321844010891,1,0.8246176838874817,
bench_detect_20260904_0818,ncnn,640,4,37,90.095299994573,11.099358124788266,1,0.845628023147583,
bench_detect_20260904_0818,ncnn,640,4,38,89.43580000777729,11.181204840936633,1,0.8481340408325195,
bench_detect_20260904_0818,ncnn,640,4,39,101.73010001017246,9.829932339592759,2,0.8228015303611755,
bench_detect_20260904_0818,ncnn,640,4,40,100.51980000571348,9.948288794278945,1,0.8118503093719482,
bench_detect_20260904_0818,ncnn,640,4,41,88.13390000432264,11.34637182685611,1,0.8480193018913269,
bench_detect_20260904_0818,ncnn,640,4,42,95.8297000033781,10.435178237694045,2,0.8532117605209351,
bench_detect_20260904_0818,ncnn,640,4,43,106.19279999809805,9.416834286485622,1,0.8299168944358826,
bench_detect_20260904_0818,ncnn,640,4,44,101.25230000994634,9.876318857959442,1,0.7718534469604492,
bench_detect_20260904_0818,ncnn,640,4,45,86.87350001127925,11.510990116320452,1,0.8479881286621094,
bench_detect_20260904_0818,ncnn,640,4,46,89.8769000050379,11.12632945666736,1,0.848056435585022,
bench_detect_20260904_0818,ncnn,640,4,47,91.6741999972146,10.908194454169044,1,0.8432230353355408,
bench_detect_20260904_0818,ncnn,640,4,48,100.52300000097603,9.947972105789626,1,0.815872073173523,
bench_detect_20260904_0818,ncnn,640,4,49,107.6426000072388,9.290002284715824,1,0.7787197828292847,
bench_detect_20260904_0818,ncnn,640,4,50,131.61620000028051,7.5978488970040825,2,0.8698756694793701,
bench_detect_20260904_0818,ncnn,640,4,51,100.64359998796135,9.936051573270596,1,0.8253887891769409,
bench_detect_20260904_0818,ncnn,640,4,52,84.59170001151506,11.821490759304693,1,0.8267797231674194,
bench_detect_20260904_0818,ncnn,640,4,53,89.34459999727551,11.192618244756753,1,0.8350737690925598,
bench_detect_20260904_0818,ncnn,640,4,54,101.59190000558738,9.843304436131245,1,0.8424330353736877,
bench_detect_20260904_0818,ncnn,640,4,55,98.17379999731202,10.18601704352261,1,0.8537830710411072,
bench_detect_20260904_0818,ncnn,640,4,56,95.90190000017174,10.427322086405058,1,0.8273897767066956,
bench_detect_20260904_0818,ncnn,640,4,57,87.89399999659508,11.377340888328428,1,0.826176106929779,
bench_detect_20260904_0818,ncnn,640,4,58,94.47080000245478,10.585281377674535,2,0.8604757785797119,
bench_detect_20260904_0818,ncnn,640,4,59,85.47359998920001,11.699518917260471,1,0.818992555141449,
bench_detect_20260904_0818,ncnn,640,4,60,88.18999999493826,11.339154099755026,2,0.8329590559005737,
bench_detect_20260904_0818,ncnn,640,4,61,92.0814999990398,10.859944722994605,1,0.8284342288970947,
bench_detect_20260904_0818,ncnn,640,4,62,91.74190000339877,10.90014486252141,2,0.8373320698738098,
bench_detect_20260904_0818,ncnn,640,4,63,84.44979999330826,11.841354272943681,1,0.8421450257301331,
bench_detect_20260904_0818,ncnn,640,4,64,100.76449999178294,9.924130026760885,1,0.8202604651451111,
bench_detect_20260904_0818,ncnn,640,4,65,95.63440000056289,10.45648846015779,1,0.8330275416374207,
bench_detect_20260904_0818,ncnn,640,4,66,101.55019999365322,9.84734643617146,2,0.8189752101898193,
bench_detect_20260904_0818,ncnn,640,4,67,110.07949999475386,9.084343588476127,1,0.8267175555229187,
bench_detect_20260904_0818,ncnn,640,4,68,113.53930000041146,8.807523033842697,2,0.8485023379325867,
bench_detect_20260904_0818,ncnn,640,4,69,105.9023999987403,9.442656634900578,1,0.8594738841056824,
bench_detect_20260904_0818,ncnn,640,4,70,111.27560000750236,8.986696094494917,1,0.8575980067253113,
bench_detect_20260904_0818,ncnn,640,4,71,129.52960000257008,7.720243094861393,1,0.8561351895332336,
bench_detect_20260904_0818,ncnn,640,4,72,114.92039999575354,8.701675246839997,1,0.8265811800956726,
bench_detect_20260904_0818,ncnn,640,4,73,120.08990001049824,8.32709495063765,1,0.8261642456054688,
bench_detect_20260904_0818,ncnn,640,4,74,109.71770000469405,9.1142996978356,1,0.8381205797195435,
bench_detect_20260904_0818,ncnn,640,4,75,126.04570000257809,7.9336304211849065,1,0.8184217214584351,
bench_detect_20260904_0818,ncnn,640,4,76,108.67030000372324,9.202146308289738,2,0.8448438048362732,
bench_detect_20260904_0818,ncnn,640,4,77,114.30610000388697,8.748439496807213,1,0.8476136922836304,
bench_detect_20260904_0818,ncnn,640,4,78,129.07059999997728,7.747697771608531,1,0.8524566292762756,
bench_detect_20260904_0818,ncnn,640,4,79,135.82460000179708,7.3624365541055825,4,0.839610755443573,
bench_detect_20260904_0818,ncnn,640,4,80,145.11640000273474,6.891019898379197,1,0.8314980268478394,
bench_detect_20260904_0818,ncnn,640,4,81,123.286799993366,8.11116843047114,1,0.8271514773368835,
bench_detect_20260904_0818,ncnn,640,4,82,122.1135000087088,8.189102760371972,2,0.8298346996307373,
bench_detect_20260904_0818,ncnn,640,4,83,125.34139999479521,7.978209913416675,1,0.8219830989837646,
bench_detect_20260904_0818,ncnn,640,4,84,125.31630000739824,7.979807893633657,1,0.8257671594619751,
bench_detect_20260904_0818,ncnn,640,4,85,152.2411999903852,6.568524158132982,1,0.811461329460144,
bench_detect_20260904_0818,ncnn,640,4,86,127.08619999466464,7.8686749626787345,1,0.8388513922691345,
bench_detect_20260904_0818,ncnn,640,4,87,120.03639999602456,8.330806322358207,1,0.8571673035621643,
bench_detect_20260904_0818,ncnn,640,4,88,114.69360000046436,8.718882309003739,1,0.8460314273834229,
bench_detect_20260904_0818,ncnn,640,4,89,113.73470000398811,8.792391415855803,1,0.7928651571273804,
bench_detect_20260904_0818,ncnn,640,4,90,141.69430000765715,7.057446911738581,1,0.8154221177101135,
bench_detect_20260904_0818,ncnn,640,4,91,128.6781999951927,7.771324125122663,6,0.85065096616745,
bench_detect_20260904_0818,ncnn,640,4,92,124.44739999773446,8.035523442178823,1,0.8413549065589905,
bench_detect_20260904_0818,ncnn,640,4,93,127.44810000003781,7.846331173236034,1,0.8516277074813843,
bench_detect_20260904_0818,ncnn,640,4,94,108.827600008226,9.188845476004364,1,0.8222675323486328,
bench_detect_20260904_0818,ncnn,640,4,95,130.90590000501834,7.639075091051393,1,0.8292026519775391,
bench_detect_20260904_0818,ncnn,640,4,96,116.82179999479558,8.560046156150223,1,0.8072890043258667,
bench_detect_20260904_0818,ncnn,640,4,97,132.65959999989718,7.538089968617236,1,0.8510768413543701,
bench_detect_20260904_0818,ncnn,640,4,98,126.19070000073407,7.9245142470418415,1,0.8391404151916504,
bench_detect_20260904_0818,ncnn,640,4,99,110.1042999944184,9.082297422087,1,0.8497687578201294,
