run_id,backend,imgsz,threads,sample_idx,latency_ms,fps_instant,n_faces,conf_top,cpu_temp_c
bench_detect_20260902_0926,onnx,320,1,0,39.13829999510199,25.550419924348944,3,0.8670165538787842,
bench_detect_20260902_0926,onnx,320,1,1,38.301900000078604,26.10836538129826,1,0.8328515291213989,
bench_detect_20260902_0926,onnx,320,1,2,40.293099998962134,24.81814504284252,2,0.8697807192802429,
bench_detect_20260902_0926,onnx,320,1,3,41.30070000246633,24.212664674939738,1,0.8827570080757141,
bench_detect_20260902_0926,onnx,320,1,4,43.44600000331411,23.01707867061913,1,0.8138214349746704,
bench_detect_20260902_0926,onnx,320,1,5,40.425799998047296,24.73667806322456,1,0.8523721694946289,
bench_detect_20260902_0926,onnx,320,1,6,57.609000003139954,17.358398860342923,1,0.855189323425293,
bench_detect_20260902_0926,onnx,320,1,7,56.32770000374876,17.753254614220843,2,0.8453751802444458,
bench_detect_20260902_0926,onnx,320,1,8,30.94509999937145,32.315293859781086,1,0.8628569841384888,
bench_detect_20260902_0926,onnx,320,1,9,41.51270000147633,24.089013722654432,1,0.8440912365913391,
bench_detect_20260902_0926,onnx,320,1,10,32.21540000231471,31.041054896979364,1,0.831957995891571,
bench_detect_20260902_0926,onnx,320,1,11,40.522499999497086,24.67764822043089,2,0.8591516613960266,
bench_detect_20260902_0926,onnx,320,1,12,33.70319999521598,29.67077310587557,1,0.8425641059875488,
bench_detect_20260902_0926,onnx,320,1,13,32.32930000376655,30.931693537549354,2,0.8373713493347168,
bench_detect_20260902_0926,onnx,320,1,14,33.307999998214655,30.022817342788553,1,0.8705068826675415,
bench_detect_20260902_0926,onnx,320,1,15,35.606299999926705,28.084917556782326,1,0.8714592456817627,
bench_detect_20260902_0926,onnx,320,1,16,32.08140000060666,31.170709507100373,2,0.8616288900375366,
bench_detect_20260902_0926,onnx,320,1,17,45.16139999759616,22.142803368656146,3,0.8603709936141968,
bench_detect_20260902_0926,onnx,320,1,18,35.81299999495968,27.922821325796217,2,0.8776817321777344,
bench_detect_20260902_0926,onnx,320,1,19,35.8806000003824,27.870213987205968,1,0.8844539523124695,
bench_detect_20260902_0926,onnx,320,1,20,47.92200000520097,20.86724260029778,2,0.8719533681869507,
bench_detect_20260902_0926,onnx,320,1,21,42.17359999893233,23.711516209792762,1,0.857478141784668,
bench_detect_20260902_0926,onnx,320,1,22,31.824799996684305,31.422035648430967,1,0.8467496633529663,
bench_detect_20260902_0926,onnx,320,1,23,31.69099999649916,31.554700076061597,1,0.8392353057861328,
bench_detect_20260902_0926,onnx,320,1,24,35.170700000890065,28.432757948368756,1,0.866562008857727,
bench_detect_20260902_0926,onnx,320,1,25,32.2946000014781,30.96492911986,3,0.8383882641792297,
bench_detect_20260902_0926,onnx,320,1,26,36.160199997539166,27.65471430102858,3,0.8507544994354248,
bench_detect_20260902_0926,onnx,320,1,27,37.846300001547206,26.42266218782599,1,0.8478227853775024,
bench_detect_20260902_0926,onnx,320,1,28,30.582800005504396,32.69811789044877,1,0.8780727386474609,
bench_detect_20260902_0926,onnx,320,1,29,39.92709999874933,25.04564569005322,1,0.8478468656539917,
bench_detect_20260902_0926,onnx,320,1,30,30.203700000129174,33.10852643867219,1,0.8513926267623901,
bench_detect_20260902_0926,onnx,320,1,31,30.72740000061458,32.54424389893056,1,0.8696877360343933,
bench_detect_20260902_0926,onnx,320,1,32,33.83220000250731,29.557640352264706,2,0.8461759090423584,
bench_detect_20260902_0926,onnx,320,1,33,31.21649999957299,32.03434081379011,1,0.838685154914856,
bench_detect_20260902_0926,onnx,320,1,34,40.14969999843743,24.90678635304669,2,0.8442750573158264,
bench_detect_20260902_0926,onnx,320,1,35,30.47080000396818,32.81830473337658,1,0.850351095199585,
bench_detect_20260902_0926,onnx,320,1,36,39.60419999930309,25.249847238868526,1,0.8418047428131104,
bench_detect_20260902_0926,onnx,320,1,37,36.58310000173515,27.335026281331263,1,0.8386183977127075,
bench_detect_20260902_0926,onnx,320,1,38,33.29669999948237,30.033006274361902,1,0.8658446669578552,
bench_detect_20260902_0926,onnx,320,1,39,47.49119999905815,21.0565325790848,2,0.856457531452179,
bench_detect_20260902_0926,onnx,320,1,40,38.37819999898784,26.056459136342333,1,0.8289919495582581,
bench_detect_20260902_0926,onnx,320,1,41,37.053100000775885,26.988295175816873,1,0.858521044254303,
bench_detect_20260902_0926,onnx,320,1,42,47.00830000365386,21.272839050173523,2,0.8730190396308899,
bench_detect_20260902_0926,onnx,320,1,43,48.756099997262936,20.510254102689466,1,0.8458724617958069,
bench_detect_20260902_0926,onnx,320,1,44,47.76329999731388,20.936576828992933,1,0.8432605266571045,
bench_detect_20260902_0926,onnx,320,1,45,37.91130000172416,26.377359783350116,1,0.8354377746582031,
bench_detect_20260902_0926,onnx,320,1,46,38.63679999631131,25.882060628609793,1,0.8780818581581116,
bench_detect_20260902_0926,onnx,320,1,47,33.4145000015269,29.927127443304677,1,0.8653022050857544,
bench_detect_20260902_0926,onnx,320,1,48,33.88860000268323,29.50844826640292,1,0.8466675281524658,
bench_detect_20260902_0926,onnx,320,1,49,36.08130000066012,27.715187645170897,1,0.8357389569282532,
bench_detect_20260902_0926,onnx,320,1,50,40.036500002315734,24.9772082959839,2,0.8686115145683289,
bench_detect_20260902_0926,onnx,320,1,51,40.24110000318615,24.85021532514826,1,0.8685365915298462,
bench_detect_20260902_0926,onnx,320,1,52,38.70900000038091,25.83378542432405,1,0.845445990562439,
bench_detect_20260902_0926,onnx,320,1,53,39.56319999997504,25.276014073700583,1,0.8381633758544922,
bench_detect_20260902_0926,onnx,320,1,54,36.78289999515982,27.18654592573146,1,0.8505581617355347,
bench_detect_20260902_0926,onnx,320,1,55,34.29590000450844,29.15800430572001,1,0.8439571261405945,
bench_detect_20260902_0926,onnx,320,1,56,35.99460000259569,27.78194506753476,1,0.837119460105896,
bench_detect_20260902_0926,onnx,320,1,57,33.049199999368284,30.257918497849097,1,0.8488036394119263,
bench_detect_20260902_0926,onnx,320,1,58,35.89809999539284,27.85662751310905,3,0.8435398936271667,
bench_detect_20260902_0926,onnx,320,1,59,38.25210000650259,26.142355578648154,1,0.8659918308258057,
bench_detect_20260902_0926,onnx,320,1,60,45.1621999964118,22.14241113319217,2,0.8362575769424438,
bench_detect_20260902_0926,onnx,320,1,61,44.20459999528248,22.62208005743113,1,0.8402531147003174,
bench_detect_20260902_0926,onnx,320,1,62,37.829599998076446,26.43432656044071,2,0.8753020167350769,
bench_detect_20260902_0926,onnx,320,1,63,40.103500003169756,24.93547944496018,1,0.8739726543426514,
bench_detect_20260902_0926,onnx,320,1,64,36.007700000482146,27.771837689899936,1,0.8813583850860596,
bench_detect_20260902_0926,onnx,320,1,65,42.23980000097072,23.674354518179985,1,0.8344632387161255,
bench_detect_20260902_0926,onnx,320,1,66,47.42570000234991,21.085613917147256,2,0.8658980131149292,
bench_detect_20260902_0926,onnx,320,1,67,41.13199999846984,24.31197121553052,1,0.8395222425460815,
bench_detect_20260902_0926,onnx,320,1,68,34.10089999670163,29.3247392325928,2,0.8659771084785461,
bench_detect_20260902_0926,onnx,320,1,69,45.52720000356203,21.964891315999235,1,0.866417407989502,
bench_detect_20260902_0926,onnx,320,1,70,77.88989999971818,12.838635047722724,1,0.8556604385375977,
bench_detect_20260902_0926,onnx,320,1,71,62.02189999748953,16.123337079974608,1,0.8706233501434326,
bench_detect_20260902_0926,onnx,320,1,72,68.51089999690885,14.596217536846241,1,0.8552780747413635,
bench_detect_20260902_0926,onnx,320,1,73,70.68319999962114,14.147633383963374,1,0.8395992517471313,
bench_detect_20260902_0926,onnx,320,1,74,67.17020000360208,14.887554301555957,1,0.8509736657142639,
bench_detect_20260902_0926,onnx,320,1,75,40.49030000169296,24.697273173036223,1,0.8412090539932251,
bench_detect_20260902_0926,onnx,320,1,76,38.85120000632014,25.739230701685518,2,0.855376124382019,
bench_detect_20260902_0926,onnx,320,1,77,34.367699998256285,29.097088255854683,1,0.858833372592926,
bench_detect_20260902_0926,onnx,320,1,78,46.30590000306256,21.59552022385619,1,0.8597094416618347,
bench_detect_20260902_0926,onnx,320,1,79,35.041099996306,28.537916906302,3,0.8422050476074219,
bench_detect_20260902_0926,onnx,320,1,80,33.160300001327414,30.156542611495365,1,0.8683744668960571,
bench_detect_20260902_0926,onnx,320,1,81,39.954599997145124,25.028407244008275,1,0.861799955368042,
bench_detect_20260902_0926,onnx,320,1,82,49.14160000043921,20.34935777408677,2,0.8524229526519775,
bench_detect_20260902_0926,onnx,320,1,83,70.582899999863,14.167737511521075,1,0.8346436023712158,
bench_detect_20260902_0926,onnx,320,1,84,53.96230000042124,18.531456220216594,1,0.8658377528190613,
bench_detect_20260902_0926,onnx,320,1,85,56.96979999629548,17.55315974542698,1,0.8456016778945923,
bench_detect_20260902_0926,onnx,320,1,86,47.26860000664601,21.155693205624853,1,0.8533008694648743,
bench_detect_20260902_0926,onnx,320,1,87,42.67640000034589,23.432154539555704,1,0.8807278871536255,
bench_detect_20260902_0926,onnx,320,1,88,41.3228999968851,24.199656850690044,1,0.8535933494567871,
bench_detect_20260902_0926,onnx,320,1,89,33.17799999786075,30.140454519997526,1,0.8226962685585022,
bench_detect_20260902_0926,onnx,320,1,90,40.39509999711299,24.755477770112446,1,0.83518385887146,
bench_detect_20260902_0926,onnx,320,1,91,35.97520000039367,27.796926771471934,5,0.8622596263885498,
bench_detect_20260902_0926,onnx,320,1,92,48.9030000026105,20.44864323142995,1,0.8443489670753479,
bench_detect_20260902_0926,onnx,320,1,93,58.968899997125845,16.958091469380303,1,0.8922711610794067,
bench_detect_20260902_0926,onnx,320,1,94,76.4710000003106,13.076852663047932,1,0.83056640625,
bench_detect_20260902_0926,onnx,320,1,95,86.24469999631401,11.594915398195353,1,0.8475976586341858,
bench_detect_20260902_0926,onnx,320,1,96,82.6115000018035,12.104852229752138,1,0.8309311866760254,
bench_detect_20260902_0926,onnx,320,1,97,76.55089999752818,13.063203698876041,1,0.8784871697425842,
bench_detect_20260902_0926,onnx,320,1,98,82.1974999998929,12.165820128365255,1,0.8540769815444946,
bench_detect_20260902_0926,onnx,320,1,99,72.47930000448832,13.79704274100432,1,0.863140344619751,
bench_detect_20260902_0926,onnx,320,2,0,30.7846000068821,32.48377434744786,3,0.8670165538787842,
bench_detect_20260902_0926,onnx,320,2,1,19.14029999898048,52.24578507407227,1,0.8328515291213989,
bench_detect_20260902_0926,onnx,320,2,2,24.680300004547462,40.5181460442436,2,0.8697807192802429,
bench_detect_20260902_0926,onnx,320,2,3,33.94139999727486,29.4625442698383,1,0.8827570080757141,
bench_detect_20260902_0926,onnx,320,2,4,45.622600002388936,21.91896121544228,1,0.8138214349746704,
bench_detect_20260902_0926,onnx,320,2,5,39.6759000068414,25.2042171652708,1,0.8523721694946289,
bench_detect_20260902_0926,onnx,320,2,6,42.46790000615874,23.547196820539252,1,0.855189323425293,
bench_detect_20260902_0926,onnx,320,2,7,33.90610000496963,29.493218030190132,2,0.8453751802444458,
bench_detect_20260902_0926,onnx,320,2,8,27.378300001146272,36.5252773166388,1,0.8628569841384888,
bench_detect_20260902_0926,onnx,320,2,9,34.78080000058981,28.75149507725648,1,0.8440912365913391,
bench_detect_20260902_0926,onnx,320,2,10,44.12979999324307,22.660424478540918,1,0.831957995891571,
bench_detect_20260902_0926,onnx,320,2,11,27.35240000038175,36.55986311936223,2,0.8591516613960266,
bench_detect_20260902_0926,onnx,320,2,12,54.736800004320685,18.269244821053924,1,0.8425641059875488,
bench_detect_20260902_0926,onnx,320,2,13,25.236900000891183,39.62451806539976,2,0.8373713493347168,
bench_detect_20260902_0926,onnx,320,2,14,24.262700004328508,41.21552835511292,1,0.8705068826675415,
bench_detect_20260902_0926,onnx,320,2,15,24.014599999645725,41.641334855244416,1,0.8714592456817627,
bench_detect_20260902_0926,onnx,320,2,16,24.0570999958436,41.567770021023826,2,0.8616288900375366,
bench_detect_20260902_0926,onnx,320,2,17,25.48449999449076,39.23953776672801,3,0.8603709936141968,
bench_detect_20260902_0926,onnx,320,2,18,21.101700003782753,47.38954680526863,2,0.8776817321777344,
bench_detect_20260902_0926,onnx,320,2,19,22.33400000113761,44.77478284002255,1,0.8844539523124695,
bench_detect_20260902_0926,onnx,320,2,20,25.137500000710133,39.78120338027847,2,0.8719533681869507,
bench_detect_20260902_0926,onnx,320,2,21,23.150100001657847,43.19635768002674,1,0.857478141784668,
bench_detect_20260902_0926,onnx,320,2,22,24.65189999929862,40.56482461913489,1,0.8467496633529663,
bench_detect_20260902_0926,onnx,320,2,23,29.155899996112566,34.298375290535795,1,0.8392353057861328,
bench_detect_20260902_0926,onnx,320,2,24,30.167499993694946,33.1482555799785,1,0.866562008857727,
bench_detect_20260902_0926,onnx,320,2,25,26.823300002433825,37.281020601837376,3,0.8383882641792297,
bench_detect_20260902_0926,onnx,320,2,26,31.672999997681472,31.572632844163863,3,0.8507544994354248,
bench_detect_20260902_0926,onnx,320,2,27,27.799799994681962,35.97148181610291,1,0.8478227853775024,
bench_detect_20260902_0926,onnx,320,2,28,24.635699999635108,40.591499328811906,1,0.8780727386474609,
bench_detect_20260902_0926,onnx,320,2,29,27.004700001270976,37.030590969458466,1,0.8478468656539917,
bench_detect_20260902_0926,onnx,320,2,30,32.18460000061896,31.070760549479207,1,0.8513926267623901,
bench_detect_20260902_0926,onnx,320,2,31,28.541300001961645,35.03694645763402,1,0.8696877360343933,
bench_detect_20260902_0926,onnx,320,2,32,26.959599999827333,37.09253846519995,2,0.8461759090423584,
bench_detect_20260902_0926,onnx,320,2,33,39.03510000236565,25.617969466951457,1,0.838685154914856,
bench_detect_20260902_0926,onnx,320,2,34,25.597200001357123,39.06677292621777,2,0.8442750573158264,
bench_detect_20260902_0926,onnx,320,2,35,25.811600004089996,38.74227091081313,1,0.850351095199585,
bench_detect_20260902_0926,onnx,320,2,36,27.188799998839386,36.77985052825749,1,0.8418047428131104,
bench_detect_20260902_0926,onnx,320,2,37,29.323499999009073,34.1023411268707,1,0.8386183977127075,
bench_detect_20260902_0926,onnx,320,2,38,23.145999999542255,43.204009332920435,1,0.8658446669578552,
bench_detect_20260902_0926,onnx,320,2,39,24.617600000055972,40.621344078940524,2,0.856457531452179,
bench_detect_20260902_0926,onnx,320,2,40,22.074900000006892,45.30031846122464,1,0.8289919495582581,
bench_detect_20260902_0926,onnx,320,2,41,25.43860000150744,39.31033940314098,1,0.858521044254303,
bench_detect_20260902_0926,onnx,320,2,42,29.627399999299087,33.75253987942437,2,0.8730190396308899,
bench_detect_20260902_0926,onnx,320,2,43,27.472699999634642,36.39977140991963,1,0.8458724617958069,
bench_detect_20260902_0926,onnx,320,2,44,31.58629999961704,31.65929532778845,1,0.8432605266571045,
bench_detect_20260902_0926,onnx,320,2,45,24.277900003653485,41.18972398146108,1,0.8354377746582031,
bench_detect_20260902_0926,onnx,320,2,46,29.45449999970151,33.95066967730343,1,0.8780818581581116,
bench_detect_20260902_0926,onnx,320,2,47,29.33109999867156,34.09350484793585,1,0.8653022050857544,
bench_detect_20260902_0926,onnx,320,2,48,21.53610000095796,46.433662545935356,1,0.8466675281524658,
bench_detect_20260902_0926,onnx,320,2,49,36.68340000149328,27.26028666806492,1,0.8357389569282532,
bench_detect_20260902_0926,onnx,320,2,50,46.74759999761591,21.391472504492192,2,0.8686115145683289,
bench_detect_20260902_0926,onnx,320,2,51,23.43290000135312,42.67504235251529,1,0.8685365915298462,
bench_detect_20260902_0926,onnx,320,2,52,26.557199998933356,37.6545720196468,1,0.845445990562439,
bench_detect_20260902_0926,onnx,320,2,53,25.279300003603566,39.558057377279034,1,0.8381633758544922,
bench_detect_20260902_0926,onnx,320,2,54,25.37280000251485,39.41228401677718,1,0.8505581617355347,
bench_detect_20260902_0926,onnx,320,2,55,27.217599999858066,36.7409323380906,1,0.8439571261405945,
bench_detect_20260902_0926,onnx,320,2,56,20.713899997645058,48.27676102103848,1,0.837119460105896,
bench_detect_20260902_0926,onnx,320,2,57,21.006499999202788,47.60431295255996,1,0.8488036394119263,
bench_detect_20260902_0926,onnx,320,2,58,22.50310000090394,44.43832182942929,3,0.8435398936271667,
bench_detect_20260902_0926,onnx,320,2,59,34.18059999967227,29.25636179615303,1,0.8659918308258057,
bench_detect_20260902_0926,onnx,320,2,60,21.61389999673702,46.2665229389868,2,0.8362575769424438,
bench_detect_20260902_0926,onnx,320,2,61,42.27770000579767,23.65313155310878,1,0.8402531147003174,
bench_detect_20260902_0926,onnx,320,2,62,56.20179999823449,17.793024423264267,2,0.8753020167350769,
bench_detect_20260902_0926,onnx,320,2,63,41.824400002951734,23.909488239626285,1,0.8739726543426514,
bench_detect_20260902_0926,onnx,320,2,64,24.938499998825137,40.09864266283499,1,0.8813583850860596,
bench_detect_20260902_0926,onnx,320,2,65,20.961999995051883,47.705371636105895,1,0.8344632387161255,
bench_detect_20260902_0926,onnx,320,2,66,27.146399996127002,36.83729703174899,2,0.8658980131149292,
bench_detect_20260902_0926,onnx,320,2,67,28.589900000952184,34.9773871180625,1,0.8395222425460815,
bench_detect_20260902_0926,onnx,320,2,68,35.22499999962747,28.38892831825623,2,0.8659771084785461,
bench_detect_20260902_0926,onnx,320,2,69,32.57550000125775,30.697917145136365,1,0.866417407989502,
bench_detect_20260902_0926,onnx,320,2,70,30.11230000265641,33.20902089550726,1,0.8556604385375977,
bench_detect_20260902_0926,onnx,320,2,71,19.92469999822788,50.18896144428478,1,0.8706233501434326,
bench_detect_20260902_0926,onnx,320,2,72,19.956999996793456,50.107731631040366,1,0.8552780747413635,
bench_detect_20260902_0926,onnx,320,2,73,21.81679999921471,45.83623629661521,1,0.8395992517471313,
bench_detect_20260902_0926,onnx,320,2,74,23.225799995998386,43.05556752285354,1,0.8509736657142639,
bench_detect_20260902_0926,onnx,320,2,75,28.740399997332133,34.79422694509563,1,0.8412090539932251,
bench_detect_20260902_0926,onnx,320,2,76,25.16460000333609,39.73836261523844,2,0.855376124382019,
bench_detect_20260902_0926,onnx,320,2,77,25.729799999680836,38.86544007386006,1,0.858833372592926,
bench_detect_20260902_0926,onnx,320,2,78,32.32249999564374,30.93820094778482,1,0.8597094416618347,
bench_detect_20260902_0926,onnx,320,2,79,23.205700003018137,43.092860800145644,3,0.8422050476074219,
bench_detect_20260902_0926,onnx,320,2,80,28.047699997841846,35.65354735243695,1,0.8683744668960571,
bench_detect_20260902_0926,onnx,320,2,81,22.259700002905447,44.92423527134126,1,0.861799955368042,
bench_detect_20260902_0926,onnx,320,2,82,22.313000001304317,44.81692286745594,2,0.8524229526519775,
bench_detect_20260902_0926,onnx,320,2,83,30.378299998119473,32.91823439961761,1,0.8346436023712158,
bench_detect_20260902_0926,onnx,320,2,84,41.94499999721302,23.840743832791603,1,0.8658377528190613,
bench_detect_20260902_0926,onnx,320,2,85,50.74189999868395,19.707578944145492,1,0.8456016778945923,
bench_detect_20260902_0926,onnx,320,2,86,45.286100001249,22.08183084815031,1,0.8533008694648743,
bench_detect_20260902_0926,onnx,320,2,87,26.032900001155213,38.412931327498086,1,0.8807278871536255,
bench_detect_20260902_0926,onnx,320,2,88,35.53169999941019,28.143882786824143,1,0.8535933494567871,
bench_detect_20260902_0926,onnx,320,2,89,39.88589999789838,25.071516502139623,1,0.8226962685585022,
bench_detect_20260902_0926,onnx,320,2,90,20.036999994772486,49.90767082202391,1,0.83518385887146,
bench_detect_20260902_0926,onnx,320,2,91,19.67560000048252,50.824371301280586,5,0.8622596263885498,
bench_detect_20260902_0926,onnx,320,2,92,48.13619999913499,20.774386013394704,1,0.8443489670753479,
bench_detect_20260902_0926,onnx,320,2,93,60.352899999998044,16.569212084258293,1,0.8922711610794067,
bench_detect_20260902_0926,onnx,320,2,94,49.336600000970066,20.268928138143647,1,0.83056640625,
bench_detect_20260902_0926,onnx,320,2,95,51.21070000313921,19.52716912556751,1,0.8475976586341858,
bench_detect_20260902_0926,onnx,320,2,96,32.459200003359,30.807906537946597,1,0.8309311866760254,
bench_detect_20260902_0926,onnx,320,2,97,39.380200003506616,25.393471843996597,1,0.8784871697425842,
bench_detect_20260902_0926,onnx,320,2,98,45.107400001143105,22.169311464962693,1,0.8540769815444946,
bench_detect_20260902_0926,onnx,320,2,99,22.211499999684747,45.0217229819775,1,0.863140344619751,
bench_detect_20260902_0926,onnx,320,4,0,27.496700000483543,36.368000523059656,3,0.8670165538787842,
bench_detect_20260902_0926,onnx,320,4,1,23.18360000208486,43.13393950508428,1,0.8328515291213989,
bench_detect_20260902_0926,onnx,320,4,2,24.799099999654572,40.32404401828813,2,0.8697807192802429,
bench_detect_20260902_0926,onnx,320,4,3,23.002999994787388,43.47259054152092,1,0.8827570080757141,
bench_detect_20260902_0926,onnx,320,4,4,23.722699996142182,42.153717753991806,1,0.8138214349746704,
bench_detect_20260902_0926,onnx,320,4,5,23.661700004595332,42.26239026806148,1,0.8523721694946289,
bench_detect_20260902_0926,onnx,320,4,6,27.299800000037067,36.630304983869564,1,0.855189323425293,
bench_detect_20260902_0926,onnx,320,4,7,24.66969999659341,40.53555576833476,2,0.8453751802444458,
bench_detect_20260902_0926,onnx,320,4,8,23.2901999988826,42.93651407235564,1,0.8628569841384888,
bench_detect_20260902_0926,onnx,320,4,9,23.608399998920504,42.35780485105831,1,0.8440912365913391,
bench_detect_20260902_0926,onnx,320,4,10,24.40099999512313,40.981926978396935,1,0.831957995891571,
bench_detect_20260902_0926,onnx,320,4,11,24.767200004134793,40.375981129600994,2,0.8591516613960266,
bench_detect_20260902_0926,onnx,320,4,12,25.461700002779253,39.27467529233499,1,0.8425641059875488,
bench_detect_20260902_0926,onnx,320,4,13,23.3963999999105,42.74161836880141,2,0.8373713493347168,
bench_detect_20260902_0926,onnx,320,4,14,23.34059999702731,42.843800079147975,1,0.8705068826675415,
bench_detect_20260902_0926,onnx,320,4,15,23.894499994639773,41.8506350927757,1,0.8714592456817627,
bench_detect_20260902_0926,onnx,320,4,16,24.578299999120645,40.68629644994884,2,0.8616288900375366,
bench_detect_20260902_0926,onnx,320,4,17,27.576100001169834,36.26328595985574,3,0.8603709936141968,
bench_detect_20260902_0926,onnx,320,4,18,30.82939999876544,32.43657028810308,2,0.8776817321777344,
bench_detect_20260902_0926,onnx,320,4,19,26.685600001655985,37.47339388801244,1,0.8844539523124695,
bench_detect_20260902_0926,onnx,320,4,20,25.865800002065953,38.66108915711588,2,0.8719533681869507,
bench_detect_20260902_0926,onnx,320,4,21,24.955499997304287,40.07132696632088,1,0.857478141784668,
bench_detect_20260902_0926,onnx,320,4,22,22.195899997313973,45.0533657171376,1,0.8467496633529663,
bench_detect_20260902_0926,onnx,320,4,23,22.284400001808535,44.87444130956378,1,0.8392353057861328,
bench_detect_20260902_0926,onnx,320,4,24,19.9265999981435,50.184175930322624,1,0.866562008857727,
bench_detect_20260902_0926,onnx,320,4,25,24.717899999814108,40.45651127351112,3,0.8383882641792297,
bench_detect_20260902_0926,onnx,320,4,26,21.548500000790227,46.40694247689296,3,0.8507544994354248,
bench_detect_20260902_0926,onnx,320,4,27,24.38849999452941,41.002931718814615,1,0.8478227853775024,
bench_detect_20260902_0926,onnx,320,4,28,17.91879999655066,55.807308535867264,1,0.8780727386474609,
bench_detect_20260902_0926,onnx,320,4,29,21.05670000310056,47.49082239157854,1,0.8478468656539917,
bench_detect_20260902_0926,onnx,320,4,30,22.43869999801973,44.565861662585284,1,0.8513926267623901,
bench_detect_20260902_0926,onnx,320,4,31,21.391299997048918,46.74797698774535,1,0.8696877360343933,
bench_detect_20260902_0926,onnx,320,4,32,22.1529999980703,45.14061301345677,2,0.8461759090423584,
bench_detect_20260902_0926,onnx,320,4,33,24.15159999509342,41.40512430659491,1,0.838685154914856,
bench_detect_20260902_0926,onnx,320,4,34,23.880099994130433,41.87587155186927,2,0.8442750573158264,
bench_detect_20260902_0926,onnx,320,4,35,21.074600001156796,47.45048541586125,1,0.850351095199585,
bench_detect_20260902_0926,onnx,320,4,36,18.014100001892075,55.51207109403006,1,0.8418047428131104,
bench_detect_20260902_0926,onnx,320,4,37,20.534600000246428,48.6982945851392,1,0.8386183977127075,
bench_detect_20260902_0926,onnx,320,4,38,23.661499995796476,42.26274750872314,1,0.8658446669578552,
bench_detect_20260902_0926,onnx,320,4,39,22.79120000457624,43.876583935870435,2,0.856457531452179,
bench_detect_20260902_0926,onnx,320,4,40,23.389900001347996,42.75349616468512,1,0.8289919495582581,
bench_detect_20260902_0926,onnx,320,4,41,26.488800001970958,37.751804533447824,1,0.858521044254303,
bench_detect_20260902_0926,onnx,320,4,42,27.302499998768326,36.62668253988141,2,0.8730190396308899,
bench_detect_20260902_0926,onnx,320,4,43,25.86120000341907,38.667965905209016,1,0.8458724617958069,
bench_detect_20260902_0926,onnx,320,4,44,26.611499997670762,37.57773895073662,1,0.8432605266571045,
bench_detect_20260902_0926,onnx,320,4,45,26.575099996989593,37.62920930168764,1,0.8354377746582031,
bench_detect_20260902_0926,onnx,320,4,46,26.378100003057625,37.91023613846656,1,0.8780818581581116,
bench_detect_20260902_0926,onnx,320,4,47,21.18029999837745,47.213684417907515,1,0.8653022050857544,
bench_detect_20260902_0926,onnx,320,4,48,22.686099997372366,44.07985507054212,1,0.8466675281524658,
bench_detect_20260902_0926,onnx,320,4,49,22.730400000000373,43.993946432970105,1,0.8357389569282532,
bench_detect_20260902_0926,onnx,320,4,50,23.39860000211047,42.737599681596485,2,0.8686115145683289,
bench_detect_20260902_0926,onnx,320,4,51,20.784600004844833,48.11254485373318,1,0.8685365915298462,
bench_detect_20260902_0926,onnx,320,4,52,21.950499998638406,45.557048817203714,1,0.845445990562439,
bench_detect_20260902_0926,onnx,320,4,53,23.162600002251565,43.17304619959733,1,0.8381633758544922,
bench_detect_20260902_0926,onnx,320,4,54,24.2867999986629,41.174629842344594,1,0.8505581617355347,
bench_detect_20260902_0926,onnx,320,4,55,24.645700003020465,40.57502931048599,1,0.8439571261405945,
bench_detect_20260902_0926,onnx,320,4,56,24.6809000018402,40.51716104053905,1,0.837119460105896,
bench_detect_20260902_0926,onnx,320,4,57,25.24460000131512,39.612431963584484,1,0.8488036394119263,
bench_detect_20260902_0926,onnx,320,4,58,25.154599999950733,39.754160272950415,3,0.8435398936271667,
bench_detect_20260902_0926,onnx,320,4,59,24.619999996502884,40.61738424622436,1,0.8659918308258057,
bench_detect_20260902_0926,onnx,320,4,60,23.298100000829436,42.9219550076787,2,0.8362575769424438,
bench_detect_20260902_0926,onnx,320,4,61,25.021800000104122,39.96515038869461,1,0.8402531147003174,
bench_detect_20260902_0926,onnx,320,4,62,25.49659999931464,39.22091573099474,2,0.8753020167350769,
bench_detect_20260902_0926,onnx,320,4,63,22.975700005190447,43.52424517094538,1,0.8739726543426514,
bench_detect_20260902_0926,onnx,320,4,64,23.573600003146566,42.42033460593722,1,0.8813583850860596,
bench_detect_20260902_0926,onnx,320,4,65,24.140399997122586,41.4243343158852,1,0.8344632387161255,
bench_detect_20260902_0926,onnx,320,4,66,26.702900002419483,37.44911601022333,2,0.8658980131149292,
bench_detect_20260902_0926,onnx,320,4,67,27.144500003487337,36.83987547648794,1,0.8395222425460815,
bench_detect_20260902_0926,onnx,320,4,68,27.530400002433453,36.323482401694434,2,0.8659771084785461,
bench_detect_20260902_0926,onnx,320,4,69,24.435799998173025,40.923562972146044,1,0.866417407989502,
bench_detect_20260902_0926,onnx,320,4,70,27.30909999809228,36.617830689032466,1,0.8556604385375977,
bench_detect_20260902_0926,onnx,320,4,71,23.066200003086124,43.35347824375952,1,0.8706233501434326,
bench_detect_20260902_0926,onnx,320,4,72,18.279900003108196,54.7048944376045,1,0.8552780747413635,
bench_detect_20260902_0926,onnx,320,4,73,22.94689999689581,43.57887122597288,1,0.8395992517471313,
bench_detect_20260902_0926,onnx,320,4,74,17.864500005089212,55.97693748580265,1,0.8509736657142639,
bench_detect_20260902_0926,onnx,320,4,75,21.36649999738438,46.80223715266501,1,0.8412090539932251,
bench_detect_20260902_0926,onnx,320,4,76,22.066199999244418,45.318178935849474,2,0.855376124382019,
bench_detect_20260902_0926,onnx,320,4,77,23.888900002930313,41.86044564116957,1,0.858833372592926,
bench_detect_20260902_0926,onnx,320,4,78,20.11289999791188,49.719334362713475,1,0.8597094416618347,
bench_detect_20260902_0926,onnx,320,4,79,21.367300003475975,46.8004848454097,3,0.8422050476074219,
bench_detect_20260902_0926,onnx,320,4,80,23.482099997636396,42.58562905790605,1,0.8683744668960571,
bench_detect_20260902_0926,onnx,320,4,81,23.018099993350916,43.44407228610803,1,0.861799955368042,
bench_detect_20260902_0926,onnx,320,4,82,24.73420000023907,40.4298501665845,2,0.8524229526519775,
bench_detect_20260902_0926,onnx,320,4,83,17.81729999493109,56.125226621569695,1,0.8346436023712158,
bench_detect_20260902_0926,onnx,320,4,84,19.917899997381028,50.20609603078077,1,0.8658377528190613,
bench_detect_20260902_0926,onnx,320,4,85,18.386700001428835,54.38713852525411,1,0.8456016778945923,
bench_detect_20260902_0926,onnx,320,4,86,22.141200002806727,45.16467038251021,1,0.8533008694648743,
bench_detect_20260902_0926,onnx,320,4,87,18.63529999536695,53.66159923632122,1,0.8807278871536255,
bench_detect_20260902_0926,onnx,320,4,88,21.377700002631173,46.77771696098831,1,0.8535933494567871,
bench_detect_20260902_0926,onnx,320,4,89,22.46020000166027,44.5232010367708,1,0.8226962685585022,
bench_detect_20260902_0926,onnx,320,4,90,23.020500004349742,43.439543007799536,1,0.83518385887146,
bench_detect_20260902_0926,onnx,320,4,91,24.324700003489852,41.110476176747525,5,0.8622596263885498,
bench_detect_20260902_0926,onnx,320,4,92,22.99170000333106,43.493956508440824,1,0.8443489670753479,
bench_detect_20260902_0926,onnx,320,4,93,25.76740000222344,38.80872730324795,1,0.8922711610794067,
bench_detect_20260902_0926,onnx,320,4,94,26.992300001438707,37.047602462431854,1,0.83056640625,
bench_detect_20260902_0926,onnx,320,4,95,24.703600000066217,40.47993005057237,1,0.8475976586341858,
bench_detect_20260902_0926,onnx,320,4,96,27.26460000121733,36.67759658881301,1,0.8309311866760254,
bench_detect_20260902_0926,onnx,320,4,97,26.0987000001478,38.316084708983084,1,0.8784871697425842,
bench_detect_20260902_0926,onnx,320,4,98,25.632600001699757,39.012819609937644,1,0.8540769815444946,
bench_detect_20260902_0926,onnx,320,4,99,30.249800001911353,33.058069803331406,1,0.863140344619751,
bench_detect_20260902_0926,onnx,640,1,0,208.19810000102734,4.803117799802522,1,0.8214688301086426,
bench_detect_20260902_0926,onnx,640,1,1,252.46510000579292,3.960943512497587,1,0.812147855758667,
bench_detect_20260902_0926,onnx,640,1,2,273.20489999692654,3.66025645957027,1,0.8395455479621887,
bench_detect_20260902_0926,onnx,640,1,3,203.76369999576127,4.907645473756131,1,0.8316104412078857,
bench_detect_20260902_0926,onnx,640,1,4,251.59110000095097,3.9747033976806816,1,0.7443010807037354,
bench_detect_20260902_0926,onnx,640,1,5,198.3650000038324,5.041211907245129,1,0.8330690860748291,
bench_detect_20260902_0926,onnx,640,1,6,188.7748000008287,5.297317226640474,1,0.8096311092376709,
bench_detect_20260902_0926,onnx,640,1,7,214.0843000015593,4.671057148948878,2,0.8250116109848022,
bench_detect_20260902_0926,onnx,640,1,8,258.21089999953983,3.8728032008012914,1,0.8489115238189697,
bench_detect_20260902_0926,onnx,640,1,9,208.36680000502383,4.7992290517294,1,0.8309528827667236,
bench_detect_20260902_0926,onnx,640,1,10,158.7900999948033,6.29762182927479,1,0.8210679292678833,
bench_detect_20260902_0926,onnx,640,1,11,144.83920000202488,6.904208252917855,1,0.8629555702209473,
bench_detect_20260902_0926,onnx,640,1,12,269.72550000209594,3.7074729678589136,1,0.842363715171814,
bench_detect_20260902_0926,onnx,640,1,13,264.6275000006426,3.778896751084342,2,0.825884997844696,
bench_detect_20260902_0926,onnx,640,1,14,148.31360000243876,6.742470009382529,1,0.8677326440811157,
bench_detect_20260902_0926,onnx,640,1,15,199.41459999972722,5.014677962402793,1,0.861142635345459,
bench_detect_20260902_0926,onnx,640,1,16,276.38620000652736,3.6181256516294344,2,0.8343461751937866,
bench_detect_20260902_0926,onnx,640,1,17,288.6593000002904,3.464291640695429,3,0.839414656162262,
bench_detect_20260902_0926,onnx,640,1,18,164.58429999329383,6.075913680957091,2,0.8466666340827942,
bench_detect_20260902_0926,onnx,640,1,19,187.42439999914495,5.3354846007486865,1,0.8641484975814819,
bench_detect_20260902_0926,onnx,640,1,20,150.93760000308976,6.625254409633714,2,0.8630983829498291,
bench_detect_20260902_0926,onnx,640,1,21,163.0347999962396,6.133659807740832,1,0.8406504392623901,
bench_detect_20260902_0926,onnx,640,1,22,148.34170000540325,6.741192799890898,1,0.8391133546829224,
bench_detect_20260902_0926,onnx,640,1,23,151.80010000040056,6.587610943585421,1,0.8192139863967896,
bench_detect_20260902_0926,onnx,640,1,24,194.395300000906,5.144157291844707,1,0.8192445635795593,
bench_detect_20260902_0926,onnx,640,1,25,233.77339999569813,4.277646644222148,2,0.8416056632995605,
bench_detect_20260902_0926,onnx,640,1,26,201.0171999936574,4.974698682657765,3,0.8323211669921875,
bench_detect_20260902_0926,onnx,640,1,27,245.320999994874,4.076291878888864,1,0.8368035554885864,
bench_detect_20260902_0926,onnx,640,1,28,185.2874999967753,5.397018147567449,1,0.8446122407913208,
bench_detect_20260902_0926,onnx,640,1,29,176.89550000068266,5.65305505225481,1,0.8436522483825684,
bench_detect_20260902_0926,onnx,640,1,30,209.73599999706494,4.767898691755321,1,0.8377926349639893,
bench_detect_20260902_0926,onnx,640,1,31,177.52509999991162,5.633006262215866,1,0.8432223796844482,
bench_detect_20260902_0926,onnx,640,1,32,203.8059999977122,4.906626890333088,1,0.8313404321670532,
bench_detect_20260902_0926,onnx,640,1,33,214.6165000012843,4.6594739919531625,1,0.8367631435394287,
bench_detect_20260902_0926,onnx,640,1,34,237.65650000132155,4.2077536275861975,1,0.7940600514411926,
bench_detect_20260902_0926,onnx,640,1,35,230.1452000028803,4.3450830171017465,1,0.8441817760467529,
bench_detect_20260902_0926,onnx,640,1,36,185.2601000064169,5.39781636717978,1,0.8246177434921265,
bench_detect_20260902_0926,onnx,640,1,37,239.48640000162413,4.175602455894023,1,0.8456279039382935,
bench_detect_20260902_0926,onnx,640,1,38,239.26850000134436,4.179405145242192,1,0.8481340408325195,
bench_detect_20260902_0926,onnx,640,1,39,183.5274999975809,5.448774706859632,2,0.8228013515472412,
bench_detect_20260902_0926,onnx,640,1,40,191.35129999631317,5.225990103120634,1,0.811850368976593,
bench_detect_20260902_0926,onnx,640,1,41,174.41749999852618,5.733369644722863,1,0.848019003868103,
bench_detect_20260902_0926,onnx,640,1,42,164.34149999986403,6.084890304645068,2,0.8532116413116455,
bench_detect_20260902_0926,onnx,640,1,43,167.05199999705656,5.986159998189905,1,0.8299169540405273,
bench_detect_20260902_0926,onnx,640,1,44,167.64659999898868,5.9649286058055,1,0.7718535661697388,
bench_detect_20260902_0926,onnx,640,1,45,181.21319999772822,5.5183617971126635,1,0.8479881882667542,
bench_detect_20260902_0926,onnx,640,1,46,233.2572999948752,4.287111271638532,1,0.8480563163757324,
bench_detect_20260902_0926,onnx,640,1,47,142.01029999821912,7.041742746917234,1,0.8432231545448303,
bench_detect_20260902_0926,onnx,640,1,48,252.73549999837996,3.956705725972054,1,0.815872073173523,
bench_detect_20260902_0926,onnx,640,1,49,238.42729999887524,4.194150585963593,1,0.7787197232246399,
bench_detect_20260902_0926,onnx,640,1,50,221.77630000078352,4.509048081316475,2,0.8698760271072388,
bench_detect_20260902_0926,onnx,640,1,51,226.65750000305707,4.411943129993547,1,0.8253887891769409,
bench_detect_20260902_0926,onnx,640,1,52,153.22750000632368,6.526243657037608,1,0.8267799615859985,
bench_detect_20260902_0926,onnx,640,1,53,198.46030000189785,5.038791133493384,1,0.8350735902786255,
bench_detect_20260902_0926,onnx,640,1,54,187.83560000156285,5.323804433194132,1,0.842432975769043,
bench_detect_20260902_0926,onnx,640,1,55,200.4802000010386,4.98802375493849,1,0.853783130645752,
bench_detect_20260902_0926,onnx,640,1,56,252.883599998313,3.9543885012973203,1,0.8273897171020508,
bench_detect_20260902_0926,onnx,640,1,57,252.4864999941201,3.9606077949644356,1,0.8261759877204895,
bench_detect_20260902_0926,onnx,640,1,58,229.75749999750406,4.352415046346097,2,0.8604758977890015,
bench_detect_20260902_0926,onnx,640,1,59,171.7346000004909,5.822938417751237,1,0.8189926147460938,
bench_detect_20260902_0926,onnx,640,1,60,192.03569999808678,5.207365088938999,2,0.8329588770866394,
bench_detect_20260902_0926,onnx,640,1,61,190.73690000368515,5.242824015597818,1,0.8284343481063843,
bench_detect_20260902_0926,onnx,640,1,62,164.66070000024047,6.0730945513928924,2,0.8373318910598755,
bench_detect_20260902_0926,onnx,640,1,63,154.1233000025386,6.488311630905442,1,0.8421447277069092,
bench_detect_20260902_0926,onnx,640,1,64,225.9256000033929,4.426235893519735,1,0.8202601075172424,
bench_detect_20260902_0926,onnx,640,1,65,152.73639999941224,6.547227772841629,1,0.8330275416374207,
bench_detect_20260902_0926,onnx,640,1,66,138.41810000303667,7.22448870471464,2,0.8189750909805298,
bench_detect_20260902_0926,onnx,640,1,67,207.60819999850355,4.816765426448512,1,0.8267172574996948,
bench_detect_20260902_0926,onnx,640,1,68,202.65829999698326,4.93441423329262,2,0.8485020399093628,
bench_detect_20260902_0926,onnx,640,1,69,229.43210000084946,4.358588009246734,1,0.8594738841056824,
bench_detect_20260902_0926,onnx,640,1,70,142.7622999981395,7.004650387483475,1,0.857597827911377,
bench_detect_20260902_0926,onnx,640,1,71,139.11589999770513,7.18825094770976,1,0.8561351299285889,
bench_detect_20260902_0926,onnx,640,1,72,137.91879999917,7.250643132089447,1,0.8265813589096069,
bench_detect_20260902_0926,onnx,640,1,73,159.26279999985127,6.278930170767649,1,0.8261643648147583,
bench_detect_20260902_0926,onnx,640,1,74,132.0622999992338,7.57218373453894,1,0.8381205797195435,
bench_detect_20260902_0926,onnx,640,1,75,152.18730000196956,6.57085052423598,1,0.8184213638305664,
bench_detect_20260902_0926,onnx,640,1,76,155.06920000188984,6.448733855516202,2,0.8448441028594971,
bench_detect_20260902_0926,onnx,640,1,77,138.43129999440862,7.223799820130209,1,0.8476138114929199,
bench_detect_20260902_0926,onnx,640,1,78,143.3751000004122,6.97471178745211,1,0.8524564504623413,
bench_detect_20260902_0926,onnx,640,1,79,153.955900001165,6.49536653023647,4,0.8396109342575073,
bench_detect_20260902_0926,onnx,640,1,80,149.68629999930272,6.680638107860628,1,0.8314977288246155,
bench_detect_20260902_0926,onnx,640,1,81,142.7114000034635,7.0071486929266396,1,0.827151358127594,
bench_detect_20260902_0926,onnx,640,1,82,156.6891000038595,6.382064865873685,2,0.8298345804214478,
bench_detect_20260902_0926,onnx,640,1,83,173.62739999953192,5.7594596244757215,1,0.8219830989837646,
bench_detect_20260902_0926,onnx,640,1,84,154.66200000082608,6.4657123274925885,1,0.8257669806480408,
bench_detect_20260902_0926,onnx,640,1,85,231.158200003847,4.326041645865722,1,0.8114612102508545,
bench_detect_20260902_0926,onnx,640,1,86,131.6313999996055,7.596971543286762,1,0.8388513326644897,
bench_detect_20260902_0926,onnx,640,1,87,254.61540000105742,3.927492209802891,1,0.8571672439575195,
bench_detect_20260902_0926,onnx,640,1,88,198.37549999647308,5.040945076472544,1,0.8460313081741333,
bench_detect_20260902_0926,onnx,640,1,89,208.910500005004,4.786738818661806,1,0.7928652763366699,
bench_detect_20260902_0926,onnx,640,1,90,225.32330000103684,4.438067434639021,1,0.8154222965240479,
bench_detect_20260902_0926,onnx,640,1,91,182.55109999881824,5.477918237723429,6,0.8506507873535156,
bench_detect_20260902_0926,onnx,640,1,92,253.04740000137826,3.9518287877866096,1,0.8413549065589905,
bench_detect_20260902_0926,onnx,640,1,93,154.31559999706224,6.480226237781776,1,0.8516277074813843,
bench_detect_20260902_0926,onnx,640,1,94,135.76949999696808,7.365424487991275,1,0.8222675323486328,
bench_detect_20260902_0926,onnx,640,1,95,151.22049999627052,6.612860029061288,1,0.8292025923728943,
bench_detect_20260902_0926,onnx,640,1,96,145.3047000031802,6.88208984277944,1,0.807289183139801,
bench_detect_20260902_0926,onnx,640,1,97,149.19439999357564,6.702664443458067,1,0.8510770797729492,
bench_detect_20260902_0926,onnx,640,1,98,159.30829999706475,6.277136847348348,1,0.8391404151916504,
bench_detect_20260902_0926,onnx,640,1,99,151.96319999813568,6.5805405520038285,1,0.849768877029419,
bench_detect_20260902_0926,onnx,640,2,0,105.9118999983184,9.441809655155627,1,0.8214688301086426,
bench_detect_20260902_0926,onnx,640,2,1,107.0804999981192,9.338768496762384,1,0.812147855758667,
bench_detect_20260902_0926,onnx,640,2,2,96.0763000039151,10.408394161299407,1,0.8395455479621887,
bench_detect_20260902_0926,onnx,640,2,3,90.25400000246009,11.079841336370052,1,0.8316104412078857,
bench_detect_20260902_0926,onnx,640,2,4,134.42689999646973,7.438987286222189,1,0.7443010807037354,
bench_detect_20260902_0926,onnx,640,2,5,102.37200000119628,9.768296018328394,1,0.8330690860748291,
bench_detect_20260902_0926,onnx,640,2,6,102.20400000252994,9.784352862659448,1,0.8096311092376709,
bench_detect_20260902_0926,onnx,640,2,7,90.00189999642316,11.110876548603327,2,0.8250116109848022,
bench_detect_20260902_0926,onnx,640,2,8,106.6181999995024,9.379261702079637,1,0.8489115238189697,
bench_detect_20260902_0926,onnx,640,2,9,121.97279999963939,8.198549184760507,1,0.8309528827667236,
bench_detect_20260902_0926,onnx,640,2,10,132.6861999987159,7.536578785206584,1,0.8210679292678833,
bench_detect_20260902_0926,onnx,640,2,11,182.7190000039991,5.4728845931627985,1,0.8629555702209473,
bench_detect_20260902_0926,onnx,640,2,12,190.12710000242805,5.259639472685532,1,0.842363715171814,
bench_detect_20260902_0926,onnx,640,2,13,120.13850000221282,8.323726365666136,2,0.825884997844696,
bench_detect_20260902_0926,onnx,640,2,14,103.37169999547768,9.673827556707959,1,0.8677326440811157,
bench_detect_20260902_0926,onnx,640,2,15,169.83230000187177,5.888161439190181,1,0.861142635345459,
bench_detect_20260902_0926,onnx,640,2,16,170.46860000118613,5.866182980285179,2,0.8343461751937866,
bench_detect_20260902_0926,onnx,640,2,17,107.82019999896875,9.27469991717289,3,0.839414656162262,
bench_detect_20260902_0926,onnx,640,2,18,128.400599998713,7.788125600737249,2,0.8466666340827942,
bench_detect_20260902_0926,onnx,640,2,19,166.6207000016584,6.001655256460013,1,0.8641484975814819,
bench_detect_20260902_0926,onnx,640,2,20,87.92330000142101,11.37354944575372,2,0.8630983829498291,
bench_detect_20260902_0926,onnx,640,2,21,109.00639999454143,9.173773283495976,1,0.8406504392623901,
bench_detect_20260902_0926,onnx,640,2,22,161.51779999927385,6.191268083174089,1,0.8391133546829224,
bench_detect_20260902_0926,onnx,640,2,23,121.73120000079507,8.214820851133224,1,0.8192139863967896,
bench_detect_20260902_0926,onnx,640,2,24,175.85710000275867,5.686435179383221,1,0.8192445635795593,
bench_detect_20260902_0926,onnx,640,2,25,118.81500000163214,8.416445734850509,2,0.8416056632995605,
bench_detect_20260902_0926,onnx,640,2,26,157.0378999967943,6.3678895350766505,3,0.8323211669921875,
bench_detect_20260902_0926,onnx,640,2,27,185.85170000005746,5.380634129253005,1,0.8368035554885864,
bench_detect_20260902_0926,onnx,640,2,28,125.8594000028097,7.945373964739033,1,0.8446122407913208,
bench_detect_20260902_0926,onnx,640,2,29,99.90839999954915,10.009168398297968,1,0.8436522483825684,
bench_detect_20260902_0926,onnx,640,2,30,106.80439999850933,9.362910142409461,1,0.8377926349639893,
bench_detect_20260902_0926,onnx,640,2,31,96.2288999944576,10.391888508105112,1,0.8432223796844482,
bench_detect_20260902_0926,onnx,640,2,32,120.8005000007688,8.278111431605298,1,0.8313404321670532,
bench_detect_20260902_0926,onnx,640,2,33,147.6353999969433,6.773443225816466,1,0.8367631435394287,
bench_detect_20260902_0926,onnx,640,2,34,96.17599999910453,10.397604392044904,1,0.7940600514411926,
bench_detect_20260902_0926,onnx,640,2,35,101.42659999837633,9.859346562105092,1,0.8441817760467529,
bench_detect_20260902_0926,onnx,640,2,36,132.69030000083148,7.53634591220107,1,0.8246177434921265,
bench_detect_20260902_0926,onnx,640,2,37,96.52249999635387,10.36027869188816,1,0.8456279039382935,
bench_detect_20260902_0926,onnx,640,2,38,137.30860000214307,7.282865020722609,1,0.8481340408325195,
bench_detect_20260902_0926,onnx,640,2,39,119.39549999806331,8.375525040861849,2,0.8228013515472412,
bench_detect_20260902_0926,onnx,640,2,40,111.43620000075316,8.973744617936015,1,0.811850368976593,
bench_detect_20260902_0926,onnx,640,2,41,83.57019999675686,11.965987876525453,1,0.848019003868103,
bench_detect_20260902_0926,onnx,640,2,42,179.93950000527548,5.5574234671691425,2,0.8532116413116455,
bench_detect_20260902_0926,onnx,640,2,43,148.31520000007004,6.742397272831967,1,0.8299169540405273,
bench_detect_20260902_0926,onnx,640,2,44,202.31999999668915,4.942665085094723,1,0.7718535661697388,
bench_detect_20260902_0926,onnx,640,2,45,120.30200000299374,8.312413758500398,1,0.8479881882667542,
bench_detect_20260902_0926,onnx,640,2,46,113.38200000318466,8.819742110492955,1,0.8480563163757324,
bench_detect_20260902_0926,onnx,640,2,47,113.23439999978291,8.83123856356299,1,0.8432231545448303,
bench_detect_20260902_0926,onnx,640,2,48,95.14930000295863,10.509798810594566,1,0.815872073173523,
bench_detect_20260902_0926,onnx,640,2,49,131.14900000073249,7.624915172776117,1,0.7787197232246399,
bench_detect_20260902_0926,onnx,640,2,50,185.57549999968614,5.388642358510101,2,0.8698760271072388,
bench_detect_20260902_0926,onnx,640,2,51,143.14069999818457,6.986133224251962,1,0.8253887891769409,
bench_detect_20260902_0926,onnx,640,2,52,162.67009999864968,6.147411232969679,1,0.8267799615859985,
bench_detect_20260902_0926,onnx,640,2,53,108.5836999991443,9.209485401656792,1,0.8350735902786255,
bench_detect_20260902_0926,onnx,640,2,54,156.21400000236463,6.401474899720018,1,0.842432975769043,
bench_detect_20260902_0926,onnx,640,2,55,96.61789999518078,10.350049007998303,1,0.853783130645752,
bench_detect_20260902_0926,onnx,640,2,56,95.16029999940656,10.508583936854299,1,0.8273897171020508,
bench_detect_20260902_0926,onnx,640,2,57,98.90569999697618,10.11064074194483,1,0.8261759877204895,
bench_detect_20260902_0926,onnx,640,2,58,90.38699999655364,11.06353789857091,2,0.8604758977890015,
bench_detect_20260902_0926,onnx,640,2,59,109.1417999996338,9.16239241063786,1,0.8189926147460938,
bench_detect_20260902_0926,onnx,640,2,60,106.49630000261823,9.389997586539765,2,0.8329588770866394,
bench_detect_20260902_0926,onnx,640,2,61,182.11259999952745,5.491108248427593,1,0.8284343481063843,
bench_detect_20260902_0926,onnx,640,2,62,133.27060000301572,7.503530410888609,2,0.8373318910598755,
bench_detect_20260902_0926,onnx,640,2,63,106.10299999825656,9.424804199847616,1,0.8421447277069092,
bench_detect_20260902_0926,onnx,640,2,64,93.68669999821577,10.673873666369342,1,0.8202601075172424,
bench_detect_20260902_0926,onnx,640,2,65,112.57930000283523,8.882627623149334,1,0.8330275416374207,
bench_detect_20260902_0926,onnx,640,2,66,107.3919999980717,9.311680572276853,2,0.8189750909805298,
bench_detect_20260902_0926,onnx,640,2,67,126.57580000086455,7.9004043426402975,1,0.8267172574996948,
bench_detect_20260902_0926,onnx,640,2,68,133.4363999994821,7.494206978035089,2,0.8485020399093628,
bench_detect_20260902_0926,onnx,640,2,69,166.10750000108965,6.020197763457039,1,0.8594738841056824,
bench_detect_20260902_0926,onnx,640,2,70,102.88169999694219,9.719901596005137,1,0.857597827911377,
bench_detect_20260902_0926,onnx,640,2,71,113.07590000069467,8.843617428593154,1,0.8561351299285889,
bench_detect_20260902_0926,onnx,640,2,72,115.36779999732971,8.667929873180782,1,0.8265813589096069,
bench_detect_20260902_0926,onnx,640,2,73,119.64000000443775,8.35840855870033,1,0.8261643648147583,
bench_detect_20260902_0926,onnx,640,2,74,159.59640000073705,6.265805494330585,1,0.8381205797195435,
bench_detect_20260902_0926,onnx,640,2,75,145.3611999968416,6.879414864638761,1,0.8184213638305664,
bench_detect_20260902_0926,onnx,640,2,76,104.586699999345,9.56144519337796,2,0.8448441028594971,
bench_detect_20260902_0926,onnx,640,2,77,144.0770999979577,6.940728262952093,1,0.8476138114929199,
bench_detect_20260902_0926,onnx,640,2,78,178.48010000307113,5.602865529450022,1,0.8524564504623413,
bench_detect_20260902_0926,onnx,640,2,79,102.12560000218218,9.791864135717512,4,0.8396109342575073,
bench_detect_20260902_0926,onnx,640,2,80,99.18750000360887,10.081915563590327,1,0.8314977288246155,
bench_detect_20260902_0926,onnx,640,2,81,122.1752000055858,8.184967161537534,1,0.827151358127594,
bench_detect_20260902_0926,onnx,640,2,82,103.21250000561122,9.688748939766349,2,0.8298345804214478,
bench_detect_20260902_0926,onnx,640,2,83,117.44010000256822,8.514979125342466,1,0.8219830989837646,
bench_detect_20260902_0926,onnx,640,2,84,114.67890000494663,8.719999929863867,1,0.8257669806480408,
bench_detect_20260902_0926,onnx,640,2,85,98.24209999351297,10.178935507954646,1,0.8114612102508545,
bench_detect_20260902_0926,onnx,640,2,86,108.31090000283439,9.232681105722794,1,0.8388513326644897,
bench_detect_20260902_0926,onnx,640,2,87,91.48509999795351,10.93074172758591,1,0.8571672439575195,
bench_detect_20260902_0926,onnx,640,2,88,166.9763999962015,5.988870283601448,1,0.8460313081741333,
bench_detect_20260902_0926,onnx,640,2,89,111.84020000655437,8.94132878822995,1,0.7928652763366699,
bench_detect_20260902_0926,onnx,640,2,90,196.81149999814807,5.081003904799312,1,0.8154222965240479,
bench_detect_20260902_0926,onnx,640,2,91,161.29080000246176,6.199981647959692,6,0.8506507873535156,
bench_detect_20260902_0926,onnx,640,2,92,93.73049999703653,10.668885795249325,1,0.8413549065589905,
bench_detect_20260902_0926,onnx,640,2,93,117.0436999964295,8.543817394960222,1,0.8516277074813843,
bench_detect_20260902_0926,onnx,640,2,94,108.32559999835212,9.231428212862077,1,0.8222675323486328,
bench_detect_20260902_0926,onnx,640,2,95,123.30029999429826,8.110280348435833,1,0.8292025923728943,
bench_detect_20260902_0926,onnx,640,2,96,125.32220000139205,7.979432215432639,1,0.807289183139801,
bench_detect_20260902_0926,onnx,640,2,97,91.21259999665199,10.963397601172487,1,0.8510770797729492,
bench_detect_20260902_0926,onnx,640,2,98,89.56530000432394,11.165038245299497,1,0.8391404151916504,
bench_detect_20260902_0926,onnx,640,2,99,116.44449999585049,8.587782162623697,1,0.849768877029419,
bench_detect_20260902_0926,onnx,640,4,0,93.9996999950381,10.638331825024828,1,0.8214688301086426,
bench_detect_20260902_0926,onnx,640,4,1,95.19029999501072,10.505272071339347,1,0.812147855758667,
bench_detect_20260902_0926,onnx,640,4,2,88.87590000085765,11.251644146392328,1,0.8395455479621887,
bench_detect_20260902_0926,onnx,640,4,3,83.39040000282694,11.991788023154943,1,0.8316104412078857,
bench_detect_20260902_0926,onnx,640,4,4,96.57670000160579,10.354464378917202,1,0.7443010807037354,
bench_detect_20260902_0926,onnx,640,4,5,95.78700000565732,10.439830038950364,1,0.8330690860748291,
bench_detect_20260902_0926,onnx,640,4,6,92.2461000009207,10.840566701356686,1,0.8096311092376709,
bench_detect_20260902_0926,onnx,640,4,7,80.9882000030484,12.347477780248973,2,0.8250116109848022,
bench_detect_20260902_0926,onnx,640,4,8,94.32200000446755,10.601980449445888,1,0.8489115238189697,
bench_detect_20260902_0926,onnx,640,4,9,106.07270000036806,9.427496424589268,1,0.8309528827667236,
bench_detect_20260902_0926,onnx,640,4,10,84.08110000164015,11.893279226609705,1,0.8210679292678833,
bench_detect_20260902_0926,onnx,640,4,11,91.09639999951469,10.977382201770075,1,0.8629555702209473,
bench_detect_20260902_0926,onnx,640,4,12,89.9007000043639,11.123383910820035,1,0.842363715171814,
bench_detect_20260902_0926,onnx,640,4,13,79.15179999690736,12.63395147095925,2,0.825884997844696,
bench_detect_20260902_0926,onnx,640,4,14,91.25889999995707,10.957835345379689,1,0.8677326440811157,
bench_detect_20260902_0926,onnx,640,4,15,91.77069999714149,10.896724118167873,1,0.861142635345459,
bench_detect_20260902_0926,onnx,640,4,16,84.66059999773279,11.81186998470103,2,0.8343461751937866,
bench_detect_20260902_0926,onnx,640,4,17,90.99229999992531,10.989940907096765,3,0.839414656162262,
bench_detect_20260902_0926,onnx,640,4,18,73.94100000237813,13.524296398044893,2,0.8466666340827942,
bench_detect_20260902_0926,onnx,640,4,19,93.88820000458509,10.650965722541963,1,0.8641484975814819,
bench_detect_20260902_0926,onnx,640,4,20,97.24670000287006,10.283125288266715,2,0.8630983829498291,
bench_detect_20260902_0926,onnx,640,4,21,97.72399999928894,10.232900822799683,1,0.8406504392623901,
bench_detect_20260902_0926,onnx,640,4,22,91.51330000167945,10.927373397983112,1,0.8391133546829224,
bench_detect_20260902_0926,onnx,640,4,23,92.691099998774,10.788522307030844,1,0.8192139863967896,
bench_detect_20260902_0926,onnx,640,4,24,84.63510000001406,11.815428823264034,1,0.8192445635795593,
bench_detect_20260902_0926,onnx,640,4,25,91.04940000543138,10.983048761884723,2,0.8416056632995605,
bench_detect_20260902_0926,onnx,640,4,26,99.12289999920176,10.088486111766837,3,0.8323211669921875,
bench_detect_20260902_0926,onnx,640,4,27,93.28539999842178,10.719791092892544,1,0.8368035554885864,
bench_detect_20260902_0926,onnx,640,4,28,88.74490000016522,11.268253161569152,1,0.8446122407913208,
bench_detect_20260902_0926,onnx,640,4,29,93.15470000001369,10.734831414838467,1,0.8436522483825684,
bench_detect_20260902_0926,onnx,640,4,30,85.38989999942714,11.710986896655328,1,0.8377926349639893,
bench_detect_20260902_0926,onnx,640,4,31,88.23120000306517,11.333859224007606,1,0.8432223796844482,
bench_detect_20260902_0926,onnx,640,4,32,88.12359999865294,11.347698006155968,1,0.8313404321670532,
bench_detect_20260902_0926,onnx,640,4,33,98.18140000425046,10.185228566273327,1,0.8367631435394287,
bench_detect_20260902_0926,onnx,640,4,34,90.07350000320002,11.102044441089479,1,0.7940600514411926,
bench_detect_20260902_0926,onnx,640,4,35,86.33600000030128,11.582653817602278,1,0.8441817760467529,
bench_detect_20260902_0926,onnx,640,4,36,73.19009999628179,13.663050058010606,1,0.8246177434921265,
bench_detect_20260902_0926,onnx,640,4,37,86.87959999952,11.510181906978449,1,0.8456279039382935,
bench_detect_20260902_0926,onnx,640,4,38,91.54100000159815,10.924066811401904,1,0.8481340408325195,
bench_detect_20260902_0926,onnx,640,4,39,87.09380000072997,11.481873566104804,2,0.8228013515472412,
bench_detect_20260902_0926,onnx,640,4,40,90.02329999930225,11.10823531249966,1,0.811850368976593,
bench_detect_20260902_0926,onnx,640,4,41,96.38189999532187,10.375392060631066,1,0.848019003868103,
bench_detect_20260902_0926,onnx,640,4,42,96.712500002468,10.339925035279627,2,0.8532116413116455,
bench_detect_20260902_0926,onnx,640,4,43,84.02240000577876,11.90158814710391,1,0.8299169540405273,
bench_detect_20260902_0926,onnx,640,4,44,91.65570000186563,10.91039618899474,1,0.7718535661697388,
bench_detect_20260902_0926,onnx,640,4,45,91.9752999980119,10.872484243287225,1,0.8479881882667542,
bench_detect_20260902_0926,onnx,640,4,46,88.32519999850774,11.321797176987939,1,0.8480563163757324,
bench_detect_20260902_0926,onnx,640,4,47,82.30940000066767,12.14928064099469,1,0.8432231545448303,
bench_detect_20260902_0926,onnx,640,4,48,87.7872999990359,11.391169337831125,1,0.815872073173523,
bench_detect_20260902_0926,onnx,640,4,49,91.1943999963114,10.965585606577243,1,0.7787197232246399,
bench_detect_20260902_0926,onnx,640,4,50,100.75330000108806,9.925233218060358,2,0.8698760271072388,
bench_detect_20260902_0926,onnx,640,4,51,108.20970000349917,9.24131570430066,1,0.8253887891769409,
bench_detect_20260902_0926,onnx,640,4,52,102.60920000291662,9.745714808921377,1,0.8267799615859985,
bench_detect_20260902_0926,onnx,640,4,53,107.60270000173477,9.29344709736724,1,0.8350735902786255,
bench_detect_20260902_0926,onnx,640,4,54,102.31930000009015,9.773327221737432,1,0.842432975769043,
bench_detect_20260902_0926,onnx,640,4,55,108.61289999593282,9.207009480802434,1,0.853783130645752,
bench_detect_20260902_0926,onnx,640,4,56,121.60469999798806,8.223366366732083,1,0.8273897171020508,
bench_detect_20260902_0926,onnx,640,4,57,103.18779999943217,9.691068130200497,1,0.8261759877204895,
bench_detect_20260902_0926,onnx,640,4,58,99.05889999936335,10.095004083494032,2,0.8604758977890015,
bench_detect_20260902_0926,onnx,640,4,59,108.22119999647839,9.240333687230791,1,0.8189926147460938,
bench_detect_20260902_0926,onnx,640,4,60,91.33699999802047,10.94846557278729,2,0.8329588770866394,
bench_detect_20260902_0926,onnx,640,4,61,120.47590000292985,8.30041526957409,1,0.8284343481063843,
bench_detect_20260902_0926,onnx,640,4,62,113.69179999746848,8.795709101467885,2,0.8373318910598755,
bench_detect_20260902_0926,onnx,640,4,63,118.27700000139885,8.454729152651598,1,0.8421447277069092,
bench_detect_20260902_0926,onnx,640,4,64,112.15979999542469,8.915850420924366,1,0.8202601075172424,
bench_detect_20260902_0926,onnx,640,4,65,102.55640000104904,9.750732279894487,1,0.8330275416374207,
bench_detect_20260902_0926,onnx,640,4,66,98.2947999946191,10.173478149960552,2,0.8189750909805298,
bench_detect_20260902_0926,onnx,640,4,67,94.47149999323301,10.585202945561678,1,0.8267172574996948,
bench_detect_20260902_0926,onnx,640,4,68,101.20959999767365,9.880485645857561,2,0.8485020399093628,
bench_detect_20260902_0926,onnx,640,4,69,96.56860000541201,10.355332892306162,1,0.8594738841056824,
bench_detect_20260902_0926,onnx,640,4,70,96.41070000361651,10.372292701562051,1,0.857597827911377,
bench_detect_20260902_0926,onnx,640,4,71,102.8260999955819,9.725157329150544,1,0.8561351299285889,
bench_detect_20260902_0926,onnx,640,4,72,104.79249999480089,9.542667653215767,1,0.8265813589096069,
bench_detect_20260902_0926,onnx,640,4,73,97.23839999787742,10.284003027834977,1,0.8261643648147583,
bench_detect_20260902_0926,onnx,640,4,74,89.97349999845028,11.114383679830441,1,0.8381205797195435,
bench_detect_20260902_0926,onnx,640,4,75,90.47619999910239,11.05263041562224,1,0.8184213638305664,
bench_detect_20260902_0926,onnx,640,4,76,90.90469999500783,11.00053132626714,2,0.8448441028594971,
bench_detect_20260902_0926,onnx,640,4,77,96.87620000477182,10.322452779431307,1,0.8476138114929199,
bench_detect_20260902_0926,onnx,640,4,78,95.42689999943832,10.479225459549518,1,0.8524564504623413,
bench_detect_20260902_0926,onnx,640,4,79,82.11630000005243,12.177850195385831,4,0.8396109342575073,
bench_detect_20260902_0926,onnx,640,4,80,94.50300000025891,10.581674655802042,1,0.8314977288246155,
bench_detect_20260902_0926,onnx,640,4,81,91.38549999624956,10.94265501683571,1,0.827151358127594,
bench_detect_20260902_0926,onnx,640,4,82,90.60860000317916,11.036479980541728,2,0.8298345804214478,
bench_detect_20260902_0926,onnx,640,4,83,99.25980000116397,10.074571981691214,1,0.8219830989837646,
bench_detect_20260902_0926,onnx,640,4,84,96.96910000639036,10.312563486039357,1,0.8257669806480408,
bench_detect_20260902_0926,onnx,640,4,85,89.90910000284202,11.122344678885563,1,0.8114612102508545,
bench_detect_20260902_0926,onnx,640,4,86,85.61259999987669,11.680523661253604,1,0.8388513326644897,
bench_detect_20260902_0926,onnx,640,4,87,87.14060000056634,11.475707075616887,1,0.8571672439575195,
bench_detect_20260902_0926,onnx,640,4,88,92.28080000320915,10.83649036381592,1,0.8460313081741333,
bench_detect_20260902_0926,onnx,640,4,89,91.85029999935068,10.887280716634233,1,0.7928652763366699,
bench_detect_20260902_0926,onnx,640,4,90,90.82969999872148,11.009614696669438,1,0.8154222965240479,
bench_detect_20260902_0926,onnx,640,4,91,111.32699999870965,8.982546911455358,6,0.8506507873535156,
bench_detect_20260902_0926,onnx,640,4,92,107.29739999806043,9.319890323699145,1,0.8413549065589905,
bench_detect_20260902_0926,onnx,640,4,93,122.64670000149636,8.153501072493588,1,0.8516277074813843,
bench_detect_20260902_0926,onnx,640,4,94,110.43890000291867,9.054780516408368,1,0.8222675323486328,
bench_detect_20260902_0926,onnx,640,4,95,117.52450000494719,8.508864108827565,1,0.8292025923728943,
bench_detect_20260902_0926,onnx,640,4,96,115.04590000549797,8.692182858773851,1,0.807289183139801,
bench_detect_20260902_0926,onnx,640,4,97,124.9316000030376,8.004379996539594,1,0.8510770797729492,
bench_detect_20260902_0926,onnx,640,4,98,134.0325999990455,7.460871459683103,1,0.8391404151916504,
bench_detect_20260902_0926,onnx,640,4,99,136.49179999629268,7.3264474497893755,1,0.849768877029419,
bench_detect_20260902_0926,ncnn,320,1,0,45.50559999916004,21.97531732398778,3,0.8670164942741394,
bench_detect_20260902_0926,ncnn,320,1,1,54.09879999933764,18.48469836691837,1,0.8328514695167542,
bench_detect_20260902_0926,ncnn,320,1,2,40.11429999809479,24.928766052193218,2,0.8697808384895325,
bench_detect_20260902_0926,ncnn,320,1,3,45.004899999185,22.21980273299372,1,0.8827570676803589,
bench_detect_20260902_0926,ncnn,320,1,4,53.689799999119714,18.625511736240323,1,0.8138216137886047,
bench_detect_20260902_0926,ncnn,320,1,5,56.30630000086967,17.760001988845914,1,0.8523721098899841,
bench_detect_20260902_0926,ncnn,320,1,6,53.36440000246512,18.73908448242285,1,0.8551892638206482,
bench_detect_20260902_0926,ncnn,320,1,7,49.588699999731034,20.165884566552943,2,0.8453751802444458,
bench_detect_20260902_0926,ncnn,320,1,8,36.18370000185678,27.63675356441394,1,0.8628572225570679,
bench_detect_20260902_0926,ncnn,320,1,9,39.550499997858424,25.284130416913765,1,0.8440912961959839,
bench_detect_20260902_0926,ncnn,320,1,10,46.43390000273939,21.535989868199838,1,0.8319580554962158,
bench_detect_20260902_0926,ncnn,320,1,11,43.67060000367928,22.898700725791475,2,0.8591515421867371,
bench_detect_20260902_0926,ncnn,320,1,12,53.57499999809079,18.66542230584482,1,0.8425639271736145,
bench_detect_20260902_0926,ncnn,320,1,13,36.992599998484366,27.032433514837326,2,0.8373714685440063,
bench_detect_20260902_0926,ncnn,320,1,14,35.41399999812711,28.237420230781204,1,0.870506763458252,
bench_detect_20260902_0926,ncnn,320,1,15,28.70959999563638,34.8315546072391,1,0.8714591264724731,
bench_detect_20260902_0926,ncnn,320,1,16,49.244400004681665,20.3068775313524,2,0.8616291880607605,
bench_detect_20260902_0926,ncnn,320,1,17,46.26609999831999,21.61409757978978,3,0.860371470451355,
bench_detect_20260902_0926,ncnn,320,1,18,55.31580000388203,18.078017491021022,2,0.8776816129684448,
bench_detect_20260902_0926,ncnn,320,1,19,52.42269999871496,19.075705753891217,1,0.8844538927078247,
bench_detect_20260902_0926,ncnn,320,1,20,35.44990000227699,28.208824282600762,2,0.871953547000885,
bench_detect_20260902_0926,ncnn,320,1,21,35.705599999346305,28.006811257010327,1,0.8574782609939575,
bench_detect_20260902_0926,ncnn,320,1,22,43.03950000030454,23.234470660507768,1,0.8467497825622559,
bench_detect_20260902_0926,ncnn,320,1,23,29.951799995615147,33.38697507817216,1,0.8392353653907776,
bench_detect_20260902_0926,ncnn,320,1,24,30.99110000039218,32.26732836160528,1,0.8665619492530823,
bench_detect_20260902_0926,ncnn,320,1,25,28.222999993886333,35.43209439877476,3,0.8383881449699402,
bench_detect_20260902_0926,ncnn,320,1,26,27.946300004259683,35.78291222264043,3,0.8507546782493591,
bench_detect_20260902_0926,ncnn,320,1,27,29.598000000987668,33.78606662499597,1,0.8478229641914368,
bench_detect_20260902_0926,ncnn,320,1,28,27.66840000549564,36.142313968331194,1,0.8780727386474609,
bench_detect_20260902_0926,ncnn,320,1,29,40.33180000260472,24.79433102255336,1,0.8478466868400574,
bench_detect_20260902_0926,ncnn,320,1,30,52.72889999469044,18.9649319462514,1,0.8513928651809692,
bench_detect_20260902_0926,ncnn,320,1,31,50.25059999752557,19.900259898374184,1,0.8696878552436829,
bench_detect_20260902_0926,ncnn,320,1,32,56.44709999614861,17.71570195932528,2,0.8461757302284241,
bench_detect_20260902_0926,ncnn,320,1,33,41.55839999293676,24.062524066613715,1,0.8386850953102112,
bench_detect_20260902_0926,ncnn,320,1,34,31.662499997764826,31.583103042103236,2,0.8442752361297607,
bench_detect_20260902_0926,ncnn,320,1,35,28.258399994228967,35.38770773307136,1,0.850351095199585,
bench_detect_20260902_0926,ncnn,320,1,36,33.59690000070259,29.76465090466941,1,0.8418047428131104,
bench_detect_20260902_0926,ncnn,320,1,37,38.611399999354035,25.899086798632784,1,0.8386184573173523,
bench_detect_20260902_0926,ncnn,320,1,38,52.958899999794085,18.882567425001053,1,0.8658448457717896,
bench_detect_20260902_0926,ncnn,320,1,39,47.08599999867147,21.23773520851665,2,0.8564574718475342,
bench_detect_20260902_0926,ncnn,320,1,40,48.83949999930337,20.475230090690193,1,0.8289921283721924,
bench_detect_20260902_0926,ncnn,320,1,41,45.46539999864763,21.9947476549144,1,0.8585211038589478,
bench_detect_20260902_0926,ncnn,320,1,42,25.032800003828015,39.94758875743345,2,0.8730190396308899,
bench_detect_20260902_0926,ncnn,320,1,43,31.895300002361182,31.352581726021416,1,0.8458724021911621,
bench_detect_20260902_0926,ncnn,320,1,44,54.17930000112392,18.457233666349612,1,0.8432603478431702,
bench_detect_20260902_0926,ncnn,320,1,45,54.09019999933662,18.48763731715291,1,0.8354376554489136,
bench_detect_20260902_0926,ncnn,320,1,46,56.57500000233995,17.675651788928676,1,0.8780819177627563,
bench_detect_20260902_0926,ncnn,320,1,47,38.03759999573231,26.28977643469085,1,0.8653020858764648,
bench_detect_20260902_0926,ncnn,320,1,48,28.881200007162988,34.62460007728157,1,0.8466676473617554,
bench_detect_20260902_0926,ncnn,320,1,49,30.585999993490987,32.69469692711731,1,0.8357387185096741,
bench_detect_20260902_0926,ncnn,320,1,50,32.26880000147503,30.989686630872214,2,0.8686113357543945,
bench_detect_20260902_0926,ncnn,320,1,51,26.31390000169631,38.00272859346336,1,0.8685365915298462,
bench_detect_20260902_0926,ncnn,320,1,52,36.64510000089649,27.288778035140737,1,0.845445990562439,
bench_detect_20260902_0926,ncnn,320,1,53,34.52180000022054,28.96720333220202,1,0.8381633758544922,
bench_detect_20260902_0926,ncnn,320,1,54,54.441700005554594,18.368272847798135,1,0.850558340549469,
bench_detect_20260902_0926,ncnn,320,1,55,56.832000002032146,17.59572072009155,1,0.8439571857452393,
bench_detect_20260902_0926,ncnn,320,1,56,49.76080000051297,20.09613993323442,1,0.8371194005012512,
bench_detect_20260902_0926,ncnn,320,1,57,39.63929999736138,25.227488882663565,1,0.8488039374351501,
bench_detect_20260902_0926,ncnn,320,1,58,28.986699995584786,34.498580388671996,3,0.8435398936271667,
bench_detect_20260902_0926,ncnn,320,1,59,26.51460000197403,37.7150701849377,1,0.8659918904304504,
bench_detect_20260902_0926,ncnn,320,1,60,32.27599999809172,30.98277357972251,2,0.8362575173377991,
bench_detect_20260902_0926,ncnn,320,1,61,26.134200001251884,38.26403716019996,1,0.8402529358863831,
bench_detect_20260902_0926,ncnn,320,1,62,32.787100004497916,30.499800222124385,2,0.8753019571304321,
bench_detect_20260902_0926,ncnn,320,1,63,34.14080000220565,29.2904677082961,1,0.8739727139472961,
bench_detect_20260902_0926,ncnn,320,1,64,31.563800002913922,31.68186339755294,1,0.8813585042953491,
bench_detect_20260902_0926,ncnn,320,1,65,27.47990000352729,36.39023431204775,1,0.8344634175300598,
bench_detect_20260902_0926,ncnn,320,1,66,38.36550000414718,26.065084513218995,2,0.8658980131149292,
bench_detect_20260902_0926,ncnn,320,1,67,34.47020000021439,29.01056564782857,1,0.8395223617553711,
bench_detect_20260902_0926,ncnn,320,1,68,32.85650000179885,30.435378081817944,2,0.8659769892692566,
bench_detect_20260902_0926,ncnn,320,1,69,27.754400005505886,36.030323112790086,1,0.8664171099662781,
bench_detect_20260902_0926,ncnn,320,1,70,29.746400003205054,33.617513376148175,1,0.8556603789329529,
bench_detect_20260902_0926,ncnn,320,1,71,26.01400000276044,38.44083954385663,1,0.8706234097480774,
bench_detect_20260902_0926,ncnn,320,1,72,33.95739999541547,29.44866215125446,1,0.8552781939506531,
bench_detect_20260902_0926,ncnn,320,1,73,49.017799996363465,20.400752381261256,1,0.8395993113517761,
bench_detect_20260902_0926,ncnn,320,1,74,42.615400001523085,23.465695498910247,1,0.8509736657142639,
bench_detect_20260902_0926,ncnn,320,1,75,44.91799999959767,22.262789973038803,1,0.8412089347839355,
bench_detect_20260902_0926,ncnn,320,1,76,56.61369999870658,17.663569065841774,2,0.8553760647773743,
bench_detect_20260902_0926,ncnn,320,1,77,47.181100002489984,21.194927628801043,1,0.8588331341743469,
bench_detect_20260902_0926,ncnn,320,1,78,45.01410000375472,22.21526143845124,1,0.8597092628479004,
bench_detect_20260902_0926,ncnn,320,1,79,35.12290000071516,28.471453096972013,3,0.8422051072120667,
bench_detect_20260902_0926,ncnn,320,1,80,29.46640000300249,33.936958702050624,1,0.8683741688728333,
bench_detect_20260902_0926,ncnn,320,1,81,35.68710000399733,28.021329833132686,1,0.8618001937866211,
bench_detect_20260902_0926,ncnn,320,1,82,27.663599998049904,36.148585146925676,2,0.852422833442688,
bench_detect_20260902_0926,ncnn,320,1,83,28.879699995741248,34.62639847877455,1,0.8346434235572815,
bench_detect_20260902_0926,ncnn,320,1,84,28.187999996589497,35.47608912022816,1,0.8658378720283508,
bench_detect_20260902_0926,ncnn,320,1,85,27.578900000662543,36.25960426180799,1,0.8456016778945923,
bench_detect_20260902_0926,ncnn,320,1,86,26.331799999752548,37.976894857525785,1,0.8533008098602295,
bench_detect_20260902_0926,ncnn,320,1,87,37.49319999769796,26.671503100866264,1,0.8807278871536255,
bench_detect_20260902_0926,ncnn,320,1,88,47.684500001196284,20.971175119271724,1,0.8535934090614319,
bench_detect_20260902_0926,ncnn,320,1,89,49.5530999978655,20.180372167292763,1,0.8226959705352783,
bench_detect_20260902_0926,ncnn,320,1,90,59.57779999880586,16.784775537533164,1,0.8351837992668152,
bench_detect_20260902_0926,ncnn,320,1,91,49.92869999841787,20.028560728232215,5,0.8622596859931946,
bench_detect_20260902_0926,ncnn,320,1,92,28.264800006581936,35.37969487727255,1,0.8443489074707031,
bench_detect_20260902_0926,ncnn,320,1,93,26.02679999836255,38.421934316278374,1,0.8922712802886963,
bench_detect_20260902_0926,ncnn,320,1,94,27.03079999628244,36.994835526049194,1,0.83056640625,
bench_detect_20260902_0926,ncnn,320,1,95,25.82339999935357,38.72456764117168,1,0.8475977778434753,
bench_detect_20260902_0926,ncnn,320,1,96,25.47950000007404,39.24723797551342,1,0.8309312462806702,
bench_detect_20260902_0926,ncnn,320,1,97,49.31829999986803,20.27644910718082,1,0.8784870505332947,
bench_detect_20260902_0926,ncnn,320,1,98,29.4240999937756,33.98574638515846,1,0.8540768623352051,
bench_detect_20260902_0926,ncnn,320,1,99,46.05789999914123,21.711801884554994,1,0.8631400465965271,
bench_detect_20260902_0926,ncnn,320,2,0,43.80680000031134,22.827506231746963,3,0.8670164942741394,
bench_detect_20260902_0926,ncnn,320,2,1,40.573300000687595,24.64675044876934,1,0.8328514695167542,
bench_detect_20260902_0926,ncnn,320,2,2,45.25619999913033,22.096419938466255,2,0.8697808384895325,
bench_detect_20260902_0926,ncnn,320,2,3,39.76249999686843,25.149324113895176,1,0.8827570676803589,
bench_detect_20260902_0926,ncnn,320,2,4,45.23709999921266,22.10574948476814,1,0.8138216137886047,
bench_detect_20260902_0926,ncnn,320,2,5,41.11220000049798,24.323680075206077,1,0.8523721098899841,
bench_detect_20260902_0926,ncnn,320,2,6,53.038300000480376,18.854299628588073,1,0.8551892638206482,
bench_detect_20260902_0926,ncnn,320,2,7,24.16549999907147,41.3813080647379,2,0.8453751802444458,
bench_detect_20260902_0926,ncnn,320,2,8,32.97670000029029,30.32444119609291,1,0.8628572225570679,
bench_detect_20260902_0926,ncnn,320,2,9,23.49810000305297,42.556632232822054,1,0.8440912961959839,
bench_detect_20260902_0926,ncnn,320,2,10,23.38679999957094,42.759163289477236,1,0.8319580554962158,
bench_detect_20260902_0926,ncnn,320,2,11,22.202000000106636,45.04098729822525,2,0.8591515421867371,
bench_detect_20260902_0926,ncnn,320,2,12,27.808300001197495,35.96048661575636,1,0.8425639271736145,
bench_detect_20260902_0926,ncnn,320,2,13,29.948099996545352,33.39109994007481,2,0.8373714685440063,
bench_detect_20260902_0926,ncnn,320,2,14,36.18089999508811,27.638892347502665,1,0.870506763458252,
bench_detect_20260902_0926,ncnn,320,2,15,40.70250000222586,24.56851544611053,1,0.8714591264724731,
bench_detect_20260902_0926,ncnn,320,2,16,32.678700001270045,30.60097249771672,2,0.8616291880607605,
bench_detect_20260902_0926,ncnn,320,2,17,27.118199999677017,36.875603838452044,3,0.860371470451355,
bench_detect_20260902_0926,ncnn,320,2,18,26.02389999810839,38.426215904329766,2,0.8776816129684448,
bench_detect_20260902_0926,ncnn,320,2,19,27.58229999744799,36.25513463679691,1,0.8844538927078247,
bench_detect_20260902_0926,ncnn,320,2,20,24.32270000281278,41.11385659833636,2,0.871953547000885,
bench_detect_20260902_0926,ncnn,320,2,21,24.99309999984689,40.011043048126325,1,0.8574782609939575,
bench_detect_20260902_0926,ncnn,320,2,22,24.91050000389805,40.14371449162071,1,0.8467497825622559,
bench_detect_20260902_0926,ncnn,320,2,23,26.678599999286234,37.483226257253165,1,0.8392353653907776,
bench_detect_20260902_0926,ncnn,320,2,24,22.54220000031637,44.3612424690565,1,0.8665619492530823,
bench_detect_20260902_0926,ncnn,320,2,25,30.237099999794737,33.07195465196029,3,0.8383881449699402,
bench_detect_20260902_0926,ncnn,320,2,26,39.00180000346154,25.639842261414774,3,0.8507546782493591,
bench_detect_20260902_0926,ncnn,320,2,27,24.669799997354858,40.53539145462152,1,0.8478229641914368,
bench_detect_20260902_0926,ncnn,320,2,28,24.48510000249371,40.841164622490986,1,0.8780727386474609,
bench_detect_20260902_0926,ncnn,320,2,29,23.985899999388494,41.69116022436074,1,0.8478466868400574,
bench_detect_20260902_0926,ncnn,320,2,30,18.122699999366887,55.179415872631274,1,0.8513928651809692,
bench_detect_20260902_0926,ncnn,320,2,31,29.36339999723714,34.05600169238208,1,0.8696878552436829,
bench_detect_20260902_0926,ncnn,320,2,32,26.584699997329153,37.61562101887422,2,0.8461757302284241,
bench_detect_20260902_0926,ncnn,320,2,33,28.24770000006538,35.40111230286662,1,0.8386850953102112,
bench_detect_20260902_0926,ncnn,320,2,34,22.209499999007676,45.02577725949167,2,0.8442752361297607,
bench_detect_20260902_0926,ncnn,320,2,35,26.317700001527555,37.99724139806887,1,0.850351095199585,
bench_detect_20260902_0926,ncnn,320,2,36,32.21070000290638,31.04558422852561,1,0.8418047428131104,
bench_detect_20260902_0926,ncnn,320,2,37,27.752600006351713,36.03265999477998,1,0.8386184573173523,
bench_detect_20260902_0926,ncnn,320,2,38,24.690499994903803,40.5014074322676,1,0.8658448457717896,
bench_detect_20260902_0926,ncnn,320,2,39,26.548299996647984,37.667195267729426,2,0.8564574718475342,
bench_detect_20260902_0926,ncnn,320,2,40,24.37400000053458,41.027324197015986,1,0.8289921283721924,
bench_detect_20260902_0926,ncnn,320,2,41,22.715899998729583,44.022028625585,1,0.8585211038589478,
bench_detect_20260902_0926,ncnn,320,2,42,22.90789999824483,43.65306292050422,2,0.8730190396308899,
bench_detect_20260902_0926,ncnn,320,2,43,23.404500003380235,42.72682603155689,1,0.8458724021911621,
bench_detect_20260902_0926,ncnn,320,2,44,26.373699998657685,37.916560818197524,1,0.8432603478431702,
bench_detect_20260902_0926,ncnn,320,2,45,24.744899994402658,40.412367810183184,1,0.8354376554489136,
bench_detect_20260902_0926,ncnn,320,2,46,28.628899999603163,34.92973883082694,1,0.8780819177627563,
bench_detect_20260902_0926,ncnn,320,2,47,28.306200001679827,35.32794935175527,1,0.8653020858764648,
bench_detect_20260902_0926,ncnn,320,2,48,32.093000001623295,31.159442867585426,1,0.8466676473617554,
bench_detect_20260902_0926,ncnn,320,2,49,23.494599998230115,42.562971920157466,1,0.8357387185096741,
bench_detect_20260902_0926,ncnn,320,2,50,21.825299998454284,45.818385088444245,2,0.8686113357543945,
bench_detect_20260902_0926,ncnn,320,2,51,26.499799998418894,37.73613385986554,1,0.8685365915298462,
bench_detect_20260902_0926,ncnn,320,2,52,28.536300000268966,35.04308547325948,1,0.845445990562439,
bench_detect_20260902_0926,ncnn,320,2,53,21.810800004459452,45.84884551669536,1,0.8381633758544922,
bench_detect_20260902_0926,ncnn,320,2,54,20.38439999887487,49.0571221156961,1,0.850558340549469,
bench_detect_20260902_0926,ncnn,320,2,55,21.20890000514919,47.150017198308994,1,0.8439571857452393,
bench_detect_20260902_0926,ncnn,320,2,56,24.900600001274142,40.15967486521734,1,0.8371194005012512,
bench_detect_20260902_0926,ncnn,320,2,57,21.960799997032154,45.53568176638114,1,0.8488039374351501,
bench_detect_20260902_0926,ncnn,320,2,58,19.877799997630063,50.30737808606713,3,0.8435398936271667,
bench_detect_20260902_0926,ncnn,320,2,59,21.713399997679517,46.05451012309766,1,0.8659918904304504,
bench_detect_20260902_0926,ncnn,320,2,60,20.6356999988202,48.45970817840794,2,0.8362575173377991,
bench_detect_20260902_0926,ncnn,320,2,61,22.77939999476075,43.89931254686249,1,0.8402529358863831,
bench_detect_20260902_0926,ncnn,320,2,62,34.8433000035584,28.699922220279774,2,0.8753019571304321,
bench_detect_20260902_0926,ncnn,320,2,63,30.072800000198185,33.252640259417475,1,0.8739727139472961,
bench_detect_20260902_0926,ncnn,320,2,64,23.808400001144037,42.001982491555424,1,0.8813585042953491,
bench_detect_20260902_0926,ncnn,320,2,65,21.393200004240498,46.74382513143349,1,0.8344634175300598,
bench_detect_20260902_0926,ncnn,320,2,66,23.202299998956732,43.09917551471035,2,0.8658980131149292,
bench_detect_20260902_0926,ncnn,320,2,67,20.745200003148057,48.20392186376855,1,0.8395223617553711,
bench_detect_20260902_0926,ncnn,320,2,68,23.457499999494758,42.63028882112496,2,0.8659769892692566,
bench_detect_20260902_0926,ncnn,320,2,69,26.65540000452893,37.515850440439586,1,0.8664171099662781,
bench_detect_20260902_0926,ncnn,320,2,70,24.554000003263354,40.726561858234696,1,0.8556603789329529,
bench_detect_20260902_0926,ncnn,320,2,71,30.48570000100881,32.80226466726724,1,0.8706234097480774,
bench_detect_20260902_0926,ncnn,320,2,72,31.09039999981178,32.16426935665202,1,0.8552781939506531,
bench_detect_20260902_0926,ncnn,320,2,73,31.292499996197876,31.956539110697538,1,0.8395993113517761,
bench_detect_20260902_0926,ncnn,320,2,74,20.153400000708643,49.61941905409695,1,0.8509736657142639,
bench_detect_20260902_0926,ncnn,320,2,75,20.445100002689287,48.91147511474451,1,0.8412089347839355,
bench_detect_20260902_0926,ncnn,320,2,76,20.02350000111619,49.941318947449545,2,0.8553760647773743,
bench_detect_20260902_0926,ncnn,320,2,77,24.59120000276016,40.66495331206929,1,0.8588331341743469,
bench_detect_20260902_0926,ncnn,320,2,78,23.93290000327397,41.78348632481655,1,0.8597092628479004,
bench_detect_20260902_0926,ncnn,320,2,79,21.532400001888163,46.44164142930238,3,0.8422051072120667,
bench_detect_20260902_0926,ncnn,320,2,80,30.41230000235373,32.88143283877267,1,0.8683741688728333,
bench_detect_20260902_0926,ncnn,320,2,81,23.130900000978727,43.2322131848604,1,0.8618001937866211,
bench_detect_20260902_0926,ncnn,320,2,82,31.74589999980526,31.500130725735744,2,0.852422833442688,
bench_detect_20260902_0926,ncnn,320,2,83,20.816199998080265,48.039507695555535,1,0.8346434235572815,
bench_detect_20260902_0926,ncnn,320,2,84,21.858800006157253,45.74816548567703,1,0.8658378720283508,
bench_detect_20260902_0926,ncnn,320,2,85,26.174700004048645,38.20483137706725,1,0.8456016778945923,
bench_detect_20260902_0926,ncnn,320,2,86,26.06050000031246,38.37224918892616,1,0.8533008098602295,
bench_detect_20260902_0926,ncnn,320,2,87,22.780100000090897,43.89796357329467,1,0.8807278871536255,
bench_detect_20260902_0926,ncnn,320,2,88,28.39210000092862,35.22106501341193,1,0.8535934090614319,
bench_detect_20260902_0926,ncnn,320,2,89,28.495600003225263,35.09313718211988,1,0.8226959705352783,
bench_detect_20260902_0926,ncnn,320,2,90,30.926900006306823,32.33431090073927,1,0.8351837992668152,
bench_detect_20260902_0926,ncnn,320,2,91,31.193099996016826,32.05837188761919,5,0.8622596859931946,
bench_detect_20260902_0926,ncnn,320,2,92,27.261600000201724,36.68163277256656,1,0.8443489074707031,
bench_detect_20260902_0926,ncnn,320,2,93,23.7081000013859,42.17967698556794,1,0.8922712802886963,
bench_detect_20260902_0926,ncnn,320,2,94,29.784500002278946,33.574510229263055,1,0.83056640625,
bench_detect_20260902_0926,ncnn,320,2,95,34.96330000052694,28.601419201989764,1,0.8475977778434753,
bench_detect_20260902_0926,ncnn,320,2,96,62.191599994548596,16.07934190610396,1,0.8309312462806702,
bench_detect_20260902_0926,ncnn,320,2,97,52.175199998600874,19.16619390106441,1,0.8784870505332947,
bench_detect_20260902_0926,ncnn,320,2,98,33.18600000056904,30.13318869351091,1,0.8540768623352051,
bench_detect_20260902_0926,ncnn,320,2,99,32.24390000104904,31.01361807868978,1,0.8631400465965271,
bench_detect_20260902_0926,ncnn,320,4,0,28.757300002325792,34.77377917673507,3,0.8670164942741394,
bench_detect_20260902_0926,ncnn,320,4,1,28.834400000050664,34.68079793573797,1,0.8328514695167542,
bench_detect_20260902_0926,ncnn,320,4,2,28.862699997262098,34.64679326933584,2,0.8697808384895325,
bench_detect_20260902_0926,ncnn,320,4,3,25.61979999882169,39.03231094879711,1,0.8827570676803589,
bench_detect_20260902_0926,ncnn,320,4,4,25.350299998535775,39.44726492616496,1,0.8138216137886047,
bench_detect_20260902_0926,ncnn,320,4,5,27.762400000938214,36.019940637920556,1,0.8523721098899841,
bench_detect_20260902_0926,ncnn,320,4,6,28.413000000000466,35.19515714637608,1,0.8551892638206482,
bench_detect_20260902_0926,ncnn,320,4,7,29.555100001743995,33.835107982750586,2,0.8453751802444458,
bench_detect_20260902_0926,ncnn,320,4,8,31.176500000583474,32.0754414376625,1,0.8628572225570679,
bench_detect_20260902_0926,ncnn,320,4,9,29.48109999852022,33.92003690670274,1,0.8440912961959839,
bench_detect_20260902_0926,ncnn,320,4,10,26.93050000380026,37.13261914405177,1,0.8319580554962158,
bench_detect_20260902_0926,ncnn,320,4,11,28.7121000001207,34.828521772903976,2,0.8591515421867371,
bench_detect_20260902_0926,ncnn,320,4,12,24.795400000584777,40.33006122008179,1,0.8425639271736145,
bench_detect_20260902_0926,ncnn,320,4,13,25.052900004084222,39.91553871356115,2,0.8373714685440063,
bench_detect_20260902_0926,ncnn,320,4,14,27.60400000261143,36.22663381775818,1,0.870506763458252,
bench_detect_20260902_0926,ncnn,320,4,15,40.43709999677958,24.729765489603366,1,0.8714591264724731,
bench_detect_20260902_0926,ncnn,320,4,16,32.572000003710855,30.701215764646697,2,0.8616291880607605,
bench_detect_20260902_0926,ncnn,320,4,17,31.563500000629574,31.68216452484844,3,0.860371470451355,
bench_detect_20260902_0926,ncnn,320,4,18,32.80349999840837,30.48455195477678,2,0.8776816129684448,
bench_detect_20260902_0926,ncnn,320,4,19,30.366099999810103,32.9314597530224,1,0.8844538927078247,
bench_detect_20260902_0926,ncnn,320,4,20,30.84829999716021,32.41669719537403,2,0.871953547000885,
bench_detect_20260902_0926,ncnn,320,4,21,29.804200006765313,33.552318122043474,1,0.8574782609939575,
bench_detect_20260902_0926,ncnn,320,4,22,30.06720000121277,33.258833544848365,1,0.8467497825622559,
bench_detect_20260902_0926,ncnn,320,4,23,29.175400006351992,34.275451228853164,1,0.8392353653907776,
bench_detect_20260902_0926,ncnn,320,4,24,31.809899999643676,31.436753966884577,1,0.8665619492530823,
bench_detect_20260902_0926,ncnn,320,4,25,38.09860000183107,26.2476836406571,3,0.8383881449699402,
bench_detect_20260902_0926,ncnn,320,4,26,31.0444999995525,32.21182496140749,3,0.8507546782493591,
bench_detect_20260902_0926,ncnn,320,4,27,32.88800000154879,30.40622719389769,1,0.8478229641914368,
bench_detect_20260902_0926,ncnn,320,4,28,29.383799999777693,34.03235796621151,1,0.8780727386474609,
bench_detect_20260902_0926,ncnn,320,4,29,32.267000002320856,30.991415375711203,1,0.8478466868400574,
bench_detect_20260902_0926,ncnn,320,4,30,32.99920000426937,30.303764935835478,1,0.8513928651809692,
bench_detect_20260902_0926,ncnn,320,4,31,28.224500005308073,35.43021133454743,1,0.8696878552436829,
bench_detect_20260902_0926,ncnn,320,4,32,30.71799999452196,32.55420275338021,2,0.8461757302284241,
bench_detect_20260902_0926,ncnn,320,4,33,31.752599999890663,31.493483998269227,1,0.8386850953102112,
bench_detect_20260902_0926,ncnn,320,4,34,30.16619999834802,33.14968408532605,2,0.8442752361297607,
bench_detect_20260902_0926,ncnn,320,4,35,33.0824999982724,30.227461650486543,1,0.850351095199585,
bench_detect_20260902_0926,ncnn,320,4,36,37.83970000222325,26.427270827761465,1,0.8418047428131104,
bench_detect_20260902_0926,ncnn,320,4,37,38.14330000022892,26.21692407300885,1,0.8386184573173523,
bench_detect_20260902_0926,ncnn,320,4,38,34.97530000458937,28.591606072536404,1,0.8658448457717896,
bench_detect_20260902_0926,ncnn,320,4,39,36.50079999351874,27.39665980410196,2,0.8564574718475342,
bench_detect_20260902_0926,ncnn,320,4,40,32.36810000089463,30.894615376631954,1,0.8289921283721924,
bench_detect_20260902_0926,ncnn,320,4,41,34.820100001525134,28.719044458694825,1,0.8585211038589478,
bench_detect_20260902_0926,ncnn,320,4,42,27.764899998146575,36.016697343291504,2,0.8730190396308899,
bench_detect_20260902_0926,ncnn,320,4,43,32.478399996762164,30.78969407666917,1,0.8458724021911621,
bench_detect_20260902_0926,ncnn,320,4,44,29.87540000322042,33.47235517824715,1,0.8432603478431702,
bench_detect_20260902_0926,ncnn,320,4,45,42.42399999930058,23.57156326646442,1,0.8354376554489136,
bench_detect_20260902_0926,ncnn,320,4,46,38.98069999559084,25.653720946856044,1,0.8780819177627563,
bench_detect_20260902_0926,ncnn,320,4,47,44.97579999588197,22.234179271776398,1,0.8653020858764648,
bench_detect_20260902_0926,ncnn,320,4,48,40.90569999971194,24.44647078541724,1,0.8466676473617554,
bench_detect_20260902_0926,ncnn,320,4,49,36.823000002186745,27.156939954393035,1,0.8357387185096741,
bench_detect_20260902_0926,ncnn,320,4,50,35.9461000043666,27.819429642673995,2,0.8686113357543945,
bench_detect_20260902_0926,ncnn,320,4,51,33.540699994773604,29.81452385179267,1,0.8685365915298462,
bench_detect_20260902_0926,ncnn,320,4,52,31.481599995458964,31.76458630260991,1,0.845445990562439,
bench_detect_20260902_0926,ncnn,320,4,53,32.99189999961527,30.31047014605589,1,0.8381633758544922,
bench_detect_20260902_0926,ncnn,320,4,54,28.836999998020474,34.6776710499929,1,0.850558340549469,
bench_detect_20260902_0926,ncnn,320,4,55,33.51049999764655,29.841392998320835,1,0.8439571857452393,
bench_detect_20260902_0926,ncnn,320,4,56,38.1545999989612,26.209159577802573,1,0.8371194005012512,
bench_detect_20260902_0926,ncnn,320,4,57,55.00910000409931,18.17881041364937,1,0.8488039374351501,
bench_detect_20260902_0926,ncnn,320,4,58,34.20639999967534,29.234295336822676,3,0.8435398936271667,
bench_detect_20260902_0926,ncnn,320,4,59,39.18049999629147,25.522900424819806,1,0.8659918904304504,
bench_detect_20260902_0926,ncnn,320,4,60,33.18620000209194,30.133007091410395,2,0.8362575173377991,
bench_detect_20260902_0926,ncnn,320,4,61,37.517600001592655,26.65415698119147,1,0.8402529358863831,
bench_detect_20260902_0926,ncnn,320,4,62,40.52310000406578,24.67728283126581,2,0.8753019571304321,
bench_detect_20260902_0926,ncnn,320,4,63,35.487900000589434,28.178618627289598,1,0.8739727139472961,
bench_detect_20260902_0926,ncnn,320,4,64,35.39630000159377,28.25154041396907,1,0.8813585042953491,
bench_detect_20260902_0926,ncnn,320,4,65,43.715800005884375,22.875024587572337,1,0.8344634175300598,
bench_detect_20260902_0926,ncnn,320,4,66,32.419900002423674,30.845252450662745,2,0.8658980131149292,
bench_detect_20260902_0926,ncnn,320,4,67,33.337000000756234,29.996700362279615,1,0.8395223617553711,
bench_detect_20260902_0926,ncnn,320,4,68,36.796200001845136,27.176719333785968,2,0.8659769892692566,
bench_detect_20260902_0926,ncnn,320,4,69,32.97829999792157,30.322969954880158,1,0.8664171099662781,
bench_detect_20260902_0926,ncnn,320,4,70,28.711200000543613,34.82961352994881,1,0.8556603789329529,
bench_detect_20260902_0926,ncnn,320,4,71,30.36459999566432,32.93308655944051,1,0.8706234097480774,
bench_detect_20260902_0926,ncnn,320,4,72,36.19159999652766,27.63072094342177,1,0.8552781939506531,
bench_detect_20260902_0926,ncnn,320,4,73,32.08850000373786,31.16381257720099,1,0.8395993113517761,
bench_detect_20260902_0926,ncnn,320,4,74,33.99350000108825,29.41738861747059,1,0.8509736657142639,
bench_detect_20260902_0926,ncnn,320,4,75,32.45829999650596,30.808760782531653,1,0.8412089347839355,
bench_detect_20260902_0926,ncnn,320,4,76,30.44620000582654,32.844821350731074,2,0.8553760647773743,
bench_detect_20260902_0926,ncnn,320,4,77,33.39910000067903,29.940926551304354,1,0.8588331341743469,
bench_detect_20260902_0926,ncnn,320,4,78,30.640999997558538,32.63601057666785,1,0.8597092628479004,
bench_detect_20260902_0926,ncnn,320,4,79,34.03740000067046,29.379447313258424,3,0.8422051072120667,
bench_detect_20260902_0926,ncnn,320,4,80,34.76499999669613,28.764562062276262,1,0.8683741688728333,
bench_detect_20260902_0926,ncnn,320,4,81,38.43020000203978,26.021202074069933,1,0.8618001937866211,
bench_detect_20260902_0926,ncnn,320,4,82,28.522499997052364,35.06004032266962,2,0.852422833442688,
bench_detect_20260902_0926,ncnn,320,4,83,30.733200001122896,32.538102116390846,1,0.8346434235572815,
bench_detect_20260902_0926,ncnn,320,4,84,34.28379999968456,29.16829523008537,1,0.8658378720283508,
bench_detect_20260902_0926,ncnn,320,4,85,31.70479999971576,31.540965406151912,1,0.8456016778945923,
bench_detect_20260902_0926,ncnn,320,4,86,33.57690000120783,29.782380147185354,1,0.8533008098602295,
bench_detect_20260902_0926,ncnn,320,4,87,39.3744000029983,25.397212400032803,1,0.8807278871536255,
bench_detect_20260902_0926,ncnn,320,4,88,40.62859999976354,24.613203507032487,1,0.8535934090614319,
bench_detect_20260902_0926,ncnn,320,4,89,40.138699994713534,24.913612053497122,1,0.8226959705352783,
bench_detect_20260902_0926,ncnn,320,4,90,35.230600005888846,28.384415815593506,1,0.8351837992668152,
bench_detect_20260902_0926,ncnn,320,4,91,39.927600002556574,25.045332049408675,5,0.8622596859931946,
bench_detect_20260902_0926,ncnn,320,4,92,34.64749999693595,28.86211126599134,1,0.8443489074707031,
bench_detect_20260902_0926,ncnn,320,4,93,29.742200000328012,33.62226062594467,1,0.8922712802886963,
bench_detect_20260902_0926,ncnn,320,4,94,26.86790000007022,37.21913510164123,1,0.83056640625,
bench_detect_20260902_0926,ncnn,320,4,95,38.5039999964647,25.97132765665428,1,0.8475977778434753,
bench_detect_20260902_0926,ncnn,320,4,96,37.58739999466343,26.604660076035525,1,0.8309312462806702,
bench_detect_20260902_0926,ncnn,320,4,97,39.813600000343286,25.11704543149521,1,0.8784870505332947,
bench_detect_20260902_0926,ncnn,320,4,98,36.361699996632524,27.501464455529046,1,0.8540768623352051,
bench_detect_20260902_0926,ncnn,320,4,99,36.116700001002755,27.688022437604644,1,0.8631400465965271,
bench_detect_20260902_0926,ncnn,640,1,0,149.88430000084918,6.67181285828025,1,0.8214687705039978,
bench_detect_20260902_0926,ncnn,640,1,1,188.7700000006589,5.297451925605284,1,0.8121480345726013,
bench_detect_20260902_0926,ncnn,640,1,2,164.7965000011027,6.068090038279386,1,0.8395454287528992,
bench_detect_20260902_0926,ncnn,640,1,3,171.3990999996895,5.834336353001921,1,0.8316106796264648,
bench_detect_20260902_0926,ncnn,640,1,4,165.7063000020571,6.034773572203265,1,0.7443011403083801,
bench_detect_20260902_0926,ncnn,640,1,5,140.91159999952652,7.09664782745608,1,0.8330689668655396,
bench_detect_20260902_0926,ncnn,640,1,6,184.35429999954067,5.424337810414466,1,0.8096312284469604,
bench_detect_20260902_0926,ncnn,640,1,7,128.1204000042635,7.8051582727397255,2,0.8250117301940918,
bench_detect_20260902_0926,ncnn,640,1,8,139.49999999749707,7.168458781490624,1,0.848911464214325,
bench_detect_20260902_0926,ncnn,640,1,9,131.26879999617813,7.6179564376997035,1,0.830953061580658,
bench_detect_20260902_0926,ncnn,640,1,10,120.24409999867203,8.31641635648688,1,0.8210681080818176,
bench_detect_20260902_0926,ncnn,640,1,11,174.11369999899762,5.743373439343125,1,0.8629554510116577,
bench_detect_20260902_0926,ncnn,640,1,12,130.82020000001648,7.6440794311572215,1,0.8423637747764587,
bench_detect_20260902_0926,ncnn,640,1,13,128.31290000031004,7.7934486711592035,2,0.8258850574493408,
bench_detect_20260902_0926,ncnn,640,1,14,123.4385999996448,8.101193629892737,1,0.8677327632904053,
bench_detect_20260902_0926,ncnn,640,1,15,159.2527999964659,6.279324445298241,1,0.8611426949501038,
bench_detect_20260902_0926,ncnn,640,1,16,131.89280000369763,7.581915009552946,2,0.8343462347984314,
bench_detect_20260902_0926,ncnn,640,1,17,136.8438999998034,7.3075964657645445,3,0.839414656162262,
bench_detect_20260902_0926,ncnn,640,1,18,205.83189999888418,4.858333426477728,2,0.8466665744781494,
bench_detect_20260902_0926,ncnn,640,1,19,172.6048999989871,5.793578281994708,1,0.8641485571861267,
bench_detect_20260902_0926,ncnn,640,1,20,204.14660000096774,4.898440630386495,2,0.8630983233451843,
bench_detect_20260902_0926,ncnn,640,1,21,197.1698000052129,5.0717706259962805,1,0.8406503796577454,
bench_detect_20260902_0926,ncnn,640,1,22,150.4826000018511,6.645286564610785,1,0.8391132950782776,
bench_detect_20260902_0926,ncnn,640,1,23,201.26109999546316,4.968670051105465,1,0.8192141056060791,
bench_detect_20260902_0926,ncnn,640,1,24,198.09449999593198,5.04809573219113,1,0.8192446231842041,
bench_detect_20260902_0926,ncnn,640,1,25,155.3972999972757,6.435118242192955,2,0.8416053652763367,
bench_detect_20260902_0926,ncnn,640,1,26,140.62579999881564,7.111070657080153,3,0.8323209881782532,
bench_detect_20260902_0926,ncnn,640,1,27,150.50779999728547,6.644173923331786,1,0.8368034958839417,
bench_detect_20260902_0926,ncnn,640,1,28,114.60269999952288,8.7257979088116,1,0.8446123003959656,
bench_detect_20260902_0926,ncnn,640,1,29,138.67689999460708,7.211006303421033,1,0.8436523079872131,
bench_detect_20260902_0926,ncnn,640,1,30,115.20879999443423,8.679892508630507,1,0.8377924561500549,
bench_detect_20260902_0926,ncnn,640,1,31,168.4626999995089,5.936032130572021,1,0.843222439289093,
bench_detect_20260902_0926,ncnn,640,1,32,172.322799997346,5.803062624419991,1,0.8313406705856323,
bench_detect_20260902_0926,ncnn,640,1,33,211.82450000196695,4.720889226650903,1,0.8367629647254944,
bench_detect_20260902_0926,ncnn,640,1,34,174.55019999761134,5.729010909260973,1,0.794060230255127,
bench_detect_20260902_0926,ncnn,640,1,35,210.13430000311928,4.758861356690249,1,0.844182014465332,
bench_detect_20260902_0926,ncnn,640,1,36,215.01550000539282,4.65082749836602,1,0.8246176838874817,
bench_detect_20260902_0926,ncnn,640,1,37,216.12779999850318,4.626892051864339,1,0.845628023147583,
bench_detect_20260902_0926,ncnn,640,1,38,175.3753000011784,5.702057245195194,1,0.8481340408325195,
bench_detect_20260902_0926,ncnn,640,1,39,187.74580000172136,5.326350842420077,2,0.8228015303611755,
bench_detect_20260902_0926,ncnn,640,1,40,230.67820000142092,4.335043363412062,1,0.8118503093719482,
bench_detect_20260902_0926,ncnn,640,1,41,219.2670999938855,4.560647721559167,1,0.8480193018913269,
bench_detect_20260902_0926,ncnn,640,1,42,173.45149999891873,5.765300386599331,2,0.8532117605209351,
bench_detect_20260902_0926,ncnn,640,1,43,139.90420000482118,7.147748244624103,1,0.8299168944358826,
bench_detect_20260902_0926,ncnn,640,1,44,110.86490000161575,9.01998738992617,1,0.7718534469604492,
bench_detect_20260902_0926,ncnn,640,1,45,117.04530000133673,8.54370060129351,1,0.8479881286621094,
bench_detect_20260902_0926,ncnn,640,1,46,116.93849999574013,8.55150356842638,1,0.848056435585022,
bench_detect_20260902_0926,ncnn,640,1,47,117.49640000198269,8.510899057189203,1,0.8432230353355408,
bench_detect_20260902_0926,ncnn,640,1,48,126.3669000036316,7.913464680792687,1,0.815872073173523,
bench_detect_20260902_0926,ncnn,640,1,49,113.38529999920866,8.819485418365337,1,0.7787197828292847,
bench_detect_20260902_0926,ncnn,640,1,50,112.81660000531701,8.863943780905206,2,0.8698756694793701,
bench_detect_20260902_0926,ncnn,640,1,51,120.06190000101924,8.32903693837521,1,0.8253887891769409,
bench_detect_20260902_0926,ncnn,640,1,52,114.91509999905247,8.702076576605211,1,0.8267797231674194,
bench_detect_20260902_0926,ncnn,640,1,53,112.4095000050147,8.896045262681437,1,0.8350737690925598,
bench_detect_20260902_0926,ncnn,640,1,54,132.3088999997708,7.558070545531951,1,0.8424330353736877,
bench_detect_20260902_0926,ncnn,640,1,55,115.74780000228202,8.639473061088717,1,0.8537830710411072,
bench_detect_20260902_0926,ncnn,640,1,56,115.49840000225231,8.658128597283591,1,0.8273897767066956,
bench_detect_20260902_0926,ncnn,640,1,57,116.00869999529095,8.620043152285925,1,0.826176106929779,
bench_detect_20260902_0926,ncnn,640,1,58,117.82099999982165,8.487451303260995,2,0.8604757785797119,
bench_detect_20260902_0926,ncnn,640,1,59,106.6209999989951,9.379015391052654,1,0.818992555141449,
bench_detect_20260902_0926,ncnn,640,1,60,205.1285999987158,4.8749906156735845,2,0.8329590559005737,
bench_detect_20260902_0926,ncnn,640,1,61,169.6550999986357,5.894311459001478,1,0.8284342288970947,
bench_detect_20260902_0926,ncnn,640,1,62,118.91590000595897,8.409304390328705,2,0.8373320698738098,
bench_detect_20260902_0926,ncnn,640,1,63,215.7539000036195,4.634910423325946,1,0.8421450257301331,
bench_detect_20260902_0926,ncnn,640,1,64,185.77430000004824,5.38287588756755,1,0.8202604651451111,
bench_detect_20260902_0926,ncnn,640,1,65,119.03589999565156,8.400826977714543,1,0.8330275416374207,
bench_detect_20260902_0926,ncnn,640,1,66,116.26370000158204,8.601136898158176,2,0.8189752101898193,
bench_detect_20260902_0926,ncnn,640,1,67,127.10910000168951,7.86725734024321,1,0.8267175555229187,
bench_detect_20260902_0926,ncnn,640,1,68,122.14840000524418,8.186762986310644,2,0.8485023379325867,
bench_detect_20260902_0926,ncnn,640,1,69,126.01530000392813,7.9355443344485,1,0.8594738841056824,
bench_detect_20260902_0926,ncnn,640,1,70,121.16199999582022,8.25341278647181,1,0.8575980067253113,
bench_detect_20260902_0926,ncnn,640,1,71,111.33419999532634,8.981966009024887,1,0.8561351895332336,
bench_detect_20260902_0926,ncnn,640,1,72,121.73259999690345,8.214726375888114,1,0.8265811800956726,
bench_detect_20260902_0926,ncnn,640,1,73,113.59100000117905,8.803514362842304,1,0.8261642456054688,
bench_detect_20260902_0926,ncnn,640,1,74,116.24100000335602,8.602816561894072,1,0.8381205797195435,
bench_detect_20260902_0926,ncnn,640,1,75,124.42770000052406,8.03679566524004,1,0.8184217214584351,
bench_detect_20260902_0926,ncnn,640,1,76,120.91900000086753,8.269998924840808,2,0.8448438048362732,
bench_detect_20260902_0926,ncnn,640,1,77,116.91979999886826,8.55287128450168,1,0.8476136922836304,
bench_detect_20260902_0926,ncnn,640,1,78,126.893900000141,7.880599461431076,1,0.8524566292762756,
bench_detect_20260902_0926,ncnn,640,1,79,144.03329999913694,6.942838912987428,4,0.839610755443573,
bench_detect_20260902_0926,ncnn,640,1,80,114.39080000127433,8.741961766058633,1,0.8314980268478394,
bench_detect_20260902_0926,ncnn,640,1,81,109.5287999996799,9.130018771345275,1,0.8271514773368835,
bench_detect_20260902_0926,ncnn,640,1,82,112.54760000156239,8.88512949175387,2,0.8298346996307373,
bench_detect_20260902_0926,ncnn,640,1,83,132.0759000009275,7.571404018393799,1,0.8219830989837646,
bench_detect_20260902_0926,ncnn,640,1,84,130.12889999663457,7.684688028761192,1,0.8257671594619751,
bench_detect_20260902_0926,ncnn,640,1,85,127.50170000072103,7.843032681088526,1,0.811461329460144,
bench_detect_20260902_0926,ncnn,640,1,86,112.95800000516465,8.852847960784345,1,0.8388513922691345,
bench_detect_20260902_0926,ncnn,640,1,87,112.92200000025332,8.855670285664058,1,0.8571673035621643,
bench_detect_20260902_0926,ncnn,640,1,88,125.19389999943087,7.987609619993833,1,0.8460314273834229,
bench_detect_20260902_0926,ncnn,640,1,89,134.35369999933755,7.443040273583315,1,0.7928651571273804,
bench_detect_20260902_0926,ncnn,640,1,90,111.76179999893066,8.947601058765768,1,0.8154221177101135,
bench_detect_20260902_0926,ncnn,640,1,91,134.5556000014767,7.431872029027594,6,0.85065096616745,
bench_detect_20260902_0926,ncnn,640,1,92,152.8517999977339,6.542284749115322,1,0.8413549065589905,
bench_detect_20260902_0926,ncnn,640,1,93,158.54730000137351,6.307266033488662,1,0.8516277074813843,
bench_detect_20260902_0926,ncnn,640,1,94,150.02509999612812,6.665551297921536,1,0.8222675323486328,
bench_detect_20260902_0926,ncnn,640,1,95,113.47570000361884,8.812459407327816,1,0.8292026519775391,
bench_detect_20260902_0926,ncnn,640,1,96,114.30529999779537,8.74850072585687,1,0.8072890043258667,
bench_detect_20260902_0926,ncnn,640,1,97,115.45499999920139,8.661383222960609,1,0.8510768413543701,
bench_detect_20260902_0926,ncnn,640,1,98,125.05769999552285,7.996308904096274,1,0.8391404151916504,
bench_detect_20260902_0926,ncnn,640,1,99,121.1853000058909,8.251825922379936,1,0.8497687578201294,
bench_detect_20260902_0926,ncnn,640,2,0,104.83279999607475,9.538999244868428,1,0.8214687705039978,
bench_detect_20260902_0926,ncnn,640,2,1,96.00320000026841,10.41631945598901,1,0.8121480345726013,
bench_detect_20260902_0926,ncnn,640,2,2,100.4220000031637,9.957977335329867,1,0.8395454287528992,
bench_detect_20260902_0926,ncnn,640,2,3,98.00990000076126,10.203050916205738,1,0.8316106796264648,
bench_detect_20260902_0926,ncnn,640,2,4,106.00039999553701,9.433926664824883,1,0.7443011403083801,
bench_detect_20260902_0926,ncnn,640,2,5,101.70559999824036,9.832300286486696,1,0.8330689668655396,
bench_detect_20260902_0926,ncnn,640,2,6,112.32079999899724,8.903070491030402,1,0.8096312284469604,
bench_detect_20260902_0926,ncnn,640,2,7,89.79560000443598,11.13640311942455,2,0.8250117301940918,
bench_detect_20260902_0926,ncnn,640,2,8,111.5258999998332,8.966527057853787,1,0.848911464214325,
bench_detect_20260902_0926,ncnn,640,2,9,106.66110000602202,9.37548928281764,1,0.830953061580658,
bench_detect_20260902_0926,ncnn,640,2,10,94.19769999658456,10.61597045401595,1,0.8210681080818176,
bench_detect_20260902_0926,ncnn,640,2,11,99.50360000220826,10.049887642033125,1,0.8629554510116577,
bench_detect_20260902_0926,ncnn,640,2,12,96.40519999811659,10.372884450419027,1,0.8423637747764587,
bench_detect_20260902_0926,ncnn,640,2,13,81.35800000309246,12.291354260945322,2,0.8258850574493408,
bench_detect_20260902_0926,ncnn,640,2,14,89.08099999825936,11.225738373160832,1,0.8677327632904053,
bench_detect_20260902_0926,ncnn,640,2,15,95.94780000043102,10.422333810629402,1,0.8611426949501038,
bench_detect_20260902_0926,ncnn,640,2,16,94.26489999896148,10.608402491394115,2,0.8343462347984314,
bench_detect_20260902_0926,ncnn,640,2,17,82.6556999963941,12.098379180669035,3,0.839414656162262,
bench_detect_20260902_0926,ncnn,640,2,18,82.01619999454124,12.192713147726389,2,0.8466665744781494,
bench_detect_20260902_0926,ncnn,640,2,19,104.83889999886742,9.538444222619686,1,0.8641485571861267,
bench_detect_20260902_0926,ncnn,640,2,20,109.4403000024613,9.137401852676849,2,0.8630983233451843,
bench_detect_20260902_0926,ncnn,640,2,21,121.19289999827743,8.251308451354936,1,0.8406503796577454,
bench_detect_20260902_0926,ncnn,640,2,22,108.31540000071982,9.23229753103764,1,0.8391132950782776,
bench_detect_20260902_0926,ncnn,640,2,23,90.7357999967644,11.021008246311375,1,0.8192141056060791,
bench_detect_20260902_0926,ncnn,640,2,24,104.38989999965997,9.579470810904668,1,0.8192446231842041,
bench_detect_20260902_0926,ncnn,640,2,25,84.76640000299085,11.797127163176878,2,0.8416053652763367,
bench_detect_20260902_0926,ncnn,640,2,26,79.85069999995176,12.523371742522034,3,0.8323209881782532,
bench_detect_20260902_0926,ncnn,640,2,27,79.48190000024624,12.58148081509,1,0.8368034958839417,
bench_detect_20260902_0926,ncnn,640,2,28,93.80780000356026,10.660094362750723,1,0.8446123003959656,
bench_detect_20260902_0926,ncnn,640,2,29,122.9040999969584,8.136425066574246,1,0.8436523079872131,
bench_detect_20260902_0926,ncnn,640,2,30,114.2695000016829,8.75124158227062,1,0.8377924561500549,
bench_detect_20260902_0926,ncnn,640,2,31,104.08930000266992,9.607135411366487,1,0.843222439289093,
bench_detect_20260902_0926,ncnn,640,2,32,96.50970000075176,10.361652766428769,1,0.8313406705856323,
bench_detect_20260902_0926,ncnn,640,2,33,107.91040000185603,9.266947393233648,1,0.8367629647254944,
bench_detect_20260902_0926,ncnn,640,2,34,98.17069999553496,10.186338694187597,1,0.794060230255127,
bench_detect_20260902_0926,ncnn,640,2,35,94.22729999641888,10.612635616620716,1,0.844182014465332,
bench_detect_20260902_0926,ncnn,640,2,36,97.55549999681534,10.250575313874098,1,0.8246176838874817,
bench_detect_20260902_0926,ncnn,640,2,37,116.53739999746904,8.580936248978594,1,0.845628023147583,
bench_detect_20260902_0926,ncnn,640,2,38,98.53300000395393,10.148884129782632,1,0.8481340408325195,
bench_detect_20260902_0926,ncnn,640,2,39,102.22040000371635,9.782783084038448,2,0.8228015303611755,
bench_detect_20260902_0926,ncnn,640,2,40,96.1782000013045,10.397366554857927,1,0.8118503093719482,
bench_detect_20260902_0926,ncnn,640,2,41,109.20049999549519,9.157467228091928,1,0.8480193018913269,
bench_detect_20260902_0926,ncnn,640,2,42,105.67190000438131,9.463253712278652,2,0.8532117605209351,
bench_detect_20260902_0926,ncnn,640,2,43,99.49570000026142,10.050685607492309,1,0.8299168944358826,
bench_detect_20260902_0926,ncnn,640,2,44,112.69860000174958,8.873224689432483,1,0.7718534469604492,
bench_detect_20260902_0926,ncnn,640,2,45,104.14379999565426,9.602107855116946,1,0.8479881286621094,
bench_detect_20260902_0926,ncnn,640,2,46,95.17480000067735,10.50698294078772,1,0.848056435585022,
bench_detect_20260902_0926,ncnn,640,2,47,116.5809999947669,8.577727074265,1,0.8432230353355408,
bench_detect_20260902_0926,ncnn,640,2,48,119.56500000087544,8.363651570214344,1,0.815872073173523,
bench_detect_20260902_0926,ncnn,640,2,49,121.22150000504917,8.24936170529442,1,0.7787197828292847,
bench_detect_20260902_0926,ncnn,640,2,50,116.81959999987157,8.560207362472559,2,0.8698756694793701,
bench_detect_20260902_0926,ncnn,640,2,51,111.04930000146851,9.005009486658412,1,0.8253887891769409,
bench_detect_20260902_0926,ncnn,640,2,52,146.20560000184923,6.839683295218185,1,0.8267797231674194,
bench_detect_20260902_0926,ncnn,640,2,53,107.88039999897592,9.269524399330116,1,0.8350737690925598,
bench_detect_20260902_0926,ncnn,640,2,54,126.7569999981788,7.8891106606685835,1,0.8424330353736877,
bench_detect_20260902_0926,ncnn,640,2,55,116.11799999809591,8.611929244530545,1,0.8537830710411072,
bench_detect_20260902_0926,ncnn,640,2,56,127.69689999549882,7.831043666958625,1,0.8273897767066956,
bench_detect_20260902_0926,ncnn,640,2,57,145.91199999995297,6.853445912607067,1,0.826176106929779,
bench_detect_20260902_0926,ncnn,640,2,58,117.14840000058757,8.536181458688162,2,0.8604757785797119,
bench_detect_20260902_0926,ncnn,640,2,59,106.9567000013194,9.34957791318977,1,0.818992555141449,
bench_detect_20260902_0926,ncnn,640,2,60,101.30329999810783,9.871346738148493,2,0.8329590559005737,
bench_detect_20260902_0926,ncnn,640,2,61,116.22499999793945,8.604000860552626,1,0.8284342288970947,
bench_detect_20260902_0926,ncnn,640,2,62,110.16519999975571,9.077276671782172,2,0.8373320698738098,
bench_detect_20260902_0926,ncnn,640,2,63,118.6602000016137,8.427425539367038,1,0.8421450257301331,
bench_detect_20260902_0926,ncnn,640,2,64,102.14400000404567,9.790100250238805,1,0.8202604651451111,
bench_detect_20260902_0926,ncnn,640,2,65,109.03429999598302,9.171425872746847,1,0.8330275416374207,
bench_detect_20260902_0926,ncnn,640,2,66,107.71399999794085,9.283844254406269,2,0.8189752101898193,
bench_detect_20260902_0926,ncnn,640,2,67,118.55890000151703,8.434626164608515,1,0.8267175555229187,
bench_detect_20260902_0926,ncnn,640,2,68,121.67589999444317,8.21855437309828,2,0.8485023379325867,
bench_detect_20260902_0926,ncnn,640,2,69,120.13460000162013,8.323996583719545,1,0.8594738841056824,
bench_detect_20260902_0926,ncnn,640,2,70,110.57900000014342,9.04330840393477,1,0.8575980067253113,
bench_detect_20260902_0926,ncnn,640,2,71,119.67259999801172,8.356131645979232,1,0.8561351895332336,
bench_detect_20260902_0926,ncnn,640,2,72,119.90460000379244,8.339963604135047,1,0.8265811800956726,
bench_detect_20260902_0926,ncnn,640,2,73,115.51039999903878,8.65722913268694,1,0.8261642456054688,
bench_detect_20260902_0926,ncnn,640,2,74,114.18820000108099,8.757472313168376,1,0.8381205797195435,
bench_detect_20260902_0926,ncnn,640,2,75,118.99370000173803,8.403806251804877,1,0.8184217214584351,
bench_detect_20260902_0926,ncnn,640,2,76,115.55390000285115,8.653970138397113,2,0.8448438048362732,
bench_detect_20260902_0926,ncnn,640,2,77,107.45329999917885,9.306368441058972,1,0.8476136922836304,
bench_detect_20260902_0926,ncnn,640,2,78,129.3082999982289,7.7334556251508735,1,0.8524566292762756,
bench_detect_20260902_0926,ncnn,640,2,79,115.52270000538556,8.656307374683772,4,0.839610755443573,
bench_detect_20260902_0926,ncnn,640,2,80,121.73510000138776,8.214557674726517,1,0.8314980268478394,
bench_detect_20260902_0926,ncnn,640,2,81,103.62620000523748,9.650069190508365,1,0.8271514773368835,
bench_detect_20260902_0926,ncnn,640,2,82,133.09660000231816,7.513339934923829,2,0.8298346996307373,
bench_detect_20260902_0926,ncnn,640,2,83,123.55550000211224,8.093528818894379,1,0.8219830989837646,
bench_detect_20260902_0926,ncnn,640,2,84,109.101300004113,9.165793624478361,1,0.8257671594619751,
bench_detect_20260902_0926,ncnn,640,2,85,139.70169999811333,7.15810902811852,1,0.811461329460144,
bench_detect_20260902_0926,ncnn,640,2,86,113.9028000034159,8.779415431139624,1,0.8388513922691345,
bench_detect_20260902_0926,ncnn,640,2,87,121.77719999453984,8.211717793189836,1,0.8571673035621643,
bench_detect_20260902_0926,ncnn,640,2,88,127.79329999466427,7.825136372890855,1,0.8460314273834229,
bench_detect_20260902_0926,ncnn,640,2,89,114.09879999700934,8.76433406859854,1,0.7928651571273804,
bench_detect_20260902_0926,ncnn,640,2,90,126.11650000326335,7.929176594451355,1,0.8154221177101135,
bench_detect_20260902_0926,ncnn,640,2,91,110.63439999998081,9.038779981634766,6,0.85065096616745,
bench_detect_20260902_0926,ncnn,640,2,92,142.3075000056997,7.0270365227408815,1,0.8413549065589905,
bench_detect_20260902_0926,ncnn,640,2,93,115.54819999582833,8.654397039816313,1,0.8516277074813843,
bench_detect_20260902_0926,ncnn,640,2,94,127.19610000203829,7.861876268092931,1,0.8222675323486328,
bench_detect_20260902_0926,ncnn,640,2,95,108.6111000040546,9.20716206688514,1,0.8292026519775391,
bench_detect_20260902_0926,ncnn,640,2,96,132.14460000017425,7.567467758793635,1,0.8072890043258667,
bench_detect_20260902_0926,ncnn,640,2,97,109.29459999897517,9.149582870602726,1,0.8510768413543701,
bench_detect_20260902_0926,ncnn,640,2,98,116.28170000039972,8.599805472370653,1,0.8391404151916504,
bench_detect_20260902_0926,ncnn,640,2,99,103.5556999995606,9.65663889099531,1,0.8497687578201294,
bench_detect_20260902_0926,ncnn,640,4,0,121.48980000347365,8.23114368425504,1,0.8214687705039978,
bench_detect_20260902_0926,ncnn,640,4,1,120.3624999980093,8.308235538614927,1,0.8121480345726013,
bench_detect_20260902_0926,ncnn,640,4,2,132.43489999877056,7.550879715311321,1,0.8395454287528992,
bench_detect_20260902_0926,ncnn,640,4,3,125.28210000164108,7.981986253318717,1,0.8316106796264648,
bench_detect_20260902_0926,ncnn,640,4,4,128.26630000199657,7.796280082799879,1,0.7443011403083801,
bench_detect_20260902_0926,ncnn,640,4,5,129.5800000007148,7.717240314820835,1,0.8330689668655396,
bench_detect_20260902_0926,ncnn,640,4,6,122.29540000407724,8.17692243507655,1,0.8096312284469604,
bench_detect_20260902_0926,ncnn,640,4,7,112.1657999974559,8.915373491943903,2,0.8250117301940918,
bench_detect_20260902_0926,ncnn,640,4,8,118.26859999564476,8.455329648248352,1,0.848911464214325,
bench_detect_20260902_0926,ncnn,640,4,9,118.23000000003958,8.458090163238309,1,0.830953061580658,
bench_detect_20260902_0926,ncnn,640,4,10,130.4939999972703,7.6631875796658715,1,0.8210681080818176,
bench_detect_20260902_0926,ncnn,640,4,11,126.5276999984053,7.903407712402925,1,0.8629554510116577,
bench_detect_20260902_0926,ncnn,640,4,12,132.04290000430774,7.5732962542278015,1,0.8423637747764587,
bench_detect_20260902_0926,ncnn,640,4,13,133.85919999564067,7.470536205449955,2,0.8258850574493408,
bench_detect_20260902_0926,ncnn,640,4,14,128.00250000145752,7.812347415000593,1,0.8677327632904053,
bench_detect_20260902_0926,ncnn,640,4,15,125.51759999769274,7.967010204293119,1,0.8611426949501038,
bench_detect_20260902_0926,ncnn,640,4,16,113.22269999800483,8.832151150057555,2,0.8343462347984314,
bench_detect_20260902_0926,ncnn,640,4,17,125.89989999833051,7.942818064297592,3,0.839414656162262,
bench_detect_20260902_0926,ncnn,640,4,18,127.06679999973858,7.869876317039993,2,0.8466665744781494,
bench_detect_20260902_0926,ncnn,640,4,19,121.11780000122963,8.256424736825204,1,0.8641485571861267,
bench_detect_20260902_0926,ncnn,640,4,20,111.49180000211345,8.969269488707187,2,0.8630983233451843,
bench_detect_20260902_0926,ncnn,640,4,21,123.27450000157114,8.111977740629692,1,0.8406503796577454,
bench_detect_20260902_0926,ncnn,640,4,22,113.64099999627797,8.799640974936445,1,0.8391132950782776,
bench_detect_20260902_0926,ncnn,640,4,23,117.55980000452837,8.506309129153676,1,0.8192141056060791,
bench_detect_20260902_0926,ncnn,640,4,24,109.69109999859938,9.1165099083952,1,0.8192446231842041,
bench_detect_20260902_0926,ncnn,640,4,25,114.36460000550142,8.743964478098082,2,0.8416053652763367,
bench_detect_20260902_0926,ncnn,640,4,26,124.81280000065453,8.011998769314973,3,0.8323209881782532,
bench_detect_20260902_0926,ncnn,640,4,27,127.13290000101551,7.865784545086379,1,0.8368034958839417,
bench_detect_20260902_0926,ncnn,640,4,28,114.68120000063209,8.719825045382228,1,0.8446123003959656,
bench_detect_20260902_0926,ncnn,640,4,29,111.2929000009899,8.985299151977399,1,0.8436523079872131,
bench_detect_20260902_0926,ncnn,640,4,30,114.71539999911329,8.717225411825524,1,0.8377924561500549,
bench_detect_20260902_0926,ncnn,640,4,31,125.51850000454579,7.966953078341311,1,0.843222439289093,
bench_detect_20260902_0926,ncnn,640,4,32,128.28340000123717,7.795240849481352,1,0.8313406705856323,
bench_detect_20260902_0926,ncnn,640,4,33,121.01670000265585,8.263322334669958,1,0.8367629647254944,
bench_detect_20260902_0926,ncnn,640,4,34,126.02489999699173,7.934939841443004,1,0.794060230255127,
bench_detect_20260902_0926,ncnn,640,4,35,112.42040000070119,8.895182724788052,1,0.844182014465332,
bench_detect_20260902_0926,ncnn,640,4,36,126.54569999722298,7.9022835230430175,1,0.8246176838874817,
bench_detect_20260902_0926,ncnn,640,4,37,131.31930000236025,7.615026884715549,1,0.845628023147583,
bench_detect_20260902_0926,ncnn,640,4,38,118.32989999675192,8.450949422144777,1,0.8481340408325195,
bench_detect_20260902_0926,ncnn,640,4,39,124.05010000657057,8.061259119880056,2,0.8228015303611755,
bench_detect_20260902_0926,ncnn,640,4,40,120.74399999983143,8.281985026182635,1,0.8118503093719482,
bench_detect_20260902_0926,ncnn,640,4,41,110.23189999832539,9.071784120705455,1,0.8480193018913269,
bench_detect_20260902_0926,ncnn,640,4,42,120.25400000129594,8.315731701142775,2,0.8532117605209351,
bench_detect_20260902_0926,ncnn,640,4,43,126.22439999540802,7.922398522285545,1,0.8299168944358826,
bench_detect_20260902_0926,ncnn,640,4,44,122.62829999963287,8.154724480425756,1,0.7718534469604492,
bench_detect_20260902_0926,ncnn,640,4,45,122.28289999620756,8.177758296793858,1,0.8479881286621094,
bench_detect_20260902_0926,ncnn,640,4,46,124.39549999544397,8.038876004651497,1,0.848056435585022,
bench_detect_20260902_0926,ncnn,640,4,47,116.81829999724869,8.56030262401997,1,0.8432230353355408,
bench_detect_20260902_0926,ncnn,640,4,48,118.74990000069374,8.421059722948465,1,0.815872073173523,
bench_detect_20260902_0926,ncnn,640,4,49,119.63839999953052,8.358520341327903,1,0.7787197828292847,
bench_detect_20260902_0926,ncnn,640,4,50,118.92000000079861,8.409014463448406,2,0.8698756694793701,
bench_detect_20260902_0926,ncnn,640,4,51,149.6887000030256,6.680530995190602,1,0.8253887891769409,
bench_detect_20260902_0926,ncnn,640,4,52,265.1784999980009,3.771044786841839,1,0.8267797231674194,
bench_detect_20260902_0926,ncnn,640,4,53,177.12369999935618,5.645771853250778,1,0.8350737690925598,
bench_detect_20260902_0926,ncnn,640,4,54,151.64009999716654,6.594561728848012,1,0.8424330353736877,
bench_detect_20260902_0926,ncnn,640,4,55,129.2537999979686,7.736716444821865,1,0.8537830710411072,
bench_detect_20260902_0926,ncnn,640,4,56,144.248399999924,6.932485906259805,1,0.8273897767066956,
bench_detect_20260902_0926,ncnn,640,4,57,228.09159999451367,4.384203539385287,1,0.826176106929779,
bench_detect_20260902_0926,ncnn,640,4,58,155.93059999810066,6.413109421833692,2,0.8604757785797119,
bench_detect_20260902_0926,ncnn,640,4,59,181.8379000033019,5.499403589580838,1,0.818992555141449,
bench_detect_20260902_0926,ncnn,640,4,60,202.53869999578455,4.937328026795931,2,0.8329590559005737,
bench_detect_20260902_0926,ncnn,640,4,61,181.07009999948787,5.522722967529307,1,0.8284342288970947,
bench_detect_20260902_0926,ncnn,640,4,62,150.25389999937033,6.655401290776417,2,0.8373320698738098,
bench_detect_20260902_0926,ncnn,640,4,63,146.13459999964107,6.843006379067354,1,0.8421450257301331,
bench_detect_20260902_0926,ncnn,640,4,64,175.8179000025848,5.68770301536589,1,0.8202604651451111,
bench_detect_20260902_0926,ncnn,640,4,65,142.49759999802336,7.017662051949446,1,0.8330275416374207,
bench_detect_20260902_0926,ncnn,640,4,66,122.6064000002225,8.15618108025507,2,0.8189752101898193,
bench_detect_20260902_0926,ncnn,640,4,67,123.02800000179559,8.128230971692664,1,0.8267175555229187,
bench_detect_20260902_0926,ncnn,640,4,68,130.86290000501322,7.641585200707696,2,0.8485023379325867,
bench_detect_20260902_0926,ncnn,640,4,69,122.93769999814685,8.134201306963396,1,0.8594738841056824,
bench_detect_20260902_0926,ncnn,640,4,70,147.67980000033276,6.771406786830337,1,0.8575980067253113,
bench_detect_20260902_0926,ncnn,640,4,71,158.6911999984295,6.301546651672535,1,0.8561351895332336,
bench_detect_20260902_0926,ncnn,640,4,72,162.15180000290275,6.1670607417376715,1,0.8265811800956726,
bench_detect_20260902_0926,ncnn,640,4,73,151.8720000021858,6.584492203866463,1,0.8261642456054688,
bench_detect_20260902_0926,ncnn,640,4,74,144.3994000001112,6.925236531448399,1,0.8381205797195435,
bench_detect_20260902_0926,ncnn,640,4,75,133.08169999800157,7.514181138466195,1,0.8184217214584351,
bench_detect_20260902_0926,ncnn,640,4,76,116.06860000028973,8.61559457077542,2,0.8448438048362732,
bench_detect_20260902_0926,ncnn,640,4,77,123.45090000599157,8.100386469045313,1,0.8476136922836304,
bench_detect_20260902_0926,ncnn,640,4,78,118.8484000012977,8.414080458711107,1,0.8524566292762756,
bench_detect_20260902_0926,ncnn,640,4,79,116.62870000145631,8.574218867118585,4,0.839610755443573,
bench_detect_20260902_0926,ncnn,640,4,80,130.44349999836413,7.666154312116286,1,0.8314980268478394,
bench_detect_20260902_0926,ncnn,640,4,81,121.76240000553662,8.212715911927896,1,0.8271514773368835,
bench_detect_20260902_0926,ncnn,640,4,82,110.01969999779249,9.089281283443462,2,0.8298346996307373,
bench_detect_20260902_0926,ncnn,640,4,83,116.81970000063302,8.560200034708027,1,0.8219830989837646,
bench_detect_20260902_0926,ncnn,640,4,84,120.40279999928316,8.30545469047193,1,0.8257671594619751,
bench_detect_20260902_0926,ncnn,640,4,85,120.97949999588309,8.265863225042505,1,0.811461329460144,
bench_detect_20260902_0926,ncnn,640,4,86,114.08189999929164,8.765632409753074,1,0.8388513922691345,
bench_detect_20260902_0926,ncnn,640,4,87,109.60000000341097,9.124087590956917,1,0.8571673035621643,
bench_detect_20260902_0926,ncnn,640,4,88,140.14660000248114,7.135385374902396,1,0.8460314273834229,
bench_detect_20260902_0926,ncnn,640,4,89,111.16480000055162,8.995653300280644,1,0.7928651571273804,
bench_detect_20260902_0926,ncnn,640,4,90,129.1038999988814,7.745699394121049,1,0.8154221177101135,
bench_detect_20260902_0926,ncnn,640,4,91,126.39810000109719,7.91151132802882,6,0.85065096616745,
bench_detect_20260902_0926,ncnn,640,4,92,109.9121999941417,9.098171086133293,1,0.8413549065589905,
bench_detect_20260902_0926,ncnn,640,4,93,128.1946999952197,7.800634503901404,1,0.8516277074813843,
bench_detect_20260902_0926,ncnn,640,4,94,109.69800000020768,9.115936480137348,1,0.8222675323486328,
bench_detect_20260902_0926,ncnn,640,4,95,141.2179999970249,7.081250265696069,1,0.8292026519775391,
bench_detect_20260902_0926,ncnn,640,4,96,115.16560000018217,8.68314844014548,1,0.8072890043258667,
bench_detect_20260902_0926,ncnn,640,4,97,125.80220000381814,7.948986583459189,1,0.8510768413543701,
bench_detect_20260902_0926,ncnn,640,4,98,133.28899999760324,7.5024945795825735,1,0.8391404151916504,
bench_detect_20260902_0926,ncnn,640,4,99,104.50180000043474,9.569213161838743,1,0.8497687578201294,
