run_id,backend,imgsz,threads,sample_idx,latency_ms,fps_instant,n_faces,conf_top,cpu_temp_c
bench_detect_20260903_2044,onnx,320,1,0,32.112300003063865,31.140715548390773,3,0.8670165538787842,
bench_detect_20260903_2044,onnx,320,1,1,39.71449999517063,25.179720256369897,1,0.8328515291213989,
bench_detect_20260903_2044,onnx,320,1,2,30.111000000033528,33.2104546510872,2,0.8697807192802429,
bench_detect_20260903_2044,onnx,320,1,3,46.13779999635881,21.67420206596153,1,0.8827570080757141,
bench_detect_20260903_2044,onnx,320,1,4,34.86259999772301,28.684033894927897,1,0.8138214349746704,
bench_detect_20260903_2044,onnx,320,1,5,31.58390000317013,31.661701053373026,1,0.8523721694946289,
bench_detect_20260903_2044,onnx,320,1,6,40.41290000168374,24.744574132475933,1,0.855189323425293,
bench_detect_20260903_2044,onnx,320,1,7,43.943999997281935,22.756235209854655,2,0.8453751802444458,
bench_detect_20260903_2044,onnx,320,1,8,32.790099998237565,30.49700976983141,1,0.8628569841384888,
bench_detect_20260903_2044,onnx,320,1,9,30.167499993694946,33.1482555799785,1,0.8440912365913391,
bench_detect_20260903_2044,onnx,320,1,10,31.75589999591466,31.490211271878554,1,0.831957995891571,
bench_detect_20260903_2044,onnx,320,1,11,32.57639999355888,30.697069049917225,2,0.8591516613960266,
bench_detect_20260903_2044,onnx,320,1,12,31.636400002753362,31.609159067181114,1,0.8425641059875488,
bench_detect_20260903_2044,onnx,320,1,13,31.098400002520066,32.15599516113256,2,0.8373713493347168,
bench_detect_20260903_2044,onnx,320,1,14,31.879800000751857,31.367825393396945,1,0.8705068826675415,
bench_detect_20260903_2044,onnx,320,1,15,33.49990000424441,29.85083537184591,1,0.8714592456817627,
bench_detect_20260903_2044,onnx,320,1,16,29.588299999886658,33.797142789678034,2,0.8616288900375366,
bench_detect_20260903_2044,onnx,320,1,17,38.7027999968268,25.83792387325953,3,0.8603709936141968,
bench_detect_20260903_2044,onnx,320,1,18,30.586200002289843,32.69448313046847,2,0.8776817321777344,
bench_detect_20260903_2044,onnx,320,1,19,42.61709999991581,23.464759451064843,1,0.8844539523124695,
bench_detect_20260903_2044,onnx,320,1,20,57.08779999986291,17.516877511524378,2,0.8719533681869507,
bench_detect_20260903_2044,onnx,320,1,21,36.552199999277946,27.358134394639833,1,0.857478141784668,
bench_detect_20260903_2044,onnx,320,1,22,32.36820000165608,30.89451992847413,1,0.8467496633529663,
bench_detect_20260903_2044,onnx,320,1,23,30.547800000931602,32.735581612080196,1,0.8392353057861328,
bench_detect_20260903_2044,onnx,320,1,24,35.37779999896884,28.26631390389304,1,0.866562008857727,
bench_detect_20260903_2044,onnx,320,1,25,35.18679999979213,28.41974831487682,3,0.8383882641792297,
bench_detect_20260903_2044,onnx,320,1,26,41.78629999660188,23.931288486449418,3,0.8507544994354248,
bench_detect_20260903_2044,onnx,320,1,27,40.50270000152523,24.689712042958682,1,0.8478227853775024,
bench_detect_20260903_2044,onnx,320,1,28,39.337000001978595,25.421359024574866,1,0.8780727386474609,
bench_detect_20260903_2044,onnx,320,1,29,35.80769999825861,27.926954259799754,1,0.8478468656539917,
bench_detect_20260903_2044,onnx,320,1,30,29.62880000268342,33.750945023403986,1,0.8513926267623901,
bench_detect_20260903_2044,onnx,320,1,31,29.725499996857252,33.64114985805876,1,0.8696877360343933,
bench_detect_20260903_2044,onnx,320,1,32,33.13670000352431,30.178020137601006,2,0.8461759090423584,
bench_detect_20260903_2044,onnx,320,1,33,40.77369999868097,24.525613325068612,1,0.838685154914856,
bench_detect_20260903_2044,onnx,320,1,34,32.78950000094483,30.497567818087653,2,0.8442750573158264,
bench_detect_20260903_2044,onnx,320,1,35,41.75930000201333,23.946761558545933,1,0.850351095199585,
bench_detect_20260903_2044,onnx,320,1,36,47.130499995546415,21.21768281886453,1,0.8418047428131104,
bench_detect_20260903_2044,onnx,320,1,37,34.1504999960307,29.282148141790884,1,0.8386183977127075,
bench_detect_20260903_2044,onnx,320,1,38,40.818199995555915,24.49887550428179,1,0.8658446669578552,
bench_detect_20260903_2044,onnx,320,1,39,35.903999996662606,27.85204991346238,2,0.856457531452179,
bench_detect_20260903_2044,onnx,320,1,40,37.55760000058217,26.62576948432539,1,0.8289919495582581,
bench_detect_20260903_2044,onnx,320,1,41,37.99139999318868,26.32174650524292,1,0.858521044254303,
bench_detect_20260903_2044,onnx,320,1,42,35.38329999719281,28.26192017362249,2,0.8730190396308899,
bench_detect_20260903_2044,onnx,320,1,43,30.908100001397543,32.353978405491894,1,0.8458724617958069,
bench_detect_20260903_2044,onnx,320,1,44,30.119200004264712,33.201413047438365,1,0.8432605266571045,
bench_detect_20260903_2044,onnx,320,1,45,35.36059999896679,28.280063121927206,1,0.8354377746582031,
bench_detect_20260903_2044,onnx,320,1,46,37.37819999514613,26.753562240286,1,0.8780818581581116,
bench_detect_20260903_2044,onnx,320,1,47,34.75149999576388,28.775736302660246,1,0.8653022050857544,
bench_detect_20260903_2044,onnx,320,1,48,29.985499997565057,33.34945223795515,1,0.8466675281524658,
bench_detect_20260903_2044,onnx,320,1,49,33.486300002550706,29.862958879417207,1,0.8357389569282532,
bench_detect_20260903_2044,onnx,320,1,50,36.443100005271845,27.440036655919513,2,0.8686115145683289,
bench_detect_20260903_2044,onnx,320,1,51,35.009299994271714,28.563838756091148,1,0.8685365915298462,
bench_detect_20260903_2044,onnx,320,1,52,33.88540000014473,29.511234927010715,1,0.845445990562439,
bench_detect_20260903_2044,onnx,320,1,53,34.36129999317927,29.1025077688708,1,0.8381633758544922,
bench_detect_20260903_2044,onnx,320,1,54,31.59140000207117,31.65418436455614,1,0.8505581617355347,
bench_detect_20260903_2044,onnx,320,1,55,29.234199995698873,34.206511556571634,1,0.8439571261405945,
bench_detect_20260903_2044,onnx,320,1,56,39.81819999899017,25.11414378413291,1,0.837119460105896,
bench_detect_20260903_2044,onnx,320,1,57,37.59919999720296,26.59631056177767,1,0.8488036394119263,
bench_detect_20260903_2044,onnx,320,1,58,30.74229999765521,32.52847054632453,3,0.8435398936271667,
bench_detect_20260903_2044,onnx,320,1,59,30.499399996188004,32.787530250594635,1,0.8659918308258057,
bench_detect_20260903_2044,onnx,320,1,60,38.6958999952185,25.842531124061363,2,0.8362575769424438,
bench_detect_20260903_2044,onnx,320,1,61,37.23750000062864,26.85464921069132,1,0.8402531147003174,
bench_detect_20260903_2044,onnx,320,1,62,46.17510000389302,21.656693757364685,2,0.8753020167350769,
bench_detect_20260903_2044,onnx,320,1,63,45.828700000129174,21.82038766094568,1,0.8739726543426514,
bench_detect_20260903_2044,onnx,320,1,64,33.77069999987725,29.61146792940729,1,0.8813583850860596,
bench_detect_20260903_2044,onnx,320,1,65,31.231399996613618,32.01905774664052,1,0.8344632387161255,
bench_detect_20260903_2044,onnx,320,1,66,32.460700000228826,30.806482916047734,2,0.8658980131149292,
bench_detect_20260903_2044,onnx,320,1,67,38.24229999736417,26.14905484421503,1,0.8395222425460815,
bench_detect_20260903_2044,onnx,320,1,68,41.550600006303284,24.067041146175953,2,0.8659771084785461,
bench_detect_20260903_2044,onnx,320,1,69,44.29019999952288,22.57835819234893,1,0.866417407989502,
bench_detect_20260903_2044,onnx,320,1,70,35.18610000173794,28.4203137020189,1,0.8556604385375977,
bench_detect_20260903_2044,onnx,320,1,71,32.20119999605231,31.05474330529901,1,0.8706233501434326,
bench_detect_20260903_2044,onnx,320,1,72,31.270399995264597,31.97912403267736,1,0.8552780747413635,
bench_detect_20260903_2044,onnx,320,1,73,30.672100001538638,32.602919263755524,1,0.8395992517471313,
bench_detect_20260903_2044,onnx,320,1,74,30.876700002409052,32.38688071983011,1,0.8509736657142639,
bench_detect_20260903_2044,onnx,320,1,75,33.29600000142818,30.03363767290685,1,0.8412090539932251,
bench_detect_20260903_2044,onnx,320,1,76,34.128200000850484,29.301281637328653,2,0.855376124382019,
bench_detect_20260903_2044,onnx,320,1,77,56.5268999998807,17.690692396047023,1,0.858833372592926,
bench_detect_20260903_2044,onnx,320,1,78,45.36569999618223,22.04308541660672,1,0.8597094416618347,
bench_detect_20260903_2044,onnx,320,1,79,38.65609999775188,25.86913837811256,3,0.8422050476074219,
bench_detect_20260903_2044,onnx,320,1,80,39.216299999679904,25.49960093145356,1,0.8683744668960571,
bench_detect_20260903_2044,onnx,320,1,81,34.99320000264561,28.576980668369757,1,0.861799955368042,
bench_detect_20260903_2044,onnx,320,1,82,52.007800004503224,19.227885046347136,2,0.8524229526519775,
bench_detect_20260903_2044,onnx,320,1,83,39.44390000106068,25.352462610774012,1,0.8346436023712158,
bench_detect_20260903_2044,onnx,320,1,84,30.66969999781577,32.605470548170274,1,0.8658377528190613,
bench_detect_20260903_2044,onnx,320,1,85,34.580400002596434,28.918115462080138,1,0.8456016778945923,
bench_detect_20260903_2044,onnx,320,1,86,32.248399998934474,31.00929038442345,1,0.8533008694648743,
bench_detect_20260903_2044,onnx,320,1,87,30.182299997250084,33.13200120902351,1,0.8807278871536255,
bench_detect_20260903_2044,onnx,320,1,88,39.89119999459945,25.068185467857123,1,0.8535933494567871,
bench_detect_20260903_2044,onnx,320,1,89,31.921199995849747,31.32714309393179,1,0.8226962685585022,
bench_detect_20260903_2044,onnx,320,1,90,33.30129999812925,30.028857733967634,1,0.83518385887146,
bench_detect_20260903_2044,onnx,320,1,91,37.38370000064606,26.749626173511935,5,0.8622596263885498,
bench_detect_20260903_2044,onnx,320,1,92,32.497599997441284,30.771503128807527,1,0.8443489670753479,
bench_detect_20260903_2044,onnx,320,1,93,32.50609999668086,30.763456708190407,1,0.8922711610794067,
bench_detect_20260903_2044,onnx,320,1,94,34.6131999976933,28.890712215762836,1,0.83056640625,
bench_detect_20260903_2044,onnx,320,1,95,39.34399999707239,25.416836114132032,1,0.8475976586341858,
bench_detect_20260903_2044,onnx,320,1,96,43.68160000012722,22.892934324683335,1,0.8309311866760254,
bench_detect_20260903_2044,onnx,320,1,97,44.54270000132965,22.45036784860704,1,0.8784871697425842,
bench_detect_20260903_2044,onnx,320,1,98,33.98860000015702,29.42162960508465,1,0.8540769815444946,
bench_detect_20260903_2044,onnx,320,1,99,30.888300003425684,32.374717931679456,1,0.863140344619751,
bench_detect_20260903_2044,onnx,320,2,0,24.93759999924805,40.10008982541036,3,0.8670165538787842,
bench_detect_20260903_2044,onnx,320,2,1,21.227299999736715,47.10914718369285,1,0.8328515291213989,
bench_detect_20260903_2044,onnx,320,2,2,22.12839999992866,45.19079553891035,2,0.8697807192802429,
bench_detect_20260903_2044,onnx,320,2,3,22.180399995704647,45.08484969584207,1,0.8827570080757141,
bench_detect_20260903_2044,onnx,320,2,4,21.317499995348044,46.90981588920945,1,0.8138214349746704,
bench_detect_20260903_2044,onnx,320,2,5,21.769400002085604,45.93603865536926,1,0.8523721694946289,
bench_detect_20260903_2044,onnx,320,2,6,21.386499996879138,46.75846913454407,1,0.855189323425293,
bench_detect_20260903_2044,onnx,320,2,7,25.05159999418538,39.91761006211602,2,0.8453751802444458,
bench_detect_20260903_2044,onnx,320,2,8,22.35429999564076,44.73412275020944,1,0.8628569841384888,
bench_detect_20260903_2044,onnx,320,2,9,24.90919999399921,40.14580959006739,1,0.8440912365913391,
bench_detect_20260903_2044,onnx,320,2,10,22.602199998800643,44.24348072546317,1,0.831957995891571,
bench_detect_20260903_2044,onnx,320,2,11,20.07669999875361,49.80898255500562,2,0.8591516613960266,
bench_detect_20260903_2044,onnx,320,2,12,21.047700000053737,47.51112948195988,1,0.8425641059875488,
bench_detect_20260903_2044,onnx,320,2,13,23.498599999584258,42.55572672489817,2,0.8373713493347168,
bench_detect_20260903_2044,onnx,320,2,14,24.853100003383588,40.23642925284397,1,0.8705068826675415,
bench_detect_20260903_2044,onnx,320,2,15,22.848000000522006,43.76750700180117,1,0.8714592456817627,
bench_detect_20260903_2044,onnx,320,2,16,21.29199999762932,46.965996623677505,2,0.8616288900375366,
bench_detect_20260903_2044,onnx,320,2,17,21.682300000975374,46.12056838781011,3,0.8603709936141968,
bench_detect_20260903_2044,onnx,320,2,18,21.174599998630583,47.22639389006983,2,0.8776817321777344,
bench_detect_20260903_2044,onnx,320,2,19,21.021699998527765,47.56989206724642,1,0.8844539523124695,
bench_detect_20260903_2044,onnx,320,2,20,24.261000005935784,41.21841637835771,2,0.8719533681869507,
bench_detect_20260903_2044,onnx,320,2,21,23.14240000123391,43.21073008619166,1,0.857478141784668,
bench_detect_20260903_2044,onnx,320,2,22,21.175900001253467,47.22349463025453,1,0.8467496633529663,
bench_detect_20260903_2044,onnx,320,2,23,21.68849999725353,46.10738410340192,1,0.8392353057861328,
bench_detect_20260903_2044,onnx,320,2,24,22.79899999848567,43.86157287891666,1,0.866562008857727,
bench_detect_20260903_2044,onnx,320,2,25,22.126600000774488,45.194471810626005,3,0.8383882641792297,
bench_detect_20260903_2044,onnx,320,2,26,20.856900002399925,47.94576374652675,3,0.8507544994354248,
bench_detect_20260903_2044,onnx,320,2,27,21.753199995146133,45.97024806571601,1,0.8478227853775024,
bench_detect_20260903_2044,onnx,320,2,28,21.738299998105504,46.00175727113667,1,0.8780727386474609,
bench_detect_20260903_2044,onnx,320,2,29,23.82400000351481,41.9744795102614,1,0.8478468656539917,
bench_detect_20260903_2044,onnx,320,2,30,21.28919999813661,46.972173688420774,1,0.8513926267623901,
bench_detect_20260903_2044,onnx,320,2,31,23.898699997516815,41.84328018276746,1,0.8696877360343933,
bench_detect_20260903_2044,onnx,320,2,32,25.660300001618452,38.970705718051924,2,0.8461759090423584,
bench_detect_20260903_2044,onnx,320,2,33,21.23639999626903,47.088960472381736,1,0.838685154914856,
bench_detect_20260903_2044,onnx,320,2,34,22.264699997322168,44.9141466141593,2,0.8442750573158264,
bench_detect_20260903_2044,onnx,320,2,35,25.437500000407454,39.31203931140962,1,0.850351095199585,
bench_detect_20260903_2044,onnx,320,2,36,22.084399999585003,45.28083171916789,1,0.8418047428131104,
bench_detect_20260903_2044,onnx,320,2,37,28.53079999476904,35.04984088014862,1,0.8386183977127075,
bench_detect_20260903_2044,onnx,320,2,38,21.008800002164207,47.59910132406352,1,0.8658446669578552,
bench_detect_20260903_2044,onnx,320,2,39,22.23970000341069,44.96463530742949,2,0.856457531452179,
bench_detect_20260903_2044,onnx,320,2,40,21.353700001782272,46.830291701978375,1,0.8289919495582581,
bench_detect_20260903_2044,onnx,320,2,41,20.640199996705633,48.44914294239442,1,0.858521044254303,
bench_detect_20260903_2044,onnx,320,2,42,22.699299996020272,44.054221944083025,2,0.8730190396308899,
bench_detect_20260903_2044,onnx,320,2,43,21.350200004235376,46.837968721680525,1,0.8458724617958069,
bench_detect_20260903_2044,onnx,320,2,44,21.33029999822611,46.88166599078133,1,0.8432605266571045,
bench_detect_20260903_2044,onnx,320,2,45,22.020999997039326,45.411198407631254,1,0.8354377746582031,
bench_detect_20260903_2044,onnx,320,2,46,21.31809999991674,46.908495597820895,1,0.8780818581581116,
bench_detect_20260903_2044,onnx,320,2,47,23.106900000129826,43.2771163589396,1,0.8653022050857544,
bench_detect_20260903_2044,onnx,320,2,48,23.586300005263183,42.39749345072581,1,0.8466675281524658,
bench_detect_20260903_2044,onnx,320,2,49,20.729600000777282,48.24019759004051,1,0.8357389569282532,
bench_detect_20260903_2044,onnx,320,2,50,23.05950000300072,43.36607471410353,2,0.8686115145683289,
bench_detect_20260903_2044,onnx,320,2,51,21.70270000351593,46.07721619144142,1,0.8685365915298462,
bench_detect_20260903_2044,onnx,320,2,52,21.37640000000829,46.780561740967244,1,0.845445990562439,
bench_detect_20260903_2044,onnx,320,2,53,26.110200000402983,38.29920873775636,1,0.8381633758544922,
bench_detect_20260903_2044,onnx,320,2,54,21.386300002632197,46.75890639694203,1,0.8505581617355347,
bench_detect_20260903_2044,onnx,320,2,55,24.60609999980079,40.6403290244328,1,0.8439571261405945,
bench_detect_20260903_2044,onnx,320,2,56,26.17160000227159,38.20935670395406,1,0.837119460105896,
bench_detect_20260903_2044,onnx,320,2,57,24.739700005738996,40.4208620059267,1,0.8488036394119263,
bench_detect_20260903_2044,onnx,320,2,58,31.06889999617124,32.18652736734273,3,0.8435398936271667,
bench_detect_20260903_2044,onnx,320,2,59,27.034500002628192,36.989772324355314,1,0.8659918308258057,
bench_detect_20260903_2044,onnx,320,2,60,19.257400002970826,51.92808997298341,2,0.8362575769424438,
bench_detect_20260903_2044,onnx,320,2,61,22.798099998908583,43.86330440027341,1,0.8402531147003174,
bench_detect_20260903_2044,onnx,320,2,62,29.143699997803196,34.31273311471702,2,0.8753020167350769,
bench_detect_20260903_2044,onnx,320,2,63,27.137800003401935,36.84897080362602,1,0.8739726543426514,
bench_detect_20260903_2044,onnx,320,2,64,23.444399994332343,42.654109307201246,1,0.8813583850860596,
bench_detect_20260903_2044,onnx,320,2,65,25.61050000076648,39.04648483903367,1,0.8344632387161255,
bench_detect_20260903_2044,onnx,320,2,66,21.382600003562402,46.76699745743722,2,0.8658980131149292,
bench_detect_20260903_2044,onnx,320,2,67,30.65009999409085,32.62632096445994,1,0.8395222425460815,
bench_detect_20260903_2044,onnx,320,2,68,31.38530000433093,31.86205006362876,2,0.8659771084785461,
bench_detect_20260903_2044,onnx,320,2,69,20.326200006820727,49.197587333807434,1,0.866417407989502,
bench_detect_20260903_2044,onnx,320,2,70,28.553299998748116,35.02222160114046,1,0.8556604385375977,
bench_detect_20260903_2044,onnx,320,2,71,24.12039999762783,41.458682281319845,1,0.8706233501434326,
bench_detect_20260903_2044,onnx,320,2,72,19.849800002702978,50.37834133662951,1,0.8552780747413635,
bench_detect_20260903_2044,onnx,320,2,73,26.610699998855125,37.578868652197166,1,0.8395992517471313,
bench_detect_20260903_2044,onnx,320,2,74,24.140399997122586,41.4243343158852,1,0.8509736657142639,
bench_detect_20260903_2044,onnx,320,2,75,21.9615000023623,45.53423035277347,1,0.8412090539932251,
bench_detect_20260903_2044,onnx,320,2,76,35.44780000083847,28.21049543205351,2,0.855376124382019,
bench_detect_20260903_2044,onnx,320,2,77,30.319999998027924,32.981530345153104,1,0.858833372592926,
bench_detect_20260903_2044,onnx,320,2,78,23.75620000384515,42.09427432999138,1,0.8597094416618347,
bench_detect_20260903_2044,onnx,320,2,79,21.614099998259917,46.266094821459454,3,0.8422050476074219,
bench_detect_20260903_2044,onnx,320,2,80,20.833599999605212,47.999385608773785,1,0.8683744668960571,
bench_detect_20260903_2044,onnx,320,2,81,21.64710000215564,46.19556429731553,1,0.861799955368042,
bench_detect_20260903_2044,onnx,320,2,82,22.834399998828303,43.79357460898087,2,0.8524229526519775,
bench_detect_20260903_2044,onnx,320,2,83,25.524700002279133,39.177737638863874,1,0.8346436023712158,
bench_detect_20260903_2044,onnx,320,2,84,27.87499999976717,35.874439462183055,1,0.8658377528190613,
bench_detect_20260903_2044,onnx,320,2,85,21.83550000336254,45.79698197183512,1,0.8456016778945923,
bench_detect_20260903_2044,onnx,320,2,86,25.77039999596309,38.8042094867231,1,0.8533008694648743,
bench_detect_20260903_2044,onnx,320,2,87,22.572599998966325,44.30149827870043,1,0.8807278871536255,
bench_detect_20260903_2044,onnx,320,2,88,26.33600000262959,37.97083839232049,1,0.8535933494567871,
bench_detect_20260903_2044,onnx,320,2,89,21.938999998383224,45.58092894269083,1,0.8226962685585022,
bench_detect_20260903_2044,onnx,320,2,90,22.265300001890864,44.91293626922052,1,0.83518385887146,
bench_detect_20260903_2044,onnx,320,2,91,21.74840000225231,45.980393955253625,5,0.8622596263885498,
bench_detect_20260903_2044,onnx,320,2,92,28.4481999988202,35.151608890596655,1,0.8443489670753479,
bench_detect_20260903_2044,onnx,320,2,93,26.122399998712353,38.28132177936533,1,0.8922711610794067,
bench_detect_20260903_2044,onnx,320,2,94,21.157999995921273,47.263446459626365,1,0.83056640625,
bench_detect_20260903_2044,onnx,320,2,95,20.807299995794892,48.06005585549772,1,0.8475976586341858,
bench_detect_20260903_2044,onnx,320,2,96,22.390000005543698,44.6627958799644,1,0.8309311866760254,
bench_detect_20260903_2044,onnx,320,2,97,24.07169999787584,41.54255827748946,1,0.8784871697425842,
bench_detect_20260903_2044,onnx,320,2,98,22.48469999904046,44.47468723366001,1,0.8540769815444946,
bench_detect_20260903_2044,onnx,320,2,99,29.463600003509782,33.940183815992526,1,0.863140344619751,
bench_detect_20260903_2044,onnx,320,4,0,26.468600000953302,37.78061552042736,3,0.8670165538787842,
bench_detect_20260903_2044,onnx,320,4,1,22.17479999671923,45.09623537294363,1,0.8328515291213989,
bench_detect_20260903_2044,onnx,320,4,2,24.58249999472173,40.67934507127902,2,0.8697807192802429,
bench_detect_20260903_2044,onnx,320,4,3,22.57909999752883,44.28874490610543,1,0.8827570080757141,
bench_detect_20260903_2044,onnx,320,4,4,23.857100000896025,41.91624296173642,1,0.8138214349746704,
bench_detect_20260903_2044,onnx,320,4,5,23.331500000494998,42.86051046777036,1,0.8523721694946289,
bench_detect_20260903_2044,onnx,320,4,6,22.94889999757288,43.575073319669436,1,0.855189323425293,
bench_detect_20260903_2044,onnx,320,4,7,20.885900004941504,47.87919121337384,2,0.8453751802444458,
bench_detect_20260903_2044,onnx,320,4,8,23.301199995330535,42.91624466552778,1,0.8628569841384888,
bench_detect_20260903_2044,onnx,320,4,9,21.02539999759756,47.561520832624524,1,0.8440912365913391,
bench_detect_20260903_2044,onnx,320,4,10,20.7520999974804,48.18789424306043,1,0.831957995891571,
bench_detect_20260903_2044,onnx,320,4,11,23.93109999684384,41.78662911992701,2,0.8591516613960266,
bench_detect_20260903_2044,onnx,320,4,12,22.894000001542736,43.67956669575496,1,0.8425641059875488,
bench_detect_20260903_2044,onnx,320,4,13,23.18570000352338,43.13003272914066,2,0.8373713493347168,
bench_detect_20260903_2044,onnx,320,4,14,22.574499998881947,44.29776960949422,1,0.8705068826675415,
bench_detect_20260903_2044,onnx,320,4,15,23.59749999595806,42.377370491420145,1,0.8714592456817627,
bench_detect_20260903_2044,onnx,320,4,16,25.539499998558313,39.15503436075292,2,0.8616288900375366,
bench_detect_20260903_2044,onnx,320,4,17,23.784900004102383,42.04348136117964,3,0.8603709936141968,
bench_detect_20260903_2044,onnx,320,4,18,22.248300003411714,44.94725439007263,2,0.8776817321777344,
bench_detect_20260903_2044,onnx,320,4,19,20.579399999405723,48.59228160339355,1,0.8844539523124695,
bench_detect_20260903_2044,onnx,320,4,20,19.074600000749342,52.42573893873084,2,0.8719533681869507,
bench_detect_20260903_2044,onnx,320,4,21,22.67270000447752,44.1059070954282,1,0.857478141784668,
bench_detect_20260903_2044,onnx,320,4,22,23.78820000012638,42.03764891814796,1,0.8467496633529663,
bench_detect_20260903_2044,onnx,320,4,23,23.17649999895366,43.14715336850459,1,0.8392353057861328,
bench_detect_20260903_2044,onnx,320,4,24,21.95660000143107,45.54439211602993,1,0.866562008857727,
bench_detect_20260903_2044,onnx,320,4,25,22.00769999762997,45.43864193476333,3,0.8383882641792297,
bench_detect_20260903_2044,onnx,320,4,26,22.463200002675876,44.517254882691574,3,0.8507544994354248,
bench_detect_20260903_2044,onnx,320,4,27,24.295100003655534,41.16056323495422,1,0.8478227853775024,
bench_detect_20260903_2044,onnx,320,4,28,25.027600000612438,39.9558886978987,1,0.8780727386474609,
bench_detect_20260903_2044,onnx,320,4,29,22.686799995426554,44.07849499275308,1,0.8478468656539917,
bench_detect_20260903_2044,onnx,320,4,30,22.33900000283029,44.76476117432753,1,0.8513926267623901,
bench_detect_20260903_2044,onnx,320,4,31,24.75659999618074,40.39326887190779,1,0.8696877360343933,
bench_detect_20260903_2044,onnx,320,4,32,22.955000000365544,43.563493791508414,2,0.8461759090423584,
bench_detect_20260903_2044,onnx,320,4,33,23.1396000017412,43.2159587860098,1,0.838685154914856,
bench_detect_20260903_2044,onnx,320,4,34,23.474200002965517,42.599960802654365,2,0.8442750573158264,
bench_detect_20260903_2044,onnx,320,4,35,23.3144000012544,42.89194660579712,1,0.850351095199585,
bench_detect_20260903_2044,onnx,320,4,36,22.25159999943571,44.940588543087216,1,0.8418047428131104,
bench_detect_20260903_2044,onnx,320,4,37,25.63669999653939,39.00658041538055,1,0.8386183977127075,
bench_detect_20260903_2044,onnx,320,4,38,21.486199999344535,46.54150105791189,1,0.8658446669578552,
bench_detect_20260903_2044,onnx,320,4,39,23.863900001742877,41.904298958970074,2,0.856457531452179,
bench_detect_20260903_2044,onnx,320,4,40,22.484799999801908,44.47448943325313,1,0.8289919495582581,
bench_detect_20260903_2044,onnx,320,4,41,25.640600004408043,39.00064740404216,1,0.858521044254303,
bench_detect_20260903_2044,onnx,320,4,42,23.71790000324836,42.1622487599257,2,0.8730190396308899,
bench_detect_20260903_2044,onnx,320,4,43,23.986100000911392,41.69081259404419,1,0.8458724617958069,
bench_detect_20260903_2044,onnx,320,4,44,24.687700002687052,40.50600095963408,1,0.8432605266571045,
bench_detect_20260903_2044,onnx,320,4,45,26.163599999563303,38.221039918692036,1,0.8354377746582031,
bench_detect_20260903_2044,onnx,320,4,46,23.03550000215182,43.41125653476533,1,0.8780818581581116,
bench_detect_20260903_2044,onnx,320,4,47,20.99399999860907,47.63265695276049,1,0.8653022050857544,
bench_detect_20260903_2044,onnx,320,4,48,24.1877000007662,41.34332739236566,1,0.8466675281524658,
bench_detect_20260903_2044,onnx,320,4,49,22.896299997228198,43.67517896433306,1,0.8357389569282532,
bench_detect_20260903_2044,onnx,320,4,50,22.106099997472484,45.23638272306448,2,0.8686115145683289,
bench_detect_20260903_2044,onnx,320,4,51,19.08279999770457,52.40321127509002,1,0.8685365915298462,
bench_detect_20260903_2044,onnx,320,4,52,19.86159999796655,50.348411009303426,1,0.845445990562439,
bench_detect_20260903_2044,onnx,320,4,53,19.702500001585577,50.75498032836057,1,0.8381633758544922,
bench_detect_20260903_2044,onnx,320,4,54,19.204299998818897,52.07167145178434,1,0.8505581617355347,
bench_detect_20260903_2044,onnx,320,4,55,21.171499996853527,47.23330893647679,1,0.8439571261405945,
bench_detect_20260903_2044,onnx,320,4,56,22.81349999975646,43.8336949617847,1,0.837119460105896,
bench_detect_20260903_2044,onnx,320,4,57,25.229699996998534,39.63582603514769,1,0.8488036394119263,
bench_detect_20260903_2044,onnx,320,4,58,22.548799999640323,44.348258001133146,3,0.8435398936271667,
bench_detect_20260903_2044,onnx,320,4,59,21.053500000562053,47.49804070455286,1,0.8659918308258057,
bench_detect_20260903_2044,onnx,320,4,60,22.790899995015934,43.877161508263676,2,0.8362575769424438,
bench_detect_20260903_2044,onnx,320,4,61,23.85589999903459,41.918351436771125,1,0.8402531147003174,
bench_detect_20260903_2044,onnx,320,4,62,22.50349999667378,44.437531946044345,2,0.8753020167350769,
bench_detect_20260903_2044,onnx,320,4,63,22.24660000501899,44.95068908392262,1,0.8739726543426514,
bench_detect_20260903_2044,onnx,320,4,64,24.17300000524847,41.36846894398208,1,0.8813583850860596,
bench_detect_20260903_2044,onnx,320,4,65,21.693999995477498,46.09569467172803,1,0.8344632387161255,
bench_detect_20260903_2044,onnx,320,4,66,23.91429999988759,41.815984578461446,2,0.8658980131149292,
bench_detect_20260903_2044,onnx,320,4,67,21.091499998874497,47.41246473950942,1,0.8395222425460815,
bench_detect_20260903_2044,onnx,320,4,68,23.46620000025723,42.61448381029047,2,0.8659771084785461,
bench_detect_20260903_2044,onnx,320,4,69,22.565200000826735,44.31602644618095,1,0.866417407989502,
bench_detect_20260903_2044,onnx,320,4,70,23.740600001474377,42.12193457359529,1,0.8556604385375977,
bench_detect_20260903_2044,onnx,320,4,71,20.839500000874978,47.98579620230876,1,0.8706233501434326,
bench_detect_20260903_2044,onnx,320,4,72,23.573799997393508,42.419974722385334,1,0.8552780747413635,
bench_detect_20260903_2044,onnx,320,4,73,24.03030000277795,41.61412882420935,1,0.8395992517471313,
bench_detect_20260903_2044,onnx,320,4,74,22.733999998308718,43.98697985723561,1,0.8509736657142639,
bench_detect_20260903_2044,onnx,320,4,75,23.6291999972309,42.32051868523648,1,0.8412090539932251,
bench_detect_20260903_2044,onnx,320,4,76,23.67450000019744,42.239540433447814,2,0.855376124382019,
bench_detect_20260903_2044,onnx,320,4,77,22.821400001703296,43.81852120927569,1,0.858833372592926,
bench_detect_20260903_2044,onnx,320,4,78,22.59580000099959,44.25601217729676,1,0.8597094416618347,
bench_detect_20260903_2044,onnx,320,4,79,17.948900000192225,55.71372061737992,3,0.8422050476074219,
bench_detect_20260903_2044,onnx,320,4,80,20.52190000540577,48.728431565137015,1,0.8683744668960571,
bench_detect_20260903_2044,onnx,320,4,81,20.88200000434881,47.888133310590156,1,0.861799955368042,
bench_detect_20260903_2044,onnx,320,4,82,18.84579999750713,53.062220767082174,2,0.8524229526519775,
bench_detect_20260903_2044,onnx,320,4,83,25.336900005640928,39.46812750483931,1,0.8346436023712158,
bench_detect_20260903_2044,onnx,320,4,84,22.0636999947601,45.323313870179966,1,0.8658377528190613,
bench_detect_20260903_2044,onnx,320,4,85,21.45159999781754,46.61656939816792,1,0.8456016778945923,
bench_detect_20260903_2044,onnx,320,4,86,25.406100001418963,39.36062598919742,1,0.8533008694648743,
bench_detect_20260903_2044,onnx,320,4,87,27.76879999873927,36.01163896334739,1,0.8807278871536255,
bench_detect_20260903_2044,onnx,320,4,88,25.12140000180807,39.80669866838738,1,0.8535933494567871,
bench_detect_20260903_2044,onnx,320,4,89,19.904300002963282,50.2404003080301,1,0.8226962685585022,
bench_detect_20260903_2044,onnx,320,4,90,22.328400002152193,44.78601242828021,1,0.83518385887146,
bench_detect_20260903_2044,onnx,320,4,91,26.30240000144113,38.0193442402674,5,0.8622596263885498,
bench_detect_20260903_2044,onnx,320,4,92,27.672700001858175,36.136697898392704,1,0.8443489670753479,
bench_detect_20260903_2044,onnx,320,4,93,24.198899998737033,41.324192424126345,1,0.8922711610794067,
bench_detect_20260903_2044,onnx,320,4,94,25.07560000231024,39.879404676572804,1,0.83056640625,
bench_detect_20260903_2044,onnx,320,4,95,24.979599998914637,40.03266665773071,1,0.8475976586341858,
bench_detect_20260903_2044,onnx,320,4,96,22.836600001028273,43.789355681448754,1,0.8309311866760254,
bench_detect_20260903_2044,onnx,320,4,97,23.954600001161452,41.74563549178506,1,0.8784871697425842,
bench_detect_20260903_2044,onnx,320,4,98,25.263499999709893,39.58279731674088,1,0.8540769815444946,
bench_detect_20260903_2044,onnx,320,4,99,22.25170000019716,44.94038657680714,1,0.863140344619751,
bench_detect_20260903_2044,onnx,640,1,0,218.05949999543373,4.585904306030879,1,0.8214688301086426,
bench_detect_20260903_2044,onnx,640,1,1,183.2559000031324,5.456850229558268,1,0.812147855758667,
bench_detect_20260903_2044,onnx,640,1,2,185.79440000030445,5.382293545975344,1,0.8395455479621887,
bench_detect_20260903_2044,onnx,640,1,3,219.84050000173738,4.548752390902027,1,0.8316104412078857,
bench_detect_20260903_2044,onnx,640,1,4,148.0890000020736,6.75269601378899,1,0.7443010807037354,
bench_detect_20260903_2044,onnx,640,1,5,244.3864999950165,4.091879052322415,1,0.8330690860748291,
bench_detect_20260903_2044,onnx,640,1,6,205.34480000060285,4.8698579170111165,1,0.8096311092376709,
bench_detect_20260903_2044,onnx,640,1,7,140.2103000000352,7.132143644224062,2,0.8250116109848022,
bench_detect_20260903_2044,onnx,640,1,8,149.60430000064662,6.684299849641206,1,0.8489115238189697,
bench_detect_20260903_2044,onnx,640,1,9,139.00000000285218,7.194244604168926,1,0.8309528827667236,
bench_detect_20260903_2044,onnx,640,1,10,141.23999999719672,7.080147267203679,1,0.8210679292678833,
bench_detect_20260903_2044,onnx,640,1,11,164.59829999803333,6.0753968905629545,1,0.8629555702209473,
bench_detect_20260903_2044,onnx,640,1,12,172.07710000366205,5.811348517488489,1,0.842363715171814,
bench_detect_20260903_2044,onnx,640,1,13,150.1838000040152,6.658507774961512,2,0.825884997844696,
bench_detect_20260903_2044,onnx,640,1,14,152.77249999780906,6.545680669062437,1,0.8677326440811157,
bench_detect_20260903_2044,onnx,640,1,15,157.46749999379972,6.350516773552479,1,0.861142635345459,
bench_detect_20260903_2044,onnx,640,1,16,139.16320000134874,7.18580774220705,2,0.8343461751937866,
bench_detect_20260903_2044,onnx,640,1,17,146.39149999857182,6.8309977014359164,3,0.839414656162262,
bench_detect_20260903_2044,onnx,640,1,18,141.23120000294875,7.080588425072655,2,0.8466666340827942,
bench_detect_20260903_2044,onnx,640,1,19,137.9899999956251,7.246901949646383,1,0.8641484975814819,
bench_detect_20260903_2044,onnx,640,1,20,147.40619999793125,6.783975165318924,2,0.8630983829498291,
bench_detect_20260903_2044,onnx,640,1,21,141.77899999776855,7.0532307324479575,1,0.8406504392623901,
bench_detect_20260903_2044,onnx,640,1,22,145.049899998412,6.894179175655743,1,0.8391133546829224,
bench_detect_20260903_2044,onnx,640,1,23,133.7333999981638,7.477563570609363,1,0.8192139863967896,
bench_detect_20260903_2044,onnx,640,1,24,133.21230000292417,7.506814310525746,1,0.8192445635795593,
bench_detect_20260903_2044,onnx,640,1,25,152.62480000092182,6.552015137736201,2,0.8416056632995605,
bench_detect_20260903_2044,onnx,640,1,26,143.04540000011912,6.99078754017373,3,0.8323211669921875,
bench_detect_20260903_2044,onnx,640,1,27,256.3668000002508,3.9006610840367073,1,0.8368035554885864,
bench_detect_20260903_2044,onnx,640,1,28,250.62819999584462,3.9899739934156644,1,0.8446122407913208,
bench_detect_20260903_2044,onnx,640,1,29,254.870500000834,3.923561181057548,1,0.8436522483825684,
bench_detect_20260903_2044,onnx,640,1,30,193.51809999352554,5.167475290597916,1,0.8377926349639893,
bench_detect_20260903_2044,onnx,640,1,31,219.32839999499265,4.559373068069755,1,0.8432223796844482,
bench_detect_20260903_2044,onnx,640,1,32,216.98430000105873,4.60862836617728,1,0.8313404321670532,
bench_detect_20260903_2044,onnx,640,1,33,153.8672000024235,6.499110921523557,1,0.8367631435394287,
bench_detect_20260903_2044,onnx,640,1,34,289.29950000019744,3.45662540031807,1,0.7940600514411926,
bench_detect_20260903_2044,onnx,640,1,35,174.9065000039991,5.717340407458475,1,0.8441817760467529,
bench_detect_20260903_2044,onnx,640,1,36,271.9732000041404,3.676832864358608,1,0.8246177434921265,
bench_detect_20260903_2044,onnx,640,1,37,250.18529999942984,3.9970373958912813,1,0.8456279039382935,
bench_detect_20260903_2044,onnx,640,1,38,231.15230000257725,4.326152065062084,1,0.8481340408325195,
bench_detect_20260903_2044,onnx,640,1,39,230.79760000109673,4.332800687681536,2,0.8228013515472412,
bench_detect_20260903_2044,onnx,640,1,40,237.81150000286289,4.205011111691241,1,0.811850368976593,
bench_detect_20260903_2044,onnx,640,1,41,212.91580000251997,4.69669230741995,1,0.848019003868103,
bench_detect_20260903_2044,onnx,640,1,42,156.88280000176746,6.374185060368211,2,0.8532116413116455,
bench_detect_20260903_2044,onnx,640,1,43,170.062199998938,5.880201479260204,1,0.8299169540405273,
bench_detect_20260903_2044,onnx,640,1,44,150.13429999817163,6.660703117223568,1,0.7718535661697388,
bench_detect_20260903_2044,onnx,640,1,45,217.49269999418175,4.5978554683754975,1,0.8479881882667542,
bench_detect_20260903_2044,onnx,640,1,46,196.20759999816073,5.0966425358109175,1,0.8480563163757324,
bench_detect_20260903_2044,onnx,640,1,47,268.1027999933576,3.729912556022449,1,0.8432231545448303,
bench_detect_20260903_2044,onnx,640,1,48,161.3227000052575,6.198755661586436,1,0.815872073173523,
bench_detect_20260903_2044,onnx,640,1,49,130.2203000013833,7.679294242060395,1,0.7787197232246399,
bench_detect_20260903_2044,onnx,640,1,50,224.7877999980119,4.44864000630303,2,0.8698760271072388,
bench_detect_20260903_2044,onnx,640,1,51,150.6264000054216,6.638942442785636,1,0.8253887891769409,
bench_detect_20260903_2044,onnx,640,1,52,134.93469999957597,7.410992131772943,1,0.8267799615859985,
bench_detect_20260903_2044,onnx,640,1,53,135.63620000059018,7.372663050097605,1,0.8350735902786255,
bench_detect_20260903_2044,onnx,640,1,54,141.1218000066583,7.086077416478664,1,0.842432975769043,
bench_detect_20260903_2044,onnx,640,1,55,162.343800002418,6.159767111433302,1,0.853783130645752,
bench_detect_20260903_2044,onnx,640,1,56,158.5345999992569,6.307771300427082,1,0.8273897171020508,
bench_detect_20260903_2044,onnx,640,1,57,149.41829999588663,6.6926206497298475,1,0.8261759877204895,
bench_detect_20260903_2044,onnx,640,1,58,130.69560000440106,7.651366992969357,2,0.8604758977890015,
bench_detect_20260903_2044,onnx,640,1,59,144.29090000339784,6.930443984869812,1,0.8189926147460938,
bench_detect_20260903_2044,onnx,640,1,60,137.84909999958472,7.254309241068767,2,0.8329588770866394,
bench_detect_20260903_2044,onnx,640,1,61,154.25810000306228,6.48264175417789,1,0.8284343481063843,
bench_detect_20260903_2044,onnx,640,1,62,155.10850000282517,6.447099933155087,2,0.8373318910598755,
bench_detect_20260903_2044,onnx,640,1,63,143.98660000006203,6.945090723717132,1,0.8421447277069092,
bench_detect_20260903_2044,onnx,640,1,64,161.49009999935515,6.192330056170583,1,0.8202601075172424,
bench_detect_20260903_2044,onnx,640,1,65,281.8556999991415,3.5479147663256265,1,0.8330275416374207,
bench_detect_20260903_2044,onnx,640,1,66,216.85989999969024,4.611272070131124,2,0.8189750909805298,
bench_detect_20260903_2044,onnx,640,1,67,162.03069999755826,6.1716699367161265,1,0.8267172574996948,
bench_detect_20260903_2044,onnx,640,1,68,214.21579999878304,4.6681897413994715,2,0.8485020399093628,
bench_detect_20260903_2044,onnx,640,1,69,199.84829999884823,5.0037953788236536,1,0.8594738841056824,
bench_detect_20260903_2044,onnx,640,1,70,227.0076999993762,4.40513691827523,1,0.857597827911377,
bench_detect_20260903_2044,onnx,640,1,71,187.17470000410685,5.3426023921932755,1,0.8561351299285889,
bench_detect_20260903_2044,onnx,640,1,72,172.66839999501826,5.791447653588332,1,0.8265813589096069,
bench_detect_20260903_2044,onnx,640,1,73,277.10060000390513,3.6087976712641807,1,0.8261643648147583,
bench_detect_20260903_2044,onnx,640,1,74,190.4380999985733,5.251050078778835,1,0.8381205797195435,
bench_detect_20260903_2044,onnx,640,1,75,143.38490000227466,6.974235083221008,1,0.8184213638305664,
bench_detect_20260903_2044,onnx,640,1,76,136.6898999986006,7.315829479795053,2,0.8448441028594971,
bench_detect_20260903_2044,onnx,640,1,77,137.30869999562856,7.28285971705971,1,0.8476138114929199,
bench_detect_20260903_2044,onnx,640,1,78,150.6643999964581,6.637267994453293,1,0.8524564504623413,
bench_detect_20260903_2044,onnx,640,1,79,146.2896000011824,6.835755925177985,4,0.8396109342575073,
bench_detect_20260903_2044,onnx,640,1,80,139.97579999704612,7.144092050348008,1,0.8314977288246155,
bench_detect_20260903_2044,onnx,640,1,81,222.69700000470039,4.490406246958393,1,0.827151358127594,
bench_detect_20260903_2044,onnx,640,1,82,287.2933999969973,3.4807621755684313,2,0.8298345804214478,
bench_detect_20260903_2044,onnx,640,1,83,298.3195000051637,3.3521107402723946,1,0.8219830989837646,
bench_detect_20260903_2044,onnx,640,1,84,211.42369999870425,4.729838707799214,1,0.8257669806480408,
bench_detect_20260903_2044,onnx,640,1,85,158.62909999850672,6.304013576382982,1,0.8114612102508545,
bench_detect_20260903_2044,onnx,640,1,86,132.93110000086017,7.522694087339451,1,0.8388513326644897,
bench_detect_20260903_2044,onnx,640,1,87,150.20669999648817,6.65749264196191,1,0.8571672439575195,
bench_detect_20260903_2044,onnx,640,1,88,166.79689999727998,5.995315260753092,1,0.8460313081741333,
bench_detect_20260903_2044,onnx,640,1,89,151.06020000530407,6.619877373159096,1,0.7928652763366699,
bench_detect_20260903_2044,onnx,640,1,90,146.00029999564867,6.849300994791131,1,0.8154222965240479,
bench_detect_20260903_2044,onnx,640,1,91,134.76290000107838,7.420439898458685,6,0.8506507873535156,
bench_detect_20260903_2044,onnx,640,1,92,141.4578999974765,7.069241095886757,1,0.8413549065589905,
bench_detect_20260903_2044,onnx,640,1,93,148.8143999958993,6.719779806440478,1,0.8516277074813843,
bench_detect_20260903_2044,onnx,640,1,94,148.38049999525538,6.7394300466164765,1,0.8222675323486328,
bench_detect_20260903_2044,onnx,640,1,95,146.91219999804161,6.806786638640837,1,0.8292025923728943,
bench_detect_20260903_2044,onnx,640,1,96,142.4533999961568,7.019839470500378,1,0.807289183139801,
bench_detect_20260903_2044,onnx,640,1,97,137.1997999958694,7.288640362668943,1,0.8510770797729492,
bench_detect_20260903_2044,onnx,640,1,98,163.52969999570632,6.115097135421005,1,0.8391404151916504,
bench_detect_20260903_2044,onnx,640,1,99,151.86749999702442,6.5846873097903975,1,0.849768877029419,
bench_detect_20260903_2044,onnx,640,2,0,97.07440000056522,10.301377088029156,1,0.8214688301086426,
bench_detect_20260903_2044,onnx,640,2,1,93.18060000077821,10.731847616259698,1,0.812147855758667,
bench_detect_20260903_2044,onnx,640,2,2,97.92370000650408,10.2120324286519,1,0.8395455479621887,
bench_detect_20260903_2044,onnx,640,2,3,96.73019999900134,10.338033003243291,1,0.8316104412078857,
bench_detect_20260903_2044,onnx,640,2,4,86.55330000328831,11.55357450220856,1,0.7443010807037354,
bench_detect_20260903_2044,onnx,640,2,5,108.38260000309674,9.226573268877363,1,0.8330690860748291,
bench_detect_20260903_2044,onnx,640,2,6,128.35540000378387,7.790868167373716,1,0.8096311092376709,
bench_detect_20260903_2044,onnx,640,2,7,123.5376999975415,8.094694979912212,2,0.8250116109848022,
bench_detect_20260903_2044,onnx,640,2,8,90.03469999879599,11.10682881170674,1,0.8489115238189697,
bench_detect_20260903_2044,onnx,640,2,9,86.26129999902332,11.592684089056418,1,0.8309528827667236,
bench_detect_20260903_2044,onnx,640,2,10,122.82800000684801,8.141466114764118,1,0.8210679292678833,
bench_detect_20260903_2044,onnx,640,2,11,90.70349999819882,11.02493288593999,1,0.8629555702209473,
bench_detect_20260903_2044,onnx,640,2,12,98.01490000245394,10.20253043134221,1,0.842363715171814,
bench_detect_20260903_2044,onnx,640,2,13,95.11899999779416,10.513146690179568,2,0.825884997844696,
bench_detect_20260903_2044,onnx,640,2,14,98.61559999990277,10.140383468751251,1,0.8677326440811157,
bench_detect_20260903_2044,onnx,640,2,15,80.13190000201575,12.479424548461282,1,0.861142635345459,
bench_detect_20260903_2044,onnx,640,2,16,100.28470000543166,9.971610823444031,2,0.8343461751937866,
bench_detect_20260903_2044,onnx,640,2,17,88.97969999816269,11.23851844882202,3,0.839414656162262,
bench_detect_20260903_2044,onnx,640,2,18,98.80620000330964,10.1208223772041,2,0.8466666340827942,
bench_detect_20260903_2044,onnx,640,2,19,94.27950000099372,10.606759687837332,1,0.8641484975814819,
bench_detect_20260903_2044,onnx,640,2,20,141.06900000479072,7.088729628522495,2,0.8630983829498291,
bench_detect_20260903_2044,onnx,640,2,21,155.32410000014352,6.438150937292256,1,0.8406504392623901,
bench_detect_20260903_2044,onnx,640,2,22,108.15759999968577,9.245767287762536,1,0.8391133546829224,
bench_detect_20260903_2044,onnx,640,2,23,92.67859999818029,10.789977405999169,1,0.8192139863967896,
bench_detect_20260903_2044,onnx,640,2,24,93.90220000204863,10.649377756625332,1,0.8192445635795593,
bench_detect_20260903_2044,onnx,640,2,25,103.43789999751607,9.66763633082278,2,0.8416056632995605,
bench_detect_20260903_2044,onnx,640,2,26,120.38500000198837,8.30668272611607,3,0.8323211669921875,
bench_detect_20260903_2044,onnx,640,2,27,109.19819999980973,9.157660107966453,1,0.8368035554885864,
bench_detect_20260903_2044,onnx,640,2,28,94.95089999836637,10.531759046172338,1,0.8446122407913208,
bench_detect_20260903_2044,onnx,640,2,29,129.3223000029684,7.732618426806873,1,0.8436522483825684,
bench_detect_20260903_2044,onnx,640,2,30,108.81830000289483,9.189630787959356,1,0.8377926349639893,
bench_detect_20260903_2044,onnx,640,2,31,105.08909999771276,9.5157347433917,1,0.8432223796844482,
bench_detect_20260903_2044,onnx,640,2,32,92.47060000052443,10.814247987947832,1,0.8313404321670532,
bench_detect_20260903_2044,onnx,640,2,33,84.08880000206409,11.892190160585637,1,0.8367631435394287,
bench_detect_20260903_2044,onnx,640,2,34,134.49689999833936,7.435115604986785,1,0.7940600514411926,
bench_detect_20260903_2044,onnx,640,2,35,102.1279999986291,9.791634028018011,1,0.8441817760467529,
bench_detect_20260903_2044,onnx,640,2,36,117.12389999593142,8.53796705911208,1,0.8246177434921265,
bench_detect_20260903_2044,onnx,640,2,37,98.6073000021861,10.14123700758291,1,0.8456279039382935,
bench_detect_20260903_2044,onnx,640,2,38,103.19880000315607,9.6900351551512,1,0.8481340408325195,
bench_detect_20260903_2044,onnx,640,2,39,103.88480000256095,9.626047313710458,2,0.8228013515472412,
bench_detect_20260903_2044,onnx,640,2,40,95.62149999692338,10.457899112983743,1,0.811850368976593,
bench_detect_20260903_2044,onnx,640,2,41,105.7890000010957,9.45277864418458,1,0.848019003868103,
bench_detect_20260903_2044,onnx,640,2,42,146.03209999768296,6.8478094885704355,2,0.8532116413116455,
bench_detect_20260903_2044,onnx,640,2,43,122.22829999518581,8.181411342867298,1,0.8299169540405273,
bench_detect_20260903_2044,onnx,640,2,44,91.19430000282591,10.965597630213864,1,0.7718535661697388,
bench_detect_20260903_2044,onnx,640,2,45,123.4894000008353,8.0978610309325,1,0.8479881882667542,
bench_detect_20260903_2044,onnx,640,2,46,88.50489999895217,11.298809444582607,1,0.8480563163757324,
bench_detect_20260903_2044,onnx,640,2,47,98.38570000283653,10.164078722529487,1,0.8432231545448303,
bench_detect_20260903_2044,onnx,640,2,48,129.07399999676272,7.747493685986959,1,0.815872073173523,
bench_detect_20260903_2044,onnx,640,2,49,86.62670000194339,11.54378499905417,1,0.7787197232246399,
bench_detect_20260903_2044,onnx,640,2,50,112.88139999669511,8.858855400706206,2,0.8698760271072388,
bench_detect_20260903_2044,onnx,640,2,51,104.31709999829764,9.58615605702535,1,0.8253887891769409,
bench_detect_20260903_2044,onnx,640,2,52,106.59000000305241,9.381743127604494,1,0.8267799615859985,
bench_detect_20260903_2044,onnx,640,2,53,105.0699000043096,9.51747360527595,1,0.8350735902786255,
bench_detect_20260903_2044,onnx,640,2,54,111.86710000038147,8.939178721863621,1,0.842432975769043,
bench_detect_20260903_2044,onnx,640,2,55,105.38649999944028,9.488881403266179,1,0.853783130645752,
bench_detect_20260903_2044,onnx,640,2,56,103.74920000322163,9.638628538523168,1,0.8273897171020508,
bench_detect_20260903_2044,onnx,640,2,57,122.0647000009194,8.192376665755685,1,0.8261759877204895,
bench_detect_20260903_2044,onnx,640,2,58,121.21830000251066,8.24957947751526,2,0.8604758977890015,
bench_detect_20260903_2044,onnx,640,2,59,87.03009999589995,11.490277502233258,1,0.8189926147460938,
bench_detect_20260903_2044,onnx,640,2,60,122.39469999622088,8.17028841960376,2,0.8329588770866394,
bench_detect_20260903_2044,onnx,640,2,61,172.8471000024001,5.7854600973121,1,0.8284343481063843,
bench_detect_20260903_2044,onnx,640,2,62,132.71800000075018,7.534772977247604,2,0.8373318910598755,
bench_detect_20260903_2044,onnx,640,2,63,135.36630000453442,7.38736302880778,1,0.8421447277069092,
bench_detect_20260903_2044,onnx,640,2,64,123.45929999719374,8.099835330531846,1,0.8202601075172424,
bench_detect_20260903_2044,onnx,640,2,65,93.71420000388753,10.670741466698933,1,0.8330275416374207,
bench_detect_20260903_2044,onnx,640,2,66,91.64109999983339,10.912134402596848,2,0.8189750909805298,
bench_detect_20260903_2044,onnx,640,2,67,108.85589999816148,9.186456590932504,1,0.8267172574996948,
bench_detect_20260903_2044,onnx,640,2,68,97.54999999859137,10.251153254889186,2,0.8485020399093628,
bench_detect_20260903_2044,onnx,640,2,69,111.16149999725167,8.995920350343633,1,0.8594738841056824,
bench_detect_20260903_2044,onnx,640,2,70,94.09059999597957,10.628054237540512,1,0.857597827911377,
bench_detect_20260903_2044,onnx,640,2,71,91.18199999647914,10.967076835763788,1,0.8561351299285889,
bench_detect_20260903_2044,onnx,640,2,72,89.35109999583801,11.191804018602795,1,0.8265813589096069,
bench_detect_20260903_2044,onnx,640,2,73,93.47339999658288,10.69823072699353,1,0.8261643648147583,
bench_detect_20260903_2044,onnx,640,2,74,97.84149999904912,10.220611908134265,1,0.8381205797195435,
bench_detect_20260903_2044,onnx,640,2,75,93.00130000337958,10.752537867359498,1,0.8184213638305664,
bench_detect_20260903_2044,onnx,640,2,76,91.42949999659322,10.93738891755135,2,0.8448441028594971,
bench_detect_20260903_2044,onnx,640,2,77,101.2644000002183,9.875138745678088,1,0.8476138114929199,
bench_detect_20260903_2044,onnx,640,2,78,84.29980000073556,11.862424347285218,1,0.8524564504623413,
bench_detect_20260903_2044,onnx,640,2,79,115.74039999686647,8.640025436468802,4,0.8396109342575073,
bench_detect_20260903_2044,onnx,640,2,80,126.53940000018338,7.902676952779536,1,0.8314977288246155,
bench_detect_20260903_2044,onnx,640,2,81,81.11120000103256,12.328753612167862,1,0.827151358127594,
bench_detect_20260903_2044,onnx,640,2,82,98.60960000514751,10.141000470013052,2,0.8298345804214478,
bench_detect_20260903_2044,onnx,640,2,83,89.29349999380065,11.199023445933094,1,0.8219830989837646,
bench_detect_20260903_2044,onnx,640,2,84,86.61639999627369,11.54515773044159,1,0.8257669806480408,
bench_detect_20260903_2044,onnx,640,2,85,98.23940000205766,10.179215263723664,1,0.8114612102508545,
bench_detect_20260903_2044,onnx,640,2,86,94.49850000237348,10.58217855283294,1,0.8388513326644897,
bench_detect_20260903_2044,onnx,640,2,87,99.12310000072466,10.088465756142506,1,0.8571672439575195,
bench_detect_20260903_2044,onnx,640,2,88,124.49370000103954,8.03253497961463,1,0.8460313081741333,
bench_detect_20260903_2044,onnx,640,2,89,88.6291999995592,11.282963176977491,1,0.7928652763366699,
bench_detect_20260903_2044,onnx,640,2,90,128.48379999923054,7.783082380860379,1,0.8154222965240479,
bench_detect_20260903_2044,onnx,640,2,91,106.81430000113323,9.362042348163033,6,0.8506507873535156,
bench_detect_20260903_2044,onnx,640,2,92,165.36939999787137,6.0470679582369655,1,0.8413549065589905,
bench_detect_20260903_2044,onnx,640,2,93,125.18329999875277,7.988285977522267,1,0.8516277074813843,
bench_detect_20260903_2044,onnx,640,2,94,80.99609999771928,12.346273462897082,1,0.8222675323486328,
bench_detect_20260903_2044,onnx,640,2,95,88.22869999858085,11.334180374595624,1,0.8292025923728943,
bench_detect_20260903_2044,onnx,640,2,96,96.61539999797242,10.350316823415172,1,0.807289183139801,
bench_detect_20260903_2044,onnx,640,2,97,106.78589999588439,9.364532209201222,1,0.8510770797729492,
bench_detect_20260903_2044,onnx,640,2,98,121.62850000459002,8.221757235863814,1,0.8391404151916504,
bench_detect_20260903_2044,onnx,640,2,99,86.60390000295592,11.54682410337027,1,0.849768877029419,
bench_detect_20260903_2044,onnx,640,4,0,88.20769999874756,11.336878753376393,1,0.8214688301086426,
bench_detect_20260903_2044,onnx,640,4,1,91.00200000102632,10.988769477469969,1,0.812147855758667,
bench_detect_20260903_2044,onnx,640,4,2,81.33369999995921,12.29502653882095,1,0.8395455479621887,
bench_detect_20260903_2044,onnx,640,4,3,92.91300000040792,10.76275655716218,1,0.8316104412078857,
bench_detect_20260903_2044,onnx,640,4,4,83.42619999893941,11.986642086211681,1,0.7443010807037354,
bench_detect_20260903_2044,onnx,640,4,5,84.69279999553692,11.807379140289344,1,0.8330690860748291,
bench_detect_20260903_2044,onnx,640,4,6,96.86969999893336,10.323145421230903,1,0.8096311092376709,
bench_detect_20260903_2044,onnx,640,4,7,90.40480000112439,11.061359573690366,2,0.8250116109848022,
bench_detect_20260903_2044,onnx,640,4,8,82.49140000407351,12.12247579687845,1,0.8489115238189697,
bench_detect_20260903_2044,onnx,640,4,9,79.77509999909671,12.535239692727718,1,0.8309528827667236,
bench_detect_20260903_2044,onnx,640,4,10,85.5154999953811,11.693786507171358,1,0.8210679292678833,
bench_detect_20260903_2044,onnx,640,4,11,94.26589999930002,10.608289954346436,1,0.8629555702209473,
bench_detect_20260903_2044,onnx,640,4,12,90.08329999778653,11.100836670332585,1,0.842363715171814,
bench_detect_20260903_2044,onnx,640,4,13,81.49450000200886,12.2707667385572,2,0.825884997844696,
bench_detect_20260903_2044,onnx,640,4,14,86.9622000027448,11.499249098670882,1,0.8677326440811157,
bench_detect_20260903_2044,onnx,640,4,15,83.10199999687029,12.03340473198793,1,0.861142635345459,
bench_detect_20260903_2044,onnx,640,4,16,84.93299999827286,11.773986554346783,2,0.8343461751937866,
bench_detect_20260903_2044,onnx,640,4,17,86.28100000350969,11.590037203547972,3,0.839414656162262,
bench_detect_20260903_2044,onnx,640,4,18,80.93039999948815,12.356296274407697,2,0.8466666340827942,
bench_detect_20260903_2044,onnx,640,4,19,90.80060000269441,11.013143084630785,1,0.8641484975814819,
bench_detect_20260903_2044,onnx,640,4,20,89.68920000188518,11.149614446098091,2,0.8630983829498291,
bench_detect_20260903_2044,onnx,640,4,21,75.49320000543958,13.246226149215374,1,0.8406504392623901,
bench_detect_20260903_2044,onnx,640,4,22,80.32899999670917,12.448804292857709,1,0.8391133546829224,
bench_detect_20260903_2044,onnx,640,4,23,82.05330000055255,12.187200270961265,1,0.8192139863967896,
bench_detect_20260903_2044,onnx,640,4,24,88.8656000024639,11.252948272135379,1,0.8192445635795593,
bench_detect_20260903_2044,onnx,640,4,25,91.62520000245422,10.914028018200392,2,0.8416056632995605,
bench_detect_20260903_2044,onnx,640,4,26,77.78650000545895,12.855701181179528,3,0.8323211669921875,
bench_detect_20260903_2044,onnx,640,4,27,99.64390000095591,10.035737260287952,1,0.8368035554885864,
bench_detect_20260903_2044,onnx,640,4,28,104.16090000217082,9.600531485222948,1,0.8446122407913208,
bench_detect_20260903_2044,onnx,640,4,29,101.135200005956,9.887754213578543,1,0.8436522483825684,
bench_detect_20260903_2044,onnx,640,4,30,94.5577999955276,10.575542155668787,1,0.8377926349639893,
bench_detect_20260903_2044,onnx,640,4,31,90.9587999994983,10.993988487155896,1,0.8432223796844482,
bench_detect_20260903_2044,onnx,640,4,32,90.81480000168085,11.011421045705012,1,0.8313404321670532,
bench_detect_20260903_2044,onnx,640,4,33,84.62689999578288,11.81657369051486,1,0.8367631435394287,
bench_detect_20260903_2044,onnx,640,4,34,84.86119999724906,11.78394837726095,1,0.7940600514411926,
bench_detect_20260903_2044,onnx,640,4,35,83.77530000143452,11.936692557148428,1,0.8441817760467529,
bench_detect_20260903_2044,onnx,640,4,36,82.41999999881955,12.132977432835748,1,0.8246177434921265,
bench_detect_20260903_2044,onnx,640,4,37,87.59389999613632,11.416320086719612,1,0.8456279039382935,
bench_detect_20260903_2044,onnx,640,4,38,84.67039999959525,11.810502844025542,1,0.8481340408325195,
bench_detect_20260903_2044,onnx,640,4,39,86.26989999902435,11.59152844748063,2,0.8228013515472412,
bench_detect_20260903_2044,onnx,640,4,40,80.65359999454813,12.398702600598066,1,0.811850368976593,
bench_detect_20260903_2044,onnx,640,4,41,89.20610000495799,11.209995728368586,1,0.848019003868103,
bench_detect_20260903_2044,onnx,640,4,42,88.04690000397386,11.35758328748504,2,0.8532116413116455,
bench_detect_20260903_2044,onnx,640,4,43,78.55800000106683,12.729448305537563,1,0.8299169540405273,
bench_detect_20260903_2044,onnx,640,4,44,90.82019999914337,11.010766327418704,1,0.7718535661697388,
bench_detect_20260903_2044,onnx,640,4,45,97.71400000317954,10.233948052146681,1,0.8479881882667542,
bench_detect_20260903_2044,onnx,640,4,46,79.8549000028288,12.522713070388614,1,0.8480563163757324,
bench_detect_20260903_2044,onnx,640,4,47,74.93729999987409,13.344489326432635,1,0.8432231545448303,
bench_detect_20260903_2044,onnx,640,4,48,84.05580000544433,11.896858990518556,1,0.815872073173523,
bench_detect_20260903_2044,onnx,640,4,49,83.10579999670153,12.03285450642061,1,0.7787197232246399,
bench_detect_20260903_2044,onnx,640,4,50,86.05639999586856,11.620286231448311,2,0.8698760271072388,
bench_detect_20260903_2044,onnx,640,4,51,81.70399999653455,12.23930284982883,1,0.8253887891769409,
bench_detect_20260903_2044,onnx,640,4,52,85.82250000472413,11.651956071484221,1,0.8267799615859985,
bench_detect_20260903_2044,onnx,640,4,53,70.85870000446448,14.112593089303001,1,0.8350735902786255,
bench_detect_20260903_2044,onnx,640,4,54,89.4791999962763,11.175781634632578,1,0.842432975769043,
bench_detect_20260903_2044,onnx,640,4,55,90.13360000244575,11.094641731528146,1,0.853783130645752,
bench_detect_20260903_2044,onnx,640,4,56,91.97470000071917,10.872555169978057,1,0.8273897171020508,
bench_detect_20260903_2044,onnx,640,4,57,82.84350000030827,12.070953062054102,1,0.8261759877204895,
bench_detect_20260903_2044,onnx,640,4,58,85.09050000429852,11.752193252472168,2,0.8604758977890015,
bench_detect_20260903_2044,onnx,640,4,59,89.91560000140453,11.121540644608716,1,0.8189926147460938,
bench_detect_20260903_2044,onnx,640,4,60,79.09830000426155,12.64249674071533,2,0.8329588770866394,
bench_detect_20260903_2044,onnx,640,4,61,82.52889999857871,12.116967510983688,1,0.8284343481063843,
bench_detect_20260903_2044,onnx,640,4,62,86.16020000044955,11.606286893423906,2,0.8373318910598755,
bench_detect_20260903_2044,onnx,640,4,63,82.23010000074282,12.160997007068781,1,0.8421447277069092,
bench_detect_20260903_2044,onnx,640,4,64,96.71150000212947,10.340031950471053,1,0.8202601075172424,
bench_detect_20260903_2044,onnx,640,4,65,90.12559999973746,11.095626547872225,1,0.8330275416374207,
bench_detect_20260903_2044,onnx,640,4,66,92.8968000007444,10.76463344261575,2,0.8189750909805298,
bench_detect_20260903_2044,onnx,640,4,67,68.54010000097333,14.589999138982861,1,0.8267172574996948,
bench_detect_20260903_2044,onnx,640,4,68,91.15300000121351,10.97056597135242,2,0.8485020399093628,
bench_detect_20260903_2044,onnx,640,4,69,89.38290000514826,11.187822278561136,1,0.8594738841056824,
bench_detect_20260903_2044,onnx,640,4,70,88.51509999658447,11.29750743137145,1,0.857597827911377,
bench_detect_20260903_2044,onnx,640,4,71,86.8590000027325,11.512911730143577,1,0.8561351299285889,
bench_detect_20260903_2044,onnx,640,4,72,76.45950000005541,13.078819505741931,1,0.8265813589096069,
bench_detect_20260903_2044,onnx,640,4,73,87.4748999995063,11.431850736675822,1,0.8261643648147583,
bench_detect_20260903_2044,onnx,640,4,74,89.12740000232588,11.219894218544509,1,0.8381205797195435,
bench_detect_20260903_2044,onnx,640,4,75,87.00629999657394,11.49342059183504,1,0.8184213638305664,
bench_detect_20260903_2044,onnx,640,4,76,90.69749999616761,11.025662229303505,2,0.8448441028594971,
bench_detect_20260903_2044,onnx,640,4,77,80.24279999517603,12.462177292668217,1,0.8476138114929199,
bench_detect_20260903_2044,onnx,640,4,78,80.42750000458909,12.433558172800861,1,0.8524564504623413,
bench_detect_20260903_2044,onnx,640,4,79,80.11839999380754,12.481527340502199,4,0.8396109342575073,
bench_detect_20260903_2044,onnx,640,4,80,85.67449999827659,11.67208445943794,1,0.8314977288246155,
bench_detect_20260903_2044,onnx,640,4,81,87.30229999491712,11.45445194523193,1,0.827151358127594,
bench_detect_20260903_2044,onnx,640,4,82,86.82720000069821,11.517128273075242,2,0.8298345804214478,
bench_detect_20260903_2044,onnx,640,4,83,84.14849999826401,11.883753127157703,1,0.8219830989837646,
bench_detect_20260903_2044,onnx,640,4,84,98.18950000044424,10.184388351050526,1,0.8257669806480408,
bench_detect_20260903_2044,onnx,640,4,85,78.97180000145454,12.66274796802886,1,0.8114612102508545,
bench_detect_20260903_2044,onnx,640,4,86,92.98149999813177,10.754827573443023,1,0.8388513326644897,
bench_detect_20260903_2044,onnx,640,4,87,91.41139999701409,10.939554585452848,1,0.8571672439575195,
bench_detect_20260903_2044,onnx,640,4,88,91.82399999554036,10.890399024749165,1,0.8460313081741333,
bench_detect_20260903_2044,onnx,640,4,89,87.96199999778764,11.368545508573604,1,0.7928652763366699,
bench_detect_20260903_2044,onnx,640,4,90,81.75850000407081,12.231144161771674,1,0.8154222965240479,
bench_detect_20260903_2044,onnx,640,4,91,90.82089999719756,11.010681462426124,6,0.8506507873535156,
bench_detect_20260903_2044,onnx,640,4,92,86.20179999707034,11.600685832940682,1,0.8413549065589905,
bench_detect_20260903_2044,onnx,640,4,93,84.33979999972507,11.856798332498533,1,0.8516277074813843,
bench_detect_20260903_2044,onnx,640,4,94,81.8171999999322,12.22236889065904,1,0.8222675323486328,
bench_detect_20260903_2044,onnx,640,4,95,88.68919999804348,11.275330029158685,1,0.8292025923728943,
bench_detect_20260903_2044,onnx,640,4,96,82.29969999956666,12.150712578603148,1,0.807289183139801,
bench_detect_20260903_2044,onnx,640,4,97,81.84659999824362,12.217978511281586,1,0.8510770797729492,
bench_detect_20260903_2044,onnx,640,4,98,89.19929999683518,11.21085030976118,1,0.8391404151916504,
bench_detect_20260903_2044,onnx,640,4,99,83.33619999757502,11.999587214549004,1,0.849768877029419,
bench_detect_20260903_2044,ncnn,320,1,0,40.27229999337578,24.830963221978525,3,0.8670164942741394,
bench_detect_20260903_2044,ncnn,320,1,1,52.8247000038391,18.930538174894014,1,0.8328514695167542,
bench_detect_20260903_2044,ncnn,320,1,2,37.66860000177985,26.547309959827277,2,0.8697808384895325,
bench_detect_20260903_2044,ncnn,320,1,3,53.80169999989448,18.586773280434656,1,0.8827570676803589,
bench_detect_20260903_2044,ncnn,320,1,4,53.7244999941322,18.613481746860746,1,0.8138216137886047,
bench_detect_20260903_2044,ncnn,320,1,5,56.62139999913052,17.66116697954053,1,0.8523721098899841,
bench_detect_20260903_2044,ncnn,320,1,6,54.91239999537356,18.21082305789314,1,0.8551892638206482,
bench_detect_20260903_2044,ncnn,320,1,7,28.772700003173668,34.75516722065356,2,0.8453751802444458,
bench_detect_20260903_2044,ncnn,320,1,8,30.08129999943776,33.24324414233064,1,0.8628572225570679,
bench_detect_20260903_2044,ncnn,320,1,9,35.37209999922197,28.270868849234155,1,0.8440912961959839,
bench_detect_20260903_2044,ncnn,320,1,10,47.15849999774946,21.205084980390023,1,0.8319580554962158,
bench_detect_20260903_2044,ncnn,320,1,11,31.396300000778865,31.85088688715525,2,0.8591515421867371,
bench_detect_20260903_2044,ncnn,320,1,12,29.260600000270642,34.17564916613981,1,0.8425639271736145,
bench_detect_20260903_2044,ncnn,320,1,13,45.35870000108844,22.0464872224293,2,0.8373714685440063,
bench_detect_20260903_2044,ncnn,320,1,14,51.156599998648744,19.547819832170514,1,0.870506763458252,
bench_detect_20260903_2044,ncnn,320,1,15,57.73619999672519,17.32015615951033,1,0.8714591264724731,
bench_detect_20260903_2044,ncnn,320,1,16,55.8240999962436,17.913410159183755,2,0.8616291880607605,
bench_detect_20260903_2044,ncnn,320,1,17,47.52809999627061,21.04018465031144,3,0.860371470451355,
bench_detect_20260903_2044,ncnn,320,1,18,61.453100002836436,16.27257209081143,2,0.8776816129684448,
bench_detect_20260903_2044,ncnn,320,1,19,36.03470000234665,27.75102886758813,1,0.8844538927078247,
bench_detect_20260903_2044,ncnn,320,1,20,41.31519999646116,24.204166991462092,2,0.871953547000885,
bench_detect_20260903_2044,ncnn,320,1,21,50.48670000542188,19.807196744738867,1,0.8574782609939575,
bench_detect_20260903_2044,ncnn,320,1,22,46.946499998739455,21.300842448890773,1,0.8467497825622559,
bench_detect_20260903_2044,ncnn,320,1,23,44.63920000125654,22.401835157705587,1,0.8392353653907776,
bench_detect_20260903_2044,ncnn,320,1,24,38.773699998273514,25.790677702786354,1,0.8665619492530823,
bench_detect_20260903_2044,ncnn,320,1,25,43.21229999914067,23.14155923243813,3,0.8383881449699402,
bench_detect_20260903_2044,ncnn,320,1,26,53.23350000253413,18.785163476990917,3,0.8507546782493591,
bench_detect_20260903_2044,ncnn,320,1,27,49.86859999917215,20.052698491968908,1,0.8478229641914368,
bench_detect_20260903_2044,ncnn,320,1,28,55.51700000069104,18.012500675244567,1,0.8780727386474609,
bench_detect_20260903_2044,ncnn,320,1,29,55.22719999862602,18.107019729859175,1,0.8478466868400574,
bench_detect_20260903_2044,ncnn,320,1,30,54.996099999698345,18.18310752954273,1,0.8513928651809692,
bench_detect_20260903_2044,ncnn,320,1,31,55.349100002786145,18.06714110888275,1,0.8696878552436829,
bench_detect_20260903_2044,ncnn,320,1,32,54.66339999838965,18.293776092037074,2,0.8461757302284241,
bench_detect_20260903_2044,ncnn,320,1,33,54.2215999957989,18.442834591334087,1,0.8386850953102112,
bench_detect_20260903_2044,ncnn,320,1,34,55.5199000009452,18.011559818785255,2,0.8442752361297607,
bench_detect_20260903_2044,ncnn,320,1,35,53.565500005788635,18.668732671065023,1,0.850351095199585,
bench_detect_20260903_2044,ncnn,320,1,36,52.544999998644926,19.031306499681964,1,0.8418047428131104,
bench_detect_20260903_2044,ncnn,320,1,37,37.47410000505624,26.685097170180835,1,0.8386184573173523,
bench_detect_20260903_2044,ncnn,320,1,38,49.883699997735675,20.046628458702784,1,0.8658448457717896,
bench_detect_20260903_2044,ncnn,320,1,39,50.59909999545198,19.76319737089955,2,0.8564574718475342,
bench_detect_20260903_2044,ncnn,320,1,40,40.83530000207247,24.48861646539264,1,0.8289921283721924,
bench_detect_20260903_2044,ncnn,320,1,41,45.18110000208253,22.13314859429954,1,0.8585211038589478,
bench_detect_20260903_2044,ncnn,320,1,42,24.90150000085123,40.15822339882401,2,0.8730190396308899,
bench_detect_20260903_2044,ncnn,320,1,43,24.86979999957839,40.20941061114093,1,0.8458724021911621,
bench_detect_20260903_2044,ncnn,320,1,44,26.963999996951316,37.08648568880971,1,0.8432603478431702,
bench_detect_20260903_2044,ncnn,320,1,45,26.078599999891594,38.34561671271299,1,0.8354376554489136,
bench_detect_20260903_2044,ncnn,320,1,46,25.836599998001475,38.704783140093994,1,0.8780819177627563,
bench_detect_20260903_2044,ncnn,320,1,47,31.469599998672493,31.776698783657366,1,0.8653020858764648,
bench_detect_20260903_2044,ncnn,320,1,48,27.634400001261383,36.18678169073165,1,0.8466676473617554,
bench_detect_20260903_2044,ncnn,320,1,49,31.516600000031758,31.72931090279384,1,0.8357387185096741,
bench_detect_20260903_2044,ncnn,320,1,50,50.5979000008665,19.763666080664905,2,0.8686113357543945,
bench_detect_20260903_2044,ncnn,320,1,51,55.76220000511967,17.933295313100764,1,0.8685365915298462,
bench_detect_20260903_2044,ncnn,320,1,52,51.71179999888409,19.337946078488457,1,0.845445990562439,
bench_detect_20260903_2044,ncnn,320,1,53,52.8550000017276,18.919685932595105,1,0.8381633758544922,
bench_detect_20260903_2044,ncnn,320,1,54,34.77149999525864,28.75918496861964,1,0.850558340549469,
bench_detect_20260903_2044,ncnn,320,1,55,25.385600005392917,39.392411437490544,1,0.8439571857452393,
bench_detect_20260903_2044,ncnn,320,1,56,25.83030000096187,38.71422321702659,1,0.8371194005012512,
bench_detect_20260903_2044,ncnn,320,1,57,33.2875999956741,30.041216553009388,1,0.8488039374351501,
bench_detect_20260903_2044,ncnn,320,1,58,46.917100000428036,21.314190348313872,3,0.8435398936271667,
bench_detect_20260903_2044,ncnn,320,1,59,38.451499996881466,26.00678777371762,1,0.8659918904304504,
bench_detect_20260903_2044,ncnn,320,1,60,55.576300001121126,17.993281308396334,2,0.8362575173377991,
bench_detect_20260903_2044,ncnn,320,1,61,54.15119999815943,18.466811447096084,1,0.8402529358863831,
bench_detect_20260903_2044,ncnn,320,1,62,47.746900003403425,20.94376807559694,2,0.8753019571304321,
bench_detect_20260903_2044,ncnn,320,1,63,46.56100000283914,21.477201948820326,1,0.8739727139472961,
bench_detect_20260903_2044,ncnn,320,1,64,35.615799999504816,28.07742631118502,1,0.8813585042953491,
bench_detect_20260903_2044,ncnn,320,1,65,25.06119999452494,39.902319131504775,1,0.8344634175300598,
bench_detect_20260903_2044,ncnn,320,1,66,41.04650000226684,24.362613132539288,2,0.8658980131149292,
bench_detect_20260903_2044,ncnn,320,1,67,52.791900001466274,18.942299859869134,1,0.8395223617553711,
bench_detect_20260903_2044,ncnn,320,1,68,25.084699998842552,39.864937593279635,2,0.8659769892692566,
bench_detect_20260903_2044,ncnn,320,1,69,24.687599994649645,40.506165047097426,1,0.8664171099662781,
bench_detect_20260903_2044,ncnn,320,1,70,24.268299996037968,41.2060177335561,1,0.8556603789329529,
bench_detect_20260903_2044,ncnn,320,1,71,43.771700002253056,22.845811333544894,1,0.8706234097480774,
bench_detect_20260903_2044,ncnn,320,1,72,54.14960000052815,18.46735709941064,1,0.8552781939506531,
bench_detect_20260903_2044,ncnn,320,1,73,28.46970000246074,35.12506278301374,1,0.8395993113517761,
bench_detect_20260903_2044,ncnn,320,1,74,31.98109999357257,31.268467945160605,1,0.8509736657142639,
bench_detect_20260903_2044,ncnn,320,1,75,41.28060000221012,24.22445410062986,1,0.8412089347839355,
bench_detect_20260903_2044,ncnn,320,1,76,44.897100000525825,22.273153499631118,2,0.8553760647773743,
bench_detect_20260903_2044,ncnn,320,1,77,43.77769999700831,22.842680178911596,1,0.8588331341743469,
bench_detect_20260903_2044,ncnn,320,1,78,56.44729999767151,17.715639189850545,1,0.8597092628479004,
bench_detect_20260903_2044,ncnn,320,1,79,51.17440000321949,19.54102050902576,3,0.8422051072120667,
bench_detect_20260903_2044,ncnn,320,1,80,37.58129999914672,26.608978402096383,1,0.8683741688728333,
bench_detect_20260903_2044,ncnn,320,1,81,25.197800001478754,39.68600433138267,1,0.8618001937866211,
bench_detect_20260903_2044,ncnn,320,1,82,47.73920000297949,20.947146159499702,2,0.852422833442688,
bench_detect_20260903_2044,ncnn,320,1,83,28.85479999531526,34.65627903026032,1,0.8346434235572815,
bench_detect_20260903_2044,ncnn,320,1,84,35.9249999964959,27.83576896583269,1,0.8658378720283508,
bench_detect_20260903_2044,ncnn,320,1,85,47.81090000324184,20.915732603489886,1,0.8456016778945923,
bench_detect_20260903_2044,ncnn,320,1,86,46.83969999314286,21.349410866132704,1,0.8533008098602295,
bench_detect_20260903_2044,ncnn,320,1,87,47.24359999818262,21.16688821424422,1,0.8807278871536255,
bench_detect_20260903_2044,ncnn,320,1,88,49.9307000063709,20.02775847068848,1,0.8535934090614319,
bench_detect_20260903_2044,ncnn,320,1,89,41.978500004915986,23.821718257748437,1,0.8226959705352783,
bench_detect_20260903_2044,ncnn,320,1,90,36.43029999511782,27.449677881708748,1,0.8351837992668152,
bench_detect_20260903_2044,ncnn,320,1,91,37.96370000054594,26.340952014308915,5,0.8622596859931946,
bench_detect_20260903_2044,ncnn,320,1,92,55.68199999834178,17.959125031963296,1,0.8443489074707031,
bench_detect_20260903_2044,ncnn,320,1,93,48.67859999649227,20.54290797336117,1,0.8922712802886963,
bench_detect_20260903_2044,ncnn,320,1,94,24.346499994862825,41.073665627954846,1,0.83056640625,
bench_detect_20260903_2044,ncnn,320,1,95,26.279600002453662,38.05232956006303,1,0.8475977778434753,
bench_detect_20260903_2044,ncnn,320,1,96,24.78289999999106,40.3504028987875,1,0.8309312462806702,
bench_detect_20260903_2044,ncnn,320,1,97,26.38170000136597,37.90506297729952,1,0.8784870505332947,
bench_detect_20260903_2044,ncnn,320,1,98,28.865100000984967,34.643912543725015,1,0.8540768623352051,
bench_detect_20260903_2044,ncnn,320,1,99,28.026699998008553,35.68026203837967,1,0.8631400465965271,
bench_detect_20260903_2044,ncnn,320,2,0,49.56490000040503,20.175567790751685,3,0.8670164942741394,
bench_detect_20260903_2044,ncnn,320,2,1,32.700899995688815,30.58019810255488,1,0.8328514695167542,
bench_detect_20260903_2044,ncnn,320,2,2,24.547300003177952,40.73767786561201,2,0.8697808384895325,
bench_detect_20260903_2044,ncnn,320,2,3,28.548899994348176,35.02761928473496,1,0.8827570676803589,
bench_detect_20260903_2044,ncnn,320,2,4,39.40560000046389,25.377103761603117,1,0.8138216137886047,
bench_detect_20260903_2044,ncnn,320,2,5,34.962000005180016,28.60248269126019,1,0.8523721098899841,
bench_detect_20260903_2044,ncnn,320,2,6,27.476900002511684,36.394207494607805,1,0.8551892638206482,
bench_detect_20260903_2044,ncnn,320,2,7,32.97690000181319,30.324257281461154,2,0.8453751802444458,
bench_detect_20260903_2044,ncnn,320,2,8,37.036100002296735,27.000683115608464,1,0.8628572225570679,
bench_detect_20260903_2044,ncnn,320,2,9,43.72010000224691,22.872774763749558,1,0.8440912961959839,
bench_detect_20260903_2044,ncnn,320,2,10,42.71399999561254,23.41152783871136,1,0.8319580554962158,
bench_detect_20260903_2044,ncnn,320,2,11,33.47840000060387,29.870005734502318,2,0.8591515421867371,
bench_detect_20260903_2044,ncnn,320,2,12,30.524800000421237,32.76024740493632,1,0.8425639271736145,
bench_detect_20260903_2044,ncnn,320,2,13,18.74830000451766,53.33816931449979,2,0.8373714685440063,
bench_detect_20260903_2044,ncnn,320,2,14,18.912200001068413,52.87592135994261,1,0.870506763458252,
bench_detect_20260903_2044,ncnn,320,2,15,25.021999994351063,39.9648309577875,1,0.8714591264724731,
bench_detect_20260903_2044,ncnn,320,2,16,24.72430000489112,40.446038909177354,2,0.8616291880607605,
bench_detect_20260903_2044,ncnn,320,2,17,26.87809999770252,37.20501077403082,3,0.860371470451355,
bench_detect_20260903_2044,ncnn,320,2,18,26.818899998033885,37.28713705906323,2,0.8776816129684448,
bench_detect_20260903_2044,ncnn,320,2,19,35.46179999830201,28.199358183958008,1,0.8844538927078247,
bench_detect_20260903_2044,ncnn,320,2,20,37.18490000028396,26.892636526987125,2,0.871953547000885,
bench_detect_20260903_2044,ncnn,320,2,21,28.140299997176044,35.53622385334743,1,0.8574782609939575,
bench_detect_20260903_2044,ncnn,320,2,22,43.512800002645236,22.981743301722894,1,0.8467497825622559,
bench_detect_20260903_2044,ncnn,320,2,23,41.5352999989409,24.07590651868408,1,0.8392353653907776,
bench_detect_20260903_2044,ncnn,320,2,24,41.56979999970645,24.055925215109568,1,0.8665619492530823,
bench_detect_20260903_2044,ncnn,320,2,25,32.356500007153954,30.90569127621659,3,0.8383881449699402,
bench_detect_20260903_2044,ncnn,320,2,26,38.98979999939911,25.64773351018501,3,0.8507546782493591,
bench_detect_20260903_2044,ncnn,320,2,27,38.2129999998142,26.169104755053574,1,0.8478229641914368,
bench_detect_20260903_2044,ncnn,320,2,28,31.899699999485165,31.348257194147255,1,0.8780727386474609,
bench_detect_20260903_2044,ncnn,320,2,29,33.222700003534555,30.099901570119535,1,0.8478466868400574,
bench_detect_20260903_2044,ncnn,320,2,30,39.50270000495948,25.31472531939468,1,0.8513928651809692,
bench_detect_20260903_2044,ncnn,320,2,31,33.96789999533212,29.439559117208315,1,0.8696878552436829,
bench_detect_20260903_2044,ncnn,320,2,32,32.1710999996867,31.08379881352327,2,0.8461757302284241,
bench_detect_20260903_2044,ncnn,320,2,33,36.915299999236595,27.08903896272494,1,0.8386850953102112,
bench_detect_20260903_2044,ncnn,320,2,34,42.34649999852991,23.614702514604886,2,0.8442752361297607,
bench_detect_20260903_2044,ncnn,320,2,35,40.53350000322098,24.670951186562604,1,0.850351095199585,
bench_detect_20260903_2044,ncnn,320,2,36,39.84830000263173,25.095173443633886,1,0.8418047428131104,
bench_detect_20260903_2044,ncnn,320,2,37,45.09830000461079,22.17378481889032,1,0.8386184573173523,
bench_detect_20260903_2044,ncnn,320,2,38,46.27660000551259,21.60919341267244,1,0.8658448457717896,
bench_detect_20260903_2044,ncnn,320,2,39,40.362400002777576,24.775533663290194,2,0.8564574718475342,
bench_detect_20260903_2044,ncnn,320,2,40,45.98870000336319,21.744472010012657,1,0.8289921283721924,
bench_detect_20260903_2044,ncnn,320,2,41,34.72139999939827,28.800682000648884,1,0.8585211038589478,
bench_detect_20260903_2044,ncnn,320,2,42,24.049700004979968,41.58056024785881,2,0.8730190396308899,
bench_detect_20260903_2044,ncnn,320,2,43,20.90860000316752,47.82720984898589,1,0.8458724021911621,
bench_detect_20260903_2044,ncnn,320,2,44,19.137000002956484,52.254794369311256,1,0.8432603478431702,
bench_detect_20260903_2044,ncnn,320,2,45,25.44550000311574,39.29967970279823,1,0.8354376554489136,
bench_detect_20260903_2044,ncnn,320,2,46,27.03309999924386,36.991687968748344,1,0.8780819177627563,
bench_detect_20260903_2044,ncnn,320,2,47,24.09780000016326,41.4975640927066,1,0.8653020858764648,
bench_detect_20260903_2044,ncnn,320,2,48,18.277800001669675,54.71117967745845,1,0.8466676473617554,
bench_detect_20260903_2044,ncnn,320,2,49,20.240300000295974,49.40638231574517,1,0.8357387185096741,
bench_detect_20260903_2044,ncnn,320,2,50,22.884999998495914,43.696744595399764,2,0.8686113357543945,
bench_detect_20260903_2044,ncnn,320,2,51,25.267400000302587,39.57668774737506,1,0.8685365915298462,
bench_detect_20260903_2044,ncnn,320,2,52,20.259900004020892,49.35858517571826,1,0.845445990562439,
bench_detect_20260903_2044,ncnn,320,2,53,20.70110000204295,48.30661172117965,1,0.8381633758544922,
bench_detect_20260903_2044,ncnn,320,2,54,24.89919999788981,40.161932916910956,1,0.850558340549469,
bench_detect_20260903_2044,ncnn,320,2,55,18.73409999825526,53.378598389734854,1,0.8439571857452393,
bench_detect_20260903_2044,ncnn,320,2,56,25.729300003149547,38.86619534451342,1,0.8371194005012512,
bench_detect_20260903_2044,ncnn,320,2,57,18.263199999637436,54.75491699263284,1,0.8488039374351501,
bench_detect_20260903_2044,ncnn,320,2,58,19.7039999984554,50.75111652854193,3,0.8435398936271667,
bench_detect_20260903_2044,ncnn,320,2,59,23.658900005102623,42.26739196599696,1,0.8659918904304504,
bench_detect_20260903_2044,ncnn,320,2,60,21.6015999976662,46.292867200024,2,0.8362575173377991,
bench_detect_20260903_2044,ncnn,320,2,61,19.78899999812711,50.533124467868156,1,0.8402529358863831,
bench_detect_20260903_2044,ncnn,320,2,62,23.915100005979184,41.81458575335177,2,0.8753019571304321,
bench_detect_20260903_2044,ncnn,320,2,63,21.269199998641852,47.016342883787594,1,0.8739727139472961,
bench_detect_20260903_2044,ncnn,320,2,64,22.681599999486934,44.08860045246457,1,0.8813585042953491,
bench_detect_20260903_2044,ncnn,320,2,65,22.122200003650505,45.203460769497816,1,0.8344634175300598,
bench_detect_20260903_2044,ncnn,320,2,66,21.931799994490575,45.595892733437616,2,0.8658980131149292,
bench_detect_20260903_2044,ncnn,320,2,67,21.07570000225678,47.44800883922813,1,0.8395223617553711,
bench_detect_20260903_2044,ncnn,320,2,68,20.92830000037793,47.7821896657608,2,0.8659769892692566,
bench_detect_20260903_2044,ncnn,320,2,69,20.85869999427814,47.94162628899765,1,0.8664171099662781,
bench_detect_20260903_2044,ncnn,320,2,70,20.126800001889933,49.68499711360468,1,0.8556603789329529,
bench_detect_20260903_2044,ncnn,320,2,71,20.865499995124992,47.92600226371952,1,0.8706234097480774,
bench_detect_20260903_2044,ncnn,320,2,72,26.08920000056969,38.33003694931864,1,0.8552781939506531,
bench_detect_20260903_2044,ncnn,320,2,73,20.988500000385102,47.64513900381884,1,0.8395993113517761,
bench_detect_20260903_2044,ncnn,320,2,74,20.252000002074055,49.37783922069858,1,0.8509736657142639,
bench_detect_20260903_2044,ncnn,320,2,75,26.302899997972418,38.0186215237516,1,0.8412089347839355,
bench_detect_20260903_2044,ncnn,320,2,76,19.400799996219575,51.544266225870025,2,0.8553760647773743,
bench_detect_20260903_2044,ncnn,320,2,77,24.907400002120994,40.14871082147654,1,0.8588331341743469,
bench_detect_20260903_2044,ncnn,320,2,78,22.069300001021475,45.31181324073329,1,0.8597092628479004,
bench_detect_20260903_2044,ncnn,320,2,79,23.528099998657126,42.502369509525856,3,0.8422051072120667,
bench_detect_20260903_2044,ncnn,320,2,80,19.703799996932503,50.75163167285907,1,0.8683741688728333,
bench_detect_20260903_2044,ncnn,320,2,81,23.45950000017183,42.62665444671351,1,0.8618001937866211,
bench_detect_20260903_2044,ncnn,320,2,82,20.54140000109328,48.68217355909416,2,0.852422833442688,
bench_detect_20260903_2044,ncnn,320,2,83,20.069099999091122,49.8278447984856,1,0.8346434235572815,
bench_detect_20260903_2044,ncnn,320,2,84,21.023900000727735,47.56491421503077,1,0.8658378720283508,
bench_detect_20260903_2044,ncnn,320,2,85,20.886400001472794,47.87804504028868,1,0.8456016778945923,
bench_detect_20260903_2044,ncnn,320,2,86,20.634299995435867,48.46299609006322,1,0.8533008098602295,
bench_detect_20260903_2044,ncnn,320,2,87,19.996200004243292,50.00950179473075,1,0.8807278871536255,
bench_detect_20260903_2044,ncnn,320,2,88,24.022599995078053,41.62746747666315,1,0.8535934090614319,
bench_detect_20260903_2044,ncnn,320,2,89,22.901800002728123,43.66469010649282,1,0.8226959705352783,
bench_detect_20260903_2044,ncnn,320,2,90,22.577799994905945,44.29129499887599,1,0.8351837992668152,
bench_detect_20260903_2044,ncnn,320,2,91,20.489099995756987,48.80643855548005,5,0.8622596859931946,
bench_detect_20260903_2044,ncnn,320,2,92,19.759399998292793,50.60882415895218,1,0.8443489074707031,
bench_detect_20260903_2044,ncnn,320,2,93,21.304200003214646,46.93910120300727,1,0.8922712802886963,
bench_detect_20260903_2044,ncnn,320,2,94,22.251100002904423,44.94159838702224,1,0.83056640625,
bench_detect_20260903_2044,ncnn,320,2,95,24.35239999613259,41.06371446587647,1,0.8475977778434753,
bench_detect_20260903_2044,ncnn,320,2,96,23.259999994479585,42.992261403152845,1,0.8309312462806702,
bench_detect_20260903_2044,ncnn,320,2,97,23.402600003464613,42.730294918169605,1,0.8784870505332947,
bench_detect_20260903_2044,ncnn,320,2,98,20.54580000549322,48.67174798414447,1,0.8540768623352051,
bench_detect_20260903_2044,ncnn,320,2,99,21.280400003888644,46.991597893708125,1,0.8631400465965271,
bench_detect_20260903_2044,ncnn,320,4,0,23.84660000097938,41.93469928454916,3,0.8670164942741394,
bench_detect_20260903_2044,ncnn,320,4,1,23.787899997842032,42.0381790780488,1,0.8328514695167542,
bench_detect_20260903_2044,ncnn,320,4,2,23.149299995566253,43.19785048323398,2,0.8697808384895325,
bench_detect_20260903_2044,ncnn,320,4,3,23.171900000306778,43.15571877950279,1,0.8827570676803589,
bench_detect_20260903_2044,ncnn,320,4,4,23.66039999469649,42.26471235584146,1,0.8138216137886047,
bench_detect_20260903_2044,ncnn,320,4,5,24.401200003921986,40.98159106270474,1,0.8523721098899841,
bench_detect_20260903_2044,ncnn,320,4,6,25.53279999847291,39.165308938299326,1,0.8551892638206482,
bench_detect_20260903_2044,ncnn,320,4,7,22.72609999636188,44.00227052420281,2,0.8453751802444458,
bench_detect_20260903_2044,ncnn,320,4,8,24.40750000096159,40.97101300668248,1,0.8628572225570679,
bench_detect_20260903_2044,ncnn,320,4,9,26.475200000277255,37.77119719547077,1,0.8440912961959839,
bench_detect_20260903_2044,ncnn,320,4,10,23.70389999850886,42.187150640312645,1,0.8319580554962158,
bench_detect_20260903_2044,ncnn,320,4,11,23.66759999858914,42.25185485894689,2,0.8591515421867371,
bench_detect_20260903_2044,ncnn,320,4,12,23.131800000555813,43.23053112926672,1,0.8425639271736145,
bench_detect_20260903_2044,ncnn,320,4,13,23.28290000150446,42.949976159987955,2,0.8373714685440063,
bench_detect_20260903_2044,ncnn,320,4,14,21.188899998378474,47.19452166353738,1,0.870506763458252,
bench_detect_20260903_2044,ncnn,320,4,15,22.439699998358265,44.563875634396275,1,0.8714591264724731,
bench_detect_20260903_2044,ncnn,320,4,16,23.772599997755606,42.06523477004665,2,0.8616291880607605,
bench_detect_20260903_2044,ncnn,320,4,17,22.43820000148844,44.56685473583732,3,0.860371470451355,
bench_detect_20260903_2044,ncnn,320,4,18,23.93109999684384,41.78662911992701,2,0.8776816129684448,
bench_detect_20260903_2044,ncnn,320,4,19,26.049699998111464,38.38815802379672,1,0.8844538927078247,
bench_detect_20260903_2044,ncnn,320,4,20,23.524099997302983,42.50959654629291,2,0.871953547000885,
bench_detect_20260903_2044,ncnn,320,4,21,23.89229999971576,41.854488685136914,1,0.8574782609939575,
bench_detect_20260903_2044,ncnn,320,4,22,22.545800005900674,44.35415907788948,1,0.8467497825622559,
bench_detect_20260903_2044,ncnn,320,4,23,26.669099999708124,37.49657843762798,1,0.8392353653907776,
bench_detect_20260903_2044,ncnn,320,4,24,25.47720000438858,39.250781083782556,1,0.8665619492530823,
bench_detect_20260903_2044,ncnn,320,4,25,36.56849999970291,27.34593981180864,3,0.8383881449699402,
bench_detect_20260903_2044,ncnn,320,4,26,42.380899998534005,23.595534781814237,3,0.8507546782493591,
bench_detect_20260903_2044,ncnn,320,4,27,34.5651999959955,28.930832169808177,1,0.8478229641914368,
bench_detect_20260903_2044,ncnn,320,4,28,20.489400005317293,48.80572392263735,1,0.8780727386474609,
bench_detect_20260903_2044,ncnn,320,4,29,21.88630000455305,45.69068320328096,1,0.8478466868400574,
bench_detect_20260903_2044,ncnn,320,4,30,33.29479999956675,30.034720136868597,1,0.8513928651809692,
bench_detect_20260903_2044,ncnn,320,4,31,27.949299997999333,35.779071392542285,1,0.8696878552436829,
bench_detect_20260903_2044,ncnn,320,4,32,21.409199995105155,46.708891515266,2,0.8461757302284241,
bench_detect_20260903_2044,ncnn,320,4,33,22.617400005401578,44.213746927638724,1,0.8386850953102112,
bench_detect_20260903_2044,ncnn,320,4,34,25.06609999545617,39.89451889928126,2,0.8442752361297607,
bench_detect_20260903_2044,ncnn,320,4,35,21.188200000324287,47.19608083672492,1,0.850351095199585,
bench_detect_20260903_2044,ncnn,320,4,36,21.384599996963516,46.7626235768728,1,0.8418047428131104,
bench_detect_20260903_2044,ncnn,320,4,37,27.254400003585033,36.69132323105482,1,0.8386184573173523,
bench_detect_20260903_2044,ncnn,320,4,38,25.337300001410767,39.46750442802984,1,0.8658448457717896,
bench_detect_20260903_2044,ncnn,320,4,39,21.964700004900806,45.527596542492184,2,0.8564574718475342,
bench_detect_20260903_2044,ncnn,320,4,40,24.51889999792911,40.784863924746254,1,0.8289921283721924,
bench_detect_20260903_2044,ncnn,320,4,41,21.290500000759494,46.96930555714178,1,0.8585211038589478,
bench_detect_20260903_2044,ncnn,320,4,42,21.64749999792548,46.19471071005113,2,0.8730190396308899,
bench_detect_20260903_2044,ncnn,320,4,43,23.639500002900604,42.30207914199955,1,0.8458724021911621,
bench_detect_20260903_2044,ncnn,320,4,44,22.01469999999972,45.42419383412051,1,0.8432603478431702,
bench_detect_20260903_2044,ncnn,320,4,45,25.444200000492856,39.301687613704885,1,0.8354376554489136,
bench_detect_20260903_2044,ncnn,320,4,46,22.277300005953293,44.88874323785935,1,0.8780819177627563,
bench_detect_20260903_2044,ncnn,320,4,47,25.449300002946984,39.29381161305819,1,0.8653020858764648,
bench_detect_20260903_2044,ncnn,320,4,48,23.816400003852323,41.987873895225526,1,0.8466676473617554,
bench_detect_20260903_2044,ncnn,320,4,49,22.20840000518365,45.028007410105666,1,0.8357387185096741,
bench_detect_20260903_2044,ncnn,320,4,50,27.689299997291528,36.115033608571416,2,0.8686113357543945,
bench_detect_20260903_2044,ncnn,320,4,51,22.299399999610614,44.84425590004492,1,0.8685365915298462,
bench_detect_20260903_2044,ncnn,320,4,52,21.009099997172598,47.59842164274433,1,0.845445990562439,
bench_detect_20260903_2044,ncnn,320,4,53,28.4652999980608,35.13049221571967,1,0.8381633758544922,
bench_detect_20260903_2044,ncnn,320,4,54,31.87459999753628,31.372942721706128,1,0.850558340549469,
bench_detect_20260903_2044,ncnn,320,4,55,27.501299999130424,36.361917437780015,1,0.8439571857452393,
bench_detect_20260903_2044,ncnn,320,4,56,44.17480000120122,22.637340745692285,1,0.8371194005012512,
bench_detect_20260903_2044,ncnn,320,4,57,39.42580000148155,25.36410167865768,1,0.8488039374351501,
bench_detect_20260903_2044,ncnn,320,4,58,39.17370000272058,25.527330834987527,3,0.8435398936271667,
bench_detect_20260903_2044,ncnn,320,4,59,39.41279999708058,25.372467829590203,1,0.8659918904304504,
bench_detect_20260903_2044,ncnn,320,4,60,34.59760000259848,28.903738985504607,2,0.8362575173377991,
bench_detect_20260903_2044,ncnn,320,4,61,28.880799996841233,34.6250796414702,1,0.8402529358863831,
bench_detect_20260903_2044,ncnn,320,4,62,22.195400000782683,45.05438063584061,2,0.8753019571304321,
bench_detect_20260903_2044,ncnn,320,4,63,21.665300002496224,46.15675757477544,1,0.8739727139472961,
bench_detect_20260903_2044,ncnn,320,4,64,22.4376000041957,44.568046485052136,1,0.8813585042953491,
bench_detect_20260903_2044,ncnn,320,4,65,21.452699998917524,46.614179103351034,1,0.8344634175300598,
bench_detect_20260903_2044,ncnn,320,4,66,22.63410000159638,44.18112493668713,2,0.8658980131149292,
bench_detect_20260903_2044,ncnn,320,4,67,34.029199996439274,29.386526868237787,1,0.8395223617553711,
bench_detect_20260903_2044,ncnn,320,4,68,28.36129999923287,35.25931463039594,2,0.8659769892692566,
bench_detect_20260903_2044,ncnn,320,4,69,20.330300001660362,49.18766569693171,1,0.8664171099662781,
bench_detect_20260903_2044,ncnn,320,4,70,23.673099996813107,42.24203843749322,1,0.8556603789329529,
bench_detect_20260903_2044,ncnn,320,4,71,23.579799999424722,42.40918074048113,1,0.8706234097480774,
bench_detect_20260903_2044,ncnn,320,4,72,23.203400000056718,43.097132316710294,1,0.8552781939506531,
bench_detect_20260903_2044,ncnn,320,4,73,22.313200002827216,44.816521156682775,1,0.8395993113517761,
bench_detect_20260903_2044,ncnn,320,4,74,20.14739999867743,49.63419597891762,1,0.8509736657142639,
bench_detect_20260903_2044,ncnn,320,4,75,22.821499995188788,43.818329216345084,1,0.8412089347839355,
bench_detect_20260903_2044,ncnn,320,4,76,33.12200000073062,30.191413561316995,2,0.8553760647773743,
bench_detect_20260903_2044,ncnn,320,4,77,34.759999995003454,28.768699658910936,1,0.8588331341743469,
bench_detect_20260903_2044,ncnn,320,4,78,39.92090000247117,25.049535454814354,1,0.8597092628479004,
bench_detect_20260903_2044,ncnn,320,4,79,26.52930000476772,37.69417209727678,3,0.8422051072120667,
bench_detect_20260903_2044,ncnn,320,4,80,29.719199999817647,33.64828124600042,1,0.8683741688728333,
bench_detect_20260903_2044,ncnn,320,4,81,41.853200003970414,23.893035655699798,1,0.8618001937866211,
bench_detect_20260903_2044,ncnn,320,4,82,30.097599999862723,33.22524055089313,2,0.852422833442688,
bench_detect_20260903_2044,ncnn,320,4,83,40.94959999929415,24.420262957812458,1,0.8346434235572815,
bench_detect_20260903_2044,ncnn,320,4,84,30.912599999282975,32.34926858378768,1,0.8658378720283508,
bench_detect_20260903_2044,ncnn,320,4,85,24.316100003488827,41.12501593004313,1,0.8456016778945923,
bench_detect_20260903_2044,ncnn,320,4,86,21.256399995763786,47.04465479569876,1,0.8533008098602295,
bench_detect_20260903_2044,ncnn,320,4,87,21.445899998070672,46.62895938570834,1,0.8807278871536255,
bench_detect_20260903_2044,ncnn,320,4,88,23.325399997702334,42.8717192459081,1,0.8535934090614319,
bench_detect_20260903_2044,ncnn,320,4,89,34.25660000357311,29.191455074224987,1,0.8226959705352783,
bench_detect_20260903_2044,ncnn,320,4,90,24.56339999480406,40.71097650209384,1,0.8351837992668152,
bench_detect_20260903_2044,ncnn,320,4,91,19.957999997131992,50.10522097122468,5,0.8622596859931946,
bench_detect_20260903_2044,ncnn,320,4,92,21.154900001420174,47.27037234554963,1,0.8443489074707031,
bench_detect_20260903_2044,ncnn,320,4,93,25.427199994737748,39.327963763487666,1,0.8922712802886963,
bench_detect_20260903_2044,ncnn,320,4,94,29.155899996112566,34.298375290535795,1,0.83056640625,
bench_detect_20260903_2044,ncnn,320,4,95,23.213100001157727,43.079123423848,1,0.8475977778434753,
bench_detect_20260903_2044,ncnn,320,4,96,21.28459999948973,46.98232525036758,1,0.8309312462806702,
bench_detect_20260903_2044,ncnn,320,4,97,22.40620000520721,44.63050404654067,1,0.8784870505332947,
bench_detect_20260903_2044,ncnn,320,4,98,22.423299997171853,44.596468857221076,1,0.8540768623352051,
bench_detect_20260903_2044,ncnn,320,4,99,34.44190000300296,29.034402861422016,1,0.8631400465965271,
bench_detect_20260903_2044,ncnn,640,1,0,184.33220000588335,5.42498814622775,1,0.8214687705039978,
bench_detect_20260903_2044,ncnn,640,1,1,192.40020000142977,5.197499794660135,1,0.8121480345726013,
bench_detect_20260903_2044,ncnn,640,1,2,190.49579999409616,5.249459568300152,1,0.8395454287528992,
bench_detect_20260903_2044,ncnn,640,1,3,206.80110000103014,4.835564220862552,1,0.8316106796264648,
bench_detect_20260903_2044,ncnn,640,1,4,198.90570000279695,5.027508010006442,1,0.7443011403083801,
bench_detect_20260903_2044,ncnn,640,1,5,198.87590000143973,5.028261342841242,1,0.8330689668655396,
bench_detect_20260903_2044,ncnn,640,1,6,185.21369999507442,5.399168636157012,1,0.8096312284469604,
bench_detect_20260903_2044,ncnn,640,1,7,119.95500000193715,8.336459505513327,2,0.8250117301940918,
bench_detect_20260903_2044,ncnn,640,1,8,120.67139999999199,8.286967748779466,1,0.848911464214325,
bench_detect_20260903_2044,ncnn,640,1,9,122.29849999857834,8.176715168310523,1,0.830953061580658,
bench_detect_20260903_2044,ncnn,640,1,10,126.24140000116313,7.921331670836876,1,0.8210681080818176,
bench_detect_20260903_2044,ncnn,640,1,11,129.98659999720985,7.693100673619164,1,0.8629554510116577,
bench_detect_20260903_2044,ncnn,640,1,12,140.35080000030575,7.125003918736634,1,0.8423637747764587,
bench_detect_20260903_2044,ncnn,640,1,13,131.88049999735085,7.582622146716819,2,0.8258850574493408,
bench_detect_20260903_2044,ncnn,640,1,14,125.26010000146925,7.983388165810744,1,0.8677327632904053,
bench_detect_20260903_2044,ncnn,640,1,15,125.87910000002012,7.944130518885504,1,0.8611426949501038,
bench_detect_20260903_2044,ncnn,640,1,16,121.06969999877037,8.259704946903778,2,0.8343462347984314,
bench_detect_20260903_2044,ncnn,640,1,17,107.80979999981355,9.275594612008643,3,0.839414656162262,
bench_detect_20260903_2044,ncnn,640,1,18,137.76399999915157,7.2587903952132535,2,0.8466665744781494,
bench_detect_20260903_2044,ncnn,640,1,19,123.32360000436893,8.108748041450083,1,0.8641485571861267,
bench_detect_20260903_2044,ncnn,640,1,20,121.996300003957,8.196969907837898,2,0.8630983233451843,
bench_detect_20260903_2044,ncnn,640,1,21,119.70120000478346,8.354135129472706,1,0.8406503796577454,
bench_detect_20260903_2044,ncnn,640,1,22,107.53029999614228,9.299704362731953,1,0.8391132950782776,
bench_detect_20260903_2044,ncnn,640,1,23,108.31660000258125,9.232195249630891,1,0.8192141056060791,
bench_detect_20260903_2044,ncnn,640,1,24,110.94930000399472,9.013125814800048,1,0.8192446231842041,
bench_detect_20260903_2044,ncnn,640,1,25,117.79740000201855,8.489151712880457,2,0.8416053652763367,
bench_detect_20260903_2044,ncnn,640,1,26,122.64829999912763,8.153394706711081,3,0.8323209881782532,
bench_detect_20260903_2044,ncnn,640,1,27,128.5308000005898,7.780236332423133,1,0.8368034958839417,
bench_detect_20260903_2044,ncnn,640,1,28,110.8308999973815,9.02275448474772,1,0.8446123003959656,
bench_detect_20260903_2044,ncnn,640,1,29,109.1831000012462,9.158926610332424,1,0.8436523079872131,
bench_detect_20260903_2044,ncnn,640,1,30,116.00190000172006,8.620548456406077,1,0.8377924561500549,
bench_detect_20260903_2044,ncnn,640,1,31,129.65239999903133,7.712930882941397,1,0.843222439289093,
bench_detect_20260903_2044,ncnn,640,1,32,189.51910000032512,5.276513026910134,1,0.8313406705856323,
bench_detect_20260903_2044,ncnn,640,1,33,177.5030999997398,5.6337044254520965,1,0.8367629647254944,
bench_detect_20260903_2044,ncnn,640,1,34,181.18279999907827,5.519287702834305,1,0.794060230255127,
bench_detect_20260903_2044,ncnn,640,1,35,143.38589999533724,6.974186443942668,1,0.844182014465332,
bench_detect_20260903_2044,ncnn,640,1,36,172.80169999867212,5.786980104985567,1,0.8246176838874817,
bench_detect_20260903_2044,ncnn,640,1,37,182.57900000025984,5.477081153903662,1,0.845628023147583,
bench_detect_20260903_2044,ncnn,640,1,38,204.24659999844152,4.896042333177788,1,0.8481340408325195,
bench_detect_20260903_2044,ncnn,640,1,39,182.87080000300193,5.468341583148236,2,0.8228015303611755,
bench_detect_20260903_2044,ncnn,640,1,40,122.55139999615494,8.159841503494656,1,0.8118503093719482,
bench_detect_20260903_2044,ncnn,640,1,41,158.81299999455223,6.296713745312431,1,0.8480193018913269,
bench_detect_20260903_2044,ncnn,640,1,42,188.3451999965473,5.309399974187459,2,0.8532117605209351,
bench_detect_20260903_2044,ncnn,640,1,43,161.77999999490567,6.181233774455985,1,0.8299168944358826,
bench_detect_20260903_2044,ncnn,640,1,44,148.49020000110613,6.734451162383449,1,0.7718534469604492,
bench_detect_20260903_2044,ncnn,640,1,45,146.39170000009472,6.830988368871685,1,0.8479881286621094,
bench_detect_20260903_2044,ncnn,640,1,46,179.65879999974277,5.5661064195098255,1,0.848056435585022,
bench_detect_20260903_2044,ncnn,640,1,47,167.8223999988404,5.958680128557985,1,0.8432230353355408,
bench_detect_20260903_2044,ncnn,640,1,48,172.09059999731835,5.8108926345517,1,0.815872073173523,
bench_detect_20260903_2044,ncnn,640,1,49,140.71140000305604,7.106744726996402,1,0.7787197828292847,
bench_detect_20260903_2044,ncnn,640,1,50,116.84750000131316,8.55816341803429,2,0.8698756694793701,
bench_detect_20260903_2044,ncnn,640,1,51,114.0568999981042,8.767553738674483,1,0.8253887891769409,
bench_detect_20260903_2044,ncnn,640,1,52,116.76240000088,8.564400868708276,1,0.8267797231674194,
bench_detect_20260903_2044,ncnn,640,1,53,119.2187999986345,8.38793881511518,1,0.8350737690925598,
bench_detect_20260903_2044,ncnn,640,1,54,103.66560000693426,9.646401505736806,1,0.8424330353736877,
bench_detect_20260903_2044,ncnn,640,1,55,134.11839999753283,7.4560984922158,1,0.8537830710411072,
bench_detect_20260903_2044,ncnn,640,1,56,137.99789999757195,7.246487084351246,1,0.8273897767066956,
bench_detect_20260903_2044,ncnn,640,1,57,120.08719999721507,8.327282175145985,1,0.826176106929779,
bench_detect_20260903_2044,ncnn,640,1,58,123.7191999971401,8.082819805035243,2,0.8604757785797119,
bench_detect_20260903_2044,ncnn,640,1,59,114.93870000413153,8.700289806340724,1,0.818992555141449,
bench_detect_20260903_2044,ncnn,640,1,60,122.42130000231555,8.16851315891177,2,0.8329590559005737,
bench_detect_20260903_2044,ncnn,640,1,61,137.82600000558887,7.255525082055997,1,0.8284342288970947,
bench_detect_20260903_2044,ncnn,640,1,62,131.65640000079293,7.595528967782632,2,0.8373320698738098,
bench_detect_20260903_2044,ncnn,640,1,63,112.48950000299374,8.88971859572126,1,0.8421450257301331,
bench_detect_20260903_2044,ncnn,640,1,64,119.22690000210423,8.387368957696216,1,0.8202604651451111,
bench_detect_20260903_2044,ncnn,640,1,65,116.49739999847952,8.583882558864417,1,0.8330275416374207,
bench_detect_20260903_2044,ncnn,640,1,66,117.14020000363234,8.536779004722474,2,0.8189752101898193,
bench_detect_20260903_2044,ncnn,640,1,67,119.6641000060481,8.356725199533173,1,0.8267175555229187,
bench_detect_20260903_2044,ncnn,640,1,68,128.44030000269413,7.785718345246969,2,0.8485023379325867,
bench_detect_20260903_2044,ncnn,640,1,69,116.24939999455819,8.602194936462567,1,0.8594738841056824,
bench_detect_20260903_2044,ncnn,640,1,70,109.0833999987808,9.16729768242626,1,0.8575980067253113,
bench_detect_20260903_2044,ncnn,640,1,71,127.40570000460139,7.848942393973613,1,0.8561351895332336,
bench_detect_20260903_2044,ncnn,640,1,72,104.31919999973616,9.585963082563222,1,0.8265811800956726,
bench_detect_20260903_2044,ncnn,640,1,73,133.06510000256822,7.515118539577241,1,0.8261642456054688,
bench_detect_20260903_2044,ncnn,640,1,74,150.14399999927264,6.660272804806349,1,0.8381205797195435,
bench_detect_20260903_2044,ncnn,640,1,75,214.7791999959736,4.655944337341542,1,0.8184217214584351,
bench_detect_20260903_2044,ncnn,640,1,76,204.40149999922141,4.892332003453053,2,0.8448438048362732,
bench_detect_20260903_2044,ncnn,640,1,77,144.40450000256533,6.924991949573837,1,0.8476136922836304,
bench_detect_20260903_2044,ncnn,640,1,78,180.4143999979715,5.542794810232684,1,0.8524566292762756,
bench_detect_20260903_2044,ncnn,640,1,79,205.4089000012027,4.868338226796136,4,0.839610755443573,
bench_detect_20260903_2044,ncnn,640,1,80,190.4350000040722,5.251135557952143,1,0.8314980268478394,
bench_detect_20260903_2044,ncnn,640,1,81,171.56339999928605,5.828749022251608,1,0.8271514773368835,
bench_detect_20260903_2044,ncnn,640,1,82,141.25760000024457,7.079265115634619,2,0.8298346996307373,
bench_detect_20260903_2044,ncnn,640,1,83,187.7978999982588,5.324873174882529,1,0.8219830989837646,
bench_detect_20260903_2044,ncnn,640,1,84,197.9323999985354,5.052229953294153,1,0.8257671594619751,
bench_detect_20260903_2044,ncnn,640,1,85,201.08069999696454,4.9731277045240825,1,0.811461329460144,
bench_detect_20260903_2044,ncnn,640,1,86,114.7865000020829,8.711825867866466,1,0.8388513922691345,
bench_detect_20260903_2044,ncnn,640,1,87,169.14000000542728,5.912262031263524,1,0.8571673035621643,
bench_detect_20260903_2044,ncnn,640,1,88,147.41729999514064,6.783464356170974,1,0.8460314273834229,
bench_detect_20260903_2044,ncnn,640,1,89,190.06269999954384,5.261421625613021,1,0.7928651571273804,
bench_detect_20260903_2044,ncnn,640,1,90,115.26579999917885,8.675600221463123,1,0.8154221177101135,
bench_detect_20260903_2044,ncnn,640,1,91,129.77680000039982,7.705537507450632,6,0.85065096616745,
bench_detect_20260903_2044,ncnn,640,1,92,136.64409999910276,7.318281579713769,1,0.8413549065589905,
bench_detect_20260903_2044,ncnn,640,1,93,206.72980000381358,4.837231980979776,1,0.8516277074813843,
bench_detect_20260903_2044,ncnn,640,1,94,156.11779999744613,6.405419497433083,1,0.8222675323486328,
bench_detect_20260903_2044,ncnn,640,1,95,180.80940000072587,5.530685904582314,1,0.8292026519775391,
bench_detect_20260903_2044,ncnn,640,1,96,167.11039999790955,5.984068017385569,1,0.8072890043258667,
bench_detect_20260903_2044,ncnn,640,1,97,171.88939999323338,5.817694401396282,1,0.8510768413543701,
bench_detect_20260903_2044,ncnn,640,1,98,120.87570000585401,8.272961397134162,1,0.8391404151916504,
bench_detect_20260903_2044,ncnn,640,1,99,110.98910000146134,9.009893764223996,1,0.8497687578201294,
bench_detect_20260903_2044,ncnn,640,2,0,89.99739999853773,11.111432108219214,1,0.8214687705039978,
bench_detect_20260903_2044,ncnn,640,2,1,82.37109999754466,12.140180233477619,1,0.8121480345726013,
bench_detect_20260903_2044,ncnn,640,2,2,86.96720000443747,11.498587972810155,1,0.8395454287528992,
bench_detect_20260903_2044,ncnn,640,2,3,90.00920000107726,11.109975424601393,1,0.8316106796264648,
bench_detect_20260903_2044,ncnn,640,2,4,90.76429999549873,11.017547648685584,1,0.7443011403083801,
bench_detect_20260903_2044,ncnn,640,2,5,86.54250000108732,11.555016321315376,1,0.8330689668655396,
bench_detect_20260903_2044,ncnn,640,2,6,88.30999999918276,11.323745895246905,1,0.8096312284469604,
bench_detect_20260903_2044,ncnn,640,2,7,87.37649999966379,11.444724840247066,2,0.8250117301940918,
bench_detect_20260903_2044,ncnn,640,2,8,83.96470000297995,11.909766842071841,1,0.848911464214325,
bench_detect_20260903_2044,ncnn,640,2,9,92.7460999955656,10.78212453189743,1,0.830953061580658,
bench_detect_20260903_2044,ncnn,640,2,10,94.77310000511352,10.551517254854433,1,0.8210681080818176,
bench_detect_20260903_2044,ncnn,640,2,11,100.89159999915864,9.911627925499637,1,0.8629554510116577,
bench_detect_20260903_2044,ncnn,640,2,12,83.98569999553729,11.906788894456277,1,0.8423637747764587,
bench_detect_20260903_2044,ncnn,640,2,13,104.22160000598524,9.594940011884024,2,0.8258850574493408,
bench_detect_20260903_2044,ncnn,640,2,14,100.3534999981639,9.96477452224682,1,0.8677327632904053,
bench_detect_20260903_2044,ncnn,640,2,15,122.61420000140788,8.1556622315239,1,0.8611426949501038,
bench_detect_20260903_2044,ncnn,640,2,16,112.62449999776436,8.879062726314881,2,0.8343462347984314,
bench_detect_20260903_2044,ncnn,640,2,17,112.21859999932349,8.911178717307367,3,0.839414656162262,
bench_detect_20260903_2044,ncnn,640,2,18,130.03640000533778,7.690154448746287,2,0.8466665744781494,
bench_detect_20260903_2044,ncnn,640,2,19,86.93510000011884,11.502833723071959,1,0.8641485571861267,
bench_detect_20260903_2044,ncnn,640,2,20,90.5793000056292,11.04004998866025,2,0.8630983233451843,
bench_detect_20260903_2044,ncnn,640,2,21,91.76980000484036,10.896830983038596,1,0.8406503796577454,
bench_detect_20260903_2044,ncnn,640,2,22,144.48050000646617,6.921349247512608,1,0.8391132950782776,
bench_detect_20260903_2044,ncnn,640,2,23,142.1725999971386,7.033704103463862,1,0.8192141056060791,
bench_detect_20260903_2044,ncnn,640,2,24,122.40880000172183,8.169347301713062,1,0.8192446231842041,
bench_detect_20260903_2044,ncnn,640,2,25,158.42400000110501,6.312174922947438,2,0.8416053652763367,
bench_detect_20260903_2044,ncnn,640,2,26,146.8246999938856,6.810843134987807,3,0.8323209881782532,
bench_detect_20260903_2044,ncnn,640,2,27,108.42860000411747,9.222658966011052,1,0.8368034958839417,
bench_detect_20260903_2044,ncnn,640,2,28,109.22770000615856,9.155186824803756,1,0.8446123003959656,
bench_detect_20260903_2044,ncnn,640,2,29,112.62250000436325,8.879220404104489,1,0.8436523079872131,
bench_detect_20260903_2044,ncnn,640,2,30,127.32379999943078,7.853991162724256,1,0.8377924561500549,
bench_detect_20260903_2044,ncnn,640,2,31,161.22610000456916,6.202469699209122,1,0.843222439289093,
bench_detect_20260903_2044,ncnn,640,2,32,158.39909999340307,6.313167183662328,1,0.8313406705856323,
bench_detect_20260903_2044,ncnn,640,2,33,134.00929999625077,7.462168670592096,1,0.8367629647254944,
bench_detect_20260903_2044,ncnn,640,2,34,110.70300000574207,9.033178865506182,1,0.794060230255127,
bench_detect_20260903_2044,ncnn,640,2,35,119.57609999808483,8.362875190075746,1,0.844182014465332,
bench_detect_20260903_2044,ncnn,640,2,36,139.26789999823086,7.180405535035017,1,0.8246176838874817,
bench_detect_20260903_2044,ncnn,640,2,37,94.88380000402685,10.539206903154808,1,0.845628023147583,
bench_detect_20260903_2044,ncnn,640,2,38,117.92920000152662,8.479664069518446,1,0.8481340408325195,
bench_detect_20260903_2044,ncnn,640,2,39,142.57979999820236,7.013616234646197,2,0.8228015303611755,
bench_detect_20260903_2044,ncnn,640,2,40,117.4992000014754,8.510696242931385,1,0.8118503093719482,
bench_detect_20260903_2044,ncnn,640,2,41,136.03110000258312,7.351260116113234,1,0.8480193018913269,
bench_detect_20260903_2044,ncnn,640,2,42,153.0851000061375,6.532314379125779,2,0.8532117605209351,
bench_detect_20260903_2044,ncnn,640,2,43,136.38219999847934,7.332335158188899,1,0.8299168944358826,
bench_detect_20260903_2044,ncnn,640,2,44,165.91340000013588,6.027240717140273,1,0.7718534469604492,
bench_detect_20260903_2044,ncnn,640,2,45,142.70589999796357,7.007418754335105,1,0.8479881286621094,
bench_detect_20260903_2044,ncnn,640,2,46,130.79339999967488,7.6456457283202806,1,0.848056435585022,
bench_detect_20260903_2044,ncnn,640,2,47,172.09169999841833,5.810855491631443,1,0.8432230353355408,
bench_detect_20260903_2044,ncnn,640,2,48,93.90230000281008,10.649366415626394,1,0.815872073173523,
bench_detect_20260903_2044,ncnn,640,2,49,131.67410000460222,7.594507955361369,1,0.7787197828292847,
bench_detect_20260903_2044,ncnn,640,2,50,154.05989999999292,6.490981754499685,2,0.8698756694793701,
bench_detect_20260903_2044,ncnn,640,2,51,153.19710000039777,6.527538706655697,1,0.8253887891769409,
bench_detect_20260903_2044,ncnn,640,2,52,152.65540000109468,6.550701776634361,1,0.8267797231674194,
bench_detect_20260903_2044,ncnn,640,2,53,105.79629999847384,9.45212639775139,1,0.8350737690925598,
bench_detect_20260903_2044,ncnn,640,2,54,95.80920000007609,10.437411021062756,1,0.8424330353736877,
bench_detect_20260903_2044,ncnn,640,2,55,118.02879999595461,8.47250840501873,1,0.8537830710411072,
bench_detect_20260903_2044,ncnn,640,2,56,132.15840000339085,7.566677562488215,1,0.8273897767066956,
bench_detect_20260903_2044,ncnn,640,2,57,159.1980999946827,6.281482002821645,1,0.826176106929779,
bench_detect_20260903_2044,ncnn,640,2,58,143.3997999993153,6.973510423339327,2,0.8604757785797119,
bench_detect_20260903_2044,ncnn,640,2,59,147.18279999942752,6.794272156827358,1,0.818992555141449,
bench_detect_20260903_2044,ncnn,640,2,60,101.73189999477472,9.829758414532346,2,0.8329590559005737,
bench_detect_20260903_2044,ncnn,640,2,61,100.15589999966323,9.984434267011354,1,0.8284342288970947,
bench_detect_20260903_2044,ncnn,640,2,62,141.3676999945892,7.0737516422653455,2,0.8373320698738098,
bench_detect_20260903_2044,ncnn,640,2,63,161.949099994672,6.174779606882034,1,0.8421450257301331,
bench_detect_20260903_2044,ncnn,640,2,64,151.81529999972554,6.586951381065069,1,0.8202604651451111,
bench_detect_20260903_2044,ncnn,640,2,65,103.78620000119554,9.63519234723384,1,0.8330275416374207,
bench_detect_20260903_2044,ncnn,640,2,66,105.91959999874234,9.441123267193925,2,0.8189752101898193,
bench_detect_20260903_2044,ncnn,640,2,67,100.915700000769,9.909260897881895,1,0.8267175555229187,
bench_detect_20260903_2044,ncnn,640,2,68,108.11610000382643,9.24931624396929,2,0.8485023379325867,
bench_detect_20260903_2044,ncnn,640,2,69,102.83759999583708,9.724069795877,1,0.8594738841056824,
bench_detect_20260903_2044,ncnn,640,2,70,84.34790000319481,11.85565971366357,1,0.8575980067253113,
bench_detect_20260903_2044,ncnn,640,2,71,117.40439999994123,8.517568336455026,1,0.8561351895332336,
bench_detect_20260903_2044,ncnn,640,2,72,98.37139999581268,10.165556249505105,1,0.8265811800956726,
bench_detect_20260903_2044,ncnn,640,2,73,104.56759999942733,9.563191657889027,1,0.8261642456054688,
bench_detect_20260903_2044,ncnn,640,2,74,145.60039999923902,6.868112999725458,1,0.8381205797195435,
bench_detect_20260903_2044,ncnn,640,2,75,116.68710000230931,8.569927609651875,1,0.8184217214584351,
bench_detect_20260903_2044,ncnn,640,2,76,175.8745999977691,5.685869363811969,2,0.8448438048362732,
bench_detect_20260903_2044,ncnn,640,2,77,130.35620000300696,7.671288362018322,1,0.8476136922836304,
bench_detect_20260903_2044,ncnn,640,2,78,169.79430000355933,5.889479210898348,1,0.8524566292762756,
bench_detect_20260903_2044,ncnn,640,2,79,154.77179999288637,6.461125347420926,4,0.839610755443573,
bench_detect_20260903_2044,ncnn,640,2,80,131.80190000275616,7.587144039494792,1,0.8314980268478394,
bench_detect_20260903_2044,ncnn,640,2,81,99.28689999651397,10.071822164204047,1,0.8271514773368835,
bench_detect_20260903_2044,ncnn,640,2,82,91.9410999995307,10.876528560188037,2,0.8298346996307373,
bench_detect_20260903_2044,ncnn,640,2,83,94.83999999793014,10.544074230512704,1,0.8219830989837646,
bench_detect_20260903_2044,ncnn,640,2,84,141.86350000090897,7.0490295248149994,1,0.8257671594619751,
bench_detect_20260903_2044,ncnn,640,2,85,86.16739999706624,11.605317092474035,1,0.811461329460144,
bench_detect_20260903_2044,ncnn,640,2,86,103.89749999740161,9.624870666041138,1,0.8388513922691345,
bench_detect_20260903_2044,ncnn,640,2,87,87.52430000458844,11.425398431607853,1,0.8571673035621643,
bench_detect_20260903_2044,ncnn,640,2,88,141.50309999968158,7.06698298484097,1,0.8460314273834229,
bench_detect_20260903_2044,ncnn,640,2,89,105.9672999981558,9.436873450747575,1,0.7928651571273804,
bench_detect_20260903_2044,ncnn,640,2,90,122.20130000059726,8.183219000085208,1,0.8154221177101135,
bench_detect_20260903_2044,ncnn,640,2,91,144.11370000016177,6.9389655528855165,6,0.85065096616745,
bench_detect_20260903_2044,ncnn,640,2,92,139.81300000159536,7.152410719951574,1,0.8413549065589905,
bench_detect_20260903_2044,ncnn,640,2,93,148.38249999593245,6.739339207975419,1,0.8516277074813843,
bench_detect_20260903_2044,ncnn,640,2,94,120.20489999849815,8.31912842165747,1,0.8222675323486328,
bench_detect_20260903_2044,ncnn,640,2,95,96.88649999588961,10.321355400829061,1,0.8292026519775391,
bench_detect_20260903_2044,ncnn,640,2,96,94.7941999984323,10.549168620195518,1,0.8072890043258667,
bench_detect_20260903_2044,ncnn,640,2,97,115.36999999952968,8.667764583549246,1,0.8510768413543701,
bench_detect_20260903_2044,ncnn,640,2,98,148.02899999631336,6.755433057204364,1,0.8391404151916504,
bench_detect_20260903_2044,ncnn,640,2,99,91.90200000011828,10.881156014000926,1,0.8497687578201294,
bench_detect_20260903_2044,ncnn,640,4,0,113.76639999798499,8.7899414943051,1,0.8214687705039978,
bench_detect_20260903_2044,ncnn,640,4,1,119.3996000001789,8.375237437968817,1,0.8121480345726013,
bench_detect_20260903_2044,ncnn,640,4,2,90.93189999839524,10.997240792479294,1,0.8395454287528992,
bench_detect_20260903_2044,ncnn,640,4,3,95.72710000065854,10.446362628692613,1,0.8316106796264648,
bench_detect_20260903_2044,ncnn,640,4,4,93.03299999737646,10.74887405574581,1,0.7443011403083801,
bench_detect_20260903_2044,ncnn,640,4,5,91.99089999310672,10.870640466338891,1,0.8330689668655396,
bench_detect_20260903_2044,ncnn,640,4,6,94.55209999578074,10.576179693995414,1,0.8096312284469604,
bench_detect_20260903_2044,ncnn,640,4,7,93.72630000143545,10.669363881692595,2,0.8250117301940918,
bench_detect_20260903_2044,ncnn,640,4,8,84.95219999895198,11.771325522026935,1,0.848911464214325,
bench_detect_20260903_2044,ncnn,640,4,9,92.46369999891613,10.815054989273868,1,0.830953061580658,
bench_detect_20260903_2044,ncnn,640,4,10,96.93469999911031,10.316223189520144,1,0.8210681080818176,
bench_detect_20260903_2044,ncnn,640,4,11,89.4620999970357,11.177917800198461,1,0.8629554510116577,
bench_detect_20260903_2044,ncnn,640,4,12,103.51150000497,9.660762330291668,1,0.8423637747764587,
bench_detect_20260903_2044,ncnn,640,4,13,92.56969999842113,10.802670852525784,2,0.8258850574493408,
bench_detect_20260903_2044,ncnn,640,4,14,125.29899999935878,7.980909664124354,1,0.8677327632904053,
bench_detect_20260903_2044,ncnn,640,4,15,97.38429999561049,10.268595657052257,1,0.8611426949501038,
bench_detect_20260903_2044,ncnn,640,4,16,88.64100000209874,11.281461174584258,2,0.8343462347984314,
bench_detect_20260903_2044,ncnn,640,4,17,101.32769999472657,9.868969689947006,3,0.839414656162262,
bench_detect_20260903_2044,ncnn,640,4,18,87.43980000144802,11.43643969889501,2,0.8466665744781494,
bench_detect_20260903_2044,ncnn,640,4,19,91.85470000375062,10.88675919641747,1,0.8641485571861267,
bench_detect_20260903_2044,ncnn,640,4,20,91.09059999900637,10.978081163269406,2,0.8630983233451843,
bench_detect_20260903_2044,ncnn,640,4,21,93.0071000038879,10.751867330109183,1,0.8406503796577454,
bench_detect_20260903_2044,ncnn,640,4,22,90.35900000162655,11.066966212352936,1,0.8391132950782776,
bench_detect_20260903_2044,ncnn,640,4,23,92.64470000198344,10.79392561019239,1,0.8192141056060791,
bench_detect_20260903_2044,ncnn,640,4,24,92.6647000014782,10.79159593657615,1,0.8192446231842041,
bench_detect_20260903_2044,ncnn,640,4,25,89.83640000224113,11.131345423180951,2,0.8416053652763367,
bench_detect_20260903_2044,ncnn,640,4,26,84.06200000172248,11.895981537192897,3,0.8323209881782532,
bench_detect_20260903_2044,ncnn,640,4,27,103.59549999702722,9.65292894024061,1,0.8368034958839417,
bench_detect_20260903_2044,ncnn,640,4,28,86.56979999796022,11.551372418829226,1,0.8446123003959656,
bench_detect_20260903_2044,ncnn,640,4,29,95.89609999966342,10.427952753068267,1,0.8436523079872131,
bench_detect_20260903_2044,ncnn,640,4,30,94.03040000324836,10.634858513474942,1,0.8377924561500549,
bench_detect_20260903_2044,ncnn,640,4,31,89.14109999750508,11.218169845649072,1,0.843222439289093,
bench_detect_20260903_2044,ncnn,640,4,32,96.86779999901773,10.323347903123022,1,0.8313406705856323,
bench_detect_20260903_2044,ncnn,640,4,33,95.87390000524465,10.430367388259958,1,0.8367629647254944,
bench_detect_20260903_2044,ncnn,640,4,34,100.92639999493258,9.908210339913134,1,0.794060230255127,
bench_detect_20260903_2044,ncnn,640,4,35,91.2220999962301,10.96225585731228,1,0.844182014465332,
bench_detect_20260903_2044,ncnn,640,4,36,88.22199999849545,11.33504114639267,1,0.8246176838874817,
bench_detect_20260903_2044,ncnn,640,4,37,123.01849999494152,8.12885866793303,1,0.845628023147583,
bench_detect_20260903_2044,ncnn,640,4,38,98.99489999952493,10.101530482931938,1,0.8481340408325195,
bench_detect_20260903_2044,ncnn,640,4,39,92.10139999777311,10.857598256097939,2,0.8228015303611755,
bench_detect_20260903_2044,ncnn,640,4,40,89.83750000334112,11.131209127177508,1,0.8118503093719482,
bench_detect_20260903_2044,ncnn,640,4,41,91.4106999989599,10.939638357559655,1,0.8480193018913269,
bench_detect_20260903_2044,ncnn,640,4,42,107.51140000502346,9.301339206384393,2,0.8532117605209351,
bench_detect_20260903_2044,ncnn,640,4,43,89.6128000022145,11.159120125420566,1,0.8299168944358826,
bench_detect_20260903_2044,ncnn,640,4,44,89.10669999750098,11.222500665247901,1,0.7718534469604492,
bench_detect_20260903_2044,ncnn,640,4,45,95.26819999882719,10.496681998949395,1,0.8479881286621094,
bench_detect_20260903_2044,ncnn,640,4,46,91.50679999584099,10.928149602493479,1,0.848056435585022,
bench_detect_20260903_2044,ncnn,640,4,47,106.8066000007093,9.36271728519922,1,0.8432230353355408,
bench_detect_20260903_2044,ncnn,640,4,48,99.1580999980215,10.08490481382714,1,0.815872073173523,
bench_detect_20260903_2044,ncnn,640,4,49,107.54810000071302,9.298165193000807,1,0.7787197828292847,
bench_detect_20260903_2044,ncnn,640,4,50,96.15859999757959,10.399485849681371,2,0.8698756694793701,
bench_detect_20260903_2044,ncnn,640,4,51,99.90209999523358,10.009799594279908,1,0.8253887891769409,
bench_detect_20260903_2044,ncnn,640,4,52,109.47689999738941,9.134347063388223,1,0.8267797231674194,
bench_detect_20260903_2044,ncnn,640,4,53,92.34599999763304,10.828839365274417,1,0.8350737690925598,
bench_detect_20260903_2044,ncnn,640,4,54,92.33570000651525,10.830047315712552,1,0.8424330353736877,
bench_detect_20260903_2044,ncnn,640,4,55,99.79390000080457,10.020652564855544,1,0.8537830710411072,
bench_detect_20260903_2044,ncnn,640,4,56,100.05139999702806,9.994862640899619,1,0.8273897767066956,
bench_detect_20260903_2044,ncnn,640,4,57,94.50070000457345,10.581932196815517,1,0.826176106929779,
bench_detect_20260903_2044,ncnn,640,4,58,110.85740000271471,9.020597632413457,2,0.8604757785797119,
bench_detect_20260903_2044,ncnn,640,4,59,132.61469999997644,7.540642176170347,1,0.818992555141449,
bench_detect_20260903_2044,ncnn,640,4,60,114.7108000004664,8.717574979826956,2,0.8329590559005737,
bench_detect_20260903_2044,ncnn,640,4,61,87.5238000007812,11.425463702342386,1,0.8284342288970947,
bench_detect_20260903_2044,ncnn,640,4,62,103.5014000008232,9.66170505898516,2,0.8373320698738098,
bench_detect_20260903_2044,ncnn,640,4,63,91.44569999625674,10.935451311990988,1,0.8421450257301331,
bench_detect_20260903_2044,ncnn,640,4,64,99.40289999940433,10.060068670089027,1,0.8202604651451111,
bench_detect_20260903_2044,ncnn,640,4,65,89.78840000054333,11.137296131726913,1,0.8330275416374207,
bench_detect_20260903_2044,ncnn,640,4,66,107.82190000463743,9.27455368489138,2,0.8189752101898193,
bench_detect_20260903_2044,ncnn,640,4,67,109.93839999719057,9.09600285273894,1,0.8267175555229187,
bench_detect_20260903_2044,ncnn,640,4,68,82.34670000092592,12.143777467570112,2,0.8485023379325867,
bench_detect_20260903_2044,ncnn,640,4,69,83.56960000674007,11.966073786632313,1,0.8594738841056824,
bench_detect_20260903_2044,ncnn,640,4,70,89.01290000358131,11.234326709496786,1,0.8575980067253113,
bench_detect_20260903_2044,ncnn,640,4,71,95.14080000371905,10.510737769294666,1,0.8561351895332336,
bench_detect_20260903_2044,ncnn,640,4,72,88.95219999976689,11.241992890593156,1,0.8265811800956726,
bench_detect_20260903_2044,ncnn,640,4,73,83.03529999830062,12.04307083879345,1,0.8261642456054688,
bench_detect_20260903_2044,ncnn,640,4,74,87.86790000158362,11.3807203766333,1,0.8381205797195435,
bench_detect_20260903_2044,ncnn,640,4,75,93.4698000055505,10.69864276954286,1,0.8184217214584351,
bench_detect_20260903_2044,ncnn,640,4,76,83.84309999382822,11.927039912331619,2,0.8448438048362732,
bench_detect_20260903_2044,ncnn,640,4,77,89.65969999553636,11.153282913614303,1,0.8476136922836304,
bench_detect_20260903_2044,ncnn,640,4,78,89.53859999746783,11.16836760936937,1,0.8524566292762756,
bench_detect_20260903_2044,ncnn,640,4,79,99.47319999628235,10.052958988324226,4,0.839610755443573,
bench_detect_20260903_2044,ncnn,640,4,80,100.69349999685073,9.93112763019734,1,0.8314980268478394,
bench_detect_20260903_2044,ncnn,640,4,81,97.07389999675797,10.301430147891427,1,0.8271514773368835,
bench_detect_20260903_2044,ncnn,640,4,82,92.79360000073211,10.77660528303795,2,0.8298346996307373,
bench_detect_20260903_2044,ncnn,640,4,83,84.05510000011418,11.896958066775742,1,0.8219830989837646,
bench_detect_20260903_2044,ncnn,640,4,84,95.42079999664566,10.47989536909304,1,0.8257671594619751,
bench_detect_20260903_2044,ncnn,640,4,85,100.73389999888605,9.927144685265421,1,0.811461329460144,
bench_detect_20260903_2044,ncnn,640,4,86,78.15169999958016,12.795626966596659,1,0.8388513922691345,
bench_detect_20260903_2044,ncnn,640,4,87,85.77119999972638,11.658925140410652,1,0.8571673035621643,
bench_detect_20260903_2044,ncnn,640,4,88,82.3720999978832,12.14003285124087,1,0.8460314273834229,
bench_detect_20260903_2044,ncnn,640,4,89,92.681399997673,10.78965142979182,1,0.7928651571273804,
bench_detect_20260903_2044,ncnn,640,4,90,86.05359999637585,11.62066433062783,1,0.8154221177101135,
bench_detect_20260903_2044,ncnn,640,4,91,96.67579999950249,10.343850270751792,6,0.85065096616745,
bench_detect_20260903_2044,ncnn,640,4,92,123.12650000239955,8.121728466093908,1,0.8413549065589905,
bench_detect_20260903_2044,ncnn,640,4,93,92.26189999753842,10.838710237125838,1,0.8516277074813843,
bench_detect_20260903_2044,ncnn,640,4,94,106.27830000157701,9.409258522061055,1,0.8222675323486328,
bench_detect_20260903_2044,ncnn,640,4,95,89.20270000089658,11.21042300277849,1,0.8292026519775391,
bench_detect_20260903_2044,ncnn,640,4,96,129.0512999985367,7.748856462595409,1,0.8072890043258667,
bench_detect_20260903_2044,ncnn,640,4,97,97.40590000001248,10.266318570023703,1,0.8510768413543701,
bench_detect_20260903_2044,ncnn,640,4,98,93.71700000338024,10.670422655056516,1,0.8391404151916504,
bench_detect_20260903_2044,ncnn,640,4,99,97.670899995137,10.238464067084358,1,0.8497687578201294,
