run_id,backend,imgsz,threads,sample_idx,latency_ms,fps_instant,n_faces,conf_top,cpu_temp_c
bench_detect_20260903_2040,onnx,320,1,0,30.210400000214577,33.10118369809394,3,0.8670165538787842,
bench_detect_20260903_2040,onnx,320,1,1,31.12160000455333,32.13202405575846,1,0.8328515291213989,
bench_detect_20260903_2040,onnx,320,1,2,31.699699997261632,31.54603987061028,2,0.8697807192802429,
bench_detect_20260903_2040,onnx,320,1,3,34.20139999798266,29.23856918310315,1,0.8827570080757141,
bench_detect_20260903_2040,onnx,320,1,4,36.55080000316957,27.359182286387252,1,0.8138214349746704,
bench_detect_20260903_2040,onnx,320,1,5,35.884299999452196,27.86734031359859,1,0.8523721694946289,
bench_detect_20260903_2040,onnx,320,1,6,29.700200000661425,33.669806936577196,1,0.855189323425293,
bench_detect_20260903_2040,onnx,320,1,7,32.94150000147056,30.356844708205713,2,0.8453751802444458,
bench_detect_20260903_2040,onnx,320,1,8,40.22680000343826,24.85904918896179,1,0.8628569841384888,
bench_detect_20260903_2040,onnx,320,1,9,29.91910000127973,33.42346527660347,1,0.8440912365913391,
bench_detect_20260903_2040,onnx,320,1,10,39.39060000266181,25.38676739964421,1,0.831957995891571,
bench_detect_20260903_2040,onnx,320,1,11,33.126499998616055,30.18731227391296,2,0.8591516613960266,
bench_detect_20260903_2040,onnx,320,1,12,30.963199998950586,32.2964034736039,1,0.8425641059875488,
bench_detect_20260903_2040,onnx,320,1,13,33.344100003887434,29.99031312536295,2,0.8373713493347168,
bench_detect_20260903_2040,onnx,320,1,14,33.358500004396774,29.977367083897548,1,0.8705068826675415,
bench_detect_20260903_2040,onnx,320,1,15,31.479299999773502,31.7669071423823,1,0.8714592456817627,
bench_detect_20260903_2040,onnx,320,1,16,33.66410000307951,29.705234950838502,2,0.8616288900375366,
bench_detect_20260903_2040,onnx,320,1,17,35.80929999588989,27.925706453764185,3,0.8603709936141968,
bench_detect_20260903_2040,onnx,320,1,18,32.368600004701875,30.89413814174044,2,0.8776817321777344,
bench_detect_20260903_2040,onnx,320,1,19,37.539400000241585,26.638678295166265,1,0.8844539523124695,
bench_detect_20260903_2040,onnx,320,1,20,30.14909999910742,33.16848595910344,2,0.8719533681869507,
bench_detect_20260903_2040,onnx,320,1,21,38.31680000439519,26.098212791394204,1,0.857478141784668,
bench_detect_20260903_2040,onnx,320,1,22,48.076200000650715,20.80031283642353,1,0.8467496633529663,
bench_detect_20260903_2040,onnx,320,1,23,35.04939999402268,28.531158883477033,1,0.8392353057861328,
bench_detect_20260903_2040,onnx,320,1,24,37.188599999353755,26.88996090246413,1,0.866562008857727,
bench_detect_20260903_2040,onnx,320,1,25,33.92490000260295,29.476873916305518,3,0.8383882641792297,
bench_detect_20260903_2040,onnx,320,1,26,29.937500003143214,33.40292275223407,3,0.8507544994354248,
bench_detect_20260903_2040,onnx,320,1,27,46.85040000185836,21.344534944425963,1,0.8478227853775024,
bench_detect_20260903_2040,onnx,320,1,28,31.71499999734806,31.530821380533435,1,0.8780727386474609,
bench_detect_20260903_2040,onnx,320,1,29,38.367399996786844,26.06379374374461,1,0.8478468656539917,
bench_detect_20260903_2040,onnx,320,1,30,33.787199994549155,29.597007155411774,1,0.8513926267623901,
bench_detect_20260903_2040,onnx,320,1,31,38.173200002347585,26.196389088116838,1,0.8696877360343933,
bench_detect_20260903_2040,onnx,320,1,32,29.72589999990305,33.640697169917864,2,0.8461759090423584,
bench_detect_20260903_2040,onnx,320,1,33,37.905099998170044,26.38167423508386,1,0.838685154914856,
bench_detect_20260903_2040,onnx,320,1,34,30.285599998023827,33.01899252665462,2,0.8442750573158264,
bench_detect_20260903_2040,onnx,320,1,35,35.3393999976106,28.29702824800684,1,0.850351095199585,
bench_detect_20260903_2040,onnx,320,1,36,32.46760000183713,30.799935934390486,1,0.8418047428131104,
bench_detect_20260903_2040,onnx,320,1,37,32.49290000530891,30.775954126489577,1,0.8386183977127075,
bench_detect_20260903_2040,onnx,320,1,38,40.4084999972838,24.747268521900555,1,0.8658446669578552,
bench_detect_20260903_2040,onnx,320,1,39,46.704300002602395,21.41130473948393,2,0.856457531452179,
bench_detect_20260903_2040,onnx,320,1,40,33.05779999936931,30.2500468881498,1,0.8289919495582581,
bench_detect_20260903_2040,onnx,320,1,41,36.43279999960214,27.447794295550175,1,0.858521044254303,
bench_detect_20260903_2040,onnx,320,1,42,35.86920000088867,27.879071737736687,2,0.8730190396308899,
bench_detect_20260903_2040,onnx,320,1,43,41.90080000262242,23.86589277382326,1,0.8458724617958069,
bench_detect_20260903_2040,onnx,320,1,44,34.86510000220733,28.681977104230004,1,0.8432605266571045,
bench_detect_20260903_2040,onnx,320,1,45,34.08359999593813,29.33962375216156,1,0.8354377746582031,
bench_detect_20260903_2040,onnx,320,1,46,36.51939999690512,27.382706180406746,1,0.8780818581581116,
bench_detect_20260903_2040,onnx,320,1,47,38.979299999482464,25.654642336144498,1,0.8653022050857544,
bench_detect_20260903_2040,onnx,320,1,48,29.353500001889188,34.06748769092749,1,0.8466675281524658,
bench_detect_20260903_2040,onnx,320,1,49,33.72719999606488,29.649659625366912,1,0.8357389569282532,
bench_detect_20260903_2040,onnx,320,1,50,34.05879999627359,29.360987471942963,2,0.8686115145683289,
bench_detect_20260903_2040,onnx,320,1,51,34.87930000119377,28.670300148391004,1,0.8685365915298462,
bench_detect_20260903_2040,onnx,320,1,52,32.591800001682714,30.68256432441197,1,0.845445990562439,
bench_detect_20260903_2040,onnx,320,1,53,31.26229999907082,31.98740975647096,1,0.8381633758544922,
bench_detect_20260903_2040,onnx,320,1,54,35.451499999908265,28.20755116151891,1,0.8505581617355347,
bench_detect_20260903_2040,onnx,320,1,55,37.653300001693424,26.558097164259863,1,0.8439571261405945,
bench_detect_20260903_2040,onnx,320,1,56,33.803799997258466,29.582472978810117,1,0.837119460105896,
bench_detect_20260903_2040,onnx,320,1,57,36.1306999984663,27.67729382609384,1,0.8488036394119263,
bench_detect_20260903_2040,onnx,320,1,58,29.44769999885466,33.95850949442211,3,0.8435398936271667,
bench_detect_20260903_2040,onnx,320,1,59,39.741399996273685,25.162676707256516,1,0.8659918308258057,
bench_detect_20260903_2040,onnx,320,1,60,32.60240000236081,30.672588518869404,2,0.8362575769424438,
bench_detect_20260903_2040,onnx,320,1,61,31.063199996424373,32.19243349413802,1,0.8402531147003174,
bench_detect_20260903_2040,onnx,320,1,62,30.007000001205597,33.32555736860809,2,0.8753020167350769,
bench_detect_20260903_2040,onnx,320,1,63,29.6024999988731,33.78093066592577,1,0.8739726543426514,
bench_detect_20260903_2040,onnx,320,1,64,31.36320000339765,31.884501578017154,1,0.8813583850860596,
bench_detect_20260903_2040,onnx,320,1,65,33.44679999281652,29.898226443629085,1,0.8344632387161255,
bench_detect_20260903_2040,onnx,320,1,66,30.542000000423286,32.74179817910225,2,0.8658980131149292,
bench_detect_20260903_2040,onnx,320,1,67,32.833000004757196,30.45716199723173,1,0.8395222425460815,
bench_detect_20260903_2040,onnx,320,1,68,42.659499995352235,23.441437431497093,2,0.8659771084785461,
bench_detect_20260903_2040,onnx,320,1,69,36.48249999969266,27.410402247883894,1,0.866417407989502,
bench_detect_20260903_2040,onnx,320,1,70,34.80169999966165,28.73422850061124,1,0.8556604385375977,
bench_detect_20260903_2040,onnx,320,1,71,40.996900002937764,24.392088180529303,1,0.8706233501434326,
bench_detect_20260903_2040,onnx,320,1,72,48.67430000012973,20.544722779728414,1,0.8552780747413635,
bench_detect_20260903_2040,onnx,320,1,73,31.7122999986168,31.533505928097842,1,0.8395992517471313,
bench_detect_20260903_2040,onnx,320,1,74,30.41289999964647,32.88078414132241,1,0.8509736657142639,
bench_detect_20260903_2040,onnx,320,1,75,32.867300003999844,30.42537719491115,1,0.8412090539932251,
bench_detect_20260903_2040,onnx,320,1,76,29.659799998626113,33.71566902158212,2,0.855376124382019,
bench_detect_20260903_2040,onnx,320,1,77,29.88990000449121,33.456117278737686,1,0.858833372592926,
bench_detect_20260903_2040,onnx,320,1,78,42.51539999677334,23.520888903218456,1,0.8597094416618347,
bench_detect_20260903_2040,onnx,320,1,79,32.30489999987185,30.95505635380289,3,0.8422050476074219,
bench_detect_20260903_2040,onnx,320,1,80,40.08740000426769,24.945494092745857,1,0.8683744668960571,
bench_detect_20260903_2040,onnx,320,1,81,37.921499999356456,26.370264889758328,1,0.861799955368042,
bench_detect_20260903_2040,onnx,320,1,82,32.51230000023497,30.75759020410038,2,0.8524229526519775,
bench_detect_20260903_2040,onnx,320,1,83,30.96190000360366,32.297759500664036,1,0.8346436023712158,
bench_detect_20260903_2040,onnx,320,1,84,41.36429999925895,24.175436306619847,1,0.8658377528190613,
bench_detect_20260903_2040,onnx,320,1,85,40.18329999962589,24.885960088128904,1,0.8456016778945923,
bench_detect_20260903_2040,onnx,320,1,86,30.624099999840837,32.65402085302743,1,0.8533008694648743,
bench_detect_20260903_2040,onnx,320,1,87,40.464600002451334,24.71295897993358,1,0.8807278871536255,
bench_detect_20260903_2040,onnx,320,1,88,32.30800000164891,30.952086169028195,1,0.8535933494567871,
bench_detect_20260903_2040,onnx,320,1,89,31.569600003422238,31.676042771894387,1,0.8226962685585022,
bench_detect_20260903_2040,onnx,320,1,90,40.22600000462262,24.85954357592313,1,0.83518385887146,
bench_detect_20260903_2040,onnx,320,1,91,40.47310000169091,24.707768862731577,5,0.8622596263885498,
bench_detect_20260903_2040,onnx,320,1,92,33.32619999855524,30.006421375474915,1,0.8443489670753479,
bench_detect_20260903_2040,onnx,320,1,93,33.52830000221729,29.82555035399552,1,0.8922711610794067,
bench_detect_20260903_2040,onnx,320,1,94,30.119099996227305,33.201523290047156,1,0.83056640625,
bench_detect_20260903_2040,onnx,320,1,95,29.96519999578595,33.372044910116784,1,0.8475976586341858,
bench_detect_20260903_2040,onnx,320,1,96,51.51530000148341,19.41170875392756,1,0.8309311866760254,
bench_detect_20260903_2040,onnx,320,1,97,48.79549999895971,20.493693066395863,1,0.8784871697425842,
bench_detect_20260903_2040,onnx,320,1,98,29.816599999321625,33.538364535954855,1,0.8540769815444946,
bench_detect_20260903_2040,onnx,320,1,99,32.23240000079386,31.024683237220025,1,0.863140344619751,
bench_detect_20260903_2040,onnx,320,2,0,27.6402000017697,36.17918828141525,3,0.8670165538787842,
bench_detect_20260903_2040,onnx,320,2,1,18.778999998176005,53.250971835408144,1,0.8328515291213989,
bench_detect_20260903_2040,onnx,320,2,2,19.90759999898728,50.232072175996656,2,0.8697807192802429,
bench_detect_20260903_2040,onnx,320,2,3,21.861399996851105,45.74272462623798,1,0.8827570080757141,
bench_detect_20260903_2040,onnx,320,2,4,22.277000003668945,44.889347750383955,1,0.8138214349746704,
bench_detect_20260903_2040,onnx,320,2,5,20.71579999756068,48.272333200636794,1,0.8523721694946289,
bench_detect_20260903_2040,onnx,320,2,6,27.204099998925813,36.759164980259825,1,0.855189323425293,
bench_detect_20260903_2040,onnx,320,2,7,27.94269999867538,35.787522324163554,2,0.8453751802444458,
bench_detect_20260903_2040,onnx,320,2,8,30.419300004723482,32.873866257432645,1,0.8628569841384888,
bench_detect_20260903_2040,onnx,320,2,9,19.327699999848846,51.739213667835315,1,0.8440912365913391,
bench_detect_20260903_2040,onnx,320,2,10,32.37510000326438,30.88793547816594,1,0.831957995891571,
bench_detect_20260903_2040,onnx,320,2,11,40.26089999388205,24.837994186716084,2,0.8591516613960266,
bench_detect_20260903_2040,onnx,320,2,12,21.168999999645166,47.238887052612874,1,0.8425641059875488,
bench_detect_20260903_2040,onnx,320,2,13,18.8309000004665,53.104206382872135,2,0.8373713493347168,
bench_detect_20260903_2040,onnx,320,2,14,25.098199999774806,39.843494752969235,1,0.8705068826675415,
bench_detect_20260903_2040,onnx,320,2,15,25.766600003407802,38.809932232725444,1,0.8714592456817627,
bench_detect_20260903_2040,onnx,320,2,16,24.81629999965662,40.2960957118441,2,0.8616288900375366,
bench_detect_20260903_2040,onnx,320,2,17,27.57030000066152,36.27091471532795,3,0.8603709936141968,
bench_detect_20260903_2040,onnx,320,2,18,26.131300000997726,38.26828362774982,2,0.8776817321777344,
bench_detect_20260903_2040,onnx,320,2,19,22.222299994609784,44.99984251146636,1,0.8844539523124695,
bench_detect_20260903_2040,onnx,320,2,20,21.701999998185784,46.07870242759178,2,0.8719533681869507,
bench_detect_20260903_2040,onnx,320,2,21,28.33440000540577,35.29278897062282,1,0.857478141784668,
bench_detect_20260903_2040,onnx,320,2,22,35.23950000089826,28.377247122533234,1,0.8467496633529663,
bench_detect_20260903_2040,onnx,320,2,23,41.97589999967022,23.82319378519237,1,0.8392353057861328,
bench_detect_20260903_2040,onnx,320,2,24,41.36060000018915,24.177598970890816,1,0.866562008857727,
bench_detect_20260903_2040,onnx,320,2,25,57.112700000288896,17.50924050158619,3,0.8383882641792297,
bench_detect_20260903_2040,onnx,320,2,26,48.92450000625104,20.439657019943606,3,0.8507544994354248,
bench_detect_20260903_2040,onnx,320,2,27,49.1288000048371,20.35465958666897,1,0.8478227853775024,
bench_detect_20260903_2040,onnx,320,2,28,28.97339999617543,34.514416676399826,1,0.8780727386474609,
bench_detect_20260903_2040,onnx,320,2,29,22.587899999052752,44.271490490126844,1,0.8478468656539917,
bench_detect_20260903_2040,onnx,320,2,30,19.853400001011323,50.369206279481624,1,0.8513926267623901,
bench_detect_20260903_2040,onnx,320,2,31,23.52229999814881,42.51284951210976,1,0.8696877360343933,
bench_detect_20260903_2040,onnx,320,2,32,31.657899999117944,31.587692172502347,2,0.8461759090423584,
bench_detect_20260903_2040,onnx,320,2,33,28.72399999614572,34.81409274941454,1,0.838685154914856,
bench_detect_20260903_2040,onnx,320,2,34,20.496799996180926,48.788103517930864,2,0.8442750573158264,
bench_detect_20260903_2040,onnx,320,2,35,24.715799998375587,40.459948699444226,1,0.850351095199585,
bench_detect_20260903_2040,onnx,320,2,36,21.09329999802867,47.408418791438876,1,0.8418047428131104,
bench_detect_20260903_2040,onnx,320,2,37,23.629900002561044,42.31926499441887,1,0.8386183977127075,
bench_detect_20260903_2040,onnx,320,2,38,34.49189999810187,28.992314139117624,1,0.8658446669578552,
bench_detect_20260903_2040,onnx,320,2,39,22.018399999069516,45.416560696610986,2,0.856457531452179,
bench_detect_20260903_2040,onnx,320,2,40,44.3197999993572,22.563278715483907,1,0.8289919495582581,
bench_detect_20260903_2040,onnx,320,2,41,33.72590000071796,29.65080249833843,1,0.858521044254303,
bench_detect_20260903_2040,onnx,320,2,42,30.52229999593692,32.76293071403919,2,0.8730190396308899,
bench_detect_20260903_2040,onnx,320,2,43,32.727099998737685,30.555716823017345,1,0.8458724617958069,
bench_detect_20260903_2040,onnx,320,2,44,22.795600001700222,43.86811489609462,1,0.8432605266571045,
bench_detect_20260903_2040,onnx,320,2,45,21.585199996479787,46.32803959023241,1,0.8354377746582031,
bench_detect_20260903_2040,onnx,320,2,46,20.557600000756793,48.64381055975341,1,0.8780818581581116,
bench_detect_20260903_2040,onnx,320,2,47,21.82869999523973,45.81124850394544,1,0.8653022050857544,
bench_detect_20260903_2040,onnx,320,2,48,20.55790000304114,48.64310069861559,1,0.8466675281524658,
bench_detect_20260903_2040,onnx,320,2,49,21.131100002094172,47.3236130585202,1,0.8357389569282532,
bench_detect_20260903_2040,onnx,320,2,50,21.898200000578072,45.665853813263276,2,0.8686115145683289,
bench_detect_20260903_2040,onnx,320,2,51,31.35370000381954,31.89416240756845,1,0.8685365915298462,
bench_detect_20260903_2040,onnx,320,2,52,19.49659999809228,51.290994332234796,1,0.845445990562439,
bench_detect_20260903_2040,onnx,320,2,53,19.98019999882672,50.049549056502045,1,0.8381633758544922,
bench_detect_20260903_2040,onnx,320,2,54,30.11559999868041,33.20538192975792,1,0.8505581617355347,
bench_detect_20260903_2040,onnx,320,2,55,42.709400004241616,23.414049363856353,1,0.8439571261405945,
bench_detect_20260903_2040,onnx,320,2,56,31.814800000574905,31.431912191242116,1,0.837119460105896,
bench_detect_20260903_2040,onnx,320,2,57,20.400199995492585,49.019127274288955,1,0.8488036394119263,
bench_detect_20260903_2040,onnx,320,2,58,38.110100002086256,26.239763210940332,3,0.8435398936271667,
bench_detect_20260903_2040,onnx,320,2,59,49.15610000171,20.343355147483482,1,0.8659918308258057,
bench_detect_20260903_2040,onnx,320,2,60,31.761300000653137,31.484857357206288,2,0.8362575769424438,
bench_detect_20260903_2040,onnx,320,2,61,25.75059999799123,38.834046588351676,1,0.8402531147003174,
bench_detect_20260903_2040,onnx,320,2,62,25.05300000484567,39.91537938796085,2,0.8753020167350769,
bench_detect_20260903_2040,onnx,320,2,63,19.018400002096314,52.58065872469684,1,0.8739726543426514,
bench_detect_20260903_2040,onnx,320,2,64,20.041399999172427,49.896713804489366,1,0.8813583850860596,
bench_detect_20260903_2040,onnx,320,2,65,23.46910000051139,42.609218077310594,1,0.8344632387161255,
bench_detect_20260903_2040,onnx,320,2,66,20.944099996995647,47.74614331212352,2,0.8658980131149292,
bench_detect_20260903_2040,onnx,320,2,67,21.600599997327663,46.29501032951473,1,0.8395222425460815,
bench_detect_20260903_2040,onnx,320,2,68,23.175200003606733,43.1495736754967,2,0.8659771084785461,
bench_detect_20260903_2040,onnx,320,2,69,21.411200003058184,46.7045284644097,1,0.866417407989502,
bench_detect_20260903_2040,onnx,320,2,70,22.809000001871027,43.84234293121004,1,0.8556604385375977,
bench_detect_20260903_2040,onnx,320,2,71,27.675999997882172,36.132389076330476,1,0.8706233501434326,
bench_detect_20260903_2040,onnx,320,2,72,22.572599998966325,44.30149827870043,1,0.8552780747413635,
bench_detect_20260903_2040,onnx,320,2,73,32.63619999779621,30.6408221566091,1,0.8395992517471313,
bench_detect_20260903_2040,onnx,320,2,74,23.01620000071125,43.44765860433511,1,0.8509736657142639,
bench_detect_20260903_2040,onnx,320,2,75,24.148299999069422,41.41078254115345,1,0.8412090539932251,
bench_detect_20260903_2040,onnx,320,2,76,26.233700002194382,38.118908118807205,2,0.855376124382019,
bench_detect_20260903_2040,onnx,320,2,77,19.73790000192821,50.66395107393944,1,0.858833372592926,
bench_detect_20260903_2040,onnx,320,2,78,28.23750000243308,35.41389995268119,1,0.8597094416618347,
bench_detect_20260903_2040,onnx,320,2,79,31.222400000842754,32.02828738255253,3,0.8422050476074219,
bench_detect_20260903_2040,onnx,320,2,80,36.66189999785274,27.276273189839294,1,0.8683744668960571,
bench_detect_20260903_2040,onnx,320,2,81,25.821000002906658,38.72816699149647,1,0.861799955368042,
bench_detect_20260903_2040,onnx,320,2,82,27.314099999784958,36.61112758640676,2,0.8524229526519775,
bench_detect_20260903_2040,onnx,320,2,83,25.990900001488626,38.47500471098443,1,0.8346436023712158,
bench_detect_20260903_2040,onnx,320,2,84,33.068099997763056,30.24062465238845,1,0.8658377528190613,
bench_detect_20260903_2040,onnx,320,2,85,27.48280000378145,36.38639439439965,1,0.8456016778945923,
bench_detect_20260903_2040,onnx,320,2,86,30.19710000080522,33.11576277103876,1,0.8533008694648743,
bench_detect_20260903_2040,onnx,320,2,87,25.650999996287283,38.98483490486685,1,0.8807278871536255,
bench_detect_20260903_2040,onnx,320,2,88,32.300700004270766,30.95908137804385,1,0.8535933494567871,
bench_detect_20260903_2040,onnx,320,2,89,26.10119999735616,38.3124147587579,1,0.8226962685585022,
bench_detect_20260903_2040,onnx,320,2,90,25.659799997811206,38.971465096583,1,0.83518385887146,
bench_detect_20260903_2040,onnx,320,2,91,33.31090000574477,30.020203591843536,5,0.8622596263885498,
bench_detect_20260903_2040,onnx,320,2,92,25.322800000139978,39.490103779774444,1,0.8443489670753479,
bench_detect_20260903_2040,onnx,320,2,93,26.252999996358994,38.09088485653788,1,0.8922711610794067,
bench_detect_20260903_2040,onnx,320,2,94,31.09089999634307,32.163752098447475,1,0.83056640625,
bench_detect_20260903_2040,onnx,320,2,95,23.88720000453759,41.86342475510068,1,0.8475976586341858,
bench_detect_20260903_2040,onnx,320,2,96,30.403600001591258,32.890841872267174,1,0.8309311866760254,
bench_detect_20260903_2040,onnx,320,2,97,24.699199995666277,40.4871412910321,1,0.8784871697425842,
bench_detect_20260903_2040,onnx,320,2,98,26.755700004287064,37.37521349991852,1,0.8540769815444946,
bench_detect_20260903_2040,onnx,320,2,99,25.42350000294391,39.333687331964725,1,0.863140344619751,
bench_detect_20260903_2040,onnx,320,4,0,25.188699997670483,39.700341823614664,3,0.8670165538787842,
bench_detect_20260903_2040,onnx,320,4,1,25.267599994549528,39.576374496022964,1,0.8328515291213989,
bench_detect_20260903_2040,onnx,320,4,2,24.80739999737125,40.310552500704084,2,0.8697807192802429,
bench_detect_20260903_2040,onnx,320,4,3,27.1296999999322,36.859972649992415,1,0.8827570080757141,
bench_detect_20260903_2040,onnx,320,4,4,25.989299996581394,38.477373385644825,1,0.8138214349746704,
bench_detect_20260903_2040,onnx,320,4,5,25.521800002024975,39.18218934090296,1,0.8523721694946289,
bench_detect_20260903_2040,onnx,320,4,6,23.489400002290495,42.57239435245209,1,0.855189323425293,
bench_detect_20260903_2040,onnx,320,4,7,26.184800000919495,38.190095015615334,2,0.8453751802444458,
bench_detect_20260903_2040,onnx,320,4,8,23.961399994732346,41.73378851902807,1,0.8628569841384888,
bench_detect_20260903_2040,onnx,320,4,9,25.36800000234507,39.41974140285233,1,0.8440912365913391,
bench_detect_20260903_2040,onnx,320,4,10,24.575499999627937,40.690932026414096,1,0.831957995891571,
bench_detect_20260903_2040,onnx,320,4,11,25.183400000969414,39.70869699728813,2,0.8591516613960266,
bench_detect_20260903_2040,onnx,320,4,12,25.065100002393592,39.89611052437473,1,0.8425641059875488,
bench_detect_20260903_2040,onnx,320,4,13,25.393100004293956,39.380776661018174,2,0.8373713493347168,
bench_detect_20260903_2040,onnx,320,4,14,25.798499998927582,38.76194352545958,1,0.8705068826675415,
bench_detect_20260903_2040,onnx,320,4,15,22.800300001108553,43.85907202762156,1,0.8714592456817627,
bench_detect_20260903_2040,onnx,320,4,16,25.995600000896957,38.46804843763928,2,0.8616288900375366,
bench_detect_20260903_2040,onnx,320,4,17,27.259700000286102,36.684189480790494,3,0.8603709936141968,
bench_detect_20260903_2040,onnx,320,4,18,23.84919999894919,41.93012763715599,2,0.8776817321777344,
bench_detect_20260903_2040,onnx,320,4,19,24.7492999988026,40.40518317885279,1,0.8844539523124695,
bench_detect_20260903_2040,onnx,320,4,20,23.464799996872898,42.61702636004858,2,0.8719533681869507,
bench_detect_20260903_2040,onnx,320,4,21,26.31159999873489,38.00605056507707,1,0.857478141784668,
bench_detect_20260903_2040,onnx,320,4,22,24.549899993871804,40.73336348619025,1,0.8467496633529663,
bench_detect_20260903_2040,onnx,320,4,23,25.234000000637025,39.62907188613598,1,0.8392353057861328,
bench_detect_20260903_2040,onnx,320,4,24,23.910099997010548,41.823329895108294,1,0.866562008857727,
bench_detect_20260903_2040,onnx,320,4,25,25.492500004475005,39.227223686357085,3,0.8383882641792297,
bench_detect_20260903_2040,onnx,320,4,26,25.961999999708496,38.517833757461986,3,0.8507544994354248,
bench_detect_20260903_2040,onnx,320,4,27,24.3348000003607,41.09341354706747,1,0.8478227853775024,
bench_detect_20260903_2040,onnx,320,4,28,22.540500001923647,44.36458818192401,1,0.8780727386474609,
bench_detect_20260903_2040,onnx,320,4,29,25.800800001889,38.75848810605815,1,0.8478468656539917,
bench_detect_20260903_2040,onnx,320,4,30,24.8552999983076,40.232867841791894,1,0.8513926267623901,
bench_detect_20260903_2040,onnx,320,4,31,24.348599996301346,41.07012313446786,1,0.8696877360343933,
bench_detect_20260903_2040,onnx,320,4,32,21.231899998383597,47.09894074840833,2,0.8461759090423584,
bench_detect_20260903_2040,onnx,320,4,33,21.026199996413197,47.55971122554657,1,0.838685154914856,
bench_detect_20260903_2040,onnx,320,4,34,22.859900003822986,43.74472328543714,2,0.8442750573158264,
bench_detect_20260903_2040,onnx,320,4,35,24.975100001029205,40.039879718551305,1,0.850351095199585,
bench_detect_20260903_2040,onnx,320,4,36,26.847000000998378,37.24810965704966,1,0.8418047428131104,
bench_detect_20260903_2040,onnx,320,4,37,26.06029999878956,38.37254367933016,1,0.8386183977127075,
bench_detect_20260903_2040,onnx,320,4,38,27.063999994425103,36.9494531557046,1,0.8658446669578552,
bench_detect_20260903_2040,onnx,320,4,39,25.04830000543734,39.922869008392816,2,0.856457531452179,
bench_detect_20260903_2040,onnx,320,4,40,27.416000004450325,36.47505105915065,1,0.8289919495582581,
bench_detect_20260903_2040,onnx,320,4,41,26.337299997976515,37.968964171605656,1,0.858521044254303,
bench_detect_20260903_2040,onnx,320,4,42,25.51819999644067,39.18771700744888,2,0.8730190396308899,
bench_detect_20260903_2040,onnx,320,4,43,25.705200001539197,38.90263448407798,1,0.8458724617958069,
bench_detect_20260903_2040,onnx,320,4,44,25.76709999993909,38.809179147143595,1,0.8432605266571045,
bench_detect_20260903_2040,onnx,320,4,45,25.45299999474082,39.2880996427385,1,0.8354377746582031,
bench_detect_20260903_2040,onnx,320,4,46,25.78170000197133,38.787201771936594,1,0.8780818581581116,
bench_detect_20260903_2040,onnx,320,4,47,20.949799996742513,47.73315259121758,1,0.8653022050857544,
bench_detect_20260903_2040,onnx,320,4,48,24.573800001235213,40.69374699679067,1,0.8466675281524658,
bench_detect_20260903_2040,onnx,320,4,49,20.01929999823915,49.95179652075536,1,0.8357389569282532,
bench_detect_20260903_2040,onnx,320,4,50,24.024400001508184,41.624348576331684,2,0.8686115145683289,
bench_detect_20260903_2040,onnx,320,4,51,22.73780000541592,43.979628625540286,1,0.8685365915298462,
bench_detect_20260903_2040,onnx,320,4,52,17.92359999672044,55.792363151541785,1,0.845445990562439,
bench_detect_20260903_2040,onnx,320,4,53,25.15780000248924,39.74910365377954,1,0.8381633758544922,
bench_detect_20260903_2040,onnx,320,4,54,22.0707999978913,45.308733715839146,1,0.8505581617355347,
bench_detect_20260903_2040,onnx,320,4,55,23.35750000202097,42.81280102380292,1,0.8439571261405945,
bench_detect_20260903_2040,onnx,320,4,56,22.195199999259785,45.054786622033156,1,0.837119460105896,
bench_detect_20260903_2040,onnx,320,4,57,24.05670000007376,41.56846117700823,1,0.8488036394119263,
bench_detect_20260903_2040,onnx,320,4,58,22.611899999901652,44.22450125837941,3,0.8435398936271667,
bench_detect_20260903_2040,onnx,320,4,59,22.236000004340895,44.972117278502466,1,0.8659918308258057,
bench_detect_20260903_2040,onnx,320,4,60,22.46529999683844,44.51309353272517,2,0.8362575769424438,
bench_detect_20260903_2040,onnx,320,4,61,20.60630000050878,48.528847972479745,1,0.8402531147003174,
bench_detect_20260903_2040,onnx,320,4,62,23.29960000497522,42.919191736616405,2,0.8753020167350769,
bench_detect_20260903_2040,onnx,320,4,63,21.921200001088437,45.61794062142345,1,0.8739726543426514,
bench_detect_20260903_2040,onnx,320,4,64,23.319799998716917,42.88201442786907,1,0.8813583850860596,
bench_detect_20260903_2040,onnx,320,4,65,23.26539999921806,42.98228270451441,1,0.8344632387161255,
bench_detect_20260903_2040,onnx,320,4,66,22.5810999982059,44.28482226638434,2,0.8658980131149292,
bench_detect_20260903_2040,onnx,320,4,67,22.332900000037625,44.776988210143564,1,0.8395222425460815,
bench_detect_20260903_2040,onnx,320,4,68,22.683800001686905,44.08432449261737,2,0.8659771084785461,
bench_detect_20260903_2040,onnx,320,4,69,22.2079000013764,45.02902120137527,1,0.866417407989502,
bench_detect_20260903_2040,onnx,320,4,70,22.378900001058355,44.684948766592974,1,0.8556604385375977,
bench_detect_20260903_2040,onnx,320,4,71,23.55109999916749,42.46086170222831,1,0.8706233501434326,
bench_detect_20260903_2040,onnx,320,4,72,20.08199999545468,49.7958370792918,1,0.8552780747413635,
bench_detect_20260903_2040,onnx,320,4,73,19.819599998299964,50.45510505185652,1,0.8395992517471313,
bench_detect_20260903_2040,onnx,320,4,74,23.392100003547966,42.74947524370733,1,0.8509736657142639,
bench_detect_20260903_2040,onnx,320,4,75,22.79850000195438,43.86253481212693,1,0.8412090539932251,
bench_detect_20260903_2040,onnx,320,4,76,22.599299998546485,44.24915816261198,2,0.855376124382019,
bench_detect_20260903_2040,onnx,320,4,77,21.183299999393057,47.20699796673096,1,0.858833372592926,
bench_detect_20260903_2040,onnx,320,4,78,29.383799999777693,34.03235796621151,1,0.8597094416618347,
bench_detect_20260903_2040,onnx,320,4,79,28.144999996584374,35.5302895761719,3,0.8422050476074219,
bench_detect_20260903_2040,onnx,320,4,80,20.392099999298807,49.03859828239296,1,0.8683744668960571,
bench_detect_20260903_2040,onnx,320,4,81,21.318800005246885,46.90695535179675,1,0.861799955368042,
bench_detect_20260903_2040,onnx,320,4,82,19.3485000054352,51.68359302886991,2,0.8524229526519775,
bench_detect_20260903_2040,onnx,320,4,83,19.901499996194616,50.24746879336788,1,0.8346436023712158,
bench_detect_20260903_2040,onnx,320,4,84,20.385600000736304,49.0542343597383,1,0.8658377528190613,
bench_detect_20260903_2040,onnx,320,4,85,23.06990000215592,43.34652512176249,1,0.8456016778945923,
bench_detect_20260903_2040,onnx,320,4,86,18.3106000040425,54.613174870251456,1,0.8533008694648743,
bench_detect_20260903_2040,onnx,320,4,87,20.271499997761566,49.33034063144921,1,0.8807278871536255,
bench_detect_20260903_2040,onnx,320,4,88,23.07940000173403,43.328682718132484,1,0.8535933494567871,
bench_detect_20260903_2040,onnx,320,4,89,21.645400003762916,46.19919243008474,1,0.8226962685585022,
bench_detect_20260903_2040,onnx,320,4,90,19.28059999772813,51.86560584825326,1,0.83518385887146,
bench_detect_20260903_2040,onnx,320,4,91,23.037300001305994,43.40786463445411,5,0.8622596263885498,
bench_detect_20260903_2040,onnx,320,4,92,22.300900003756396,44.84123958367414,1,0.8443489670753479,
bench_detect_20260903_2040,onnx,320,4,93,24.710500001674518,40.46862669441066,1,0.8922711610794067,
bench_detect_20260903_2040,onnx,320,4,94,21.894900004554074,45.67273656385747,1,0.83056640625,
bench_detect_20260903_2040,onnx,320,4,95,23.085799999535084,43.31667085481719,1,0.8475976586341858,
bench_detect_20260903_2040,onnx,320,4,96,22.37089999835007,44.70092844158051,1,0.8309311866760254,
bench_detect_20260903_2040,onnx,320,4,97,22.974799998337403,43.52595017464205,1,0.8784871697425842,
bench_detect_20260903_2040,onnx,320,4,98,23.455800001102034,42.63337852271151,1,0.8540769815444946,
bench_detect_20260903_2040,onnx,320,4,99,21.733200002927333,46.01255221804916,1,0.863140344619751,
bench_detect_20260903_2040,onnx,640,1,0,255.38539999979548,3.9156506205946027,1,0.8214688301086426,
bench_detect_20260903_2040,onnx,640,1,1,183.3464000010281,5.454156721890327,1,0.812147855758667,
bench_detect_20260903_2040,onnx,640,1,2,188.43639999977313,5.306830315168428,1,0.8395455479621887,
bench_detect_20260903_2040,onnx,640,1,3,190.2875999949174,5.255203176805583,1,0.8316104412078857,
bench_detect_20260903_2040,onnx,640,1,4,180.5374999967171,5.539015440106261,1,0.7443010807037354,
bench_detect_20260903_2040,onnx,640,1,5,232.5674000021536,4.299828780778131,1,0.8330690860748291,
bench_detect_20260903_2040,onnx,640,1,6,229.98530000040773,4.348103987508015,1,0.8096311092376709,
bench_detect_20260903_2040,onnx,640,1,7,186.24060000001919,5.369398509239645,2,0.8250116109848022,
bench_detect_20260903_2040,onnx,640,1,8,151.5436999980011,6.598756662356735,1,0.8489115238189697,
bench_detect_20260903_2040,onnx,640,1,9,198.27359999908367,5.043535801057839,1,0.8309528827667236,
bench_detect_20260903_2040,onnx,640,1,10,222.25419999449514,4.499352543280479,1,0.8210679292678833,
bench_detect_20260903_2040,onnx,640,1,11,138.70370000222465,7.20961300948685,1,0.8629555702209473,
bench_detect_20260903_2040,onnx,640,1,12,216.68700000009267,4.614951519932309,1,0.842363715171814,
bench_detect_20260903_2040,onnx,640,1,13,144.7346999993897,6.909193165178887,2,0.825884997844696,
bench_detect_20260903_2040,onnx,640,1,14,146.6738999952213,6.817845574656299,1,0.8677326440811157,
bench_detect_20260903_2040,onnx,640,1,15,271.0875999982818,3.688844491619455,1,0.861142635345459,
bench_detect_20260903_2040,onnx,640,1,16,238.63300000084564,4.1905352570535355,2,0.8343461751937866,
bench_detect_20260903_2040,onnx,640,1,17,240.93580000044312,4.150483240756088,3,0.839414656162262,
bench_detect_20260903_2040,onnx,640,1,18,164.67569999804255,6.072541364705823,2,0.8466666340827942,
bench_detect_20260903_2040,onnx,640,1,19,142.68469999660738,7.0084599121263675,1,0.8641484975814819,
bench_detect_20260903_2040,onnx,640,1,20,274.87200000177836,3.6380569865010997,2,0.8630983829498291,
bench_detect_20260903_2040,onnx,640,1,21,176.8618999994942,5.6541290125395,1,0.8406504392623901,
bench_detect_20260903_2040,onnx,640,1,22,215.16840000549564,4.647522591488615,1,0.8391133546829224,
bench_detect_20260903_2040,onnx,640,1,23,275.93870000418974,3.6239932999061617,1,0.8192139863967896,
bench_detect_20260903_2040,onnx,640,1,24,193.79320000007283,5.160139777864363,1,0.8192445635795593,
bench_detect_20260903_2040,onnx,640,1,25,152.7365000001737,6.547223486192644,2,0.8416056632995605,
bench_detect_20260903_2040,onnx,640,1,26,169.62919999787118,5.895211437727407,3,0.8323211669921875,
bench_detect_20260903_2040,onnx,640,1,27,155.76190000138013,6.420055225258164,1,0.8368035554885864,
bench_detect_20260903_2040,onnx,640,1,28,140.50809999753255,7.1170274170497,1,0.8446122407913208,
bench_detect_20260903_2040,onnx,640,1,29,136.281200000667,7.337769259407061,1,0.8436522483825684,
bench_detect_20260903_2040,onnx,640,1,30,136.04070000292268,7.350741358861842,1,0.8377926349639893,
bench_detect_20260903_2040,onnx,640,1,31,170.99289999896428,5.848196036245114,1,0.8432223796844482,
bench_detect_20260903_2040,onnx,640,1,32,152.979200000118,6.536836380365623,1,0.8313404321670532,
bench_detect_20260903_2040,onnx,640,1,33,136.41999999526888,7.3303034748180655,1,0.8367631435394287,
bench_detect_20260903_2040,onnx,640,1,34,157.91089999402175,6.332685077710648,1,0.7940600514411926,
bench_detect_20260903_2040,onnx,640,1,35,166.6324000034365,6.001233853556553,1,0.8441817760467529,
bench_detect_20260903_2040,onnx,640,1,36,143.10130000376375,6.988056712089259,1,0.8246177434921265,
bench_detect_20260903_2040,onnx,640,1,37,140.17210000019986,7.134087311230795,1,0.8456279039382935,
bench_detect_20260903_2040,onnx,640,1,38,180.18620000657393,5.549814580492379,1,0.8481340408325195,
bench_detect_20260903_2040,onnx,640,1,39,154.85379999881843,6.45770397631592,2,0.8228013515472412,
bench_detect_20260903_2040,onnx,640,1,40,225.24419999535894,4.439625970482723,1,0.811850368976593,
bench_detect_20260903_2040,onnx,640,1,41,184.08050000289222,5.432405931015443,1,0.848019003868103,
bench_detect_20260903_2040,onnx,640,1,42,159.54149999743095,6.267961627639847,2,0.8532116413116455,
bench_detect_20260903_2040,onnx,640,1,43,166.2746000001789,6.014147680998325,1,0.8299169540405273,
bench_detect_20260903_2040,onnx,640,1,44,248.37149999802932,4.026226841678431,1,0.7718535661697388,
bench_detect_20260903_2040,onnx,640,1,45,174.38739999488462,5.734359248600148,1,0.8479881882667542,
bench_detect_20260903_2040,onnx,640,1,46,130.88819999393309,7.640108123164287,1,0.8480563163757324,
bench_detect_20260903_2040,onnx,640,1,47,209.38549999846146,4.775879896207464,1,0.8432231545448303,
bench_detect_20260903_2040,onnx,640,1,48,219.16870000131894,4.562695311848736,1,0.815872073173523,
bench_detect_20260903_2040,onnx,640,1,49,227.8548000031151,4.388759859289023,1,0.7787197232246399,
bench_detect_20260903_2040,onnx,640,1,50,295.70320000493666,3.3817692875264975,2,0.8698760271072388,
bench_detect_20260903_2040,onnx,640,1,51,205.05810000031488,4.876666661782512,1,0.8253887891769409,
bench_detect_20260903_2040,onnx,640,1,52,185.40460000076564,5.3936094357738185,1,0.8267799615859985,
bench_detect_20260903_2040,onnx,640,1,53,203.03319999948144,4.925302856885248,1,0.8350735902786255,
bench_detect_20260903_2040,onnx,640,1,54,192.80950000393204,5.186466434380083,1,0.842432975769043,
bench_detect_20260903_2040,onnx,640,1,55,153.23090000310913,6.526098848076397,1,0.853783130645752,
bench_detect_20260903_2040,onnx,640,1,56,262.300199996389,3.8124256100977685,1,0.8273897171020508,
bench_detect_20260903_2040,onnx,640,1,57,195.92939999711234,5.103879254541372,1,0.8261759877204895,
bench_detect_20260903_2040,onnx,640,1,58,192.79820000519976,5.186770415766485,2,0.8604758977890015,
bench_detect_20260903_2040,onnx,640,1,59,225.1101999936509,4.442268720067791,1,0.8189926147460938,
bench_detect_20260903_2040,onnx,640,1,60,150.5133000027854,6.643931134202054,2,0.8329588770866394,
bench_detect_20260903_2040,onnx,640,1,61,196.78100000601262,5.0817914329607285,1,0.8284343481063843,
bench_detect_20260903_2040,onnx,640,1,62,226.53449999779696,4.414338654861511,2,0.8373318910598755,
bench_detect_20260903_2040,onnx,640,1,63,212.94309999939287,4.696090176215389,1,0.8421447277069092,
bench_detect_20260903_2040,onnx,640,1,64,154.21359999891138,6.484512390652052,1,0.8202601075172424,
bench_detect_20260903_2040,onnx,640,1,65,147.48649999819463,6.780281585177225,1,0.8330275416374207,
bench_detect_20260903_2040,onnx,640,1,66,236.9137999994564,4.220944495433759,2,0.8189750909805298,
bench_detect_20260903_2040,onnx,640,1,67,207.4704999977257,4.819962356146835,1,0.8267172574996948,
bench_detect_20260903_2040,onnx,640,1,68,294.0872999970452,3.400350848234682,2,0.8485020399093628,
bench_detect_20260903_2040,onnx,640,1,69,243.75680000230204,4.102449654699093,1,0.8594738841056824,
bench_detect_20260903_2040,onnx,640,1,70,277.4191999997129,3.604653174693875,1,0.857597827911377,
bench_detect_20260903_2040,onnx,640,1,71,129.29340000118827,7.734346842072445,1,0.8561351299285889,
bench_detect_20260903_2040,onnx,640,1,72,266.1861000015051,3.756770169420363,1,0.8265813589096069,
bench_detect_20260903_2040,onnx,640,1,73,236.33459999837214,4.23128902838132,1,0.8261643648147583,
bench_detect_20260903_2040,onnx,640,1,74,189.99320000148145,5.26334626708852,1,0.8381205797195435,
bench_detect_20260903_2040,onnx,640,1,75,208.45120000012685,4.797285887533349,1,0.8184213638305664,
bench_detect_20260903_2040,onnx,640,1,76,225.44799999741372,4.435612646869663,2,0.8448441028594971,
bench_detect_20260903_2040,onnx,640,1,77,227.22899999644142,4.400846722978408,1,0.8476138114929199,
bench_detect_20260903_2040,onnx,640,1,78,163.9227000050596,6.100436364024838,1,0.8524564504623413,
bench_detect_20260903_2040,onnx,640,1,79,156.191599999147,6.402392958427094,4,0.8396109342575073,
bench_detect_20260903_2040,onnx,640,1,80,210.6472000014037,4.747274115171416,1,0.8314977288246155,
bench_detect_20260903_2040,onnx,640,1,81,275.1012000007904,3.635025946804764,1,0.827151358127594,
bench_detect_20260903_2040,onnx,640,1,82,245.22869999782415,4.077826127239074,2,0.8298345804214478,
bench_detect_20260903_2040,onnx,640,1,83,183.9280999993207,5.4369071392772135,1,0.8219830989837646,
bench_detect_20260903_2040,onnx,640,1,84,266.3652999981423,3.7542427636294002,1,0.8257669806480408,
bench_detect_20260903_2040,onnx,640,1,85,238.0970999947749,4.1999671563490075,1,0.8114612102508545,
bench_detect_20260903_2040,onnx,640,1,86,217.42570000060368,4.599272303123428,1,0.8388513326644897,
bench_detect_20260903_2040,onnx,640,1,87,198.50720000249567,5.037600651197678,1,0.8571672439575195,
bench_detect_20260903_2040,onnx,640,1,88,232.18400000041584,4.306928987347143,1,0.8460313081741333,
bench_detect_20260903_2040,onnx,640,1,89,151.5304999993532,6.599331487748463,1,0.7928652763366699,
bench_detect_20260903_2040,onnx,640,1,90,227.57160000037402,4.394221423052597,1,0.8154222965240479,
bench_detect_20260903_2040,onnx,640,1,91,205.7217000037781,4.860935914789907,6,0.8506507873535156,
bench_detect_20260903_2040,onnx,640,1,92,257.22590000077616,3.887633399268824,1,0.8413549065589905,
bench_detect_20260903_2040,onnx,640,1,93,232.7207999987877,4.296994510182198,1,0.8516277074813843,
bench_detect_20260903_2040,onnx,640,1,94,248.73520000255667,4.020339702582189,1,0.8222675323486328,
bench_detect_20260903_2040,onnx,640,1,95,259.4119999994291,3.8548717869728493,1,0.8292025923728943,
bench_detect_20260903_2040,onnx,640,1,96,247.51120000291849,4.040221210144061,1,0.807289183139801,
bench_detect_20260903_2040,onnx,640,1,97,173.66369999945164,5.758255755250853,1,0.8510770797729492,
bench_detect_20260903_2040,onnx,640,1,98,223.03060000558617,4.483689681931328,1,0.8391404151916504,
bench_detect_20260903_2040,onnx,640,1,99,212.53889999934472,4.705021057336248,1,0.849768877029419,
bench_detect_20260903_2040,onnx,640,2,0,127.4764999980107,7.844583119364002,1,0.8214688301086426,
bench_detect_20260903_2040,onnx,640,2,1,167.25729999598116,5.978812285167989,1,0.812147855758667,
bench_detect_20260903_2040,onnx,640,2,2,161.00519999599783,6.210979521312712,1,0.8395455479621887,
bench_detect_20260903_2040,onnx,640,2,3,162.01220000220928,6.172374672934282,1,0.8316104412078857,
bench_detect_20260903_2040,onnx,640,2,4,154.61379999760538,6.467727977809793,1,0.7443010807037354,
bench_detect_20260903_2040,onnx,640,2,5,98.89039999688976,10.112205027297406,1,0.8330690860748291,
bench_detect_20260903_2040,onnx,640,2,6,97.27630000270437,10.279996257795569,1,0.8096311092376709,
bench_detect_20260903_2040,onnx,640,2,7,168.63159999775235,5.930086650505177,2,0.8250116109848022,
bench_detect_20260903_2040,onnx,640,2,8,105.91510000085691,9.441524390685649,1,0.8489115238189697,
bench_detect_20260903_2040,onnx,640,2,9,185.49889999849256,5.390867546967267,1,0.8309528827667236,
bench_detect_20260903_2040,onnx,640,2,10,93.12089999730233,10.738727826180476,1,0.8210679292678833,
bench_detect_20260903_2040,onnx,640,2,11,87.29979999770876,11.454779965432287,1,0.8629555702209473,
bench_detect_20260903_2040,onnx,640,2,12,91.87170000222977,10.884744703491167,1,0.842363715171814,
bench_detect_20260903_2040,onnx,640,2,13,97.37029999814695,10.27007208583142,2,0.825884997844696,
bench_detect_20260903_2040,onnx,640,2,14,110.86939999950118,9.019621284182103,1,0.8677326440811157,
bench_detect_20260903_2040,onnx,640,2,15,96.05259999807458,10.410962327100416,1,0.861142635345459,
bench_detect_20260903_2040,onnx,640,2,16,100.13329999492271,9.98668774574198,2,0.8343461751937866,
bench_detect_20260903_2040,onnx,640,2,17,115.78690000169445,8.636555603314068,3,0.839414656162262,
bench_detect_20260903_2040,onnx,640,2,18,101.55919999670004,9.846473781129557,2,0.8466666340827942,
bench_detect_20260903_2040,onnx,640,2,19,107.40570000052685,9.310492832271423,1,0.8641484975814819,
bench_detect_20260903_2040,onnx,640,2,20,113.91759999969508,8.778274823229042,2,0.8630983829498291,
bench_detect_20260903_2040,onnx,640,2,21,111.96999999810942,8.930963651128737,1,0.8406504392623901,
bench_detect_20260903_2040,onnx,640,2,22,100.86630000296282,9.914114029865537,1,0.8391133546829224,
bench_detect_20260903_2040,onnx,640,2,23,116.42479999864008,8.589235283304594,1,0.8192139863967896,
bench_detect_20260903_2040,onnx,640,2,24,118.31340000208002,8.452127992116019,1,0.8192445635795593,
bench_detect_20260903_2040,onnx,640,2,25,123.45040000218432,8.100419277558485,2,0.8416056632995605,
bench_detect_20260903_2040,onnx,640,2,26,139.97830000153044,7.143964457269924,3,0.8323211669921875,
bench_detect_20260903_2040,onnx,640,2,27,81.99860000604531,12.19533016327444,1,0.8368035554885864,
bench_detect_20260903_2040,onnx,640,2,28,82.75670000148239,12.08361377365322,1,0.8446122407913208,
bench_detect_20260903_2040,onnx,640,2,29,114.91660000319825,8.70196298856883,1,0.8436522483825684,
bench_detect_20260903_2040,onnx,640,2,30,131.223600001249,7.620580444298754,1,0.8377926349639893,
bench_detect_20260903_2040,onnx,640,2,31,90.4960999978357,11.050199953632433,1,0.8432223796844482,
bench_detect_20260903_2040,onnx,640,2,32,151.22639999754028,6.612602032556915,1,0.8313404321670532,
bench_detect_20260903_2040,onnx,640,2,33,161.43030000239378,6.194623933581065,1,0.8367631435394287,
bench_detect_20260903_2040,onnx,640,2,34,161.40339999401476,6.195656349476421,1,0.7940600514411926,
bench_detect_20260903_2040,onnx,640,2,35,183.70729999878677,5.4434418229792945,1,0.8441817760467529,
bench_detect_20260903_2040,onnx,640,2,36,151.89079999981914,6.583677220748003,1,0.8246177434921265,
bench_detect_20260903_2040,onnx,640,2,37,144.18930000101682,6.935327378612338,1,0.8456279039382935,
bench_detect_20260903_2040,onnx,640,2,38,159.32219999376684,6.276589201248306,1,0.8481340408325195,
bench_detect_20260903_2040,onnx,640,2,39,113.46920000505634,8.812964222497724,2,0.8228013515472412,
bench_detect_20260903_2040,onnx,640,2,40,119.52929999824846,8.366149555085268,1,0.811850368976593,
bench_detect_20260903_2040,onnx,640,2,41,106.34629999549361,9.403242050192388,1,0.848019003868103,
bench_detect_20260903_2040,onnx,640,2,42,84.87400000012713,11.7821712184945,2,0.8532116413116455,
bench_detect_20260903_2040,onnx,640,2,43,98.0286000049091,10.201104575092593,1,0.8299169540405273,
bench_detect_20260903_2040,onnx,640,2,44,100.88340000220342,9.912433561697553,1,0.7718535661697388,
bench_detect_20260903_2040,onnx,640,2,45,88.60180000192486,11.286452419457339,1,0.8479881882667542,
bench_detect_20260903_2040,onnx,640,2,46,118.0439000017941,8.47142461393432,1,0.8480563163757324,
bench_detect_20260903_2040,onnx,640,2,47,106.53979999915464,9.386163668487596,1,0.8432231545448303,
bench_detect_20260903_2040,onnx,640,2,48,91.04279999883147,10.983844960972586,1,0.815872073173523,
bench_detect_20260903_2040,onnx,640,2,49,91.61820000008447,10.914861894242389,1,0.7787197232246399,
bench_detect_20260903_2040,onnx,640,2,50,110.57109999819659,9.043954523526581,2,0.8698760271072388,
bench_detect_20260903_2040,onnx,640,2,51,105.7546999945771,9.455844516142339,1,0.8253887891769409,
bench_detect_20260903_2040,onnx,640,2,52,109.125100003439,9.16379458042637,1,0.8267799615859985,
bench_detect_20260903_2040,onnx,640,2,53,88.27069999824744,11.32878746877338,1,0.8350735902786255,
bench_detect_20260903_2040,onnx,640,2,54,154.6747000029427,6.4651814419615805,1,0.842432975769043,
bench_detect_20260903_2040,onnx,640,2,55,114.46149999392219,8.73656207592159,1,0.853783130645752,
bench_detect_20260903_2040,onnx,640,2,56,95.75259999837726,10.443580644462367,1,0.8273897171020508,
bench_detect_20260903_2040,onnx,640,2,57,99.23340000386816,10.077252215091084,1,0.8261759877204895,
bench_detect_20260903_2040,onnx,640,2,58,108.15719999663997,9.24580148183446,2,0.8604758977890015,
bench_detect_20260903_2040,onnx,640,2,59,108.02510000212351,9.257107838644375,1,0.8189926147460938,
bench_detect_20260903_2040,onnx,640,2,60,110.76029999821912,9.02850570119509,2,0.8329588770866394,
bench_detect_20260903_2040,onnx,640,2,61,96.59999999712454,10.351966874014147,1,0.8284343481063843,
bench_detect_20260903_2040,onnx,640,2,62,113.90599999867845,8.77916878840098,2,0.8373318910598755,
bench_detect_20260903_2040,onnx,640,2,63,110.4817000014009,9.05127274460223,1,0.8421447277069092,
bench_detect_20260903_2040,onnx,640,2,64,117.58189999818569,8.504710333949614,1,0.8202601075172424,
bench_detect_20260903_2040,onnx,640,2,65,90.16069999779575,11.091306966610153,1,0.8330275416374207,
bench_detect_20260903_2040,onnx,640,2,66,82.78789999894798,12.079059862766266,2,0.8189750909805298,
bench_detect_20260903_2040,onnx,640,2,67,106.26029999548336,9.41085240717846,1,0.8267172574996948,
bench_detect_20260903_2040,onnx,640,2,68,99.51279999950202,10.048958525988658,2,0.8485020399093628,
bench_detect_20260903_2040,onnx,640,2,69,100.16439999890281,9.983586983109307,1,0.8594738841056824,
bench_detect_20260903_2040,onnx,640,2,70,85.5329999976675,11.69139396522126,1,0.857597827911377,
bench_detect_20260903_2040,onnx,640,2,71,89.93039999768371,11.11971035407111,1,0.8561351299285889,
bench_detect_20260903_2040,onnx,640,2,72,87.55669999663951,11.42117051051925,1,0.8265813589096069,
bench_detect_20260903_2040,onnx,640,2,73,96.29609999683453,10.384636553638956,1,0.8261643648147583,
bench_detect_20260903_2040,onnx,640,2,74,99.27219999372028,10.073313576844853,1,0.8381205797195435,
bench_detect_20260903_2040,onnx,640,2,75,85.22720000473782,11.73334334513406,1,0.8184213638305664,
bench_detect_20260903_2040,onnx,640,2,76,158.31339999567717,6.31658469862504,2,0.8448441028594971,
bench_detect_20260903_2040,onnx,640,2,77,124.56409999867901,8.027995225033576,1,0.8476138114929199,
bench_detect_20260903_2040,onnx,640,2,78,88.71039999939967,11.272635452063877,1,0.8524564504623413,
bench_detect_20260903_2040,onnx,640,2,79,108.21980000037001,9.240453225718223,4,0.8396109342575073,
bench_detect_20260903_2040,onnx,640,2,80,92.75870000419673,10.780659926829037,1,0.8314977288246155,
bench_detect_20260903_2040,onnx,640,2,81,101.64679999434156,9.837988013943061,1,0.827151358127594,
bench_detect_20260903_2040,onnx,640,2,82,106.24919999827398,9.411835571620728,2,0.8298345804214478,
bench_detect_20260903_2040,onnx,640,2,83,107.89300000033109,9.268441882206735,1,0.8219830989837646,
bench_detect_20260903_2040,onnx,640,2,84,93.38019999995595,10.708908312473863,1,0.8257669806480408,
bench_detect_20260903_2040,onnx,640,2,85,94.79379999538651,10.549213134705738,1,0.8114612102508545,
bench_detect_20260903_2040,onnx,640,2,86,98.67400000075577,10.13438190397005,1,0.8388513326644897,
bench_detect_20260903_2040,onnx,640,2,87,144.67839999997523,6.911881801292876,1,0.8571672439575195,
bench_detect_20260903_2040,onnx,640,2,88,122.51320000359556,8.162385767171633,1,0.8460313081741333,
bench_detect_20260903_2040,onnx,640,2,89,114.39350000000559,8.741755431907855,1,0.7928652763366699,
bench_detect_20260903_2040,onnx,640,2,90,102.3233000014443,9.772945164844028,1,0.8154222965240479,
bench_detect_20260903_2040,onnx,640,2,91,105.32919999968726,9.494043437175723,6,0.8506507873535156,
bench_detect_20260903_2040,onnx,640,2,92,141.23939999990398,7.080177344286933,1,0.8413549065589905,
bench_detect_20260903_2040,onnx,640,2,93,114.27749999711523,8.750628951676783,1,0.8516277074813843,
bench_detect_20260903_2040,onnx,640,2,94,98.45299999869894,10.157130813821976,1,0.8222675323486328,
bench_detect_20260903_2040,onnx,640,2,95,113.5567000019364,8.806173479706153,1,0.8292025923728943,
bench_detect_20260903_2040,onnx,640,2,96,110.60689999430906,9.041027278148578,1,0.807289183139801,
bench_detect_20260903_2040,onnx,640,2,97,97.92630000447389,10.211761293486159,1,0.8510770797729492,
bench_detect_20260903_2040,onnx,640,2,98,99.88700000394601,10.011312783049798,1,0.8391404151916504,
bench_detect_20260903_2040,onnx,640,2,99,106.35650000040187,9.402340242450828,1,0.849768877029419,
bench_detect_20260903_2040,onnx,640,4,0,90.48169999732636,11.05195857316506,1,0.8214688301086426,
bench_detect_20260903_2040,onnx,640,4,1,84.10449999792036,11.889970215918613,1,0.812147855758667,
bench_detect_20260903_2040,onnx,640,4,2,78.17480000085197,12.791845965568209,1,0.8395455479621887,
bench_detect_20260903_2040,onnx,640,4,3,89.29420000640675,11.198935652352013,1,0.8316104412078857,
bench_detect_20260903_2040,onnx,640,4,4,71.2134999994305,14.042281309133761,1,0.7443010807037354,
bench_detect_20260903_2040,onnx,640,4,5,82.0977999974275,12.180594364664273,1,0.8330690860748291,
bench_detect_20260903_2040,onnx,640,4,6,87.32880000025034,11.450976081168335,1,0.8096311092376709,
bench_detect_20260903_2040,onnx,640,4,7,91.19620000274153,10.965369170754242,2,0.8250116109848022,
bench_detect_20260903_2040,onnx,640,4,8,88.49380000174278,11.300226682324707,1,0.8489115238189697,
bench_detect_20260903_2040,onnx,640,4,9,82.05720000114525,12.186621039787408,1,0.8309528827667236,
bench_detect_20260903_2040,onnx,640,4,10,90.74040000268724,11.020449545851521,1,0.8210679292678833,
bench_detect_20260903_2040,onnx,640,4,11,82.57700000103796,12.109909538823528,1,0.8629555702209473,
bench_detect_20260903_2040,onnx,640,4,12,82.50000000407454,12.121212120613475,1,0.842363715171814,
bench_detect_20260903_2040,onnx,640,4,13,81.46019999549026,12.275933524044396,2,0.825884997844696,
bench_detect_20260903_2040,onnx,640,4,14,88.63900000142166,11.281715723146258,1,0.8677326440811157,
bench_detect_20260903_2040,onnx,640,4,15,97.99139999813633,10.204977171660152,1,0.861142635345459,
bench_detect_20260903_2040,onnx,640,4,16,90.67400000640191,11.028519751300223,2,0.8343461751937866,
bench_detect_20260903_2040,onnx,640,4,17,79.57110000279499,12.567376848690973,3,0.839414656162262,
bench_detect_20260903_2040,onnx,640,4,18,85.56310000130907,11.687281082437412,2,0.8466666340827942,
bench_detect_20260903_2040,onnx,640,4,19,81.31660000071861,12.297612049583515,1,0.8641484975814819,
bench_detect_20260903_2040,onnx,640,4,20,87.0950000025914,11.481715367934395,2,0.8630983829498291,
bench_detect_20260903_2040,onnx,640,4,21,92.83800000412157,10.771451344876072,1,0.8406504392623901,
bench_detect_20260903_2040,onnx,640,4,22,95.20429999975022,10.503727247641374,1,0.8391133546829224,
bench_detect_20260903_2040,onnx,640,4,23,90.49830000003567,11.049931324672462,1,0.8192139863967896,
bench_detect_20260903_2040,onnx,640,4,24,89.5027999940794,11.172834817080023,1,0.8192445635795593,
bench_detect_20260903_2040,onnx,640,4,25,76.65589999669464,13.04531027674477,2,0.8416056632995605,
bench_detect_20260903_2040,onnx,640,4,26,86.27909999631811,11.590292435163025,3,0.8323211669921875,
bench_detect_20260903_2040,onnx,640,4,27,84.31289999862202,11.860581239838076,1,0.8368035554885864,
bench_detect_20260903_2040,onnx,640,4,28,80.15549999981886,12.475750260459481,1,0.8446122407913208,
bench_detect_20260903_2040,onnx,640,4,29,91.26439999818103,10.957174977537033,1,0.8436522483825684,
bench_detect_20260903_2040,onnx,640,4,30,76.27710000087973,13.110094641622016,1,0.8377926349639893,
bench_detect_20260903_2040,onnx,640,4,31,90.65389999886975,11.030965022050543,1,0.8432223796844482,
bench_detect_20260903_2040,onnx,640,4,32,91.2151999946218,10.963085100498182,1,0.8313404321670532,
bench_detect_20260903_2040,onnx,640,4,33,89.85630000097444,11.128880223080134,1,0.8367631435394287,
bench_detect_20260903_2040,onnx,640,4,34,84.31809999456163,11.859849783907585,1,0.7940600514411926,
bench_detect_20260903_2040,onnx,640,4,35,90.63829999649897,11.03286359120401,1,0.8441817760467529,
bench_detect_20260903_2040,onnx,640,4,36,88.5781000033603,11.289472228034514,1,0.8246177434921265,
bench_detect_20260903_2040,onnx,640,4,37,82.30609999736771,12.14976775757789,1,0.8456279039382935,
bench_detect_20260903_2040,onnx,640,4,38,88.44089999911375,11.30698579514705,1,0.8481340408325195,
bench_detect_20260903_2040,onnx,640,4,39,85.90220000041882,11.641145395521006,2,0.8228013515472412,
bench_detect_20260903_2040,onnx,640,4,40,83.60890000039944,11.96044918657251,1,0.811850368976593,
bench_detect_20260903_2040,onnx,640,4,41,85.9818999961135,11.630354761236974,1,0.848019003868103,
bench_detect_20260903_2040,onnx,640,4,42,86.76140000170562,11.525862883498206,2,0.8532116413116455,
bench_detect_20260903_2040,onnx,640,4,43,77.74459999927785,12.8626296875833,1,0.8299169540405273,
bench_detect_20260903_2040,onnx,640,4,44,87.94349999516271,11.370937022690756,1,0.7718535661697388,
bench_detect_20260903_2040,onnx,640,4,45,86.85040000273148,11.514051748392058,1,0.8479881882667542,
bench_detect_20260903_2040,onnx,640,4,46,70.04260000394424,14.277025694986879,1,0.8480563163757324,
bench_detect_20260903_2040,onnx,640,4,47,84.96999999624677,11.768859598024846,1,0.8432231545448303,
bench_detect_20260903_2040,onnx,640,4,48,86.64120000321418,11.541853067165533,1,0.815872073173523,
bench_detect_20260903_2040,onnx,640,4,49,78.06449999770848,12.809920002425612,1,0.7787197232246399,
bench_detect_20260903_2040,onnx,640,4,50,85.56289999978617,11.687308401217106,2,0.8698760271072388,
bench_detect_20260903_2040,onnx,640,4,51,86.47930000006454,11.563460851316485,1,0.8253887891769409,
bench_detect_20260903_2040,onnx,640,4,52,82.60760000121081,12.105423713863404,1,0.8267799615859985,
bench_detect_20260903_2040,onnx,640,4,53,79.80909999605501,12.529899473235888,1,0.8350735902786255,
bench_detect_20260903_2040,onnx,640,4,54,82.60770000197226,12.105409059641232,1,0.842432975769043,
bench_detect_20260903_2040,onnx,640,4,55,85.25640000152634,11.72932471910727,1,0.853783130645752,
bench_detect_20260903_2040,onnx,640,4,56,92.34899999864865,10.828487585297438,1,0.8273897171020508,
bench_detect_20260903_2040,onnx,640,4,57,92.1368999988772,10.853414864318056,1,0.8261759877204895,
bench_detect_20260903_2040,onnx,640,4,58,86.83109999401495,11.516610984646372,2,0.8604758977890015,
bench_detect_20260903_2040,onnx,640,4,59,98.7368000060087,10.127936088055762,1,0.8189926147460938,
bench_detect_20260903_2040,onnx,640,4,60,95.07029999804217,10.518532075954251,2,0.8329588770866394,
bench_detect_20260903_2040,onnx,640,4,61,97.21580000041286,10.286393775453714,1,0.8284343481063843,
bench_detect_20260903_2040,onnx,640,4,62,89.86890000232961,11.127319906820688,2,0.8373318910598755,
bench_detect_20260903_2040,onnx,640,4,63,89.29840000200784,11.198408929807426,1,0.8421447277069092,
bench_detect_20260903_2040,onnx,640,4,64,92.68040000461042,10.789767846818256,1,0.8202601075172424,
bench_detect_20260903_2040,onnx,640,4,65,89.85000000393484,11.129660544865962,1,0.8330275416374207,
bench_detect_20260903_2040,onnx,640,4,66,85.6465000033495,11.67590035740972,2,0.8189750909805298,
bench_detect_20260903_2040,onnx,640,4,67,81.89200000197161,12.211205001415575,1,0.8267172574996948,
bench_detect_20260903_2040,onnx,640,4,68,91.50769999541808,10.928042121592734,2,0.8485020399093628,
bench_detect_20260903_2040,onnx,640,4,69,83.39120000164257,11.991672982044902,1,0.8594738841056824,
bench_detect_20260903_2040,onnx,640,4,70,90.23299999535084,11.082419957792869,1,0.857597827911377,
bench_detect_20260903_2040,onnx,640,4,71,97.12410000065574,10.296105703870083,1,0.8561351299285889,
bench_detect_20260903_2040,onnx,640,4,72,97.17579999414738,10.290627914153802,1,0.8265813589096069,
bench_detect_20260903_2040,onnx,640,4,73,96.12850000121398,10.402742162702749,1,0.8261643648147583,
bench_detect_20260903_2040,onnx,640,4,74,91.46180000243476,10.933526346227382,1,0.8381205797195435,
bench_detect_20260903_2040,onnx,640,4,75,86.04100000229664,11.6223660809766,1,0.8184213638305664,
bench_detect_20260903_2040,onnx,640,4,76,87.36320000025444,11.446467162341667,2,0.8448441028594971,
bench_detect_20260903_2040,onnx,640,4,77,81.7486999949324,12.232610427590776,1,0.8476138114929199,
bench_detect_20260903_2040,onnx,640,4,78,76.0431000016979,13.150437054481891,1,0.8524564504623413,
bench_detect_20260903_2040,onnx,640,4,79,89.93630000622943,11.118980877918428,4,0.8396109342575073,
bench_detect_20260903_2040,onnx,640,4,80,90.84330000041518,11.00796646528065,1,0.8314977288246155,
bench_detect_20260903_2040,onnx,640,4,81,94.68059999926481,10.561825759530093,1,0.827151358127594,
bench_detect_20260903_2040,onnx,640,4,82,86.43949999532197,11.568785104658392,2,0.8298345804214478,
bench_detect_20260903_2040,onnx,640,4,83,83.9336999997613,11.914165585490021,1,0.8219830989837646,
bench_detect_20260903_2040,onnx,640,4,84,80.55389999935869,12.414048233641838,1,0.8257669806480408,
bench_detect_20260903_2040,onnx,640,4,85,91.60740000515943,10.91614869479626,1,0.8114612102508545,
bench_detect_20260903_2040,onnx,640,4,86,91.78969999629771,10.894468551921777,1,0.8388513326644897,
bench_detect_20260903_2040,onnx,640,4,87,85.14470000227448,11.744712236619389,1,0.8571672439575195,
bench_detect_20260903_2040,onnx,640,4,88,87.35950000118464,11.44695196271086,1,0.8460313081741333,
bench_detect_20260903_2040,onnx,640,4,89,81.52389999304432,12.266341527887167,1,0.7928652763366699,
bench_detect_20260903_2040,onnx,640,4,90,79.21469999564579,12.623919550979393,1,0.8154222965240479,
bench_detect_20260903_2040,onnx,640,4,91,90.29780000128085,11.074466930377211,6,0.8506507873535156,
bench_detect_20260903_2040,onnx,640,4,92,94.88290000444977,10.539306871449993,1,0.8413549065589905,
bench_detect_20260903_2040,onnx,640,4,93,105.37230000045383,9.490160127430958,1,0.8516277074813843,
bench_detect_20260903_2040,onnx,640,4,94,101.71469999477267,9.831420630954936,1,0.8222675323486328,
bench_detect_20260903_2040,onnx,640,4,95,100.04010000557173,9.99599160680872,1,0.8292025923728943,
bench_detect_20260903_2040,onnx,640,4,96,79.12919999944279,12.637559838934829,1,0.807289183139801,
bench_detect_20260903_2040,onnx,640,4,97,84.86699999775738,11.783143035884681,1,0.8510770797729492,
bench_detect_20260903_2040,onnx,640,4,98,89.1805999999633,11.213201077368973,1,0.8391404151916504,
bench_detect_20260903_2040,onnx,640,4,99,90.20709999458632,11.085601910049364,1,0.849768877029419,
bench_detect_20260903_2040,ncnn,320,1,0,25.904300004185643,38.603629507009224,3,0.8670164942741394,
bench_detect_20260903_2040,ncnn,320,1,1,54.59830000472721,18.315588579011038,1,0.8328514695167542,
bench_detect_20260903_2040,ncnn,320,1,2,41.998500004410744,23.81037417752964,2,0.8697808384895325,
bench_detect_20260903_2040,ncnn,320,1,3,47.45589999947697,21.07219544905947,1,0.8827570676803589,
bench_detect_20260903_2040,ncnn,320,1,4,56.26679999841144,17.772469733985808,1,0.8138216137886047,
bench_detect_20260903_2040,ncnn,320,1,5,55.9240000002319,17.88141048558496,1,0.8523721098899841,
bench_detect_20260903_2040,ncnn,320,1,6,52.62629999924684,19.00190589143283,1,0.8551892638206482,
bench_detect_20260903_2040,ncnn,320,1,7,51.38170000282116,19.462182059859717,2,0.8453751802444458,
bench_detect_20260903_2040,ncnn,320,1,8,49.84569999942323,20.061911057755655,1,0.8628572225570679,
bench_detect_20260903_2040,ncnn,320,1,9,49.86549999739509,20.05394511339982,1,0.8440912961959839,
bench_detect_20260903_2040,ncnn,320,1,10,51.615600001241546,19.373987708676182,1,0.8319580554962158,
bench_detect_20260903_2040,ncnn,320,1,11,44.79299999366049,22.3249168428444,2,0.8591515421867371,
bench_detect_20260903_2040,ncnn,320,1,12,24.907600003643893,40.148388437814305,1,0.8425639271736145,
bench_detect_20260903_2040,ncnn,320,1,13,25.742599995282944,38.84611500715698,2,0.8373714685440063,
bench_detect_20260903_2040,ncnn,320,1,14,39.09959999873536,25.57570921524374,1,0.870506763458252,
bench_detect_20260903_2040,ncnn,320,1,15,51.66489999828627,19.355500543563814,1,0.8714591264724731,
bench_detect_20260903_2040,ncnn,320,1,16,54.952799997408874,18.197434890436007,2,0.8616291880607605,
bench_detect_20260903_2040,ncnn,320,1,17,54.61659999855328,18.30945170564423,3,0.860371470451355,
bench_detect_20260903_2040,ncnn,320,1,18,47.904799997922964,20.874734891771965,2,0.8776816129684448,
bench_detect_20260903_2040,ncnn,320,1,19,41.814700001850724,23.915034663784265,1,0.8844538927078247,
bench_detect_20260903_2040,ncnn,320,1,20,52.958799999032635,18.882603080475132,2,0.871953547000885,
bench_detect_20260903_2040,ncnn,320,1,21,55.678299999271985,17.96031847260199,1,0.8574782609939575,
bench_detect_20260903_2040,ncnn,320,1,22,52.833199995802715,18.9274925629991,1,0.8467497825622559,
bench_detect_20260903_2040,ncnn,320,1,23,41.231499999412335,24.253301481009732,1,0.8392353653907776,
bench_detect_20260903_2040,ncnn,320,1,24,58.572099995217286,17.072975018509755,1,0.8665619492530823,
bench_detect_20260903_2040,ncnn,320,1,25,49.6013000010862,20.16076191507282,3,0.8383881449699402,
bench_detect_20260903_2040,ncnn,320,1,26,51.6055000043707,19.37777949860588,3,0.8507546782493591,
bench_detect_20260903_2040,ncnn,320,1,27,53.37290000170469,18.736100155098576,1,0.8478229641914368,
bench_detect_20260903_2040,ncnn,320,1,28,55.49289999908069,18.020323320939546,1,0.8780727386474609,
bench_detect_20260903_2040,ncnn,320,1,29,28.57179999409709,34.9995450131458,1,0.8478466868400574,
bench_detect_20260903_2040,ncnn,320,1,30,25.33229999971809,39.47529438744719,1,0.8513928651809692,
bench_detect_20260903_2040,ncnn,320,1,31,24.21850000246195,41.29074880353218,1,0.8696878552436829,
bench_detect_20260903_2040,ncnn,320,1,32,32.001399995351676,31.248632876850817,2,0.8461757302284241,
bench_detect_20260903_2040,ncnn,320,1,33,37.77569999510888,26.47204420115254,1,0.8386850953102112,
bench_detect_20260903_2040,ncnn,320,1,34,40.07920000003651,24.950597816300952,2,0.8442752361297607,
bench_detect_20260903_2040,ncnn,320,1,35,39.00840000278549,25.635504145994002,1,0.850351095199585,
bench_detect_20260903_2040,ncnn,320,1,36,25.34629999718163,39.453490257402244,1,0.8418047428131104,
bench_detect_20260903_2040,ncnn,320,1,37,45.230999996419996,22.108730739518236,1,0.8386184573173523,
bench_detect_20260903_2040,ncnn,320,1,38,44.14830000314396,22.650928799722443,1,0.8658448457717896,
bench_detect_20260903_2040,ncnn,320,1,39,49.724599994078744,20.110770124225855,2,0.8564574718475342,
bench_detect_20260903_2040,ncnn,320,1,40,43.81609999836655,22.822661077487034,1,0.8289921283721924,
bench_detect_20260903_2040,ncnn,320,1,41,30.73739999672398,32.53365607066899,1,0.8585211038589478,
bench_detect_20260903_2040,ncnn,320,1,42,43.40799999772571,23.0372281619147,2,0.8730190396308899,
bench_detect_20260903_2040,ncnn,320,1,43,53.59229999885429,18.659396966007773,1,0.8458724021911621,
bench_detect_20260903_2040,ncnn,320,1,44,31.091199998627417,32.16344174699423,1,0.8432603478431702,
bench_detect_20260903_2040,ncnn,320,1,45,24.121099995682016,41.457479143945044,1,0.8354376554489136,
bench_detect_20260903_2040,ncnn,320,1,46,28.178199994727038,35.48842723052321,1,0.8780819177627563,
bench_detect_20260903_2040,ncnn,320,1,47,35.56839999509975,28.114843516654382,1,0.8653020858764648,
bench_detect_20260903_2040,ncnn,320,1,48,53.54049999732524,18.677449781939984,1,0.8466676473617554,
bench_detect_20260903_2040,ncnn,320,1,49,54.637900000670925,18.302313961329418,1,0.8357387185096741,
bench_detect_20260903_2040,ncnn,320,1,50,50.517700001364574,19.795042133212483,2,0.8686113357543945,
bench_detect_20260903_2040,ncnn,320,1,51,49.92170000332408,20.031369122714455,1,0.8685365915298462,
bench_detect_20260903_2040,ncnn,320,1,52,40.493200001947116,24.695504429186013,1,0.845445990562439,
bench_detect_20260903_2040,ncnn,320,1,53,47.64749999594642,20.987459994439885,1,0.8381633758544922,
bench_detect_20260903_2040,ncnn,320,1,54,57.68549999629613,17.33537890915755,1,0.850558340549469,
bench_detect_20260903_2040,ncnn,320,1,55,49.49119999946561,20.205612311093642,1,0.8439571857452393,
bench_detect_20260903_2040,ncnn,320,1,56,24.638399998366367,40.58705110990585,1,0.8371194005012512,
bench_detect_20260903_2040,ncnn,320,1,57,24.17849999619648,41.35905867433092,1,0.8488039374351501,
bench_detect_20260903_2040,ncnn,320,1,58,34.85390000423649,28.6911938083959,3,0.8435398936271667,
bench_detect_20260903_2040,ncnn,320,1,59,54.64600000414066,18.299601067310096,1,0.8659918904304504,
bench_detect_20260903_2040,ncnn,320,1,60,44.80640000110725,22.318240250841132,2,0.8362575173377991,
bench_detect_20260903_2040,ncnn,320,1,61,47.80380000011064,20.91883908805755,1,0.8402529358863831,
bench_detect_20260903_2040,ncnn,320,1,62,57.52070000016829,17.385045731311934,2,0.8753019571304321,
bench_detect_20260903_2040,ncnn,320,1,63,41.23470000195084,24.251419313168018,1,0.8739727139472961,
bench_detect_20260903_2040,ncnn,320,1,64,24.66899999853922,40.536705989671866,1,0.8813585042953491,
bench_detect_20260903_2040,ncnn,320,1,65,28.366899998218287,35.25235397815093,1,0.8344634175300598,
bench_detect_20260903_2040,ncnn,320,1,66,28.638000003411435,34.918639565642756,2,0.8658980131149292,
bench_detect_20260903_2040,ncnn,320,1,67,49.56310000125086,20.17630051338117,1,0.8395223617553711,
bench_detect_20260903_2040,ncnn,320,1,68,54.39180000394117,18.385124226952243,2,0.8659769892692566,
bench_detect_20260903_2040,ncnn,320,1,69,47.73199999908684,20.95030587486657,1,0.8664171099662781,
bench_detect_20260903_2040,ncnn,320,1,70,39.94020000391174,25.037430956831965,1,0.8556603789329529,
bench_detect_20260903_2040,ncnn,320,1,71,36.85609999956796,27.132550650006984,1,0.8706234097480774,
bench_detect_20260903_2040,ncnn,320,1,72,52.567500002624,19.02316069720042,1,0.8552781939506531,
bench_detect_20260903_2040,ncnn,320,1,73,27.605700001004152,36.22440292996103,1,0.8395993113517761,
bench_detect_20260903_2040,ncnn,320,1,74,52.460300001257565,19.06203357540899,1,0.8509736657142639,
bench_detect_20260903_2040,ncnn,320,1,75,29.36960000079125,34.04881237650696,1,0.8412089347839355,
bench_detect_20260903_2040,ncnn,320,1,76,32.015600001614075,31.23477304656432,2,0.8553760647773743,
bench_detect_20260903_2040,ncnn,320,1,77,35.64570000162348,28.053874659621076,1,0.8588331341743469,
bench_detect_20260903_2040,ncnn,320,1,78,52.50579999847105,19.045514972233917,1,0.8597092628479004,
bench_detect_20260903_2040,ncnn,320,1,79,54.756600002292544,18.2626386583194,3,0.8422051072120667,
bench_detect_20260903_2040,ncnn,320,1,80,52.75450000044657,18.95572889500488,1,0.8683741688728333,
bench_detect_20260903_2040,ncnn,320,1,81,48.37239999324083,20.67294573227154,1,0.8618001937866211,
bench_detect_20260903_2040,ncnn,320,1,82,54.24630000197794,18.434437002404547,2,0.852422833442688,
bench_detect_20260903_2040,ncnn,320,1,83,57.57369999628281,17.369041768456153,1,0.8346434235572815,
bench_detect_20260903_2040,ncnn,320,1,84,58.37979999341769,17.129212503515767,1,0.8658378720283508,
bench_detect_20260903_2040,ncnn,320,1,85,53.212400001939386,18.792612247588043,1,0.8456016778945923,
bench_detect_20260903_2040,ncnn,320,1,86,52.1080999969854,19.190874356536753,1,0.8533008098602295,
bench_detect_20260903_2040,ncnn,320,1,87,54.316299996571615,18.41067966822333,1,0.8807278871536255,
bench_detect_20260903_2040,ncnn,320,1,88,53.74100000335602,18.607766880734484,1,0.8535934090614319,
bench_detect_20260903_2040,ncnn,320,1,89,48.826199999894015,20.480807435396787,1,0.8226959705352783,
bench_detect_20260903_2040,ncnn,320,1,90,57.2771000006469,17.45898448051151,1,0.8351837992668152,
bench_detect_20260903_2040,ncnn,320,1,91,43.329100000846665,23.07917773460468,5,0.8622596859931946,
bench_detect_20260903_2040,ncnn,320,1,92,29.95579999696929,33.38251691162221,1,0.8443489074707031,
bench_detect_20260903_2040,ncnn,320,1,93,30.126899997412693,33.19292725391196,1,0.8922712802886963,
bench_detect_20260903_2040,ncnn,320,1,94,33.155199998873286,30.161181354176207,1,0.83056640625,
bench_detect_20260903_2040,ncnn,320,1,95,40.98299999895971,24.400361125964018,1,0.8475977778434753,
bench_detect_20260903_2040,ncnn,320,1,96,31.10729999752948,32.146795127813064,1,0.8309312462806702,
bench_detect_20260903_2040,ncnn,320,1,97,24.222599997301586,41.28375979917105,1,0.8784870505332947,
bench_detect_20260903_2040,ncnn,320,1,98,25.534499996865634,39.16270144795278,1,0.8540768623352051,
bench_detect_20260903_2040,ncnn,320,1,99,36.025000001245644,27.758501039983976,1,0.8631400465965271,
bench_detect_20260903_2040,ncnn,320,2,0,34.83029999915743,28.7106341324706,3,0.8670164942741394,
bench_detect_20260903_2040,ncnn,320,2,1,39.677900000242516,25.202946728377455,1,0.8328514695167542,
bench_detect_20260903_2040,ncnn,320,2,2,46.12009999982547,21.682520202770252,2,0.8697808384895325,
bench_detect_20260903_2040,ncnn,320,2,3,31.12939999846276,32.12397283755492,1,0.8827570676803589,
bench_detect_20260903_2040,ncnn,320,2,4,39.68039999745088,25.201358858888554,1,0.8138216137886047,
bench_detect_20260903_2040,ncnn,320,2,5,36.970500004827045,27.048592793428146,1,0.8523721098899841,
bench_detect_20260903_2040,ncnn,320,2,6,20.35780000005616,49.12122134991214,1,0.8551892638206482,
bench_detect_20260903_2040,ncnn,320,2,7,17.83140000043204,56.08084614644788,2,0.8453751802444458,
bench_detect_20260903_2040,ncnn,320,2,8,23.63820000027772,42.304405580300156,1,0.8628572225570679,
bench_detect_20260903_2040,ncnn,320,2,9,23.743199999444187,42.11732201318311,1,0.8440912961959839,
bench_detect_20260903_2040,ncnn,320,2,10,34.23059999477118,29.21362757745271,1,0.8319580554962158,
bench_detect_20260903_2040,ncnn,320,2,11,42.056599995703436,23.77748082589086,2,0.8591515421867371,
bench_detect_20260903_2040,ncnn,320,2,12,34.88600000127917,28.664793899080802,1,0.8425639271736145,
bench_detect_20260903_2040,ncnn,320,2,13,45.12580000300659,22.160271949380913,2,0.8373714685440063,
bench_detect_20260903_2040,ncnn,320,2,14,39.07970000000205,25.58873276918573,1,0.870506763458252,
bench_detect_20260903_2040,ncnn,320,2,15,35.99889999895822,27.778626569949058,1,0.8714591264724731,
bench_detect_20260903_2040,ncnn,320,2,16,20.044200005941093,49.88974365170974,2,0.8616291880607605,
bench_detect_20260903_2040,ncnn,320,2,17,18.34650000091642,54.50630910255631,3,0.860371470451355,
bench_detect_20260903_2040,ncnn,320,2,18,35.82839999580756,27.91081935327881,2,0.8776816129684448,
bench_detect_20260903_2040,ncnn,320,2,19,36.84909999719821,27.137704857812924,1,0.8844538927078247,
bench_detect_20260903_2040,ncnn,320,2,20,30.70339999976568,32.5696828366771,2,0.871953547000885,
bench_detect_20260903_2040,ncnn,320,2,21,26.31140000448795,38.00633945093873,1,0.8574782609939575,
bench_detect_20260903_2040,ncnn,320,2,22,22.03200000076322,45.388525779110324,1,0.8467497825622559,
bench_detect_20260903_2040,ncnn,320,2,23,20.80730000307085,48.06005583869194,1,0.8392353653907776,
bench_detect_20260903_2040,ncnn,320,2,24,24.49190000334056,40.82982536526792,1,0.8665619492530823,
bench_detect_20260903_2040,ncnn,320,2,25,30.67870000086259,32.59590530145942,3,0.8383881449699402,
bench_detect_20260903_2040,ncnn,320,2,26,21.369499998399988,46.795666724765375,3,0.8507546782493591,
bench_detect_20260903_2040,ncnn,320,2,27,18.570499996712897,53.84884629799988,1,0.8478229641914368,
bench_detect_20260903_2040,ncnn,320,2,28,21.54290000180481,46.41900579384496,1,0.8780727386474609,
bench_detect_20260903_2040,ncnn,320,2,29,35.34229999786476,28.29470634509967,1,0.8478466868400574,
bench_detect_20260903_2040,ncnn,320,2,30,37.90180000214605,26.383971208316723,1,0.8513928651809692,
bench_detect_20260903_2040,ncnn,320,2,31,30.295700002170634,33.007984629117395,1,0.8696878552436829,
bench_detect_20260903_2040,ncnn,320,2,32,25.885200004267972,38.632114097442525,2,0.8461757302284241,
bench_detect_20260903_2040,ncnn,320,2,33,29.75709999736864,33.60542526282561,1,0.8386850953102112,
bench_detect_20260903_2040,ncnn,320,2,34,46.980099999927916,21.285608161786254,2,0.8442752361297607,
bench_detect_20260903_2040,ncnn,320,2,35,35.26859999692533,28.353833157176034,1,0.850351095199585,
bench_detect_20260903_2040,ncnn,320,2,36,23.958799996762536,41.738317450587104,1,0.8418047428131104,
bench_detect_20260903_2040,ncnn,320,2,37,35.978799998702016,27.794145442206975,1,0.8386184573173523,
bench_detect_20260903_2040,ncnn,320,2,38,23.583000001963228,42.40342619330672,1,0.8658448457717896,
bench_detect_20260903_2040,ncnn,320,2,39,34.71220000210451,28.808315230362023,2,0.8564574718475342,
bench_detect_20260903_2040,ncnn,320,2,40,38.333099997544196,26.087115314547084,1,0.8289921283721924,
bench_detect_20260903_2040,ncnn,320,2,41,28.50130000297213,35.08611887512919,1,0.8585211038589478,
bench_detect_20260903_2040,ncnn,320,2,42,17.794799998227973,56.19619215161627,2,0.8730190396308899,
bench_detect_20260903_2040,ncnn,320,2,43,21.098700002767146,47.39628507295936,1,0.8458724021911621,
bench_detect_20260903_2040,ncnn,320,2,44,26.02439999463968,38.42547763660153,1,0.8432603478431702,
bench_detect_20260903_2040,ncnn,320,2,45,22.96379999461351,43.54679975590122,1,0.8354376554489136,
bench_detect_20260903_2040,ncnn,320,2,46,19.202800001949072,52.07573894945011,1,0.8780819177627563,
bench_detect_20260903_2040,ncnn,320,2,47,19.318400001793634,51.764121247471536,1,0.8653020858764648,
bench_detect_20260903_2040,ncnn,320,2,48,22.22269999765558,44.999032525548046,1,0.8466676473617554,
bench_detect_20260903_2040,ncnn,320,2,49,24.051599997619633,41.577275528404314,1,0.8357387185096741,
bench_detect_20260903_2040,ncnn,320,2,50,24.168600000848528,41.376000263353745,2,0.8686113357543945,
bench_detect_20260903_2040,ncnn,320,2,51,17.341899998427834,57.663808469121435,1,0.8685365915298462,
bench_detect_20260903_2040,ncnn,320,2,52,21.999099997628946,45.4564050396507,1,0.845445990562439,
bench_detect_20260903_2040,ncnn,320,2,53,19.51770000596298,51.235545156165095,1,0.8381633758544922,
bench_detect_20260903_2040,ncnn,320,2,54,24.66650000133086,40.54081446277526,1,0.850558340549469,
bench_detect_20260903_2040,ncnn,320,2,55,22.456399994553067,44.530735124176445,1,0.8439571857452393,
bench_detect_20260903_2040,ncnn,320,2,56,46.058100000664126,21.711707603778287,1,0.8371194005012512,
bench_detect_20260903_2040,ncnn,320,2,57,31.700899999123067,31.544845730804575,1,0.8488039374351501,
bench_detect_20260903_2040,ncnn,320,2,58,26.784900001075584,37.33446829967047,3,0.8435398936271667,
bench_detect_20260903_2040,ncnn,320,2,59,20.02520000678487,49.93707926318755,1,0.8659918904304504,
bench_detect_20260903_2040,ncnn,320,2,60,22.92890000535408,43.61308216994675,2,0.8362575173377991,
bench_detect_20260903_2040,ncnn,320,2,61,30.597400000260677,32.68251550757517,1,0.8402529358863831,
bench_detect_20260903_2040,ncnn,320,2,62,27.47129999625031,36.40162642963729,2,0.8753019571304321,
bench_detect_20260903_2040,ncnn,320,2,63,18.86699999886332,53.00259713045248,1,0.8739727139472961,
bench_detect_20260903_2040,ncnn,320,2,64,19.04439999634633,52.50887400977979,1,0.8813585042953491,
bench_detect_20260903_2040,ncnn,320,2,65,20.982699999876786,47.65830898816035,1,0.8344634175300598,
bench_detect_20260903_2040,ncnn,320,2,66,22.0878999971319,45.27365662330278,2,0.8658980131149292,
bench_detect_20260903_2040,ncnn,320,2,67,20.387500000651926,49.04966278199991,1,0.8395223617553711,
bench_detect_20260903_2040,ncnn,320,2,68,30.314999996335246,32.98697015077978,2,0.8659769892692566,
bench_detect_20260903_2040,ncnn,320,2,69,19.253300000855234,51.93914809178582,1,0.8664171099662781,
bench_detect_20260903_2040,ncnn,320,2,70,20.68969999527326,48.333228622380155,1,0.8556603789329529,
bench_detect_20260903_2040,ncnn,320,2,71,30.037099997571204,33.29216202898615,1,0.8706234097480774,
bench_detect_20260903_2040,ncnn,320,2,72,30.546699999831617,32.73676043584126,1,0.8552781939506531,
bench_detect_20260903_2040,ncnn,320,2,73,33.922599999641534,29.47887249239643,1,0.8395993113517761,
bench_detect_20260903_2040,ncnn,320,2,74,26.1088999977801,38.301115714757216,1,0.8509736657142639,
bench_detect_20260903_2040,ncnn,320,2,75,35.72160000476288,27.994266770432084,1,0.8412089347839355,
bench_detect_20260903_2040,ncnn,320,2,76,39.10660000110511,25.57113121498011,2,0.8553760647773743,
bench_detect_20260903_2040,ncnn,320,2,77,42.53510000125971,23.509995273794686,1,0.8588331341743469,
bench_detect_20260903_2040,ncnn,320,2,78,24.580499994044658,40.6826549599186,1,0.8597092628479004,
bench_detect_20260903_2040,ncnn,320,2,79,17.84050000424031,56.05224067499908,3,0.8422051072120667,
bench_detect_20260903_2040,ncnn,320,2,80,19.615700002759695,50.97957247813292,1,0.8683741688728333,
bench_detect_20260903_2040,ncnn,320,2,81,20.150299998931587,49.62705270159859,1,0.8618001937866211,
bench_detect_20260903_2040,ncnn,320,2,82,36.956799995095935,27.058619797512154,2,0.852422833442688,
bench_detect_20260903_2040,ncnn,320,2,83,28.449400000681635,35.15012618811084,1,0.8346434235572815,
bench_detect_20260903_2040,ncnn,320,2,84,18.211900001915637,54.90915280090567,1,0.8658378720283508,
bench_detect_20260903_2040,ncnn,320,2,85,20.485000000917353,48.816206978531525,1,0.8456016778945923,
bench_detect_20260903_2040,ncnn,320,2,86,21.024699999543373,47.56310434972764,1,0.8533008098602295,
bench_detect_20260903_2040,ncnn,320,2,87,21.128799999132752,47.328764531873354,1,0.8807278871536255,
bench_detect_20260903_2040,ncnn,320,2,88,34.304900000279304,29.150354613826543,1,0.8535934090614319,
bench_detect_20260903_2040,ncnn,320,2,89,45.71459999715444,21.874849611770557,1,0.8226959705352783,
bench_detect_20260903_2040,ncnn,320,2,90,30.260900006396696,33.04594376864585,1,0.8351837992668152,
bench_detect_20260903_2040,ncnn,320,2,91,30.624300001363736,32.65380759578076,5,0.8622596859931946,
bench_detect_20260903_2040,ncnn,320,2,92,33.63590000662953,29.73013951768507,1,0.8443489074707031,
bench_detect_20260903_2040,ncnn,320,2,93,27.905100003408734,35.835743282691894,1,0.8922712802886963,
bench_detect_20260903_2040,ncnn,320,2,94,33.977600003709085,29.431154639846174,1,0.83056640625,
bench_detect_20260903_2040,ncnn,320,2,95,32.30509999411879,30.954864717399172,1,0.8475977778434753,
bench_detect_20260903_2040,ncnn,320,2,96,25.68339999561431,38.935654943300335,1,0.8309312462806702,
bench_detect_20260903_2040,ncnn,320,2,97,35.13569999631727,28.46108089791336,1,0.8784870505332947,
bench_detect_20260903_2040,ncnn,320,2,98,26.550099995802157,37.66464157039372,1,0.8540768623352051,
bench_detect_20260903_2040,ncnn,320,2,99,27.699300000676885,36.101995356401176,1,0.8631400465965271,
bench_detect_20260903_2040,ncnn,320,4,0,34.03009999601636,29.385749677992784,3,0.8670164942741394,
bench_detect_20260903_2040,ncnn,320,4,1,38.93019999668468,25.68699878462378,1,0.8328514695167542,
bench_detect_20260903_2040,ncnn,320,4,2,24.769399999058805,40.372394972748566,2,0.8697808384895325,
bench_detect_20260903_2040,ncnn,320,4,3,17.561600005137734,56.942419808414094,1,0.8827570676803589,
bench_detect_20260903_2040,ncnn,320,4,4,22.18379999976605,45.077939758316695,1,0.8138216137886047,
bench_detect_20260903_2040,ncnn,320,4,5,23.59200000501005,42.38724990622405,1,0.8523721098899841,
bench_detect_20260903_2040,ncnn,320,4,6,21.99290000135079,45.46921960899111,1,0.8551892638206482,
bench_detect_20260903_2040,ncnn,320,4,7,19.12159999483265,52.296878936398436,2,0.8453751802444458,
bench_detect_20260903_2040,ncnn,320,4,8,22.495899997011293,44.45254469182632,1,0.8628572225570679,
bench_detect_20260903_2040,ncnn,320,4,9,23.704900006123353,42.18537094616236,1,0.8440912961959839,
bench_detect_20260903_2040,ncnn,320,4,10,26.67509999446338,37.48814438212256,1,0.8319580554962158,
bench_detect_20260903_2040,ncnn,320,4,11,25.509099999908358,39.20169664957182,2,0.8591515421867371,
bench_detect_20260903_2040,ncnn,320,4,12,23.65099999587983,42.281510302913496,1,0.8425639271736145,
bench_detect_20260903_2040,ncnn,320,4,13,22.168300005432684,45.109458089025075,2,0.8373714685440063,
bench_detect_20260903_2040,ncnn,320,4,14,25.01489999849582,39.976174202580516,1,0.870506763458252,
bench_detect_20260903_2040,ncnn,320,4,15,27.986699999019038,35.731258063117515,1,0.8714591264724731,
bench_detect_20260903_2040,ncnn,320,4,16,22.56679999845801,44.3128844173002,2,0.8616291880607605,
bench_detect_20260903_2040,ncnn,320,4,17,20.40359999955399,49.0109588514703,3,0.860371470451355,
bench_detect_20260903_2040,ncnn,320,4,18,26.105000004463363,38.30683776399244,2,0.8776816129684448,
bench_detect_20260903_2040,ncnn,320,4,19,25.376400000823196,39.40669283143238,1,0.8844538927078247,
bench_detect_20260903_2040,ncnn,320,4,20,21.0910999958287,47.41336394013472,2,0.871953547000885,
bench_detect_20260903_2040,ncnn,320,4,21,23.443899997801054,42.65501900681184,1,0.8574782609939575,
bench_detect_20260903_2040,ncnn,320,4,22,22.263300001213793,44.916970976696184,1,0.8467497825622559,
bench_detect_20260903_2040,ncnn,320,4,23,20.818299999518786,48.03466181307383,1,0.8392353653907776,
bench_detect_20260903_2040,ncnn,320,4,24,24.764200003119186,40.38087238328089,1,0.8665619492530823,
bench_detect_20260903_2040,ncnn,320,4,25,23.893899997347035,41.85168599981715,3,0.8383881449699402,
bench_detect_20260903_2040,ncnn,320,4,26,21.981400001095608,45.49300772244523,3,0.8507546782493591,
bench_detect_20260903_2040,ncnn,320,4,27,21.199900002102368,47.170033816236455,1,0.8478229641914368,
bench_detect_20260903_2040,ncnn,320,4,28,19.896699996024836,50.25959079645319,1,0.8780727386474609,
bench_detect_20260903_2040,ncnn,320,4,29,22.923499993339647,43.623355957447465,1,0.8478466868400574,
bench_detect_20260903_2040,ncnn,320,4,30,31.538900002487935,31.706876267755543,1,0.8513928651809692,
bench_detect_20260903_2040,ncnn,320,4,31,37.88150000036694,26.398109895075788,1,0.8696878552436829,
bench_detect_20260903_2040,ncnn,320,4,32,29.656700004125014,33.71919329732937,2,0.8461757302284241,
bench_detect_20260903_2040,ncnn,320,4,33,26.19330000015907,38.17770193117809,1,0.8386850953102112,
bench_detect_20260903_2040,ncnn,320,4,34,20.682700000179466,48.34958685236081,2,0.8442752361297607,
bench_detect_20260903_2040,ncnn,320,4,35,24.074400003883056,41.537899172511295,1,0.850351095199585,
bench_detect_20260903_2040,ncnn,320,4,36,20.18079999834299,49.552049476834824,1,0.8418047428131104,
bench_detect_20260903_2040,ncnn,320,4,37,19.821499998215586,50.45026865222229,1,0.8386184573173523,
bench_detect_20260903_2040,ncnn,320,4,38,25.586499999917578,39.083110234038315,1,0.8658448457717896,
bench_detect_20260903_2040,ncnn,320,4,39,24.10039999813307,41.49308725487812,2,0.8564574718475342,
bench_detect_20260903_2040,ncnn,320,4,40,23.347099995589815,42.831872060722596,1,0.8289921283721924,
bench_detect_20260903_2040,ncnn,320,4,41,31.8355999988853,31.41137594501169,1,0.8585211038589478,
bench_detect_20260903_2040,ncnn,320,4,42,21.624300003168173,46.24427148409383,2,0.8730190396308899,
bench_detect_20260903_2040,ncnn,320,4,43,17.62120000057621,56.74982407368966,1,0.8458724021911621,
bench_detect_20260903_2040,ncnn,320,4,44,24.711600002774503,40.466825292078404,1,0.8432603478431702,
bench_detect_20260903_2040,ncnn,320,4,45,22.37240000249585,44.697931374749274,1,0.8354376554489136,
bench_detect_20260903_2040,ncnn,320,4,46,22.64570000261301,44.158493660368784,1,0.8780819177627563,
bench_detect_20260903_2040,ncnn,320,4,47,20.661000002291985,48.40036783742641,1,0.8653020858764648,
bench_detect_20260903_2040,ncnn,320,4,48,28.80139999615494,34.72053442310105,1,0.8466676473617554,
bench_detect_20260903_2040,ncnn,320,4,49,26.94809999957215,37.10836756639158,1,0.8357387185096741,
bench_detect_20260903_2040,ncnn,320,4,50,25.744899998244364,38.84264456526122,2,0.8686113357543945,
bench_detect_20260903_2040,ncnn,320,4,51,25.461200006247964,39.27544655218954,1,0.8685365915298462,
bench_detect_20260903_2040,ncnn,320,4,52,29.196399998909328,34.2507980448739,1,0.845445990562439,
bench_detect_20260903_2040,ncnn,320,4,53,34.705800004303455,28.81362768978101,1,0.8381633758544922,
bench_detect_20260903_2040,ncnn,320,4,54,30.245200003264472,33.06309761192078,1,0.850558340549469,
bench_detect_20260903_2040,ncnn,320,4,55,30.978699993283954,32.2802441747651,1,0.8439571857452393,
bench_detect_20260903_2040,ncnn,320,4,56,39.02419999940321,25.62512492287588,1,0.8371194005012512,
bench_detect_20260903_2040,ncnn,320,4,57,27.844999996887054,35.91309032543708,1,0.8488039374351501,
bench_detect_20260903_2040,ncnn,320,4,58,28.784199996152893,34.74128168000686,3,0.8435398936271667,
bench_detect_20260903_2040,ncnn,320,4,59,25.8211999971536,38.72786702826495,1,0.8659918904304504,
bench_detect_20260903_2040,ncnn,320,4,60,25.3387000047951,39.46532378578063,2,0.8362575173377991,
bench_detect_20260903_2040,ncnn,320,4,61,24.669000005815178,40.53670597771583,1,0.8402529358863831,
bench_detect_20260903_2040,ncnn,320,4,62,22.784900000260677,43.88871577178566,2,0.8753019571304321,
bench_detect_20260903_2040,ncnn,320,4,63,23.40140000160318,42.73248608764827,1,0.8739727139472961,
bench_detect_20260903_2040,ncnn,320,4,64,27.236599999014288,36.71530220498119,1,0.8813585042953491,
bench_detect_20260903_2040,ncnn,320,4,65,22.913700006029103,43.642013281874064,1,0.8344634175300598,
bench_detect_20260903_2040,ncnn,320,4,66,34.13369999907445,29.29656029165064,2,0.8658980131149292,
bench_detect_20260903_2040,ncnn,320,4,67,31.174299998383503,32.077705034334485,1,0.8395223617553711,
bench_detect_20260903_2040,ncnn,320,4,68,24.120200003380887,41.459026038748924,2,0.8659769892692566,
bench_detect_20260903_2040,ncnn,320,4,69,20.028999999340158,49.92760497443429,1,0.8664171099662781,
bench_detect_20260903_2040,ncnn,320,4,70,23.769999999785796,42.069835928018996,1,0.8556603789329529,
bench_detect_20260903_2040,ncnn,320,4,71,22.096000000601634,45.25706010014355,1,0.8706234097480774,
bench_detect_20260903_2040,ncnn,320,4,72,23.225800003274344,43.0555675093655,1,0.8552781939506531,
bench_detect_20260903_2040,ncnn,320,4,73,24.147299998730887,41.412497465661055,1,0.8395993113517761,
bench_detect_20260903_2040,ncnn,320,4,74,23.95099999557715,41.75191015759937,1,0.8509736657142639,
bench_detect_20260903_2040,ncnn,320,4,75,27.007199998479337,37.02716312895472,1,0.8412089347839355,
bench_detect_20260903_2040,ncnn,320,4,76,30.440100003033876,32.85140324441552,2,0.8553760647773743,
bench_detect_20260903_2040,ncnn,320,4,77,23.98659999744268,41.689943556261184,1,0.8588331341743469,
bench_detect_20260903_2040,ncnn,320,4,78,19.218800000089686,52.03238495615405,1,0.8597092628479004,
bench_detect_20260903_2040,ncnn,320,4,79,26.497099999687634,37.73997909249649,3,0.8422051072120667,
bench_detect_20260903_2040,ncnn,320,4,80,23.041799999191426,43.39938720217568,1,0.8683741688728333,
bench_detect_20260903_2040,ncnn,320,4,81,22.17229999951087,45.10132011663474,1,0.8618001937866211,
bench_detect_20260903_2040,ncnn,320,4,82,21.21640000405023,47.13334966389676,2,0.852422833442688,
bench_detect_20260903_2040,ncnn,320,4,83,25.141500002064276,39.774874208694534,1,0.8346434235572815,
bench_detect_20260903_2040,ncnn,320,4,84,25.350199997774325,39.44742053663471,1,0.8658378720283508,
bench_detect_20260903_2040,ncnn,320,4,85,22.362499999871943,44.717719396566864,1,0.8456016778945923,
bench_detect_20260903_2040,ncnn,320,4,86,20.68880000297213,48.33533118674554,1,0.8533008098602295,
bench_detect_20260903_2040,ncnn,320,4,87,21.27939999627415,46.99380622456892,1,0.8807278871536255,
bench_detect_20260903_2040,ncnn,320,4,88,22.514500000397675,44.41582091462555,1,0.8535934090614319,
bench_detect_20260903_2040,ncnn,320,4,89,21.50680000340799,46.49692189640202,1,0.8226959705352783,
bench_detect_20260903_2040,ncnn,320,4,90,30.668300001707394,32.60695897536959,1,0.8351837992668152,
bench_detect_20260903_2040,ncnn,320,4,91,26.463300004252233,37.7881821178506,5,0.8622596859931946,
bench_detect_20260903_2040,ncnn,320,4,92,18.675499995879363,53.54608980860721,1,0.8443489074707031,
bench_detect_20260903_2040,ncnn,320,4,93,26.87059999880148,37.21539526637304,1,0.8922712802886963,
bench_detect_20260903_2040,ncnn,320,4,94,23.00390000164043,43.47088971559992,1,0.83056640625,
bench_detect_20260903_2040,ncnn,320,4,95,25.090300005103927,39.8560399754717,1,0.8475977778434753,
bench_detect_20260903_2040,ncnn,320,4,96,24.443000002065673,40.91150840385755,1,0.8309312462806702,
bench_detect_20260903_2040,ncnn,320,4,97,24.516099998436403,40.789521990193315,1,0.8784870505332947,
bench_detect_20260903_2040,ncnn,320,4,98,24.761999993643258,40.38446007013624,1,0.8540768623352051,
bench_detect_20260903_2040,ncnn,320,4,99,24.791000003460795,40.33721914648063,1,0.8631400465965271,
bench_detect_20260903_2040,ncnn,640,1,0,208.80030000262195,4.789265149463112,1,0.8214687705039978,
bench_detect_20260903_2040,ncnn,640,1,1,191.12950000271667,5.2320547062896425,1,0.8121480345726013,
bench_detect_20260903_2040,ncnn,640,1,2,186.1875000031432,5.370929842138264,1,0.8395454287528992,
bench_detect_20260903_2040,ncnn,640,1,3,175.69910000020172,5.691548789941735,1,0.8316106796264648,
bench_detect_20260903_2040,ncnn,640,1,4,166.68790000403533,5.99923569722692,1,0.7443011403083801,
bench_detect_20260903_2040,ncnn,640,1,5,209.83529999648454,4.765642387228238,1,0.8330689668655396,
bench_detect_20260903_2040,ncnn,640,1,6,141.67520000046352,7.058398364687174,1,0.8096312284469604,
bench_detect_20260903_2040,ncnn,640,1,7,147.30409999901894,6.788677300948582,2,0.8250117301940918,
bench_detect_20260903_2040,ncnn,640,1,8,145.54059999500168,6.870934983326598,1,0.848911464214325,
bench_detect_20260903_2040,ncnn,640,1,9,216.7438000033144,4.613742123118208,1,0.830953061580658,
bench_detect_20260903_2040,ncnn,640,1,10,170.6488999989233,5.859985033635198,1,0.8210681080818176,
bench_detect_20260903_2040,ncnn,640,1,11,160.81729999859817,6.218236470881658,1,0.8629554510116577,
bench_detect_20260903_2040,ncnn,640,1,12,157.0173000000068,6.368724974891026,1,0.8423637747764587,
bench_detect_20260903_2040,ncnn,640,1,13,118.78930000239052,8.418266628222206,2,0.8258850574493408,
bench_detect_20260903_2040,ncnn,640,1,14,138.39759999973467,7.225558824733357,1,0.8677327632904053,
bench_detect_20260903_2040,ncnn,640,1,15,134.19369999610353,7.451914657908949,1,0.8611426949501038,
bench_detect_20260903_2040,ncnn,640,1,16,116.3449000014225,8.595133950759967,2,0.8343462347984314,
bench_detect_20260903_2040,ncnn,640,1,17,107.02270000183489,9.343812106990901,3,0.839414656162262,
bench_detect_20260903_2040,ncnn,640,1,18,123.5346000030404,8.094898109318267,2,0.8466665744781494,
bench_detect_20260903_2040,ncnn,640,1,19,116.31930000294233,8.597025600865074,1,0.8641485571861267,
bench_detect_20260903_2040,ncnn,640,1,20,125.95719999808352,7.9392047458598265,2,0.8630983233451843,
bench_detect_20260903_2040,ncnn,640,1,21,104.18110000318848,9.598670007989885,1,0.8406503796577454,
bench_detect_20260903_2040,ncnn,640,1,22,119.05269999988377,8.399641503308839,1,0.8391132950782776,
bench_detect_20260903_2040,ncnn,640,1,23,118.6567999975523,8.427667019678841,1,0.8192141056060791,
bench_detect_20260903_2040,ncnn,640,1,24,105.30470000230707,9.496252303820166,1,0.8192446231842041,
bench_detect_20260903_2040,ncnn,640,1,25,124.78489999921294,8.013790130106345,2,0.8416053652763367,
bench_detect_20260903_2040,ncnn,640,1,26,110.52660000132164,9.047595782264562,3,0.8323209881782532,
bench_detect_20260903_2040,ncnn,640,1,27,136.6048000054434,7.320386984645871,1,0.8368034958839417,
bench_detect_20260903_2040,ncnn,640,1,28,123.3773000058136,8.105218706787063,1,0.8446123003959656,
bench_detect_20260903_2040,ncnn,640,1,29,127.00369999947725,7.87378635428823,1,0.8436523079872131,
bench_detect_20260903_2040,ncnn,640,1,30,101.78999999334337,9.824147755824695,1,0.8377924561500549,
bench_detect_20260903_2040,ncnn,640,1,31,128.17440000071656,7.801869952146524,1,0.843222439289093,
bench_detect_20260903_2040,ncnn,640,1,32,113.21139999927254,8.83303271584333,1,0.8313406705856323,
bench_detect_20260903_2040,ncnn,640,1,33,116.19899999641348,8.60592604093723,1,0.8367629647254944,
bench_detect_20260903_2040,ncnn,640,1,34,112.12150000210386,8.918896018883407,1,0.794060230255127,
bench_detect_20260903_2040,ncnn,640,1,35,124.0096999972593,8.063885325277786,1,0.844182014465332,
bench_detect_20260903_2040,ncnn,640,1,36,114.53579999943031,8.730894619891544,1,0.8246176838874817,
bench_detect_20260903_2040,ncnn,640,1,37,110.67280000133906,9.035643807583261,1,0.845628023147583,
bench_detect_20260903_2040,ncnn,640,1,38,110.82420000457205,9.023299964797806,1,0.8481340408325195,
bench_detect_20260903_2040,ncnn,640,1,39,103.59240000252612,9.653217803387264,2,0.8228015303611755,
bench_detect_20260903_2040,ncnn,640,1,40,120.0989999997546,8.326464000549908,1,0.8118503093719482,
bench_detect_20260903_2040,ncnn,640,1,41,136.0867999974289,7.348251263303223,1,0.8480193018913269,
bench_detect_20260903_2040,ncnn,640,1,42,197.9572000054759,5.051597011739598,2,0.8532117605209351,
bench_detect_20260903_2040,ncnn,640,1,43,142.60690000082832,7.012283416820586,1,0.8299168944358826,
bench_detect_20260903_2040,ncnn,640,1,44,201.83449999603909,4.954554350319814,1,0.7718534469604492,
bench_detect_20260903_2040,ncnn,640,1,45,137.2367000003578,7.28668060363877,1,0.8479881286621094,
bench_detect_20260903_2040,ncnn,640,1,46,207.92969999456545,4.809317764735565,1,0.848056435585022,
bench_detect_20260903_2040,ncnn,640,1,47,147.20999999553896,6.793016778957298,1,0.8432230353355408,
bench_detect_20260903_2040,ncnn,640,1,48,157.42280000267783,6.352319994200266,1,0.815872073173523,
bench_detect_20260903_2040,ncnn,640,1,49,196.43709999945713,5.090688062503283,1,0.7787197828292847,
bench_detect_20260903_2040,ncnn,640,1,50,140.83699999901,7.100406853362606,2,0.8698756694793701,
bench_detect_20260903_2040,ncnn,640,1,51,177.25780000182567,5.641500684255928,1,0.8253887891769409,
bench_detect_20260903_2040,ncnn,640,1,52,190.74499999987893,5.24260137880749,1,0.8267797231674194,
bench_detect_20260903_2040,ncnn,640,1,53,130.71739999577403,7.650090959828829,1,0.8350737690925598,
bench_detect_20260903_2040,ncnn,640,1,54,108.80509999697097,9.190745654641548,1,0.8424330353736877,
bench_detect_20260903_2040,ncnn,640,1,55,210.77189999778057,4.744465462476402,1,0.8537830710411072,
bench_detect_20260903_2040,ncnn,640,1,56,187.42680000286782,5.335416279767349,1,0.8273897767066956,
bench_detect_20260903_2040,ncnn,640,1,57,162.6369999939925,6.148662358731027,1,0.826176106929779,
bench_detect_20260903_2040,ncnn,640,1,58,202.16570000047795,4.946437501503152,2,0.8604757785797119,
bench_detect_20260903_2040,ncnn,640,1,59,114.1390999982832,8.76123957535184,1,0.818992555141449,
bench_detect_20260903_2040,ncnn,640,1,60,128.7538999968092,7.766755026642161,2,0.8329590559005737,
bench_detect_20260903_2040,ncnn,640,1,61,108.41429999709362,9.223875448412322,1,0.8284342288970947,
bench_detect_20260903_2040,ncnn,640,1,62,117.86270000447985,8.484448429927287,2,0.8373320698738098,
bench_detect_20260903_2040,ncnn,640,1,63,108.01030000584433,9.258376283983019,1,0.8421450257301331,
bench_detect_20260903_2040,ncnn,640,1,64,118.0305000016233,8.47238637459171,1,0.8202604651451111,
bench_detect_20260903_2040,ncnn,640,1,65,116.47300000186078,8.585680801421994,1,0.8330275416374207,
bench_detect_20260903_2040,ncnn,640,1,66,115.52500000107102,8.656135035626306,2,0.8189752101898193,
bench_detect_20260903_2040,ncnn,640,1,67,117.01460000040242,8.54594213026888,1,0.8267175555229187,
bench_detect_20260903_2040,ncnn,640,1,68,117.16270000033546,8.535139596451232,2,0.8485023379325867,
bench_detect_20260903_2040,ncnn,640,1,69,115.04389999754494,8.69233397008742,1,0.8594738841056824,
bench_detect_20260903_2040,ncnn,640,1,70,115.33580000104848,8.670334796229005,1,0.8575980067253113,
bench_detect_20260903_2040,ncnn,640,1,71,109.16189999989001,9.16070533767741,1,0.8561351895332336,
bench_detect_20260903_2040,ncnn,640,1,72,124.36629999865545,8.0407634544954,1,0.8265811800956726,
bench_detect_20260903_2040,ncnn,640,1,73,119.86529999558115,8.342698012159191,1,0.8261642456054688,
bench_detect_20260903_2040,ncnn,640,1,74,126.74849999893922,7.889639719668234,1,0.8381205797195435,
bench_detect_20260903_2040,ncnn,640,1,75,127.57970000529895,7.838237587629267,1,0.8184217214584351,
bench_detect_20260903_2040,ncnn,640,1,76,119.39850000635488,8.37531459730881,2,0.8448438048362732,
bench_detect_20260903_2040,ncnn,640,1,77,115.66779999702703,8.645448430986866,1,0.8476136922836304,
bench_detect_20260903_2040,ncnn,640,1,78,138.6666000034893,7.211541928444462,1,0.8524566292762756,
bench_detect_20260903_2040,ncnn,640,1,79,136.2784000011743,7.33792002247886,4,0.839610755443573,
bench_detect_20260903_2040,ncnn,640,1,80,129.59409999893978,7.71640066953805,1,0.8314980268478394,
bench_detect_20260903_2040,ncnn,640,1,81,119.31229999754578,8.381365542534757,1,0.8271514773368835,
bench_detect_20260903_2040,ncnn,640,1,82,104.38299999805167,9.580104040108688,2,0.8298346996307373,
bench_detect_20260903_2040,ncnn,640,1,83,137.79970000177855,7.256909848040984,1,0.8219830989837646,
bench_detect_20260903_2040,ncnn,640,1,84,197.8326000025845,5.054778636013154,1,0.8257671594619751,
bench_detect_20260903_2040,ncnn,640,1,85,203.38719999563182,4.9167302564835795,1,0.811461329460144,
bench_detect_20260903_2040,ncnn,640,1,86,128.68400000297697,7.770973858264167,1,0.8388513922691345,
bench_detect_20260903_2040,ncnn,640,1,87,145.33240000309888,6.880778133290837,1,0.8571673035621643,
bench_detect_20260903_2040,ncnn,640,1,88,203.57900000090012,4.9120980061577,1,0.8460314273834229,
bench_detect_20260903_2040,ncnn,640,1,89,190.92190000083065,5.237743810404408,1,0.7928651571273804,
bench_detect_20260903_2040,ncnn,640,1,90,137.30600000417326,7.283002927545819,1,0.8154221177101135,
bench_detect_20260903_2040,ncnn,640,1,91,150.77179999934742,6.632540037356643,6,0.85065096616745,
bench_detect_20260903_2040,ncnn,640,1,92,203.5799000004772,4.912076290427768,1,0.8413549065589905,
bench_detect_20260903_2040,ncnn,640,1,93,116.70679999951972,8.568481013995031,1,0.8516277074813843,
bench_detect_20260903_2040,ncnn,640,1,94,147.07820000330685,6.7991041498843225,1,0.8222675323486328,
bench_detect_20260903_2040,ncnn,640,1,95,155.19649999623653,6.443444278860991,1,0.8292026519775391,
bench_detect_20260903_2040,ncnn,640,1,96,166.62150000047404,6.001626440748373,1,0.8072890043258667,
bench_detect_20260903_2040,ncnn,640,1,97,138.86659999843687,7.2011556415384,1,0.8510768413543701,
bench_detect_20260903_2040,ncnn,640,1,98,169.99679999571526,5.882463670052641,1,0.8391404151916504,
bench_detect_20260903_2040,ncnn,640,1,99,191.91259999934118,5.210705289821684,1,0.8497687578201294,
bench_detect_20260903_2040,ncnn,640,2,0,90.97929999552434,10.991511256397821,1,0.8214687705039978,
bench_detect_20260903_2040,ncnn,640,2,1,80.2170999959344,12.466169931980618,1,0.8121480345726013,
bench_detect_20260903_2040,ncnn,640,2,2,83.80970000143861,11.931793097730152,1,0.8395454287528992,
bench_detect_20260903_2040,ncnn,640,2,3,98.04389999771956,10.199512667521992,1,0.8316106796264648,
bench_detect_20260903_2040,ncnn,640,2,4,110.7622999988962,9.028342676253251,1,0.7443011403083801,
bench_detect_20260903_2040,ncnn,640,2,5,112.31200000474928,8.903768074272682,1,0.8330689668655396,
bench_detect_20260903_2040,ncnn,640,2,6,152.26779999647988,6.567376687803448,1,0.8096312284469604,
bench_detect_20260903_2040,ncnn,640,2,7,130.70100000186358,7.651050871728156,2,0.8250117301940918,
bench_detect_20260903_2040,ncnn,640,2,8,121.10050000046613,8.257604221255493,1,0.848911464214325,
bench_detect_20260903_2040,ncnn,640,2,9,78.2861999978195,12.77364337556112,1,0.830953061580658,
bench_detect_20260903_2040,ncnn,640,2,10,95.59730000182753,10.460546479669228,1,0.8210681080818176,
bench_detect_20260903_2040,ncnn,640,2,11,165.6483000042499,6.036886584253167,1,0.8629554510116577,
bench_detect_20260903_2040,ncnn,640,2,12,140.48619999812217,7.118136870478144,1,0.8423637747764587,
bench_detect_20260903_2040,ncnn,640,2,13,131.25530000252184,7.618739966925426,2,0.8258850574493408,
bench_detect_20260903_2040,ncnn,640,2,14,96.78680000070017,10.331987419697375,1,0.8677327632904053,
bench_detect_20260903_2040,ncnn,640,2,15,148.93470000242814,6.714351994422365,1,0.8611426949501038,
bench_detect_20260903_2040,ncnn,640,2,16,113.25850000139326,8.829359385721146,2,0.8343462347984314,
bench_detect_20260903_2040,ncnn,640,2,17,131.76790000579786,7.589101745994278,3,0.839414656162262,
bench_detect_20260903_2040,ncnn,640,2,18,84.50440000160597,11.833703333566008,2,0.8466665744781494,
bench_detect_20260903_2040,ncnn,640,2,19,150.67959999578306,6.636598451469118,1,0.8641485571861267,
bench_detect_20260903_2040,ncnn,640,2,20,101.31660000479314,9.870050909255655,2,0.8630983233451843,
bench_detect_20260903_2040,ncnn,640,2,21,103.443400003016,9.667122310083041,1,0.8406503796577454,
bench_detect_20260903_2040,ncnn,640,2,22,106.27170000225306,9.409842883653871,1,0.8391132950782776,
bench_detect_20260903_2040,ncnn,640,2,23,135.3443999978481,7.388558374161764,1,0.8192141056060791,
bench_detect_20260903_2040,ncnn,640,2,24,82.75979999598349,12.083161148873392,1,0.8192446231842041,
bench_detect_20260903_2040,ncnn,640,2,25,100.55299999658018,9.945004127514943,2,0.8416053652763367,
bench_detect_20260903_2040,ncnn,640,2,26,110.15890000271611,9.077795802021841,3,0.8323209881782532,
bench_detect_20260903_2040,ncnn,640,2,27,130.719599997974,7.649962209305252,1,0.8368034958839417,
bench_detect_20260903_2040,ncnn,640,2,28,105.40300000138814,9.487395994296463,1,0.8446123003959656,
bench_detect_20260903_2040,ncnn,640,2,29,156.82099999685306,6.376696998616684,1,0.8436523079872131,
bench_detect_20260903_2040,ncnn,640,2,30,77.07179999852087,12.974914300940053,1,0.8377924561500549,
bench_detect_20260903_2040,ncnn,640,2,31,102.72160000022268,9.735050855884568,1,0.843222439289093,
bench_detect_20260903_2040,ncnn,640,2,32,105.75729999982286,9.45561204760026,1,0.8313406705856323,
bench_detect_20260903_2040,ncnn,640,2,33,88.29030000197235,11.32627253478197,1,0.8367629647254944,
bench_detect_20260903_2040,ncnn,640,2,34,82.78560000326252,12.079395449940458,1,0.794060230255127,
bench_detect_20260903_2040,ncnn,640,2,35,123.27289999666391,8.112083029011751,1,0.844182014465332,
bench_detect_20260903_2040,ncnn,640,2,36,154.2805999997654,6.481696337721791,1,0.8246176838874817,
bench_detect_20260903_2040,ncnn,640,2,37,79.22109999344684,12.622899708319121,1,0.845628023147583,
bench_detect_20260903_2040,ncnn,640,2,38,103.15450000052806,9.694196569174208,1,0.8481340408325195,
bench_detect_20260903_2040,ncnn,640,2,39,159.968599997228,6.251226803368463,2,0.8228015303611755,
bench_detect_20260903_2040,ncnn,640,2,40,158.58960000332445,6.305583720363992,1,0.8118503093719482,
bench_detect_20260903_2040,ncnn,640,2,41,157.2253999984241,6.360295473950285,1,0.8480193018913269,
bench_detect_20260903_2040,ncnn,640,2,42,131.00200000189943,7.633471244603141,2,0.8532117605209351,
bench_detect_20260903_2040,ncnn,640,2,43,144.13369999965653,6.938002701674785,1,0.8299168944358826,
bench_detect_20260903_2040,ncnn,640,2,44,119.45710000145482,8.37120606466942,1,0.7718534469604492,
bench_detect_20260903_2040,ncnn,640,2,45,82.46750000398606,12.125989025393823,1,0.8479881286621094,
bench_detect_20260903_2040,ncnn,640,2,46,91.23009999893839,10.961294572861771,1,0.848056435585022,
bench_detect_20260903_2040,ncnn,640,2,47,133.33930000226246,7.4996643898912945,1,0.8432230353355408,
bench_detect_20260903_2040,ncnn,640,2,48,96.61600000254111,10.350252545889903,1,0.815872073173523,
bench_detect_20260903_2040,ncnn,640,2,49,130.54410000040662,7.66024661395563,1,0.7787197828292847,
bench_detect_20260903_2040,ncnn,640,2,50,149.05829999770503,6.7087844153287435,2,0.8698756694793701,
bench_detect_20260903_2040,ncnn,640,2,51,125.8806000041659,7.94403585593734,1,0.8253887891769409,
bench_detect_20260903_2040,ncnn,640,2,52,154.5445000010659,6.47062820089426,1,0.8267797231674194,
bench_detect_20260903_2040,ncnn,640,2,53,94.16259999852628,10.61992765721901,1,0.8350737690925598,
bench_detect_20260903_2040,ncnn,640,2,54,88.23239999765065,11.333705079161701,1,0.8424330353736877,
bench_detect_20260903_2040,ncnn,640,2,55,119.43210000026738,8.372958358747448,1,0.8537830710411072,
bench_detect_20260903_2040,ncnn,640,2,56,106.19439999572933,9.416692406004607,1,0.8273897767066956,
bench_detect_20260903_2040,ncnn,640,2,57,132.4903999993694,7.547716664790502,1,0.826176106929779,
bench_detect_20260903_2040,ncnn,640,2,58,128.32749999506632,7.792561999871002,2,0.8604757785797119,
bench_detect_20260903_2040,ncnn,640,2,59,147.3961000010604,6.784440022448394,1,0.818992555141449,
bench_detect_20260903_2040,ncnn,640,2,60,139.38300000154413,7.174476083804493,2,0.8329590559005737,
bench_detect_20260903_2040,ncnn,640,2,61,113.52409999381052,8.808702293649729,1,0.8284342288970947,
bench_detect_20260903_2040,ncnn,640,2,62,139.45870000316063,7.170581684594338,2,0.8373320698738098,
bench_detect_20260903_2040,ncnn,640,2,63,102.13040000235196,9.791403930435708,1,0.8421450257301331,
bench_detect_20260903_2040,ncnn,640,2,64,81.29249999910826,12.301257803745358,1,0.8202604651451111,
bench_detect_20260903_2040,ncnn,640,2,65,90.33300000010058,11.070151550362398,1,0.8330275416374207,
bench_detect_20260903_2040,ncnn,640,2,66,91.45330000319518,10.934542547563206,2,0.8189752101898193,
bench_detect_20260903_2040,ncnn,640,2,67,80.92500000202563,12.357120790546421,1,0.8267175555229187,
bench_detect_20260903_2040,ncnn,640,2,68,85.80280000023777,11.654631317360609,2,0.8485023379325867,
bench_detect_20260903_2040,ncnn,640,2,69,85.03540000674548,11.759808267153144,1,0.8594738841056824,
bench_detect_20260903_2040,ncnn,640,2,70,78.91490000474732,12.671878187007048,1,0.8575980067253113,
bench_detect_20260903_2040,ncnn,640,2,71,109.88579999684589,9.100356916259457,1,0.8561351895332336,
bench_detect_20260903_2040,ncnn,640,2,72,81.44979999633506,12.277500988891271,1,0.8265811800956726,
bench_detect_20260903_2040,ncnn,640,2,73,87.47930000390625,11.431275741293616,1,0.8261642456054688,
bench_detect_20260903_2040,ncnn,640,2,74,84.99489999667276,11.765411807521938,1,0.8381205797195435,
bench_detect_20260903_2040,ncnn,640,2,75,85.33909999823663,11.717958122603392,1,0.8184217214584351,
bench_detect_20260903_2040,ncnn,640,2,76,91.02300000085961,10.986234248382894,2,0.8448438048362732,
bench_detect_20260903_2040,ncnn,640,2,77,82.57710000179941,12.109894873738716,1,0.8476136922836304,
bench_detect_20260903_2040,ncnn,640,2,78,90.61239999573445,11.036017146075755,1,0.8524566292762756,
bench_detect_20260903_2040,ncnn,640,2,79,89.56839999882504,11.164651819314825,4,0.839610755443573,
bench_detect_20260903_2040,ncnn,640,2,80,104.60510000120848,9.55976333838835,1,0.8314980268478394,
bench_detect_20260903_2040,ncnn,640,2,81,95.90400000161026,10.42709376025202,1,0.8271514773368835,
bench_detect_20260903_2040,ncnn,640,2,82,83.63120000285562,11.957259969555077,2,0.8298346996307373,
bench_detect_20260903_2040,ncnn,640,2,83,91.739299998153,10.900453786110567,1,0.8219830989837646,
bench_detect_20260903_2040,ncnn,640,2,84,81.25999999901978,12.306177701354452,1,0.8257671594619751,
bench_detect_20260903_2040,ncnn,640,2,85,92.7131000062218,10.785962285080446,1,0.811461329460144,
bench_detect_20260903_2040,ncnn,640,2,86,81.23219999833964,12.310389230138291,1,0.8388513922691345,
bench_detect_20260903_2040,ncnn,640,2,87,90.91219999390887,10.999623813602577,1,0.8571673035621643,
bench_detect_20260903_2040,ncnn,640,2,88,102.87719999905676,9.720326758593435,1,0.8460314273834229,
bench_detect_20260903_2040,ncnn,640,2,89,91.9558000023244,10.874789844411366,1,0.7928651571273804,
bench_detect_20260903_2040,ncnn,640,2,90,84.12680000037653,11.886818469209862,1,0.8154221177101135,
bench_detect_20260903_2040,ncnn,640,2,91,81.50830000522546,12.268689200190538,6,0.85065096616745,
bench_detect_20260903_2040,ncnn,640,2,92,90.87179999914952,11.004514051766986,1,0.8413549065589905,
bench_detect_20260903_2040,ncnn,640,2,93,87.26469999965047,11.459387358278953,1,0.8516277074813843,
bench_detect_20260903_2040,ncnn,640,2,94,88.33669999876292,11.320323263309634,1,0.8222675323486328,
bench_detect_20260903_2040,ncnn,640,2,95,87.95209999516374,11.369825166823617,1,0.8292026519775391,
bench_detect_20260903_2040,ncnn,640,2,96,81.25339999969583,12.307177299703685,1,0.8072890043258667,
bench_detect_20260903_2040,ncnn,640,2,97,127.41030000324827,7.848659017163491,1,0.8510768413543701,
bench_detect_20260903_2040,ncnn,640,2,98,129.7469999990426,7.707307298106152,1,0.8391404151916504,
bench_detect_20260903_2040,ncnn,640,2,99,86.58250000007683,11.54967805271403,1,0.8497687578201294,
bench_detect_20260903_2040,ncnn,640,4,0,91.0996000020532,10.976996605665251,1,0.8214687705039978,
bench_detect_20260903_2040,ncnn,640,4,1,100.4763999953866,9.952585881320541,1,0.8121480345726013,
bench_detect_20260903_2040,ncnn,640,4,2,93.5029999964172,10.69484401610983,1,0.8395454287528992,
bench_detect_20260903_2040,ncnn,640,4,3,116.2527999986196,8.601943351144008,1,0.8316106796264648,
bench_detect_20260903_2040,ncnn,640,4,4,101.48640000261366,9.853537025396962,1,0.7443011403083801,
bench_detect_20260903_2040,ncnn,640,4,5,90.77419999812264,11.01634605450317,1,0.8330689668655396,
bench_detect_20260903_2040,ncnn,640,4,6,89.79779999936,11.136130283894786,1,0.8096312284469604,
bench_detect_20260903_2040,ncnn,640,4,7,104.61180000129389,9.559151070793462,2,0.8250117301940918,
bench_detect_20260903_2040,ncnn,640,4,8,99.03160000249045,10.097786968753933,1,0.848911464214325,
bench_detect_20260903_2040,ncnn,640,4,9,104.79140000097686,9.542767822461366,1,0.830953061580658,
bench_detect_20260903_2040,ncnn,640,4,10,98.20590000163065,10.182687598030215,1,0.8210681080818176,
bench_detect_20260903_2040,ncnn,640,4,11,92.3380999956862,10.82976582847944,1,0.8629554510116577,
bench_detect_20260903_2040,ncnn,640,4,12,90.75409999786643,11.018785928387912,1,0.8423637747764587,
bench_detect_20260903_2040,ncnn,640,4,13,110.57569999684347,9.043578290967602,2,0.8258850574493408,
bench_detect_20260903_2040,ncnn,640,4,14,100.13429999526124,9.986588012772087,1,0.8677327632904053,
bench_detect_20260903_2040,ncnn,640,4,15,113.98029999691062,8.77344593782526,1,0.8611426949501038,
bench_detect_20260903_2040,ncnn,640,4,16,82.62049999757437,12.103533626997642,2,0.8343462347984314,
bench_detect_20260903_2040,ncnn,640,4,17,87.67300000181422,11.406020097171387,3,0.839414656162262,
bench_detect_20260903_2040,ncnn,640,4,18,88.83899999636924,11.25631760871767,2,0.8466665744781494,
bench_detect_20260903_2040,ncnn,640,4,19,98.18229999655159,10.185135202934974,1,0.8641485571861267,
bench_detect_20260903_2040,ncnn,640,4,20,94.9825999996392,10.528244120542062,2,0.8630983233451843,
bench_detect_20260903_2040,ncnn,640,4,21,93.41280000080587,10.705171025719954,1,0.8406503796577454,
bench_detect_20260903_2040,ncnn,640,4,22,100.39980000146898,9.9601792033985,1,0.8391132950782776,
bench_detect_20260903_2040,ncnn,640,4,23,93.0685000057565,10.744774009876034,1,0.8192141056060791,
bench_detect_20260903_2040,ncnn,640,4,24,90.31890000187559,11.071879750298484,1,0.8192446231842041,
bench_detect_20260903_2040,ncnn,640,4,25,91.5889000025345,10.918353642988697,2,0.8416053652763367,
bench_detect_20260903_2040,ncnn,640,4,26,94.23400000378024,10.611881061611356,3,0.8323209881782532,
bench_detect_20260903_2040,ncnn,640,4,27,100.92939999594819,9.907915830671191,1,0.8368034958839417,
bench_detect_20260903_2040,ncnn,640,4,28,110.2762000009534,9.068139816128543,1,0.8446123003959656,
bench_detect_20260903_2040,ncnn,640,4,29,93.20819999993546,10.728669795154207,1,0.8436523079872131,
bench_detect_20260903_2040,ncnn,640,4,30,85.88659999804804,11.64325983357971,1,0.8377924561500549,
bench_detect_20260903_2040,ncnn,640,4,31,83.4298999980092,11.986110495444223,1,0.843222439289093,
bench_detect_20260903_2040,ncnn,640,4,32,98.00539999559987,10.203519398368833,1,0.8313406705856323,
bench_detect_20260903_2040,ncnn,640,4,33,88.91089999815449,11.247214908641762,1,0.8367629647254944,
bench_detect_20260903_2040,ncnn,640,4,34,98.87409999646479,10.1138720861758,1,0.794060230255127,
bench_detect_20260903_2040,ncnn,640,4,35,91.8457000007038,10.887825995036644,1,0.844182014465332,
bench_detect_20260903_2040,ncnn,640,4,36,91.5884999994887,10.918401327738554,1,0.8246176838874817,
bench_detect_20260903_2040,ncnn,640,4,37,119.8045999990427,8.346924909460826,1,0.845628023147583,
bench_detect_20260903_2040,ncnn,640,4,38,94.47720000025583,10.584564318134873,1,0.8481340408325195,
bench_detect_20260903_2040,ncnn,640,4,39,87.50550000695512,11.427853105467861,2,0.8228015303611755,
bench_detect_20260903_2040,ncnn,640,4,40,83.05379999364959,12.040388279361828,1,0.8118503093719482,
bench_detect_20260903_2040,ncnn,640,4,41,88.74119999381946,11.268722984021478,1,0.8480193018913269,
bench_detect_20260903_2040,ncnn,640,4,42,128.2638000047882,7.796432040549782,2,0.8532117605209351,
bench_detect_20260903_2040,ncnn,640,4,43,105.76320000109263,9.455084566178682,1,0.8299168944358826,
bench_detect_20260903_2040,ncnn,640,4,44,87.90479999879608,11.375943065835946,1,0.7718534469604492,
bench_detect_20260903_2040,ncnn,640,4,45,94.57380000094417,10.573752984336217,1,0.8479881286621094,
bench_detect_20260903_2040,ncnn,640,4,46,118.22920000122394,8.458147394972205,1,0.848056435585022,
bench_detect_20260903_2040,ncnn,640,4,47,86.16910000273492,11.605088134473506,1,0.8432230353355408,
bench_detect_20260903_2040,ncnn,640,4,48,101.8569999941974,9.81768557936095,1,0.815872073173523,
bench_detect_20260903_2040,ncnn,640,4,49,92.86599999904865,10.768203648377709,1,0.7787197828292847,
bench_detect_20260903_2040,ncnn,640,4,50,89.85519999987446,11.1290164620567,2,0.8698756694793701,
bench_detect_20260903_2040,ncnn,640,4,51,140.65199999458855,7.109746040144996,1,0.8253887891769409,
bench_detect_20260903_2040,ncnn,640,4,52,116.99010000302223,8.547731816402983,1,0.8267797231674194,
bench_detect_20260903_2040,ncnn,640,4,53,99.0830000009737,10.092548671216788,1,0.8350737690925598,
bench_detect_20260903_2040,ncnn,640,4,54,93.27880000637379,10.720549577521039,1,0.8424330353736877,
bench_detect_20260903_2040,ncnn,640,4,55,97.90990000328748,10.213471773195801,1,0.8537830710411072,
bench_detect_20260903_2040,ncnn,640,4,56,91.64299999974901,10.911908165410766,1,0.8273897767066956,
bench_detect_20260903_2040,ncnn,640,4,57,91.15350000502076,10.970505794565428,1,0.826176106929779,
bench_detect_20260903_2040,ncnn,640,4,58,116.41190000227652,8.59018708551655,2,0.8604757785797119,
bench_detect_20260903_2040,ncnn,640,4,59,121.18419999751495,8.251900825524338,1,0.818992555141449,
bench_detect_20260903_2040,ncnn,640,4,60,95.42900000087684,10.478994854717241,2,0.8329590559005737,
bench_detect_20260903_2040,ncnn,640,4,61,105.02609999821289,9.521442765341337,1,0.8284342288970947,
bench_detect_20260903_2040,ncnn,640,4,62,89.16629999293946,11.21499938967058,2,0.8373320698738098,
bench_detect_20260903_2040,ncnn,640,4,63,92.61859999969602,10.796967347846783,1,0.8421450257301331,
bench_detect_20260903_2040,ncnn,640,4,64,97.63739999471,10.241976947913198,1,0.8202604651451111,
bench_detect_20260903_2040,ncnn,640,4,65,105.91330000170274,9.441684849626283,1,0.8330275416374207,
bench_detect_20260903_2040,ncnn,640,4,66,96.48100000049453,10.364735025495944,2,0.8189752101898193,
bench_detect_20260903_2040,ncnn,640,4,67,90.68660000048112,11.026987449024384,1,0.8267175555229187,
bench_detect_20260903_2040,ncnn,640,4,68,101.20779999851948,9.880661372094133,2,0.8485023379325867,
bench_detect_20260903_2040,ncnn,640,4,69,94.37949999846751,10.595521273329881,1,0.8594738841056824,
bench_detect_20260903_2040,ncnn,640,4,70,91.01630000077421,10.987042980119975,1,0.8575980067253113,
bench_detect_20260903_2040,ncnn,640,4,71,92.63569999893662,10.794974291892641,1,0.8561351895332336,
bench_detect_20260903_2040,ncnn,640,4,72,96.66480000305455,10.345027351925422,1,0.8265811800956726,
bench_detect_20260903_2040,ncnn,640,4,73,93.01269999559736,10.751219995197793,1,0.8261642456054688,
bench_detect_20260903_2040,ncnn,640,4,74,88.6506000024383,11.28023950173485,1,0.8381205797195435,
bench_detect_20260903_2040,ncnn,640,4,75,94.37900000193622,10.595577405773367,1,0.8184217214584351,
bench_detect_20260903_2040,ncnn,640,4,76,93.82560000085505,10.658071997310829,2,0.8448438048362732,
bench_detect_20260903_2040,ncnn,640,4,77,92.3257000031299,10.831220342397614,1,0.8476136922836304,
bench_detect_20260903_2040,ncnn,640,4,78,85.06499999930384,11.755716217106729,1,0.8524566292762756,
bench_detect_20260903_2040,ncnn,640,4,79,97.2226000012597,10.285674318389377,4,0.839610755443573,
bench_detect_20260903_2040,ncnn,640,4,80,90.28259999467991,11.076331431072289,1,0.8314980268478394,
bench_detect_20260903_2040,ncnn,640,4,81,82.81970000098227,12.074421906721948,1,0.8271514773368835,
bench_detect_20260903_2040,ncnn,640,4,82,104.02969999995548,9.612639467386986,2,0.8298346996307373,
bench_detect_20260903_2040,ncnn,640,4,83,98.87900000467198,10.113370887172712,1,0.8219830989837646,
bench_detect_20260903_2040,ncnn,640,4,84,100.83920000033686,9.91677839567013,1,0.8257671594619751,
bench_detect_20260903_2040,ncnn,640,4,85,97.70299999945564,10.235100252864001,1,0.811461329460144,
bench_detect_20260903_2040,ncnn,640,4,86,105.42349999741418,9.485551134467437,1,0.8388513922691345,
bench_detect_20260903_2040,ncnn,640,4,87,116.70459999731975,8.568642538708552,1,0.8571673035621643,
bench_detect_20260903_2040,ncnn,640,4,88,108.75160000432516,9.195267011797794,1,0.8460314273834229,
bench_detect_20260903_2040,ncnn,640,4,89,144.7660999983782,6.907694550113617,1,0.7928651571273804,
bench_detect_20260903_2040,ncnn,640,4,90,104.26269999879878,9.591157719985393,1,0.8154221177101135,
bench_detect_20260903_2040,ncnn,640,4,91,107.37689999950817,9.312990037937213,6,0.85065096616745,
bench_detect_20260903_2040,ncnn,640,4,92,124.61809999513207,8.024516503132874,1,0.8413549065589905,
bench_detect_20260903_2040,ncnn,640,4,93,105.1110999978846,9.513743077754162,1,0.8516277074813843,
bench_detect_20260903_2040,ncnn,640,4,94,112.66130000149133,8.876162444306631,1,0.8222675323486328,
bench_detect_20260903_2040,ncnn,640,4,95,106.92669999843929,9.352201087423405,1,0.8292026519775391,
bench_detect_20260903_2040,ncnn,640,4,96,126.45579999662004,7.907901417149141,1,0.8072890043258667,
bench_detect_20260903_2040,ncnn,640,4,97,115.81589999696007,8.634393032616833,1,0.8510768413543701,
bench_detect_20260903_2040,ncnn,640,4,98,126.29940000624629,7.917693987069961,1,0.8391404151916504,
bench_detect_20260903_2040,ncnn,640,4,99,128.73080000281334,7.768148725698477,1,0.8497687578201294,
