run_id,backend,imgsz,threads,sample_idx,latency_ms,fps_instant,n_faces,conf_top,cpu_temp_c
bench_detect_20260905_1914,onnx,320,1,0,94.32809200006886,10.601295741243977,3,0.867016077041626,46.85
bench_detect_20260905_1914,onnx,320,1,1,94.77994500048226,10.55075522564306,1,0.8328506946563721,46.85
bench_detect_20260905_1914,onnx,320,1,2,94.43327799999679,10.589487320349443,2,0.8697801232337952,47.4
bench_detect_20260905_1914,onnx,320,1,3,94.2656849983905,10.608314149704361,1,0.882756769657135,46.3
bench_detect_20260905_1914,onnx,320,1,4,94.29044399985287,10.605528594197313,1,0.8138210773468018,46.3
bench_detect_20260905_1914,onnx,320,1,5,94.96915000090667,10.529735182324503,1,0.8523719906806946,46.3
bench_detect_20260905_1914,onnx,320,1,6,94.24270300041826,10.610901090088236,1,0.8551887273788452,46.85
bench_detect_20260905_1914,onnx,320,1,7,94.36114799973438,10.597581962470558,2,0.8453741669654846,47.4
bench_detect_20260905_1914,onnx,320,1,8,94.38233299988497,10.595203235771029,1,0.8628569841384888,47.4
bench_detect_20260905_1914,onnx,320,1,9,94.20146200136514,10.615546497415382,1,0.8440909385681152,47.4
bench_detect_20260905_1914,onnx,320,1,10,94.29416600141849,10.60510997027066,1,0.8319575786590576,47.95
bench_detect_20260905_1914,onnx,320,1,11,94.64675999879546,10.565602034477743,2,0.8591510057449341,46.85
bench_detect_20260905_1914,onnx,320,1,12,95.15085400016687,10.50962716528268,1,0.8425633311271667,47.4
bench_detect_20260905_1914,onnx,320,1,13,94.45479600071849,10.587074900806448,2,0.8373708128929138,46.85
bench_detect_20260905_1914,onnx,320,1,14,94.26773999985016,10.608082892425228,1,0.8705060482025146,46.85
bench_detect_20260905_1914,onnx,320,1,15,94.68720500080963,10.561089008715058,1,0.8714586496353149,46.85
bench_detect_20260905_1914,onnx,320,1,16,94.43361100056791,10.589449978715589,2,0.8616287708282471,47.4
bench_detect_20260905_1914,onnx,320,1,17,94.37627799889015,10.595883003690396,3,0.8603709936141968,46.85
bench_detect_20260905_1914,onnx,320,1,18,94.41672200046014,10.591344190016748,2,0.8776814937591553,47.4
bench_detect_20260905_1914,onnx,320,1,19,94.21422199920926,10.614108770206615,1,0.8844536542892456,47.4
bench_detect_20260905_1914,onnx,320,1,20,94.31731500080787,10.602507079335693,2,0.8719527721405029,48.5
bench_detect_20260905_1914,onnx,320,1,21,94.33440700013307,10.600586061865947,2,0.8753690123558044,46.3
bench_detect_20260905_1914,onnx,320,1,22,94.75853799995093,10.553138757802678,1,0.848172664642334,47.4
bench_detect_20260905_1914,onnx,320,1,23,94.3450179984211,10.59939381236575,1,0.8727248907089233,47.4
bench_detect_20260905_1914,onnx,320,1,24,94.32716600167623,10.601399812883487,2,0.8595871925354004,47.4
bench_detect_20260905_1914,onnx,320,1,25,94.19190700100444,10.616623357984846,1,0.8494384288787842,46.85
bench_detect_20260905_1914,onnx,320,1,26,95.27781799988588,10.495622391364984,3,0.8744772672653198,47.4
bench_detect_20260905_1914,onnx,320,1,27,94.37825899840391,10.59566059612216,1,0.8549525737762451,47.4
bench_detect_20260905_1914,onnx,320,1,28,94.22133199950622,10.61330782295925,1,0.8621965646743774,46.85
bench_detect_20260905_1914,onnx,320,1,29,94.34425899962662,10.599479084402557,1,0.8918617963790894,46.85
bench_detect_20260905_1914,onnx,320,1,30,94.24270299859927,10.610901090293039,1,0.8513922095298767,47.4
bench_detect_20260905_1914,onnx,320,1,31,94.31522200065956,10.602742365309885,1,0.8696874380111694,47.4
bench_detect_20260905_1914,onnx,320,1,32,94.65877799993905,10.564260611949205,2,0.8461754322052002,47.95
bench_detect_20260905_1914,onnx,320,1,33,94.25538799951028,10.609473062751551,1,0.8386847376823425,47.95
bench_detect_20260905_1914,onnx,320,1,34,94.40211100081797,10.592983455543015,2,0.8442742824554443,46.85
bench_detect_20260905_1914,onnx,320,1,35,94.24462899914943,10.610684243969226,1,0.8503501415252686,46.85
bench_detect_20260905_1914,onnx,320,1,36,94.19916600018041,10.615805239699094,1,0.8418044447898865,47.4
bench_detect_20260905_1914,onnx,320,1,37,95.27928100033023,10.49546123250588,1,0.8386180400848389,47.95
bench_detect_20260905_1914,onnx,320,1,38,94.32370399918,10.601788920510305,1,0.8658443093299866,47.95
bench_detect_20260905_1914,onnx,320,1,39,94.21975899931567,10.613485012281375,2,0.856456995010376,47.4
bench_detect_20260905_1914,onnx,320,1,40,94.36849899975641,10.596756445205102,1,0.8289915919303894,47.95
bench_detect_20260905_1914,onnx,320,1,41,94.26094400078,10.608847711006641,1,0.8585206866264343,47.4
bench_detect_20260905_1914,onnx,320,1,42,94.36113000083424,10.597583983904803,2,0.873018741607666,47.95
bench_detect_20260905_1914,onnx,320,1,43,94.66681600133597,10.563363618206909,1,0.8427597880363464,47.95
bench_detect_20260905_1914,onnx,320,1,44,94.3299249993288,10.601089739095155,1,0.8694509267807007,47.95
bench_detect_20260905_1914,onnx,320,1,45,94.27175900054863,10.607630647839937,2,0.8572405576705933,46.85
bench_detect_20260905_1914,onnx,320,1,46,94.22894300041662,10.612450571535952,1,0.8312458992004395,48.5
bench_detect_20260905_1914,onnx,320,1,47,94.92179799963196,10.534987969822035,1,0.8782301545143127,47.4
bench_detect_20260905_1914,onnx,320,1,48,94.46383300019079,10.586062075185751,2,0.8465735912322998,47.4
bench_detect_20260905_1914,onnx,320,1,49,94.24977699927695,10.61010467969247,1,0.8420447111129761,47.95
bench_detect_20260905_1914,onnx,320,1,50,94.2222399989987,10.613205544790985,1,0.8569331169128418,47.4
bench_detect_20260905_1914,onnx,320,1,51,94.42629600016517,10.590270320443903,1,0.8843919038772583,48.5
bench_detect_20260905_1914,onnx,320,1,52,94.32783299962466,10.601324849728915,1,0.8464038968086243,47.95
bench_detect_20260905_1914,onnx,320,1,53,94.2353139998886,10.611733091919046,1,0.8297358155250549,49.05
bench_detect_20260905_1914,onnx,320,1,54,95.53431899985299,10.46744259517398,1,0.8656474351882935,47.4
bench_detect_20260905_1914,onnx,320,1,55,94.34213000167802,10.599718280499005,1,0.8580819964408875,47.95
bench_detect_20260905_1914,onnx,320,1,56,94.23514800073463,10.611751784930654,1,0.8371187448501587,49.05
bench_detect_20260905_1914,onnx,320,1,57,94.2868880010792,10.605928578198,1,0.8488032817840576,47.95
bench_detect_20260905_1914,onnx,320,1,58,95.20704100032162,10.5034248464525,3,0.8435391187667847,46.85
bench_detect_20260905_1914,onnx,320,1,59,94.36516599998868,10.59713072512499,1,0.8659917712211609,46.85
bench_detect_20260905_1914,onnx,320,1,60,94.24927699910768,10.61016096717079,2,0.8362561464309692,46.85
bench_detect_20260905_1914,onnx,320,1,61,94.23560999857727,10.611699759943162,1,0.8599085807800293,47.4
bench_detect_20260905_1914,onnx,320,1,62,94.32372100127395,10.601787009510511,1,0.8583499193191528,49.05
bench_detect_20260905_1914,onnx,320,1,63,94.39144499992835,10.594180436593158,3,0.8242826461791992,48.5
bench_detect_20260905_1914,onnx,320,1,64,94.43366699997569,10.589443699144475,1,0.8813580274581909,47.4
bench_detect_20260905_1914,onnx,320,1,65,94.40603699840722,10.59254293257614,1,0.8344623446464539,47.95
bench_detect_20260905_1914,onnx,320,1,66,94.289740000022,10.605607778744185,2,0.8658978343009949,48.5
bench_detect_20260905_1914,onnx,320,1,67,94.24733299965737,10.610379818425582,1,0.8395218849182129,48.5
bench_detect_20260905_1914,onnx,320,1,68,94.48281599907205,10.583935178327257,2,0.865976095199585,48.5
bench_detect_20260905_1914,onnx,320,1,69,95.28091100037273,10.495281683401286,1,0.8664168119430542,48.5
bench_detect_20260905_1914,onnx,320,1,70,94.29168499991647,10.605389011776445,1,0.8556602597236633,47.4
bench_detect_20260905_1914,onnx,320,1,71,94.23490699919057,10.611778924009439,1,0.8706232905387878,47.95
bench_detect_20260905_1914,onnx,320,1,72,94.23792499910633,10.61143907836981,1,0.8552777171134949,48.5
bench_detect_20260905_1914,onnx,320,1,73,94.370777000222,10.596500651866494,1,0.8395990133285522,46.85
bench_detect_20260905_1914,onnx,320,1,74,94.2285000000993,10.612500464285711,1,0.8509732484817505,47.4
bench_detect_20260905_1914,onnx,320,1,75,94.60603800107492,10.57014986705857,1,0.8412084579467773,49.05
bench_detect_20260905_1914,onnx,320,1,76,94.36351800104603,10.59731579728635,2,0.8553757667541504,47.95
bench_detect_20260905_1914,onnx,320,1,77,94.2587959998491,10.609089468972222,1,0.8588329553604126,49.05
bench_detect_20260905_1914,onnx,320,1,78,94.24927700092667,10.610160966966015,1,0.8597087860107422,47.95
bench_detect_20260905_1914,onnx,320,1,79,94.81900200080418,10.546409252351326,3,0.8422040343284607,48.5
bench_detect_20260905_1914,onnx,320,1,80,94.33711100064102,10.60028221548151,1,0.8683739900588989,48.5
bench_detect_20260905_1914,onnx,320,1,81,94.27325899923744,10.607461867931063,1,0.8617998361587524,49.05
bench_detect_20260905_1914,onnx,320,1,82,94.24125900113722,10.61106367422291,2,0.8524227142333984,48.5
bench_detect_20260905_1914,onnx,320,1,83,94.34463000070537,10.599437402982273,1,0.8346425294876099,48.5
bench_detect_20260905_1914,onnx,320,1,84,94.34136999880138,10.599803670571088,1,0.865837574005127,47.95
bench_detect_20260905_1914,onnx,320,1,85,94.45294400029525,10.587282488483092,1,0.8456010818481445,48.5
bench_detect_20260905_1914,onnx,320,1,86,94.35320299962768,10.598474330584686,1,0.8597445487976074,47.95
bench_detect_20260905_1914,onnx,320,1,87,94.22420299961232,10.612984436749382,1,0.8807274103164673,48.5
bench_detect_20260905_1914,onnx,320,1,88,94.2310919999727,10.612208547899346,1,0.8535925149917603,48.5
bench_detect_20260905_1914,onnx,320,1,89,94.23261099982483,10.612037482457733,1,0.8226958513259888,48.5
bench_detect_20260905_1914,onnx,320,1,90,94.78220600067289,10.550503540642437,1,0.835182785987854,48.5
bench_detect_20260905_1914,onnx,320,1,91,94.58535200064944,10.572461579390579,5,0.8622593879699707,49.05
bench_detect_20260905_1914,onnx,320,1,92,94.29486999943038,10.605030793361728,1,0.8443489074707031,48.5
bench_detect_20260905_1914,onnx,320,1,93,94.25937000014528,10.609024864036952,1,0.8922709226608276,48.5
bench_detect_20260905_1914,onnx,320,1,94,94.340222000028,10.5999326565047,1,0.8305662870407104,49.05
bench_detect_20260905_1914,onnx,320,1,95,94.23388899995189,10.611893561991383,1,0.8475969433784485,48.5
bench_detect_20260905_1914,onnx,320,1,96,94.6580569998332,10.564341078771161,1,0.8309303522109985,48.5
bench_detect_20260905_1914,onnx,320,1,97,94.38122299980023,10.595327843994102,1,0.8784868717193604,49.05
bench_detect_20260905_1914,onnx,320,1,98,94.19609199903789,10.616151676549531,1,0.8540760278701782,48.5
bench_detect_20260905_1914,onnx,320,1,99,94.20475800106942,10.615175084772766,1,0.8631399869918823,47.4
bench_detect_20260905_1914,onnx,320,2,0,52.76150400095503,18.953212554022326,3,0.867016077041626,50.15
bench_detect_20260905_1914,onnx,320,2,1,53.14087499937159,18.817906178846798,1,0.8328506946563721,49.6
bench_detect_20260905_1914,onnx,320,2,2,53.06822700003977,18.84366704015287,2,0.8697801232337952,50.15
bench_detect_20260905_1914,onnx,320,2,3,52.84611499882885,18.922866894229813,1,0.882756769657135,49.05
bench_detect_20260905_1914,onnx,320,2,4,52.66035400018154,18.989617882108284,1,0.8138210773468018,50.15
bench_detect_20260905_1914,onnx,320,2,5,52.63402200034761,18.999118098810605,1,0.8523719310760498,49.6
bench_detect_20260905_1914,onnx,320,2,6,52.71292900033586,18.970677952530934,1,0.8551887273788452,50.15
bench_detect_20260905_1914,onnx,320,2,7,52.64900300062436,18.993711998461606,2,0.8453741669654846,49.6
bench_detect_20260905_1914,onnx,320,2,8,52.542891000484815,19.03207038970834,1,0.8628569841384888,49.6
bench_detect_20260905_1914,onnx,320,2,9,52.73376299919619,18.96318303731222,1,0.8440910577774048,49.6
bench_detect_20260905_1914,onnx,320,2,10,54.26043500119704,18.429634778599528,1,0.8319575786590576,50.15
bench_detect_20260905_1914,onnx,320,2,11,52.79237399918202,18.94212978593261,2,0.8591510057449341,49.6
bench_detect_20260905_1914,onnx,320,2,12,52.70531799942546,18.973417445482465,1,0.8425633311271667,50.15
bench_detect_20260905_1914,onnx,320,2,13,52.738207999937,18.961584739496544,2,0.8373708128929138,49.05
bench_detect_20260905_1914,onnx,320,2,14,52.70315099915024,18.974197577221208,1,0.8705060482025146,50.7
bench_detect_20260905_1914,onnx,320,2,15,52.660650999314385,18.989510783165585,1,0.8714586496353149,49.6
bench_detect_20260905_1914,onnx,320,2,16,52.638207000200055,18.997607574213145,2,0.8616287708282471,50.15
bench_detect_20260905_1914,onnx,320,2,17,52.861948001009296,18.91719919176847,3,0.8603709936141968,49.6
bench_detect_20260905_1914,onnx,320,2,18,52.76959600087139,18.95030615704329,2,0.8776814937591553,49.05
bench_detect_20260905_1914,onnx,320,2,19,52.640207000877126,18.99688578320631,1,0.8844536542892456,50.15
bench_detect_20260905_1914,onnx,320,2,20,53.08068999875104,18.83924267042364,2,0.8719527721405029,50.7
bench_detect_20260905_1914,onnx,320,2,21,52.83720700026606,18.926057162615816,2,0.8753690123558044,50.15
bench_detect_20260905_1914,onnx,320,2,22,52.786799999012146,18.94412997224143,1,0.848172664642334,50.7
bench_detect_20260905_1914,onnx,320,2,23,52.6708180004789,18.9858452547843,1,0.8727248907089233,50.15
bench_detect_20260905_1914,onnx,320,2,24,52.64168800022162,18.99635133272683,2,0.8595871925354004,50.15
bench_detect_20260905_1914,onnx,320,2,25,52.625873000579304,19.002060070129232,1,0.8494384288787842,50.7
bench_detect_20260905_1914,onnx,320,2,26,52.784484998483094,18.944960816208354,3,0.8744772672653198,49.05
bench_detect_20260905_1914,onnx,320,2,27,52.632114000516594,18.999806847777098,1,0.8549525737762451,49.05
bench_detect_20260905_1914,onnx,320,2,28,52.62096600017685,19.003832046653024,1,0.8621965646743774,50.15
bench_detect_20260905_1914,onnx,320,2,29,54.140878999533015,18.470331817269265,1,0.8918617963790894,50.7
bench_detect_20260905_1914,onnx,320,2,30,52.72857700038003,18.965048117888575,1,0.8513922095298767,51.25
bench_detect_20260905_1914,onnx,320,2,31,52.68848400010029,18.979479462686697,1,0.8696874380111694,49.6
bench_detect_20260905_1914,onnx,320,2,32,52.68815099952917,18.979599417123904,2,0.8461754322052002,51.25
bench_detect_20260905_1914,onnx,320,2,33,52.650798999820836,18.99306409392577,1,0.8386847972869873,50.7
bench_detect_20260905_1914,onnx,320,2,34,52.784281000640476,18.945034033671238,2,0.8442742824554443,50.7
bench_detect_20260905_1914,onnx,320,2,35,52.65053999937663,18.99315752529489,1,0.8503501415252686,49.6
bench_detect_20260905_1914,onnx,320,2,36,52.70454000128666,18.973697521609854,1,0.8418044447898865,50.15
bench_detect_20260905_1914,onnx,320,2,37,52.80354100068507,18.938123865348842,1,0.8386180400848389,50.7
bench_detect_20260905_1914,onnx,320,2,38,52.70283600111725,18.97431098354557,1,0.8658443093299866,50.15
bench_detect_20260905_1914,onnx,320,2,39,53.19446800058358,18.798947288823893,2,0.856456995010376,51.25
bench_detect_20260905_1914,onnx,320,2,40,52.72594800044317,18.965993745462765,1,0.8289915919303894,50.7
bench_detect_20260905_1914,onnx,320,2,41,52.68346599950746,18.981287222244433,1,0.8585206866264343,50.7
bench_detect_20260905_1914,onnx,320,2,42,52.75396600154636,18.9559207732493,2,0.873018741607666,51.25
bench_detect_20260905_1914,onnx,320,2,43,52.73672600014834,18.962117595187596,1,0.8427597880363464,50.7
bench_detect_20260905_1914,onnx,320,2,44,52.62020599911921,19.00410652167988,1,0.8694509267807007,50.15
bench_detect_20260905_1914,onnx,320,2,45,52.70141099936154,18.97482403292987,2,0.8572405576705933,50.7
bench_detect_20260905_1914,onnx,320,2,46,52.619299000070896,19.004434095533135,1,0.8312458992004395,50.15
bench_detect_20260905_1914,onnx,320,2,47,52.60970699964673,19.007899055714468,1,0.8782301545143127,51.25
bench_detect_20260905_1914,onnx,320,2,48,53.961397001330624,18.531766328720902,2,0.8465735912322998,50.7
bench_detect_20260905_1914,onnx,320,2,49,52.697799999805284,18.976124240550742,1,0.8420446515083313,50.7
bench_detect_20260905_1914,onnx,320,2,50,52.72046600111935,18.967965874557486,1,0.8569331169128418,50.7
bench_detect_20260905_1914,onnx,320,2,51,52.63887399996747,18.997366850981994,1,0.8843919038772583,50.7
bench_detect_20260905_1914,onnx,320,2,52,52.65609600064636,18.991153464695234,1,0.8464040756225586,49.6
bench_detect_20260905_1914,onnx,320,2,53,52.702447999763535,18.974450674558547,1,0.8297357559204102,49.6
bench_detect_20260905_1914,onnx,320,2,54,52.63057699994533,19.000361709905608,1,0.8656474351882935,51.25
bench_detect_20260905_1914,onnx,320,2,55,52.58153999966453,19.0180812506895,1,0.8580819964408875,49.6
bench_detect_20260905_1914,onnx,320,2,56,52.741262999916216,18.960486403247273,1,0.8371187448501587,50.15
bench_detect_20260905_1914,onnx,320,2,57,52.87048500031233,18.914144630867156,1,0.8488032817840576,51.25
bench_detect_20260905_1914,onnx,320,2,58,53.18906100001186,18.800858319340833,3,0.8435391187667847,50.7
bench_detect_20260905_1914,onnx,320,2,59,53.4617100001924,18.704975953750846,1,0.8659917712211609,51.8
bench_detect_20260905_1914,onnx,320,2,60,52.86568900010025,18.91586053097887,2,0.8362561464309692,51.25
bench_detect_20260905_1914,onnx,320,2,61,52.82107799939695,18.93183626451957,1,0.8599085807800293,51.25
bench_detect_20260905_1914,onnx,320,2,62,52.67559599997185,18.984123122224084,1,0.8583499193191528,51.25
bench_detect_20260905_1914,onnx,320,2,63,52.75209600040398,18.95659273884287,3,0.8242826461791992,51.25
bench_detect_20260905_1914,onnx,320,2,64,52.66618800123979,18.987514341771984,1,0.8813580274581909,51.8
bench_detect_20260905_1914,onnx,320,2,65,52.59252100040612,19.01411039018795,1,0.8344623446464539,51.25
bench_detect_20260905_1914,onnx,320,2,66,52.64813299982052,18.99402586609119,2,0.8658978343009949,51.8
bench_detect_20260905_1914,onnx,320,2,67,53.904304000752745,18.551394337380472,1,0.8395219445228577,50.7
bench_detect_20260905_1914,onnx,320,2,68,52.82161499962967,18.931643797846977,2,0.865976095199585,51.8
bench_detect_20260905_1914,onnx,320,2,69,52.627261999077746,19.001558546168035,1,0.8664168119430542,51.25
bench_detect_20260905_1914,onnx,320,2,70,52.63657700015756,18.99819587426832,1,0.8556604385375977,51.25
bench_detect_20260905_1914,onnx,320,2,71,52.66016999848944,18.989684234378377,1,0.8706232905387878,51.25
bench_detect_20260905_1914,onnx,320,2,72,52.620392001699656,19.004039345957356,1,0.8552777171134949,50.7
bench_detect_20260905_1914,onnx,320,2,73,52.70218800069415,18.974544282427683,1,0.8395991325378418,51.8
bench_detect_20260905_1914,onnx,320,2,74,52.67396599992935,18.984710587415066,1,0.8509732484817505,51.25
bench_detect_20260905_1914,onnx,320,2,75,52.69789199883235,18.976091112376135,1,0.8412084579467773,51.8
bench_detect_20260905_1914,onnx,320,2,76,52.84442900119757,18.92347062691013,2,0.8553757667541504,51.8
bench_detect_20260905_1914,onnx,320,2,77,53.32880199966894,18.751593182352153,1,0.8588329553604126,51.25
bench_detect_20260905_1914,onnx,320,2,78,52.72516999866639,18.966273603770148,1,0.8597087860107422,51.25
bench_detect_20260905_1914,onnx,320,2,79,52.917966999302735,18.89717343096677,3,0.8422040343284607,51.25
bench_detect_20260905_1914,onnx,320,2,80,52.63748400102486,18.997868514774183,1,0.8683739900588989,51.25
bench_detect_20260905_1914,onnx,320,2,81,52.64103999979852,18.996585173921858,1,0.8617998361587524,50.15
bench_detect_20260905_1914,onnx,320,2,82,52.75978099962231,18.953831518124737,2,0.8524225950241089,50.7
bench_detect_20260905_1914,onnx,320,2,83,52.62470700108679,19.002481096556952,1,0.8346425294876099,51.8
bench_detect_20260905_1914,onnx,320,2,84,52.60303999966709,19.01030814961129,1,0.865837574005127,51.25
bench_detect_20260905_1914,onnx,320,2,85,52.58226200021454,19.01782011576299,1,0.8456010818481445,51.8
bench_detect_20260905_1914,onnx,320,2,86,53.792971000802936,18.589789360864145,1,0.8597445487976074,51.8
bench_detect_20260905_1914,onnx,320,2,87,52.721633001056034,18.967546016261856,1,0.8807274103164673,50.15
bench_detect_20260905_1914,onnx,320,2,88,52.742335999937495,18.960100667539358,1,0.8535925149917603,51.8
bench_detect_20260905_1914,onnx,320,2,89,52.6492059998418,18.99363876452391,1,0.8226958513259888,50.7
bench_detect_20260905_1914,onnx,320,2,90,52.69648499961477,18.97659777511366,1,0.835182785987854,51.8
bench_detect_20260905_1914,onnx,320,2,91,52.90044899993518,18.903431235550105,5,0.8622593879699707,51.25
bench_detect_20260905_1914,onnx,320,2,92,52.66341099923011,18.988515575161266,1,0.8443489074707031,51.25
bench_detect_20260905_1914,onnx,320,2,93,52.70033700071508,18.975210727522125,1,0.8922709226608276,51.8
bench_detect_20260905_1914,onnx,320,2,94,52.65235499973642,18.992502804575523,1,0.8305662870407104,51.8
bench_detect_20260905_1914,onnx,320,2,95,52.78350399930787,18.945312914677142,1,0.8475969433784485,51.8
bench_detect_20260905_1914,onnx,320,2,96,53.61263600025268,18.652319203168577,1,0.8309303522109985,50.7
bench_detect_20260905_1914,onnx,320,2,97,52.71415100105514,18.970238181014878,1,0.8784868717193604,50.7
bench_detect_20260905_1914,onnx,320,2,98,52.630263000537525,19.00047506868409,1,0.8540760278701782,51.25
bench_detect_20260905_1914,onnx,320,2,99,52.73074400065525,18.964268738320357,1,0.8631399869918823,51.8
bench_detect_20260905_1914,onnx,320,4,0,35.10069399999338,28.48946519405538,3,0.867016077041626,54.0
bench_detect_20260905_1914,onnx,320,4,1,35.138990000632475,28.458416134954383,1,0.8328506946563721,54.0
bench_detect_20260905_1914,onnx,320,4,2,35.28895399904286,28.337479201767298,2,0.8697801828384399,54.0
bench_detect_20260905_1914,onnx,320,4,3,35.323509000591,28.30975824013602,1,0.8827567100524902,54.55
bench_detect_20260905_1914,onnx,320,4,4,35.31791599925782,28.314241418463485,1,0.8138210773468018,53.45
bench_detect_20260905_1914,onnx,320,4,5,35.25062000153412,28.36829536491783,1,0.8523718118667603,52.9
bench_detect_20260905_1914,onnx,320,4,6,35.05471199969179,28.526835422547254,1,0.8551887273788452,53.45
bench_detect_20260905_1914,onnx,320,4,7,34.995358999367454,28.575217645804837,2,0.8453742861747742,54.55
bench_detect_20260905_1914,onnx,320,4,8,35.12171200054581,28.47241615056975,1,0.8628569841384888,54.0
bench_detect_20260905_1914,onnx,320,4,9,35.169711998605635,28.433556693317442,1,0.8440911173820496,52.9
bench_detect_20260905_1914,onnx,320,4,10,35.3056200001447,28.324102508209783,1,0.8319575786590576,54.55
bench_detect_20260905_1914,onnx,320,4,11,37.366349999501836,26.762046601108533,2,0.8591510057449341,54.55
bench_detect_20260905_1914,onnx,320,4,12,35.483788000419736,28.18188407585377,1,0.8425633907318115,54.55
bench_detect_20260905_1914,onnx,320,4,13,35.32650899978762,28.307354117725357,2,0.837370753288269,55.1
bench_detect_20260905_1914,onnx,320,4,14,35.18554500078608,28.420761991256896,1,0.8705060482025146,54.55
bench_detect_20260905_1914,onnx,320,4,15,35.072081998805515,28.512707059536925,1,0.8714585304260254,55.1
bench_detect_20260905_1914,onnx,320,4,16,35.03897100017639,28.539650893143122,2,0.8616288304328918,55.1
bench_detect_20260905_1914,onnx,320,4,17,34.9672489992372,28.598189123251153,3,0.8603709936141968,54.55
bench_detect_20260905_1914,onnx,320,4,18,35.302602000228944,28.326523920064442,2,0.8776813745498657,53.45
bench_detect_20260905_1914,onnx,320,4,19,45.28315899915469,22.083264995241766,1,0.8844536542892456,54.55
bench_detect_20260905_1914,onnx,320,4,20,34.89565499876335,28.656862868326687,2,0.8719526529312134,55.1
bench_detect_20260905_1914,onnx,320,4,21,40.66358599993691,24.592026881287634,2,0.8753691911697388,55.1
bench_detect_20260905_1914,onnx,320,4,22,34.90422899994883,28.64982349277694,1,0.8481728434562683,55.1
bench_detect_20260905_1914,onnx,320,4,23,35.037174999160925,28.541113831921326,1,0.8727248907089233,53.45
bench_detect_20260905_1914,onnx,320,4,24,35.38432400091551,28.261102288519815,2,0.8595873117446899,55.1
bench_detect_20260905_1914,onnx,320,4,25,40.36667700165708,24.772908603771107,1,0.8494384288787842,54.0
bench_detect_20260905_1914,onnx,320,4,26,36.88988599969889,27.10770101073672,3,0.8744773268699646,54.0
bench_detect_20260905_1914,onnx,320,4,27,35.175342000002274,28.429005750674303,1,0.8549525737762451,54.55
bench_detect_20260905_1914,onnx,320,4,28,35.13824900073814,28.4590162696779,1,0.8621963858604431,55.1
bench_detect_20260905_1914,onnx,320,4,29,35.15891600000032,28.442287583610113,1,0.8918617963790894,54.55
bench_detect_20260905_1914,onnx,320,4,30,35.13091599961626,28.464956621424932,1,0.8513919711112976,55.1
bench_detect_20260905_1914,onnx,320,4,31,35.02674800074601,28.549610143045587,1,0.8696874380111694,54.0
bench_detect_20260905_1914,onnx,320,4,32,40.35369499979424,24.78087818240929,2,0.8461754322052002,55.1
bench_detect_20260905_1914,onnx,320,4,33,34.94995199980622,28.61234258649467,1,0.8386847972869873,54.55
bench_detect_20260905_1914,onnx,320,4,34,35.27687899986631,28.347178898784943,2,0.8442742824554443,55.65
bench_detect_20260905_1914,onnx,320,4,35,35.09289700014051,28.495795032139867,1,0.8503502607345581,55.65
bench_detect_20260905_1914,onnx,320,4,36,35.10223000012047,28.488218554677808,1,0.8418042659759521,55.1
bench_detect_20260905_1914,onnx,320,4,37,43.76387600132148,22.849895652976542,1,0.8386180400848389,55.65
bench_detect_20260905_1914,onnx,320,4,38,35.29693500058784,28.33107180505463,1,0.8658442497253418,55.1
bench_detect_20260905_1914,onnx,320,4,39,37.9986869993445,26.316698785335678,2,0.8564569354057312,54.55
bench_detect_20260905_1914,onnx,320,4,40,35.39215800083184,28.254846736853303,1,0.8289916515350342,55.1
bench_detect_20260905_1914,onnx,320,4,41,35.065860000031535,28.517766283191136,1,0.8585205078125,55.65
bench_detect_20260905_1914,onnx,320,4,42,43.29881800003932,23.09531867588376,2,0.8730186820030212,55.65
bench_detect_20260905_1914,onnx,320,4,43,34.81411799839407,28.72397916403135,1,0.8427597284317017,54.55
bench_detect_20260905_1914,onnx,320,4,44,35.05187799964915,28.529141862527577,1,0.8694509267807007,55.65
bench_detect_20260905_1914,onnx,320,4,45,35.17412000110198,28.42999341472283,2,0.8572405576705933,54.55
bench_detect_20260905_1914,onnx,320,4,46,35.19565699934901,28.412596475141697,1,0.8312457799911499,55.65
bench_detect_20260905_1914,onnx,320,4,47,35.01367399985611,28.560270481872582,1,0.8782301545143127,55.65
bench_detect_20260905_1914,onnx,320,4,48,35.007692998988205,28.56514995229483,2,0.8465737104415894,54.55
bench_detect_20260905_1914,onnx,320,4,49,35.00478500063764,28.567522982408953,1,0.8420445919036865,55.65
bench_detect_20260905_1914,onnx,320,4,50,35.034378999625915,28.54339162143213,1,0.8569329380989075,55.65
bench_detect_20260905_1914,onnx,320,4,51,41.736626999409054,23.959770395776328,1,0.8843920230865479,54.55
bench_detect_20260905_1914,onnx,320,4,52,34.996766999029205,28.57406799970236,1,0.8464040160179138,54.55
bench_detect_20260905_1914,onnx,320,4,53,38.081057000454166,26.25977529951634,1,0.8297357559204102,55.65
bench_detect_20260905_1914,onnx,320,4,54,37.68818500066118,26.533514415259226,1,0.8656472563743591,55.1
bench_detect_20260905_1914,onnx,320,4,55,35.355138999875635,28.284431295928933,1,0.8580819368362427,56.2
bench_detect_20260905_1914,onnx,320,4,56,35.072545000730315,28.512330655764416,1,0.8371188640594482,56.2
bench_detect_20260905_1914,onnx,320,4,57,34.9170450008387,28.639307821609197,1,0.8488032817840576,55.65
bench_detect_20260905_1914,onnx,320,4,58,35.113120000460185,28.479383204537058,3,0.8435393571853638,55.65
bench_detect_20260905_1914,onnx,320,4,59,48.57748799986439,20.58566717164938,1,0.8659919500350952,55.1
bench_detect_20260905_1914,onnx,320,4,60,35.271378999823355,28.3515991820169,2,0.8362561464309692,55.1
bench_detect_20260905_1914,onnx,320,4,61,34.91969300011988,28.637136070943324,1,0.8599084615707397,56.75
bench_detect_20260905_1914,onnx,320,4,62,35.02613800083054,28.55010735058167,1,0.8583500385284424,55.65
bench_detect_20260905_1914,onnx,320,4,63,35.09961899908376,28.490337744865663,3,0.8242825865745544,56.2
bench_detect_20260905_1914,onnx,320,4,64,34.961712000949774,28.602718310042537,1,0.8813580870628357,56.2
bench_detect_20260905_1914,onnx,320,4,65,35.206230999392574,28.404062906286487,1,0.8344623446464539,54.55
bench_detect_20260905_1914,onnx,320,4,66,37.75035199942067,26.489819221165046,2,0.8658976554870605,55.1
bench_detect_20260905_1914,onnx,320,4,67,39.251784000953194,25.47654903980201,1,0.8395218849182129,56.75
bench_detect_20260905_1914,onnx,320,4,68,36.91453400097089,27.089601076196683,2,0.8659761548042297,55.1
bench_detect_20260905_1914,onnx,320,4,69,40.57860399916535,24.643528890756535,1,0.8664168119430542,55.65
bench_detect_20260905_1914,onnx,320,4,70,35.2170459991612,28.395340143628683,1,0.8556604385375977,56.2
bench_detect_20260905_1914,onnx,320,4,71,34.99586000179988,28.574808561600392,1,0.8706231713294983,56.75
bench_detect_20260905_1914,onnx,320,4,72,35.109488999296445,28.48232852434961,1,0.8552777171134949,56.2
bench_detect_20260905_1914,onnx,320,4,73,35.304139000800205,28.32529069685948,1,0.8395990133285522,55.65
bench_detect_20260905_1914,onnx,320,4,74,43.14666999925976,23.17675964372584,1,0.8509732484817505,55.65
bench_detect_20260905_1914,onnx,320,4,75,35.12048999982653,28.473406834726372,1,0.8412084579467773,55.65
bench_detect_20260905_1914,onnx,320,4,76,35.27400900020439,28.349485310677494,2,0.8553756475448608,55.65
bench_detect_20260905_1914,onnx,320,4,77,35.080359999483335,28.50597884442258,1,0.8588330149650574,56.2
bench_detect_20260905_1914,onnx,320,4,78,34.95945200120332,28.604567370380394,1,0.8597084283828735,56.75
bench_detect_20260905_1914,onnx,320,4,79,40.90969699973357,24.444082291944444,3,0.8422040939331055,56.2
bench_detect_20260905_1914,onnx,320,4,80,35.02460100025928,28.551360227989385,1,0.8683739900588989,56.2
bench_detect_20260905_1914,onnx,320,4,81,41.61149699939415,24.031819860135283,1,0.8618000149726868,56.2
bench_detect_20260905_1914,onnx,320,4,82,44.59767600019404,22.422693056823164,2,0.8524225950241089,55.65
bench_detect_20260905_1914,onnx,320,4,83,35.04750799947942,28.53269910131281,1,0.8346426486968994,55.1
bench_detect_20260905_1914,onnx,320,4,84,35.00104500017187,28.570575535533,1,0.8658374547958374,56.75
bench_detect_20260905_1914,onnx,320,4,85,35.04061900093802,28.538308640416155,1,0.8456012010574341,56.2
bench_detect_20260905_1914,onnx,320,4,86,35.0798230010696,28.506415211088996,1,0.8597445487976074,56.2
bench_detect_20260905_1914,onnx,320,4,87,35.05082300034701,28.53000056489686,1,0.8807274103164673,56.2
bench_detect_20260905_1914,onnx,320,4,88,35.11813800105301,28.47531380991826,1,0.8535926342010498,55.65
bench_detect_20260905_1914,onnx,320,4,89,35.07561999867903,28.509831046112957,1,0.8226960301399231,55.1
bench_detect_20260905_1914,onnx,320,4,90,35.07673000058276,28.50892885349878,1,0.8351827263832092,55.1
bench_detect_20260905_1914,onnx,320,4,91,35.43823199834151,28.21811201097164,5,0.8622592687606812,56.2
bench_detect_20260905_1914,onnx,320,4,92,35.29426900058752,28.333211830604956,1,0.8443487882614136,56.2
bench_detect_20260905_1914,onnx,320,4,93,37.68727799979388,26.534152984077792,1,0.8922708034515381,55.65
bench_detect_20260905_1914,onnx,320,4,94,35.29647200048203,28.331443436792874,1,0.8305662870407104,56.2
bench_detect_20260905_1914,onnx,320,4,95,38.47320699969714,25.992114460535404,1,0.847597062587738,56.75
bench_detect_20260905_1914,onnx,320,4,96,35.10052700039523,28.489600739861825,1,0.8309303522109985,56.2
bench_detect_20260905_1914,onnx,320,4,97,35.01413800040609,28.559892006720315,1,0.8784871101379395,56.75
bench_detect_20260905_1914,onnx,320,4,98,35.34237900021253,28.29464309671928,1,0.8540760278701782,55.1
bench_detect_20260905_1914,onnx,320,4,99,35.08343399880687,28.503481159626748,1,0.863139808177948,55.1
bench_detect_20260905_1914,onnx,640,1,0,384.1180469989922,2.603366355246057,1,0.8214684128761292,51.25
bench_detect_20260905_1914,onnx,640,1,1,384.9220140000398,2.5979288365666107,1,0.8121476173400879,51.8
bench_detect_20260905_1914,onnx,640,1,2,384.1163260003668,2.60337801939469,1,0.8395451307296753,51.8
bench_detect_20260905_1914,onnx,640,1,3,384.09841700013203,2.603499404684233,1,0.8316102027893066,51.25
bench_detect_20260905_1914,onnx,640,1,4,384.2437340008473,2.602514788172954,1,0.7443007230758667,50.15
bench_detect_20260905_1914,onnx,640,1,5,385.6750169998122,2.592856565558891,1,0.8330685496330261,50.7
bench_detect_20260905_1914,onnx,640,1,6,384.65275399903476,2.599747407508512,1,0.8096308708190918,50.15
bench_detect_20260905_1914,onnx,640,1,7,385.42883100126346,2.5945127078382,2,0.8250113129615784,50.7
bench_detect_20260905_1914,onnx,640,1,8,384.06606600074156,2.603718704995065,1,0.8489109873771667,51.8
bench_detect_20260905_1914,onnx,640,1,9,385.01670000005106,2.597289935734911,1,0.8309524655342102,51.8
bench_detect_20260905_1914,onnx,640,1,10,384.33401200018125,2.601903471399061,1,0.8210676908493042,51.25
bench_detect_20260905_1914,onnx,640,1,11,384.2362700015656,2.602565343443308,1,0.8629551529884338,51.25
bench_detect_20260905_1914,onnx,640,1,12,384.0691040004458,2.6036981094913565,1,0.8423635959625244,50.7
bench_detect_20260905_1914,onnx,640,1,13,383.7458609996247,2.605891298462703,2,0.8258845806121826,49.6
bench_detect_20260905_1914,onnx,640,1,14,384.54551300128514,2.600472417933682,1,0.867732048034668,51.25
bench_detect_20260905_1914,onnx,640,1,15,383.9939740009868,2.604207533729241,1,0.8611422777175903,50.15
bench_detect_20260905_1914,onnx,640,1,16,384.72130999980436,2.5992841415530337,2,0.8343456983566284,51.8
bench_detect_20260905_1914,onnx,640,1,17,384.3377530010912,2.6018781454372526,3,0.8394144177436829,50.7
bench_detect_20260905_1914,onnx,640,1,18,384.0363449999131,2.603920209688034,2,0.8466662168502808,49.6
bench_detect_20260905_1914,onnx,640,1,19,384.82608899903425,2.5985764182493085,1,0.8641481995582581,51.8
bench_detect_20260905_1914,onnx,640,1,20,386.0376120010187,2.5904211634107845,2,0.8630980253219604,51.25
bench_detect_20260905_1914,onnx,640,1,21,384.0297710012237,2.6039647847948055,2,0.8476157188415527,51.25
bench_detect_20260905_1914,onnx,640,1,22,384.4014940004854,2.601446705091987,1,0.8146378993988037,50.7
bench_detect_20260905_1914,onnx,640,1,23,384.2262899997877,2.602632943207901,1,0.8654170632362366,51.25
bench_detect_20260905_1914,onnx,640,1,24,385.4891279988806,2.5941068823162867,1,0.842850923538208,49.6
bench_detect_20260905_1914,onnx,640,1,25,384.37369799976295,2.601634828823841,1,0.8463841676712036,51.25
bench_detect_20260905_1914,onnx,640,1,26,384.2985690007481,2.602143439149921,3,0.8579727411270142,50.15
bench_detect_20260905_1914,onnx,640,1,27,384.6964399999706,2.5994521810497555,1,0.8502155542373657,50.7
bench_detect_20260905_1914,onnx,640,1,28,384.364049999931,2.601700132986369,1,0.8369370698928833,50.7
bench_detect_20260905_1914,onnx,640,1,29,383.69297300050675,2.6062504928873933,1,0.8458551168441772,49.6
bench_detect_20260905_1914,onnx,640,1,30,385.25292399936006,2.59569736582106,1,0.8377920985221863,51.25
bench_detect_20260905_1914,onnx,640,1,31,384.0253449998272,2.603994796230051,1,0.8432220816612244,50.7
bench_detect_20260905_1914,onnx,640,1,32,384.7015880000981,2.5994173956977398,1,0.8313401341438293,50.7
bench_detect_20260905_1914,onnx,640,1,33,385.07597999887366,2.5968900994627733,1,0.8367627859115601,50.15
bench_detect_20260905_1914,onnx,640,1,34,384.1746050002257,2.602983088898894,1,0.7940596342086792,50.7
bench_detect_20260905_1914,onnx,640,1,35,384.7181629989791,2.5993054037395518,1,0.8441815376281738,50.7
bench_detect_20260905_1914,onnx,640,1,36,386.569280999538,2.586858421378793,1,0.8246172666549683,50.7
bench_detect_20260905_1914,onnx,640,1,37,384.4832549984858,2.600893503161635,1,0.8456274271011353,50.7
bench_detect_20260905_1914,onnx,640,1,38,384.35212500007765,2.601780853949482,1,0.8481337428092957,51.25
bench_detect_20260905_1914,onnx,640,1,39,383.70451199989475,2.606172116110728,2,0.8228009939193726,50.15
bench_detect_20260905_1914,onnx,640,1,40,385.4368880001857,2.5944584733143605,1,0.8118500709533691,50.15
bench_detect_20260905_1914,onnx,640,1,41,384.15642000109074,2.6031063075742966,1,0.8480185270309448,50.7
bench_detect_20260905_1914,onnx,640,1,42,384.12867999977607,2.603294291903908,2,0.8532112240791321,50.7
bench_detect_20260905_1914,onnx,640,1,43,385.7996489987272,2.5920189471279147,1,0.831119179725647,51.25
bench_detect_20260905_1914,onnx,640,1,44,383.7550860007468,2.6058286560352033,1,0.8604683876037598,50.7
bench_detect_20260905_1914,onnx,640,1,45,384.71294100054365,2.5993406860690627,2,0.8367143869400024,50.7
bench_detect_20260905_1914,onnx,640,1,46,385.39448200026527,2.5947439486155166,1,0.8205381631851196,51.25
bench_detect_20260905_1914,onnx,640,1,47,383.736196999962,2.605956925142767,1,0.838666558265686,50.7
bench_detect_20260905_1914,onnx,640,1,48,385.034517999884,2.597169742584745,3,0.8172842264175415,50.7
bench_detect_20260905_1914,onnx,640,1,49,384.85018400024273,2.598413724545262,1,0.8204800486564636,50.7
bench_detect_20260905_1914,onnx,640,1,50,384.5341640007973,2.60054916732425,1,0.8448473215103149,51.25
bench_detect_20260905_1914,onnx,640,1,51,385.39835199844674,2.5947178933552633,1,0.8738038539886475,51.25
bench_detect_20260905_1914,onnx,640,1,52,384.07625400031975,2.603649638801069,1,0.8473791480064392,50.7
bench_detect_20260905_1914,onnx,640,1,53,385.27013000020816,2.595581443075952,1,0.816007137298584,49.6
bench_detect_20260905_1914,onnx,640,1,54,384.04756899944914,2.6038441087005926,1,0.8184460997581482,50.7
bench_detect_20260905_1914,onnx,640,1,55,384.0069580001,2.6041194805635257,1,0.8368588089942932,51.25
bench_detect_20260905_1914,onnx,640,1,56,385.3177410001081,2.5952607253547653,1,0.8273892402648926,49.6
bench_detect_20260905_1914,onnx,640,1,57,384.04031000027317,2.6038933256753403,1,0.8261758089065552,50.7
bench_detect_20260905_1914,onnx,640,1,58,384.1944030009472,2.602848954042505,2,0.8604756593704224,50.7
bench_detect_20260905_1914,onnx,640,1,59,385.2931849996821,2.595426129846613,1,0.8189921379089355,49.6
bench_detect_20260905_1914,onnx,640,1,60,384.0949030000047,2.6035232235299612,2,0.8329585790634155,51.25
bench_detect_20260905_1914,onnx,640,1,61,384.8015359999408,2.5987422253952586,1,0.8696655035018921,50.7
bench_detect_20260905_1914,onnx,640,1,62,385.1430739996431,2.5964377072010563,1,0.8464710712432861,49.6
bench_detect_20260905_1914,onnx,640,1,63,384.1074590000062,2.6034381175607004,3,0.8384809494018555,50.7
bench_detect_20260905_1914,onnx,640,1,64,386.40943099926517,2.587928553953699,1,0.820259690284729,51.25
bench_detect_20260905_1914,onnx,640,1,65,384.07484800154634,2.603659170089612,1,0.8330271244049072,50.7
bench_detect_20260905_1914,onnx,640,1,66,384.7891659988818,2.598825768402497,2,0.8189748525619507,51.25
bench_detect_20260905_1914,onnx,640,1,67,385.46552099978726,2.594265752761197,1,0.8267168998718262,50.7
bench_detect_20260905_1914,onnx,640,1,68,384.0659220004454,2.603719681223996,2,0.8485020399093628,50.7
bench_detect_20260905_1914,onnx,640,1,69,385.2192419999483,2.5959243230122295,1,0.8594735860824585,50.7
bench_detect_20260905_1914,onnx,640,1,70,383.96401399950264,2.6044107352239925,1,0.8575975894927979,50.15
bench_detect_20260905_1914,onnx,640,1,71,384.4016460006969,2.6014456764271685,1,0.8561347126960754,49.6
bench_detect_20260905_1914,onnx,640,1,72,385.6724289998965,2.5928739645536556,1,0.8265809416770935,48.5
bench_detect_20260905_1914,onnx,640,1,73,383.975050999652,2.6043358738974587,1,0.8261640071868896,50.7
bench_detect_20260905_1914,onnx,640,1,74,384.7320539989596,2.599211554134515,1,0.8381201028823853,49.05
bench_detect_20260905_1914,onnx,640,1,75,385.4379459990014,2.5944513517166543,1,0.818420946598053,50.7
bench_detect_20260905_1914,onnx,640,1,76,383.7050130005082,2.6061687132523224,2,0.8448436260223389,51.25
bench_detect_20260905_1914,onnx,640,1,77,385.47018699864566,2.5942343499667677,1,0.8476133942604065,51.25
bench_detect_20260905_1914,onnx,640,1,78,383.7460880004073,2.605889756976333,1,0.8524563312530518,50.7
bench_detect_20260905_1914,onnx,640,1,79,384.73081399934017,2.599219931475816,4,0.8396103978157043,50.15
bench_detect_20260905_1914,onnx,640,1,80,384.2773500000476,2.602287124130205,1,0.8314975500106812,51.25
bench_detect_20260905_1914,onnx,640,1,81,383.87792200046533,2.604994824367075,1,0.8271510004997253,50.7
bench_detect_20260905_1914,onnx,640,1,82,385.1849829989078,2.596155208893062,2,0.8298342227935791,50.15
bench_detect_20260905_1914,onnx,640,1,83,384.31549800043285,2.602028815394985,1,0.821982741355896,50.7
bench_detect_20260905_1914,onnx,640,1,84,384.2127200005052,2.6027248655346056,1,0.8257667422294617,51.25
bench_detect_20260905_1914,onnx,640,1,85,385.3534840000066,2.595020005061075,1,0.8114608526229858,50.7
bench_detect_20260905_1914,onnx,640,1,86,383.8512559996161,2.6051757923673438,1,0.8342161774635315,50.15
bench_detect_20260905_1914,onnx,640,1,87,384.9392230004014,2.597812694184602,1,0.8571672439575195,50.15
bench_detect_20260905_1914,onnx,640,1,88,385.695188999307,2.592720958211892,1,0.8460310101509094,49.6
bench_detect_20260905_1914,onnx,640,1,89,383.9009780003835,2.6048383757933564,1,0.7928647994995117,50.7
bench_detect_20260905_1914,onnx,640,1,90,385.77328199971817,2.592196107559182,1,0.8154217600822449,50.15
bench_detect_20260905_1914,onnx,640,1,91,384.1655529977288,2.603044422376704,6,0.8506507873535156,51.25
bench_detect_20260905_1914,onnx,640,1,92,384.28984999700333,2.6022024781757778,1,0.8413544297218323,50.7
bench_detect_20260905_1914,onnx,640,1,93,384.38105399836786,2.601585040672286,1,0.8516272306442261,51.25
bench_detect_20260905_1914,onnx,640,1,94,383.85810800173203,2.605129289063989,1,0.8222673535346985,49.6
bench_detect_20260905_1914,onnx,640,1,95,384.8947050028073,2.598113164463269,1,0.8292021155357361,49.6
bench_detect_20260905_1914,onnx,640,1,96,383.66438500088407,2.6064446925343248,1,0.8072887659072876,49.6
bench_detect_20260905_1914,onnx,640,1,97,387.66375300110667,2.579555071265962,1,0.8510767221450806,51.25
bench_detect_20260905_1914,onnx,640,1,98,390.7702100004826,2.55904870537282,1,0.8391400575637817,50.15
bench_detect_20260905_1914,onnx,640,1,99,383.8989610012504,2.604852061573417,1,0.8497682213783264,51.25
bench_detect_20260905_1914,onnx,640,2,0,208.16206299787154,4.80394931525167,1,0.8214684128761292,52.9
bench_detect_20260905_1914,onnx,640,2,1,207.20604099915363,4.826114118960869,1,0.8121476173400879,51.8
bench_detect_20260905_1914,onnx,640,2,2,206.63800200054538,4.83938089953735,1,0.8395451307296753,52.9
bench_detect_20260905_1914,onnx,640,2,3,206.14833299987367,4.8508759952020215,1,0.8316102027893066,52.9
bench_detect_20260905_1914,onnx,640,2,4,206.5302779992635,4.841905069258495,1,0.7443007230758667,53.45
bench_detect_20260905_1914,onnx,640,2,5,209.33488299851888,4.77703469997915,1,0.8330685496330261,53.45
bench_detect_20260905_1914,onnx,640,2,6,207.74389399957727,4.813619215215225,1,0.8096308708190918,53.45
bench_detect_20260905_1914,onnx,640,2,7,206.449353001517,4.843803022200084,2,0.8250113129615784,53.45
bench_detect_20260905_1914,onnx,640,2,8,206.27814899853547,4.847823217606533,1,0.8489109873771667,54.0
bench_detect_20260905_1914,onnx,640,2,9,206.6590759968676,4.838887405144293,1,0.8309524655342102,53.45
bench_detect_20260905_1914,onnx,640,2,10,208.33906400002888,4.799867969071136,1,0.8210676908493042,51.8
bench_detect_20260905_1914,onnx,640,2,11,207.6113759976579,4.816691740491529,1,0.8629551529884338,54.0
bench_detect_20260905_1914,onnx,640,2,12,206.4847789988562,4.8429719849013155,1,0.8423635959625244,54.0
bench_detect_20260905_1914,onnx,640,2,13,206.1905000009574,4.849883966503581,2,0.8258845806121826,54.0
bench_detect_20260905_1914,onnx,640,2,14,206.15664800061495,4.850680342828513,1,0.867732048034668,53.45
bench_detect_20260905_1914,onnx,640,2,15,208.8321029987128,4.788535793302641,1,0.8611422777175903,53.45
bench_detect_20260905_1914,onnx,640,2,16,207.3870780004654,4.8219011986742775,2,0.8343456983566284,54.0
bench_detect_20260905_1914,onnx,640,2,17,206.43601999836392,4.844115867027107,3,0.8394144177436829,54.0
bench_detect_20260905_1914,onnx,640,2,18,206.42620499711484,4.844346191482698,2,0.8466662168502808,52.9
bench_detect_20260905_1914,onnx,640,2,19,206.38288999907672,4.845362907770473,1,0.8641481995582581,53.45
bench_detect_20260905_1914,onnx,640,2,20,210.1144789994578,4.75931028057605,2,0.8630980253219604,54.55
bench_detect_20260905_1914,onnx,640,2,21,206.32114900217857,4.846812868366882,2,0.8476157188415527,52.9
bench_detect_20260905_1914,onnx,640,2,22,206.38922299986007,4.845214229042754,1,0.8146378993988037,52.9
bench_detect_20260905_1914,onnx,640,2,23,206.1848889970861,4.850015948618488,1,0.8654170632362366,54.0
bench_detect_20260905_1914,onnx,640,2,24,207.35720800075796,4.822595798050795,1,0.842850923538208,54.0
bench_detect_20260905_1914,onnx,640,2,25,207.69187699988834,4.814824799337423,1,0.8463841676712036,54.0
bench_detect_20260905_1914,onnx,640,2,26,206.58944599927054,4.840518329302896,3,0.8579727411270142,54.0
bench_detect_20260905_1914,onnx,640,2,27,206.33320399792865,4.846529693834633,1,0.8502155542373657,53.45
bench_detect_20260905_1914,onnx,640,2,28,206.1118890014768,4.851733710483993,1,0.8369370698928833,53.45
bench_detect_20260905_1914,onnx,640,2,29,207.80817400009255,4.812130248541401,1,0.8458551168441772,53.45
bench_detect_20260905_1914,onnx,640,2,30,207.2790050006006,4.824415285074831,1,0.8377920985221863,54.55
bench_detect_20260905_1914,onnx,640,2,31,206.5189269997063,4.8421711972260155,1,0.8432220816612244,52.9
bench_detect_20260905_1914,onnx,640,2,32,206.3845009979559,4.845325085772329,1,0.8313401341438293,54.0
bench_detect_20260905_1914,onnx,640,2,33,206.2652039967361,4.848127462234609,1,0.8367627859115601,53.45
bench_detect_20260905_1914,onnx,640,2,34,207.52487599747838,4.818699421905213,1,0.7940596342086792,54.55
bench_detect_20260905_1914,onnx,640,2,35,207.35139399766922,4.822731020613446,1,0.8441815376281738,53.45
bench_detect_20260905_1914,onnx,640,2,36,206.40872299918556,4.844756488338653,1,0.8246172666549683,53.45
bench_detect_20260905_1914,onnx,640,2,37,206.5099649989861,4.842381334987441,1,0.8456274271011353,53.45
bench_detect_20260905_1914,onnx,640,2,38,206.55846500085318,4.8412443421085145,1,0.8481337428092957,54.0
bench_detect_20260905_1914,onnx,640,2,39,207.96861900089425,4.8084177545829645,2,0.8228009939193726,52.9
bench_detect_20260905_1914,onnx,640,2,40,208.13426700260607,4.8045908749253625,1,0.8118500709533691,54.55
bench_detect_20260905_1914,onnx,640,2,41,205.93349900082103,4.855936527335036,1,0.8480185270309448,54.55
bench_detect_20260905_1914,onnx,640,2,42,206.3277970009949,4.846656701303209,2,0.8532112240791321,54.0
bench_detect_20260905_1914,onnx,640,2,43,206.5181500001927,4.842189415308374,1,0.831119179725647,53.45
bench_detect_20260905_1914,onnx,640,2,44,208.46488000097452,4.79697107731204,1,0.8604683876037598,54.55
bench_detect_20260905_1914,onnx,640,2,45,208.13419299884117,4.804592583235796,2,0.8367143869400024,54.0
bench_detect_20260905_1914,onnx,640,2,46,206.02003700332716,4.853896808026737,1,0.8205381631851196,54.55
bench_detect_20260905_1914,onnx,640,2,47,206.27466699806973,4.847905050838636,1,0.838666558265686,55.1
bench_detect_20260905_1914,onnx,640,2,48,206.44631600225694,4.843874278623929,3,0.8172842264175415,53.45
bench_detect_20260905_1914,onnx,640,2,49,208.77238100001705,4.789905614957365,1,0.8204800486564636,54.55
bench_detect_20260905_1914,onnx,640,2,50,206.42657599819358,4.844337484960032,1,0.8448473215103149,54.0
bench_detect_20260905_1914,onnx,640,2,51,206.51551999981166,4.842251081182238,1,0.8738038539886475,54.55
bench_detect_20260905_1914,onnx,640,2,52,206.47996499974397,4.8430848968869205,1,0.8473791480064392,55.1
bench_detect_20260905_1914,onnx,640,2,53,206.13114899970242,4.851280385583276,1,0.816007137298584,54.0
bench_detect_20260905_1914,onnx,640,2,54,209.78908899996895,4.76669213240231,1,0.8184460997581482,54.55
bench_detect_20260905_1914,onnx,640,2,55,206.36700100294547,4.845735971061221,1,0.8368588089942932,54.0
bench_detect_20260905_1914,onnx,640,2,56,206.63266900010058,4.839505799537987,1,0.8273892402648926,54.55
bench_detect_20260905_1914,onnx,640,2,57,206.2930749998486,4.847472461209538,1,0.8261758089065552,54.55
bench_detect_20260905_1914,onnx,640,2,58,206.30011199682485,4.847307111570501,2,0.8604756593704224,54.0
bench_detect_20260905_1914,onnx,640,2,59,209.5674029988004,4.771734466765922,1,0.8189921379089355,53.45
bench_detect_20260905_1914,onnx,640,2,60,206.21989000210306,4.849192771801992,2,0.8329585790634155,55.1
bench_detect_20260905_1914,onnx,640,2,61,206.32429699981003,4.846738918009839,1,0.8696655035018921,54.55
bench_detect_20260905_1914,onnx,640,2,62,206.31379800033756,4.846985561277699,1,0.8464710712432861,54.55
bench_detect_20260905_1914,onnx,640,2,63,207.59187699877657,4.8171441698843225,3,0.8384809494018555,54.55
bench_detect_20260905_1914,onnx,640,2,64,207.9592859990953,4.808633551494067,1,0.820259690284729,54.55
bench_detect_20260905_1914,onnx,640,2,65,206.43577899681986,4.844121522245448,1,0.8330271244049072,54.55
bench_detect_20260905_1914,onnx,640,2,66,206.41627899749437,4.844579142966426,2,0.8189748525619507,55.1
bench_detect_20260905_1914,onnx,640,2,67,206.03598200250417,4.853521167908652,1,0.8267168998718262,53.45
bench_detect_20260905_1914,onnx,640,2,68,208.03665600033128,4.8068451936586,2,0.8485020399093628,54.0
bench_detect_20260905_1914,onnx,640,2,69,207.8119149991835,4.812043621290575,1,0.8594735860824585,54.55
bench_detect_20260905_1914,onnx,640,2,70,206.37966900176252,4.8454385300494875,1,0.8575975894927979,54.55
bench_detect_20260905_1914,onnx,640,2,71,206.2355009984458,4.848825712152904,1,0.8561347126960754,54.0
bench_detect_20260905_1914,onnx,640,2,72,206.49024300291785,4.842843833477736,1,0.8265809416770935,53.45
bench_detect_20260905_1914,onnx,640,2,73,207.66467299836222,4.815455539748384,1,0.8261640071868896,55.1
bench_detect_20260905_1914,onnx,640,2,74,207.7069519982615,4.8144753479814675,1,0.8381201028823853,55.1
bench_detect_20260905_1914,onnx,640,2,75,206.24733499789727,4.848547497644977,1,0.818420946598053,54.0
bench_detect_20260905_1914,onnx,640,2,76,206.14522300093086,4.850949177684726,2,0.8448436260223389,54.55
bench_detect_20260905_1914,onnx,640,2,77,206.2835200013069,4.84769699486253,1,0.8476133942604065,54.55
bench_detect_20260905_1914,onnx,640,2,78,208.8164560009318,4.78889460702052,1,0.8524563312530518,54.55
bench_detect_20260905_1914,onnx,640,2,79,206.75765099804266,4.836580388550975,4,0.8396103978157043,54.55
bench_detect_20260905_1914,onnx,640,2,80,206.3993539995863,4.8449764043447745,1,0.8314975500106812,55.1
bench_detect_20260905_1914,onnx,640,2,81,206.23627899840358,4.848807420578708,1,0.8271510004997253,55.65
bench_detect_20260905_1914,onnx,640,2,82,206.24485299777007,4.8486058462308,2,0.8298342227935791,55.1
bench_detect_20260905_1914,onnx,640,2,83,208.79971499743988,4.7892785678000624,1,0.821982741355896,55.1
bench_detect_20260905_1914,onnx,640,2,84,206.5156129974639,4.842248900630484,1,0.8257667422294617,53.45
bench_detect_20260905_1914,onnx,640,2,85,206.20770499954233,4.8494793150538165,1,0.8114608526229858,54.55
bench_detect_20260905_1914,onnx,640,2,86,206.31379799669958,4.846985561363168,1,0.8342161774635315,54.55
bench_detect_20260905_1914,onnx,640,2,87,206.36548300171853,4.845771615748707,1,0.8571672439575195,54.0
bench_detect_20260905_1914,onnx,640,2,88,209.33343999786302,4.777067629568446,1,0.8460310101509094,55.1
bench_detect_20260905_1914,onnx,640,2,89,206.20216799943591,4.849609534671505,1,0.7928647994995117,54.55
bench_detect_20260905_1914,onnx,640,2,90,206.4202799992927,4.844485241486091,1,0.8154217600822449,55.1
bench_detect_20260905_1914,onnx,640,2,91,206.57987300000968,4.840742640983001,6,0.8506507873535156,55.65
bench_detect_20260905_1914,onnx,640,2,92,206.53281699924264,4.841845545561251,1,0.8413544297218323,55.1
bench_detect_20260905_1914,onnx,640,2,93,209.61232999979984,4.77071172292658,1,0.8516272306442261,55.65
bench_detect_20260905_1914,onnx,640,2,94,206.0968719997618,4.852087226249391,1,0.8222673535346985,54.55
bench_detect_20260905_1914,onnx,640,2,95,206.23846499802312,4.848756026231991,1,0.8292021155357361,55.1
bench_detect_20260905_1914,onnx,640,2,96,206.3234100023692,4.846759754448208,1,0.8072887659072876,54.55
bench_detect_20260905_1914,onnx,640,2,97,207.2720619980828,4.824576888752377,1,0.8510767221450806,54.55
bench_detect_20260905_1914,onnx,640,2,98,209.5526080011041,4.7720713645078146,1,0.8391400575637817,54.55
bench_detect_20260905_1914,onnx,640,2,99,206.4811140007805,4.8430579466760335,1,0.8497682213783264,55.65
bench_detect_20260905_1914,onnx,640,4,0,159.14400099791237,6.283617313436262,1,0.8214683532714844,57.3
bench_detect_20260905_1914,onnx,640,4,1,149.99944500232232,6.666691333321386,1,0.8121473789215088,56.75
bench_detect_20260905_1914,onnx,640,4,2,151.8585450030514,6.585075604273084,1,0.8395450115203857,56.2
bench_detect_20260905_1914,onnx,640,4,3,147.75775199814234,6.767834421388411,1,0.8316102027893066,56.75
bench_detect_20260905_1914,onnx,640,4,4,148.4514580006362,6.736208680387056,1,0.7443007230758667,57.85
bench_detect_20260905_1914,onnx,640,4,5,147.96508600193192,6.758351088221875,1,0.8330685496330261,58.4
bench_detect_20260905_1914,onnx,640,4,6,150.89546799936215,6.627104267997148,1,0.8096309900283813,57.3
bench_detect_20260905_1914,onnx,640,4,7,154.84841000215965,6.457928757460623,2,0.8250113129615784,57.85
bench_detect_20260905_1914,onnx,640,4,8,149.1299789995537,6.705559852610135,1,0.8489111661911011,57.85
bench_detect_20260905_1914,onnx,640,4,9,156.280766997952,6.398740031862683,1,0.8309526443481445,57.85
bench_detect_20260905_1914,onnx,640,4,10,148.58077299868455,6.730345924427607,1,0.8210678100585938,57.3
bench_detect_20260905_1914,onnx,640,4,11,149.35627700106124,6.695399885957887,1,0.8629552125930786,58.4
bench_detect_20260905_1914,onnx,640,4,12,149.13027600050555,6.705546498127651,1,0.8423634767532349,57.3
bench_detect_20260905_1914,onnx,640,4,13,153.434218998882,6.517450973614214,2,0.8258845210075378,57.85
bench_detect_20260905_1914,onnx,640,4,14,152.85790100097074,6.542023627510424,1,0.8677321672439575,57.85
bench_detect_20260905_1914,onnx,640,4,15,149.32759200019063,6.696686035081336,1,0.8611422777175903,57.3
bench_detect_20260905_1914,onnx,640,4,16,155.07383599833702,6.448541067951165,2,0.8343458771705627,57.3
bench_detect_20260905_1914,onnx,640,4,17,155.55576399856363,6.428562814356617,3,0.8394144773483276,57.85
bench_detect_20260905_1914,onnx,640,4,18,149.24192400212632,6.70053007347823,2,0.8466662168502808,58.95
bench_detect_20260905_1914,onnx,640,4,19,149.59638899745187,6.684653330883765,1,0.8641482591629028,57.3
bench_detect_20260905_1914,onnx,640,4,20,157.53580900127417,6.347763129790458,2,0.86309814453125,58.4
bench_detect_20260905_1914,onnx,640,4,21,149.26938700227765,6.699297291176933,2,0.8476157188415527,58.95
bench_detect_20260905_1914,onnx,640,4,22,148.8830529997358,6.716681179299664,1,0.8146377801895142,58.4
bench_detect_20260905_1914,onnx,640,4,23,148.93216400014353,6.71446632574973,1,0.8654170036315918,57.3
bench_detect_20260905_1914,onnx,640,4,24,158.0634040001314,6.326575125505766,1,0.842850923538208,58.4
bench_detect_20260905_1914,onnx,640,4,25,148.28538400252,6.743752978263897,1,0.8463841676712036,57.3
bench_detect_20260905_1914,onnx,640,4,26,151.92478700191714,6.5822043903038745,3,0.8579727411270142,58.4
bench_detect_20260905_1914,onnx,640,4,27,156.30358199996408,6.397806033646944,1,0.850215494632721,58.4
bench_detect_20260905_1914,onnx,640,4,28,149.25125800073147,6.70011103018709,1,0.8369370102882385,58.4
bench_detect_20260905_1914,onnx,640,4,29,148.42184699955396,6.73755259226093,1,0.8458551168441772,57.85
bench_detect_20260905_1914,onnx,640,4,30,149.34229600112303,6.6960266902048975,1,0.8377920389175415,58.95
bench_detect_20260905_1914,onnx,640,4,31,158.58083199782413,6.30593235892293,1,0.8432221412658691,58.4
bench_detect_20260905_1914,onnx,640,4,32,147.40117700057453,6.784206343183421,1,0.8313400745391846,58.95
bench_detect_20260905_1914,onnx,640,4,33,153.986203000386,6.494088304765156,1,0.8367626667022705,58.4
bench_detect_20260905_1914,onnx,640,4,34,154.87409499837668,6.456857746355073,1,0.7940594553947449,58.4
bench_detect_20260905_1914,onnx,640,4,35,149.7716859994398,6.676829424246051,1,0.8441816568374634,58.95
bench_detect_20260905_1914,onnx,640,4,36,148.69275499950163,6.725277233603962,1,0.8246171474456787,57.3
bench_detect_20260905_1914,onnx,640,4,37,148.17134600161808,6.748943213278765,1,0.8456274271011353,57.3
bench_detect_20260905_1914,onnx,640,4,38,148.39701399978367,6.738680065364777,1,0.8481336832046509,57.85
bench_detect_20260905_1914,onnx,640,4,39,150.40302099805558,6.648802619549298,2,0.8228009939193726,58.95
bench_detect_20260905_1914,onnx,640,4,40,148.90036799988593,6.715900124577034,1,0.8118500709533691,59.5
bench_detect_20260905_1914,onnx,640,4,41,155.48635700179148,6.431432437435513,1,0.8480186462402344,57.85
bench_detect_20260905_1914,onnx,640,4,42,148.44071799961966,6.736696059382859,2,0.8532112836837769,58.95
bench_detect_20260905_1914,onnx,640,4,43,148.4526989988808,6.736152368691788,1,0.8311190605163574,58.95
bench_detect_20260905_1914,onnx,640,4,44,155.17213299972354,6.444456106057276,1,0.8604683876037598,57.3
bench_detect_20260905_1914,onnx,640,4,45,148.02197499739123,6.755753664397629,2,0.8367142677307129,58.95
bench_detect_20260905_1914,onnx,640,4,46,150.7502079984988,6.63349001820255,1,0.8205381631851196,58.4
bench_detect_20260905_1914,onnx,640,4,47,147.81571500134305,6.765180549246161,1,0.8386666774749756,58.95
bench_detect_20260905_1914,onnx,640,4,48,155.47687499929452,6.431824668488722,3,0.817284345626831,58.95
bench_detect_20260905_1914,onnx,640,4,49,148.18321599886985,6.748402599169036,1,0.820480227470398,58.95
bench_detect_20260905_1914,onnx,640,4,50,153.6479419992247,6.508385253901063,1,0.8448473215103149,59.5
bench_detect_20260905_1914,onnx,640,4,51,148.5319769999478,6.732556990070572,1,0.8738038539886475,58.95
bench_detect_20260905_1914,onnx,640,4,52,149.2702960022143,6.699256494977178,1,0.8473791480064392,59.5
bench_detect_20260905_1914,onnx,640,4,53,152.90088300025673,6.540184597876527,1,0.8160070776939392,59.5
bench_detect_20260905_1914,onnx,640,4,54,155.09876199939754,6.447504719630737,1,0.818446159362793,58.95
bench_detect_20260905_1914,onnx,640,4,55,150.36233700084267,6.650601606400915,1,0.8368588089942932,57.85
bench_detect_20260905_1914,onnx,640,4,56,149.05796200037003,6.70879962787575,1,0.8273893594741821,58.4
bench_detect_20260905_1914,onnx,640,4,57,149.35761100059608,6.6953400854544265,1,0.8261758685112,60.05
bench_detect_20260905_1914,onnx,640,4,58,150.0674649978464,6.6636695703119315,2,0.8604757785797119,58.4
bench_detect_20260905_1914,onnx,640,4,59,157.5036979993456,6.349057277399003,1,0.8189921379089355,59.5
bench_detect_20260905_1914,onnx,640,4,60,155.93730299951858,6.412833752826207,2,0.8329586982727051,60.05
bench_detect_20260905_1914,onnx,640,4,61,155.78804400138324,6.41897782599492,1,0.8696654438972473,58.95
bench_detect_20260905_1914,onnx,640,4,62,148.45482900273055,6.736055719559024,1,0.8464710712432861,58.4
bench_detect_20260905_1914,onnx,640,4,63,156.99977099939133,6.369436042068347,3,0.8384809494018555,58.95
bench_detect_20260905_1914,onnx,640,4,64,160.21924600136117,6.241447422561858,1,0.8202599287033081,58.95
bench_detect_20260905_1914,onnx,640,4,65,149.47264800139237,6.6901872240243225,1,0.8330271244049072,58.4
bench_detect_20260905_1914,onnx,640,4,66,153.21510699868668,6.526771540932787,2,0.8189748525619507,59.5
bench_detect_20260905_1914,onnx,640,4,67,148.9932200020121,6.711714801428517,1,0.8267168998718262,58.95
bench_detect_20260905_1914,onnx,640,4,68,156.36263800115557,6.395389670981438,2,0.8485020399093628,60.05
bench_detect_20260905_1914,onnx,640,4,69,149.55951800220646,6.686301302370117,1,0.8594735264778137,60.05
bench_detect_20260905_1914,onnx,640,4,70,149.22373899753438,6.70134662700365,1,0.8575977087020874,59.5
bench_detect_20260905_1914,onnx,640,4,71,148.3312729978934,6.741666674796232,1,0.8561347126960754,58.4
bench_detect_20260905_1914,onnx,640,4,72,153.16044100109139,6.529101075080309,1,0.8265808820724487,60.05
bench_detect_20260905_1914,onnx,640,4,73,152.9756609998003,6.536987606161122,1,0.8261641263961792,58.95
bench_detect_20260905_1914,onnx,640,4,74,148.98329400239163,6.712161968871134,1,0.8381202220916748,59.5
bench_detect_20260905_1914,onnx,640,4,75,156.28171199932694,6.398701340079424,1,0.818420946598053,59.5
bench_detect_20260905_1914,onnx,640,4,76,148.8833679977688,6.71666696856956,2,0.8448436260223389,59.5
bench_detect_20260905_1914,onnx,640,4,77,168.31929700128967,5.94108945210446,1,0.8476133346557617,59.5
bench_detect_20260905_1914,onnx,640,4,78,147.7924940008961,6.766243487263546,1,0.8524563312530518,59.5
bench_detect_20260905_1914,onnx,640,4,79,151.72621199963032,6.590818994429496,4,0.83961021900177,59.5
bench_detect_20260905_1914,onnx,640,4,80,153.80153600199264,6.5018856507846845,1,0.8314975500106812,58.95
bench_detect_20260905_1914,onnx,640,4,81,155.19765199860558,6.443396450411407,1,0.8271509408950806,58.95
bench_detect_20260905_1914,onnx,640,4,82,149.48307399754412,6.689720603527522,2,0.8298342227935791,60.05
bench_detect_20260905_1914,onnx,640,4,83,148.40862600249238,6.738152807797075,1,0.821982741355896,59.5
bench_detect_20260905_1914,onnx,640,4,84,158.60968400011188,6.304785274014509,1,0.8257665634155273,60.05
bench_detect_20260905_1914,onnx,640,4,85,149.13997999974526,6.705110192462866,1,0.8114608526229858,60.05
bench_detect_20260905_1914,onnx,640,4,86,149.50016700095148,6.688955738715901,1,0.8342163562774658,60.05
bench_detect_20260905_1914,onnx,640,4,87,148.9590169985604,6.713255901854296,1,0.85716712474823,59.5
bench_detect_20260905_1914,onnx,640,4,88,155.21224499752861,6.44279064461649,1,0.8460310697555542,59.5
bench_detect_20260905_1914,onnx,640,4,89,148.6565149971284,6.726916745083908,1,0.7928648591041565,60.6
bench_detect_20260905_1914,onnx,640,4,90,148.25280999866663,6.745234710957545,1,0.8154217004776001,59.5
bench_detect_20260905_1914,onnx,640,4,91,157.5944399992295,6.34540152561784,6,0.8506509065628052,60.05
bench_detect_20260905_1914,onnx,640,4,92,151.6196749980736,6.595450095857978,1,0.841354489326477,59.5
bench_detect_20260905_1914,onnx,640,4,93,156.99976999894716,6.369436082656083,1,0.8516273498535156,58.95
bench_detect_20260905_1914,onnx,640,4,94,147.9886980014271,6.75727277491391,1,0.8222670555114746,58.95
bench_detect_20260905_1914,onnx,640,4,95,155.93495199937024,6.412930437840765,1,0.8292021155357361,59.5
bench_detect_20260905_1914,onnx,640,4,96,148.90901599937933,6.715510093788868,1,0.8072887659072876,59.5
bench_detect_20260905_1914,onnx,640,4,97,147.78130799822975,6.76675564417104,1,0.8510768413543701,59.5
bench_detect_20260905_1914,onnx,640,4,98,148.5599590014317,6.731288879733487,1,0.8391401171684265,58.4
bench_detect_20260905_1914,onnx,640,4,99,152.37954900294426,6.562560439004043,1,0.8497682809829712,60.6
bench_detect_20260905_1914,ncnn,320,1,0,28.538575999846216,35.04029072807938,3,0.86865234375,57.3
bench_detect_20260905_1914,ncnn,320,1,1,28.265519998967648,35.37879366933718,1,0.83203125,56.75
bench_detect_20260905_1914,ncnn,320,1,2,28.422575000149664,35.1833005980188,2,0.86767578125,57.3
bench_detect_20260905_1914,ncnn,320,1,3,28.32842700081528,35.30023040005788,1,0.88427734375,56.2
bench_detect_20260905_1914,ncnn,320,1,4,28.24766800040379,35.40115240612801,1,0.81396484375,56.2
bench_detect_20260905_1914,ncnn,320,1,5,28.223445002367953,35.43153572911102,1,0.85205078125,56.2
bench_detect_20260905_1914,ncnn,320,1,6,28.263648997381097,35.38113568041621,1,0.85595703125,56.2
bench_detect_20260905_1914,ncnn,320,1,7,28.276335000555264,35.36526215226842,2,0.8447265625,56.75
bench_detect_20260905_1914,ncnn,320,1,8,28.04761099832831,35.653660486791615,1,0.86181640625,56.75
bench_detect_20260905_1914,ncnn,320,1,9,28.0409070001042,35.66218453619507,1,0.84423828125,56.75
bench_detect_20260905_1914,ncnn,320,1,10,28.178667002066504,35.48783907793311,1,0.8310546875,54.55
bench_detect_20260905_1914,ncnn,320,1,11,28.156259999377653,35.51608061660545,2,0.85888671875,56.2
bench_detect_20260905_1914,ncnn,320,1,12,28.121592997194966,35.55986320190846,1,0.8427734375,56.2
bench_detect_20260905_1914,ncnn,320,1,13,28.193148998980178,35.46961001185688,2,0.83740234375,56.75
bench_detect_20260905_1914,ncnn,320,1,14,28.05088899913244,35.6494940331812,1,0.87158203125,56.2
bench_detect_20260905_1914,ncnn,320,1,15,28.0297960016469,35.676321010015364,1,0.87060546875,56.2
bench_detect_20260905_1914,ncnn,320,1,16,28.17638900160091,35.49070819341622,2,0.86328125,55.65
bench_detect_20260905_1914,ncnn,320,1,17,28.15053800077294,35.52329976686565,3,0.85986328125,56.2
bench_detect_20260905_1914,ncnn,320,1,18,28.954650999367004,34.53676578667315,2,0.876953125,55.65
bench_detect_20260905_1914,ncnn,320,1,19,28.056556002411526,35.64229337036405,1,0.88427734375,56.2
bench_detect_20260905_1914,ncnn,320,1,20,28.32983400003286,35.29847721659223,2,0.87353515625,55.65
bench_detect_20260905_1914,ncnn,320,1,21,28.144185998826288,35.53131719786472,2,0.875,55.1
bench_detect_20260905_1914,ncnn,320,1,22,28.204704001836944,35.455078696619935,1,0.84814453125,55.1
bench_detect_20260905_1914,ncnn,320,1,23,28.11603699956322,35.56689017074259,1,0.8720703125,55.1
bench_detect_20260905_1914,ncnn,320,1,24,28.092388998629758,35.59683016096553,2,0.8603515625,55.65
bench_detect_20260905_1914,ncnn,320,1,25,28.084110999770928,35.60732258920913,1,0.84912109375,56.2
bench_detect_20260905_1914,ncnn,320,1,26,28.23598200120614,35.41580384763256,3,0.875,54.55
bench_detect_20260905_1914,ncnn,320,1,27,28.244963999895845,35.404541496448275,1,0.85400390625,55.65
bench_detect_20260905_1914,ncnn,320,1,28,28.114426000684034,35.56892820702331,1,0.86181640625,54.55
bench_detect_20260905_1914,ncnn,320,1,29,28.027241001836956,35.67957330992581,1,0.892578125,56.2
bench_detect_20260905_1914,ncnn,320,1,30,28.112389998568688,35.57150423891081,1,0.85205078125,55.65
bench_detect_20260905_1914,ncnn,320,1,31,28.034091999870725,35.670853901906696,1,0.87060546875,55.1
bench_detect_20260905_1914,ncnn,320,1,32,28.107574999012286,35.57759785520951,2,0.845703125,54.55
bench_detect_20260905_1914,ncnn,320,1,33,28.05076000004192,35.64965797712809,1,0.83984375,55.1
bench_detect_20260905_1914,ncnn,320,1,34,28.43013200254063,35.173948538495566,2,0.84326171875,55.65
bench_detect_20260905_1914,ncnn,320,1,35,29.618543001561193,33.76263308925392,1,0.8505859375,55.65
bench_detect_20260905_1914,ncnn,320,1,36,28.421778999472735,35.18428596670713,1,0.8408203125,55.65
bench_detect_20260905_1914,ncnn,320,1,37,28.057223000359954,35.64144605427168,1,0.837890625,55.1
bench_detect_20260905_1914,ncnn,320,1,38,28.299871999479365,35.33584886950715,1,0.8671875,54.55
bench_detect_20260905_1914,ncnn,320,1,39,28.280483002163237,35.36007500025752,2,0.857421875,55.65
bench_detect_20260905_1914,ncnn,320,1,40,28.297000997554278,35.339434030003055,1,0.82958984375,55.65
bench_detect_20260905_1914,ncnn,320,1,41,28.27315000104136,35.36924608553231,1,0.8583984375,54.55
bench_detect_20260905_1914,ncnn,320,1,42,28.34637100022519,35.27788442450202,2,0.87353515625,54.0
bench_detect_20260905_1914,ncnn,320,1,43,28.164963998278836,35.50510485513527,1,0.84326171875,55.1
bench_detect_20260905_1914,ncnn,320,1,44,28.299796998908278,35.33594251713456,1,0.869140625,55.65
bench_detect_20260905_1914,ncnn,320,1,45,28.280760001507588,35.359728661701176,2,0.8583984375,55.1
bench_detect_20260905_1914,ncnn,320,1,46,28.333816000667866,35.29351641079439,1,0.8310546875,55.65
bench_detect_20260905_1914,ncnn,320,1,47,28.042074001859874,35.660700415157436,1,0.87841796875,54.55
bench_detect_20260905_1914,ncnn,320,1,48,28.160852001747116,35.510289246147785,2,0.845703125,54.0
bench_detect_20260905_1914,ncnn,320,1,49,27.930906999245053,35.80263254705725,1,0.84228515625,55.65
bench_detect_20260905_1914,ncnn,320,1,50,28.11933400153066,35.562719940150984,1,0.857421875,55.1
bench_detect_20260905_1914,ncnn,320,1,51,28.025332998367958,35.6820024246718,1,0.88330078125,55.65
bench_detect_20260905_1914,ncnn,320,1,52,28.083592998882523,35.60797936502609,1,0.845703125,55.1
bench_detect_20260905_1914,ncnn,320,1,53,29.05578200079617,34.416557777470885,1,0.8271484375,55.1
bench_detect_20260905_1914,ncnn,320,1,54,28.763446996890707,34.76634772279201,1,0.86572265625,54.0
bench_detect_20260905_1914,ncnn,320,1,55,29.68609900199226,33.685800210155236,1,0.85693359375,55.65
bench_detect_20260905_1914,ncnn,320,1,56,29.372134998993715,34.04587375191691,1,0.8359375,55.1
bench_detect_20260905_1914,ncnn,320,1,57,28.25268599917763,35.39486475831387,1,0.849609375,53.45
bench_detect_20260905_1914,ncnn,320,1,58,28.217371000209823,35.43916263469634,3,0.84765625,55.65
bench_detect_20260905_1914,ncnn,320,1,59,28.194926999276504,35.46737326277385,1,0.8662109375,55.1
bench_detect_20260905_1914,ncnn,320,1,60,28.057407998858253,35.64121104988363,2,0.8388671875,54.55
bench_detect_20260905_1914,ncnn,320,1,61,28.218408002430806,35.43786027595382,1,0.8603515625,54.55
bench_detect_20260905_1914,ncnn,320,1,62,28.28061299805995,35.35991246259761,1,0.857421875,54.0
bench_detect_20260905_1914,ncnn,320,1,63,28.333390000625513,35.29404705818552,3,0.82373046875,55.1
bench_detect_20260905_1914,ncnn,320,1,64,28.105592999054352,35.58010677923239,1,0.8798828125,55.1
bench_detect_20260905_1914,ncnn,320,1,65,28.11081599793397,35.57349598366323,1,0.833984375,54.0
bench_detect_20260905_1914,ncnn,320,1,66,28.13650099778897,35.541021965687285,2,0.86572265625,55.1
bench_detect_20260905_1914,ncnn,320,1,67,27.988407000520965,35.729078828294384,1,0.83935546875,55.1
bench_detect_20260905_1914,ncnn,320,1,68,28.087740996852517,35.60272077815225,2,0.86572265625,54.0
bench_detect_20260905_1914,ncnn,320,1,69,27.99040799800423,35.72652460340349,1,0.8662109375,54.0
bench_detect_20260905_1914,ncnn,320,1,70,29.380597999988822,34.036066930985555,1,0.85498046875,52.9
bench_detect_20260905_1914,ncnn,320,1,71,28.355057002045214,35.26707775363919,1,0.87158203125,55.1
bench_detect_20260905_1914,ncnn,320,1,72,28.34516800066922,35.27938165603359,1,0.85498046875,54.0
bench_detect_20260905_1914,ncnn,320,1,73,28.138112000306137,35.538987121421656,1,0.83935546875,54.0
bench_detect_20260905_1914,ncnn,320,1,74,28.078203999029938,35.614813541298744,1,0.85107421875,54.55
bench_detect_20260905_1914,ncnn,320,1,75,28.119777998654172,35.56215842272512,1,0.8408203125,53.45
bench_detect_20260905_1914,ncnn,320,1,76,28.14568599933409,35.52942358639471,2,0.85595703125,54.55
bench_detect_20260905_1914,ncnn,320,1,77,28.086370999517385,35.60445740808534,1,0.85986328125,54.55
bench_detect_20260905_1914,ncnn,320,1,78,28.025499999785097,35.681789798849906,1,0.85986328125,55.1
bench_detect_20260905_1914,ncnn,320,1,79,28.142223000031663,35.53379560665392,3,0.84228515625,54.55
bench_detect_20260905_1914,ncnn,320,1,80,27.944869998464128,35.78474331979218,1,0.86767578125,54.55
bench_detect_20260905_1914,ncnn,320,1,81,28.196462997584604,35.46544118266405,1,0.8642578125,54.55
bench_detect_20260905_1914,ncnn,320,1,82,28.192260000651004,35.470728489908524,2,0.85107421875,54.55
bench_detect_20260905_1914,ncnn,320,1,83,28.061852000973886,35.635566746104104,1,0.83203125,53.45
bench_detect_20260905_1914,ncnn,320,1,84,28.120648003095994,35.56105819076087,1,0.86474609375,54.55
bench_detect_20260905_1914,ncnn,320,1,85,28.038630000082776,35.665080640425295,1,0.8447265625,54.55
bench_detect_20260905_1914,ncnn,320,1,86,28.161963000457035,35.50888835354876,1,0.8603515625,54.0
bench_detect_20260905_1914,ncnn,320,1,87,28.29231599753257,35.34528598108448,1,0.88134765625,54.55
bench_detect_20260905_1914,ncnn,320,1,88,28.351502001896733,35.271499899127015,1,0.853515625,53.45
bench_detect_20260905_1914,ncnn,320,1,89,29.021764003118733,34.456899308137785,1,0.82470703125,52.9
bench_detect_20260905_1914,ncnn,320,1,90,28.193370999360923,35.46933071687907,1,0.83447265625,54.0
bench_detect_20260905_1914,ncnn,320,1,91,28.404057000443572,35.2062383195606,5,0.86181640625,54.55
bench_detect_20260905_1914,ncnn,320,1,92,28.1510189997789,35.522692802269574,1,0.84619140625,54.0
bench_detect_20260905_1914,ncnn,320,1,93,28.06366700315266,35.6332620354874,1,0.890625,54.0
bench_detect_20260905_1914,ncnn,320,1,94,28.127222998591606,35.55274546833409,1,0.82958984375,54.55
bench_detect_20260905_1914,ncnn,320,1,95,27.999185997032328,35.71532401356209,1,0.8447265625,54.55
bench_detect_20260905_1914,ncnn,320,1,96,28.328871998382965,35.29967589451076,1,0.83251953125,53.45
bench_detect_20260905_1914,ncnn,320,1,97,28.195537997817155,35.4666046832452,1,0.87890625,54.55
bench_detect_20260905_1914,ncnn,320,1,98,28.075296002498362,35.6185024696093,1,0.853515625,54.0
bench_detect_20260905_1914,ncnn,320,1,99,28.005276999465423,35.707556115909455,1,0.86181640625,54.0
bench_detect_20260905_1914,ncnn,320,2,0,18.57242500045686,53.84326494657543,3,0.86865234375,55.1
bench_detect_20260905_1914,ncnn,320,2,1,18.37923899802263,54.40921684013072,1,0.83203125,55.1
bench_detect_20260905_1914,ncnn,320,2,2,18.45362899985048,54.18988319360395,2,0.86767578125,55.65
bench_detect_20260905_1914,ncnn,320,2,3,18.453998996847076,54.18879670313481,1,0.88427734375,55.1
bench_detect_20260905_1914,ncnn,320,2,4,18.43147999898065,54.25500285681372,1,0.81396484375,55.1
bench_detect_20260905_1914,ncnn,320,2,5,18.330516999412794,54.55383500814703,1,0.85205078125,55.1
bench_detect_20260905_1914,ncnn,320,2,6,18.397683998045977,54.354667691118635,1,0.85595703125,55.65
bench_detect_20260905_1914,ncnn,320,2,7,18.39296200341778,54.36862207480122,2,0.8447265625,55.1
bench_detect_20260905_1914,ncnn,320,2,8,18.386294999800157,54.38833653059897,1,0.86181640625,55.1
bench_detect_20260905_1914,ncnn,320,2,9,18.332165000174427,54.5489307995256,1,0.84423828125,55.65
bench_detect_20260905_1914,ncnn,320,2,10,18.38529499946162,54.39129478364547,1,0.8310546875,54.0
bench_detect_20260905_1914,ncnn,320,2,11,18.446480000420706,54.21088467703286,2,0.85888671875,55.65
bench_detect_20260905_1914,ncnn,320,2,12,18.3532209994155,54.486348746732105,1,0.8427734375,55.1
bench_detect_20260905_1914,ncnn,320,2,13,18.4198139977525,54.289364709221026,2,0.83740234375,55.1
bench_detect_20260905_1914,ncnn,320,2,14,18.435777001286624,54.242357126049555,1,0.87158203125,55.1
bench_detect_20260905_1914,ncnn,320,2,15,18.41757299916935,54.29597048672487,1,0.87060546875,55.1
bench_detect_20260905_1914,ncnn,320,2,16,18.50259200000437,54.04648170373988,2,0.86328125,55.1
bench_detect_20260905_1914,ncnn,320,2,17,18.465387998730876,54.15537437224335,3,0.85986328125,55.1
bench_detect_20260905_1914,ncnn,320,2,18,18.585221998364432,53.80619075134016,2,0.876953125,55.65
bench_detect_20260905_1914,ncnn,320,2,19,18.45862899790518,54.17520445930666,1,0.88427734375,54.0
bench_detect_20260905_1914,ncnn,320,2,20,18.39435100191622,54.36451657880322,2,0.87353515625,53.45
bench_detect_20260905_1914,ncnn,320,2,21,18.392406000202755,54.37026564055709,2,0.875,55.65
bench_detect_20260905_1914,ncnn,320,2,22,18.431683998642256,54.254402368967675,1,0.84814453125,54.55
bench_detect_20260905_1914,ncnn,320,2,23,18.392887999652885,54.368840826893106,1,0.8720703125,53.45
bench_detect_20260905_1914,ncnn,320,2,24,18.392887999652885,54.368840826893106,2,0.8603515625,53.45
bench_detect_20260905_1914,ncnn,320,2,25,20.111839003220666,49.721957292909025,1,0.84912109375,54.55
bench_detect_20260905_1914,ncnn,320,2,26,19.475354998576222,51.346945925920565,3,0.875,54.55
bench_detect_20260905_1914,ncnn,320,2,27,18.42166600181372,54.283906781370604,1,0.85400390625,53.45
bench_detect_20260905_1914,ncnn,320,2,28,18.379462002485525,54.40855667400744,1,0.86181640625,54.55
bench_detect_20260905_1914,ncnn,320,2,29,18.367795000813203,54.44311633245726,1,0.892578125,54.0
bench_detect_20260905_1914,ncnn,320,2,30,18.516109998017782,54.00702415934306,1,0.85205078125,54.55
bench_detect_20260905_1914,ncnn,320,2,31,18.525296000007074,53.98024409432476,1,0.87060546875,55.1
bench_detect_20260905_1914,ncnn,320,2,32,18.427314000291517,54.26726868518006,2,0.845703125,55.65
bench_detect_20260905_1914,ncnn,320,2,33,18.374627998127835,54.42287049848784,1,0.83984375,55.65
bench_detect_20260905_1914,ncnn,320,2,34,18.373998998868046,54.42473356298791,2,0.84326171875,55.1
bench_detect_20260905_1914,ncnn,320,2,35,18.35523899717373,54.48035844992137,1,0.8505859375,55.65
bench_detect_20260905_1914,ncnn,320,2,36,18.40824000100838,54.32349860416972,1,0.8408203125,55.65
bench_detect_20260905_1914,ncnn,320,2,37,18.37364699895261,54.42577622488366,1,0.837890625,55.1
bench_detect_20260905_1914,ncnn,320,2,38,18.47472199733602,54.12801340903511,1,0.8671875,55.1
bench_detect_20260905_1914,ncnn,320,2,39,18.421924996800954,54.28314360055501,2,0.857421875,54.0
bench_detect_20260905_1914,ncnn,320,2,40,18.48948100087,54.08480638006801,1,0.82958984375,55.65
bench_detect_20260905_1914,ncnn,320,2,41,18.34836900161463,54.50075698346821,1,0.8583984375,55.1
bench_detect_20260905_1914,ncnn,320,2,42,18.45640600004117,54.18172963889987,2,0.87353515625,53.45
bench_detect_20260905_1914,ncnn,320,2,43,18.39325799664948,54.36774714855629,1,0.84326171875,55.1
bench_detect_20260905_1914,ncnn,320,2,44,18.41825900191907,54.293948189989415,1,0.869140625,53.45
bench_detect_20260905_1914,ncnn,320,2,45,18.34246200087364,54.518308390246126,2,0.8583984375,55.65
bench_detect_20260905_1914,ncnn,320,2,46,18.471314000635175,54.138000142578534,1,0.8310546875,55.65
bench_detect_20260905_1914,ncnn,320,2,47,18.42323999881046,54.27926901373306,1,0.87841796875,55.1
bench_detect_20260905_1914,ncnn,320,2,48,18.48714700099663,54.09163457974834,2,0.845703125,55.65
bench_detect_20260905_1914,ncnn,320,2,49,18.326127999898745,54.566900329710954,1,0.84228515625,54.55
bench_detect_20260905_1914,ncnn,320,2,50,18.406442999548744,54.328802149579694,1,0.857421875,54.0
bench_detect_20260905_1914,ncnn,320,2,51,18.431888001941843,54.253801883705435,1,0.88330078125,54.0
bench_detect_20260905_1914,ncnn,320,2,52,20.58165600101347,48.586955294110375,1,0.845703125,55.65
bench_detect_20260905_1914,ncnn,320,2,53,18.450610001309542,54.19875006457914,1,0.8271484375,54.0
bench_detect_20260905_1914,ncnn,320,2,54,18.47748100044555,54.11993117329612,1,0.86572265625,54.0
bench_detect_20260905_1914,ncnn,320,2,55,18.420757998683257,54.2865825647067,1,0.85693359375,55.1
bench_detect_20260905_1914,ncnn,320,2,56,18.395332001091447,54.361617389708826,1,0.8359375,54.55
bench_detect_20260905_1914,ncnn,320,2,57,18.334221000259276,54.54281368081351,1,0.849609375,54.55
bench_detect_20260905_1914,ncnn,320,2,58,18.51192500180332,54.01923354284258,3,0.84765625,55.1
bench_detect_20260905_1914,ncnn,320,2,59,18.421943997964263,54.28308761065097,1,0.8662109375,55.1
bench_detect_20260905_1914,ncnn,320,2,60,18.407943000056548,54.324375080742485,2,0.8388671875,54.0
bench_detect_20260905_1914,ncnn,320,2,61,18.3882960009214,54.3824180310069,1,0.8603515625,54.55
bench_detect_20260905_1914,ncnn,320,2,62,18.324092001421377,54.572963283661274,1,0.857421875,55.65
bench_detect_20260905_1914,ncnn,320,2,63,18.482980001863325,54.10382957181077,3,0.82373046875,54.0
bench_detect_20260905_1914,ncnn,320,2,64,18.40277700102888,54.339624935089475,1,0.8798828125,56.2
bench_detect_20260905_1914,ncnn,320,2,65,18.36894300140557,54.439713810613995,1,0.833984375,55.65
bench_detect_20260905_1914,ncnn,320,2,66,18.478072997822892,54.11819728809498,2,0.86572265625,55.65
bench_detect_20260905_1914,ncnn,320,2,67,18.439072999171913,54.23266126474522,1,0.83935546875,55.1
bench_detect_20260905_1914,ncnn,320,2,68,18.466648001776775,54.15167928168581,2,0.86572265625,55.65
bench_detect_20260905_1914,ncnn,320,2,69,18.343610001466004,54.514896463677594,1,0.8662109375,54.55
bench_detect_20260905_1914,ncnn,320,2,70,18.410980002954602,54.31541394534781,1,0.85498046875,55.65
bench_detect_20260905_1914,ncnn,320,2,71,18.41242500086082,54.31115129882391,1,0.87158203125,55.65
bench_detect_20260905_1914,ncnn,320,2,72,18.394610000541434,54.36375111897266,1,0.85498046875,55.65
bench_detect_20260905_1914,ncnn,320,2,73,18.445314002747182,54.21431155094803,1,0.83935546875,54.0
bench_detect_20260905_1914,ncnn,320,2,74,18.3926280005835,54.369609387428234,1,0.85107421875,54.0
bench_detect_20260905_1914,ncnn,320,2,75,18.364313000347465,54.45343912299248,1,0.8408203125,55.65
bench_detect_20260905_1914,ncnn,320,2,76,18.461518000549404,54.16672669984346,2,0.85595703125,55.1
bench_detect_20260905_1914,ncnn,320,2,77,18.36036900203908,54.46513628832521,1,0.85986328125,55.65
bench_detect_20260905_1914,ncnn,320,2,78,18.392034999124007,54.37136238853552,1,0.85986328125,55.65
bench_detect_20260905_1914,ncnn,320,2,79,19.63133800018113,50.938962998384184,3,0.84228515625,56.75
bench_detect_20260905_1914,ncnn,320,2,80,18.45657299782033,54.18123939466428,1,0.86767578125,54.55
bench_detect_20260905_1914,ncnn,320,2,81,18.341535000217846,54.52106380344517,1,0.8642578125,55.65
bench_detect_20260905_1914,ncnn,320,2,82,18.615740998939145,53.7179798567775,2,0.85107421875,55.65
bench_detect_20260905_1914,ncnn,320,2,83,18.42305399986799,54.279817016612206,1,0.83203125,55.65
bench_detect_20260905_1914,ncnn,320,2,84,18.392442998447223,54.3701562693126,1,0.86474609375,54.0
bench_detect_20260905_1914,ncnn,320,2,85,18.548054998973384,53.91400877641073,1,0.8447265625,55.1
bench_detect_20260905_1914,ncnn,320,2,86,18.418907002342166,54.29203806028441,1,0.8603515625,55.65
bench_detect_20260905_1914,ncnn,320,2,87,18.400017001113156,54.3477758710496,1,0.88134765625,55.65
bench_detect_20260905_1914,ncnn,320,2,88,18.383128997811582,54.3977034659902,1,0.853515625,55.65
bench_detect_20260905_1914,ncnn,320,2,89,18.369851000898052,54.43702292147675,1,0.82470703125,54.55
bench_detect_20260905_1914,ncnn,320,2,90,18.438776998664252,54.23353186995224,1,0.83447265625,55.65
bench_detect_20260905_1914,ncnn,320,2,91,18.623870000737952,53.69453287422947,5,0.86181640625,55.1
bench_detect_20260905_1914,ncnn,320,2,92,18.421849999867845,54.28336459189353,1,0.84619140625,54.55
bench_detect_20260905_1914,ncnn,320,2,93,18.3475730009377,54.50312147273606,1,0.890625,55.1
bench_detect_20260905_1914,ncnn,320,2,94,18.38020300056087,54.40636319247862,1,0.82958984375,55.65
bench_detect_20260905_1914,ncnn,320,2,95,18.385572999250144,54.39047235790721,1,0.8447265625,54.55
bench_detect_20260905_1914,ncnn,320,2,96,18.35285000197473,54.487450172175,1,0.83251953125,55.1
bench_detect_20260905_1914,ncnn,320,2,97,18.389294997177785,54.37946371263665,1,0.87890625,55.1
bench_detect_20260905_1914,ncnn,320,2,98,18.41418399999384,54.305963272677985,1,0.853515625,55.65
bench_detect_20260905_1914,ncnn,320,2,99,18.39386899882811,54.36594117657959,1,0.86181640625,55.1
bench_detect_20260905_1914,ncnn,320,4,0,16.538381001737434,60.465410725206134,3,0.86865234375,56.75
bench_detect_20260905_1914,ncnn,320,4,1,16.36347200110322,61.11172494031709,1,0.83203125,56.2
bench_detect_20260905_1914,ncnn,320,4,2,16.74243699744693,59.728461283891406,2,0.86767578125,56.75
bench_detect_20260905_1914,ncnn,320,4,3,16.43580600284622,60.84277216625872,1,0.88427734375,55.65
bench_detect_20260905_1914,ncnn,320,4,4,16.460101996926824,60.75296496866815,1,0.81396484375,56.2
bench_detect_20260905_1914,ncnn,320,4,5,16.532898000150453,60.48546358847068,1,0.85205078125,55.1
bench_detect_20260905_1914,ncnn,320,4,6,16.327509998518508,61.24632599157716,1,0.85595703125,56.75
bench_detect_20260905_1914,ncnn,320,4,7,16.508695000084117,60.5741398696205,2,0.8447265625,56.75
bench_detect_20260905_1914,ncnn,320,4,8,16.3857689985889,61.02856692817514,1,0.86181640625,56.75
bench_detect_20260905_1914,ncnn,320,4,9,16.294287001073826,61.37120328947796,1,0.84423828125,55.65
bench_detect_20260905_1914,ncnn,320,4,10,16.263769000943284,61.486362720842926,1,0.8310546875,55.1
bench_detect_20260905_1914,ncnn,320,4,11,16.4562690006278,60.76711555710778,2,0.85888671875,56.2
bench_detect_20260905_1914,ncnn,320,4,12,16.348101999028586,61.16918037698937,1,0.8427734375,56.2
bench_detect_20260905_1914,ncnn,320,4,13,16.464621003251523,60.73629024333537,2,0.83740234375,55.65
bench_detect_20260905_1914,ncnn,320,4,14,16.367268999601947,61.09754779641735,1,0.87158203125,56.75
bench_detect_20260905_1914,ncnn,320,4,15,16.38576799814473,61.02857065431566,1,0.87060546875,56.2
bench_detect_20260905_1914,ncnn,320,4,16,16.383528000005754,61.03691463765612,2,0.86328125,55.65
bench_detect_20260905_1914,ncnn,320,4,17,16.483010000229115,60.668530807546674,3,0.85986328125,56.75
bench_detect_20260905_1914,ncnn,320,4,18,16.555250997043913,60.40379576114907,2,0.876953125,55.65
bench_detect_20260905_1914,ncnn,320,4,19,16.349639001418836,61.163429964002205,1,0.88427734375,56.2
bench_detect_20260905_1914,ncnn,320,4,20,16.474935997393914,60.698263116663085,2,0.87353515625,55.65
bench_detect_20260905_1914,ncnn,320,4,21,16.41334300074959,60.92604047538215,2,0.875,56.75
bench_detect_20260905_1914,ncnn,320,4,22,16.392212997743627,61.00457577861202,1,0.84814453125,56.75
bench_detect_20260905_1914,ncnn,320,4,23,16.35756499672425,61.13379345888334,1,0.8720703125,56.75
bench_detect_20260905_1914,ncnn,320,4,24,16.38093600195134,61.04657266720762,2,0.8603515625,55.65
bench_detect_20260905_1914,ncnn,320,4,25,17.609533002541866,56.78742303135773,1,0.84912109375,56.75
bench_detect_20260905_1914,ncnn,320,4,26,18.318073001864832,54.59089500834488,3,0.875,57.3
bench_detect_20260905_1914,ncnn,320,4,27,16.63717699921108,60.10635097813885,1,0.85400390625,56.75
bench_detect_20260905_1914,ncnn,320,4,28,16.407084000093164,60.94928263878711,1,0.86181640625,56.75
bench_detect_20260905_1914,ncnn,320,4,29,16.398990999732632,60.97936147512392,1,0.892578125,56.75
bench_detect_20260905_1914,ncnn,320,4,30,16.35865800199099,61.129708798746904,1,0.85205078125,56.2
bench_detect_20260905_1914,ncnn,320,4,31,16.383508998842444,61.03698542666615,1,0.87060546875,57.3
bench_detect_20260905_1914,ncnn,320,4,32,16.458047000924125,60.76055074723323,2,0.845703125,56.75
bench_detect_20260905_1914,ncnn,320,4,33,16.321009999956004,61.27071792754833,1,0.83984375,56.75
bench_detect_20260905_1914,ncnn,320,4,34,16.56713999909698,60.36044845727788,2,0.84326171875,57.3
bench_detect_20260905_1914,ncnn,320,4,35,16.41552799992496,60.917930876458634,1,0.8505859375,56.75
bench_detect_20260905_1914,ncnn,320,4,36,16.321731000061845,61.2680113399866,1,0.8408203125,56.75
bench_detect_20260905_1914,ncnn,320,4,37,16.267953000351554,61.470548874734874,1,0.837890625,56.2
bench_detect_20260905_1914,ncnn,320,4,38,16.287602000375045,61.396392174672094,1,0.8671875,56.2
bench_detect_20260905_1914,ncnn,320,4,39,16.460399001516635,60.75186876744978,2,0.857421875,57.3
bench_detect_20260905_1914,ncnn,320,4,40,16.314861000864767,61.29381059066303,1,0.82958984375,56.2
bench_detect_20260905_1914,ncnn,320,4,41,16.382380003051367,61.04119180569251,1,0.8583984375,56.2
bench_detect_20260905_1914,ncnn,320,4,42,16.430436000518966,60.86265756845493,2,0.87353515625,56.75
bench_detect_20260905_1914,ncnn,320,4,43,16.423230998043437,60.88935850193752,1,0.84326171875,56.75
bench_detect_20260905_1914,ncnn,320,4,44,16.39684300243971,60.987349811863695,1,0.869140625,56.75
bench_detect_20260905_1914,ncnn,320,4,45,16.399454001657432,60.97763985916444,2,0.8583984375,57.3
bench_detect_20260905_1914,ncnn,320,4,46,16.293343000143068,61.374759003798005,1,0.8310546875,56.2
bench_detect_20260905_1914,ncnn,320,4,47,16.342934999556746,61.18851968921874,1,0.87841796875,57.3
bench_detect_20260905_1914,ncnn,320,4,48,16.3668420027534,61.09914177895586,2,0.845703125,57.3
bench_detect_20260905_1914,ncnn,320,4,49,16.432510001322953,60.85497589348746,1,0.84228515625,56.75
bench_detect_20260905_1914,ncnn,320,4,50,16.36674999826937,61.09948524329758,1,0.857421875,55.65
bench_detect_20260905_1914,ncnn,320,4,51,16.425972997240024,60.87919419860395,1,0.88330078125,56.75
bench_detect_20260905_1914,ncnn,320,4,52,16.26724999732687,61.473205376712464,1,0.845703125,56.75
bench_detect_20260905_1914,ncnn,320,4,53,16.335454001819016,61.21654163322587,1,0.8271484375,57.3
bench_detect_20260905_1914,ncnn,320,4,54,16.36015700205462,61.124107786643684,1,0.86572265625,57.3
bench_detect_20260905_1914,ncnn,320,4,55,16.328806003002683,61.24146491887473,1,0.85693359375,56.2
bench_detect_20260905_1914,ncnn,320,4,56,16.35193499896559,61.15484192318886,1,0.8359375,56.75
bench_detect_20260905_1914,ncnn,320,4,57,16.30534299692954,61.329589950258026,1,0.849609375,57.3
bench_detect_20260905_1914,ncnn,320,4,58,18.72937099687988,53.39207601614543,3,0.84765625,57.3
bench_detect_20260905_1914,ncnn,320,4,59,19.695132999913767,50.77396532454888,1,0.8662109375,57.3
bench_detect_20260905_1914,ncnn,320,4,60,16.664529000991024,60.00769658359567,2,0.8388671875,56.75
bench_detect_20260905_1914,ncnn,320,4,61,16.42636199903791,60.877752484607974,1,0.8603515625,56.75
bench_detect_20260905_1914,ncnn,320,4,62,16.36084300116636,61.12154489403207,1,0.857421875,57.3
bench_detect_20260905_1914,ncnn,320,4,63,16.421509000792867,60.895743500290855,3,0.82373046875,56.75
bench_detect_20260905_1914,ncnn,320,4,64,16.377046002162388,61.061072910704546,1,0.8798828125,56.75
bench_detect_20260905_1914,ncnn,320,4,65,16.34945399928256,61.16412205838076,1,0.833984375,57.3
bench_detect_20260905_1914,ncnn,320,4,66,16.370436002034694,61.08572794736251,2,0.86572265625,57.3
bench_detect_20260905_1914,ncnn,320,4,67,16.42347199958749,60.88846499845569,1,0.83935546875,56.2
bench_detect_20260905_1914,ncnn,320,4,68,16.39512100155116,60.99375539255788,2,0.86572265625,56.75
bench_detect_20260905_1914,ncnn,320,4,69,16.31904700116138,61.27808810948537,1,0.8662109375,57.3
bench_detect_20260905_1914,ncnn,320,4,70,16.368565000448143,61.0927103244922,1,0.85498046875,57.3
bench_detect_20260905_1914,ncnn,320,4,71,16.354380000848323,61.14569919178402,1,0.87158203125,56.75
bench_detect_20260905_1914,ncnn,320,4,72,16.358083998056827,61.13185383561973,1,0.85498046875,56.2
bench_detect_20260905_1914,ncnn,320,4,73,16.43614000204252,60.84153577882215,1,0.83935546875,56.75
bench_detect_20260905_1914,ncnn,320,4,74,16.304324002703652,61.333422951738186,1,0.85107421875,57.85
bench_detect_20260905_1914,ncnn,320,4,75,16.359953999199206,61.12486624650341,1,0.8408203125,56.75
bench_detect_20260905_1914,ncnn,320,4,76,16.49662099953275,60.61847453659291,2,0.85595703125,57.3
bench_detect_20260905_1914,ncnn,320,4,77,16.344804997061146,61.18151915423913,1,0.85986328125,56.75
bench_detect_20260905_1914,ncnn,320,4,78,16.42647300104727,60.87734110275803,1,0.85986328125,57.3
bench_detect_20260905_1914,ncnn,320,4,79,16.44784300151514,60.79824569749859,3,0.84228515625,57.3
bench_detect_20260905_1914,ncnn,320,4,80,16.426231999503216,60.878234279793645,1,0.86767578125,57.85
bench_detect_20260905_1914,ncnn,320,4,81,16.33441599915386,61.22043175904182,1,0.8642578125,56.75
bench_detect_20260905_1914,ncnn,320,4,82,16.504694998729974,60.58882033730095,2,0.85107421875,56.2
bench_detect_20260905_1914,ncnn,320,4,83,16.337843000655994,61.20759025287782,1,0.83203125,57.85
bench_detect_20260905_1914,ncnn,320,4,84,16.36565700027859,61.103565838082595,1,0.86474609375,57.3
bench_detect_20260905_1914,ncnn,320,4,85,17.342994000500767,57.66017101609594,1,0.8447265625,57.3
bench_detect_20260905_1914,ncnn,320,4,86,18.449776998750167,54.20119712383204,1,0.8603515625,56.75
bench_detect_20260905_1914,ncnn,320,4,87,16.529120999621227,60.49928486958959,1,0.88134765625,57.85
bench_detect_20260905_1914,ncnn,320,4,88,16.391472003306262,61.00733355724817,1,0.853515625,57.3
bench_detect_20260905_1914,ncnn,320,4,89,16.339935002179118,61.19975384642831,1,0.82470703125,57.3
bench_detect_20260905_1914,ncnn,320,4,90,16.33426799890003,61.2209864603263,1,0.83447265625,56.2
bench_detect_20260905_1914,ncnn,320,4,91,16.624621999653755,60.15174360179902,5,0.86181640625,56.75
bench_detect_20260905_1914,ncnn,320,4,92,16.338897999958135,61.20363809129369,1,0.84619140625,57.3
bench_detect_20260905_1914,ncnn,320,4,93,16.4822879996791,60.671188370174654,1,0.890625,56.75
bench_detect_20260905_1914,ncnn,320,4,94,16.32526799949119,61.25473713700548,1,0.82958984375,56.2
bench_detect_20260905_1914,ncnn,320,4,95,16.501825000887038,60.59935794654507,1,0.8447265625,56.75
bench_detect_20260905_1914,ncnn,320,4,96,16.333157000190113,61.22515077693555,1,0.83251953125,57.3
bench_detect_20260905_1914,ncnn,320,4,97,16.424045999883674,60.886337021162916,1,0.87890625,57.3
bench_detect_20260905_1914,ncnn,320,4,98,16.338323999661952,61.20578830611331,1,0.853515625,57.3
bench_detect_20260905_1914,ncnn,320,4,99,16.391935001593083,61.00561037502973,1,0.86181640625,56.75
bench_detect_20260905_1914,ncnn,640,1,0,115.60705100055202,8.649991426519694,1,0.8212890625,54.55
bench_detect_20260905_1914,ncnn,640,1,1,118.154821000644,8.463471837467804,1,0.81201171875,54.0
bench_detect_20260905_1914,ncnn,640,1,2,115.4670879986952,8.66047648150008,1,0.83984375,53.45
bench_detect_20260905_1914,ncnn,640,1,3,115.54440300096758,8.65468143871604,1,0.83251953125,52.9
bench_detect_20260905_1914,ncnn,640,1,4,117.18816900247475,8.5332846183379,1,0.7431640625,54.0
bench_detect_20260905_1914,ncnn,640,1,5,115.77329300052952,8.637570670080414,1,0.833984375,52.9
bench_detect_20260905_1914,ncnn,640,1,6,115.54879199684365,8.654352700003269,1,0.8095703125,52.35
bench_detect_20260905_1914,ncnn,640,1,7,115.48392199983937,8.659214050605165,2,0.82373046875,54.0
bench_detect_20260905_1914,ncnn,640,1,8,115.48960700019961,8.65878779895988,1,0.84765625,54.0
bench_detect_20260905_1914,ncnn,640,1,9,118.5599340024055,8.434552603409097,1,0.8310546875,52.9
bench_detect_20260905_1914,ncnn,640,1,10,115.54395799976191,8.654714770997032,1,0.81982421875,54.0
bench_detect_20260905_1914,ncnn,640,1,11,115.53055200056406,8.65571905165932,1,0.86279296875,54.0
bench_detect_20260905_1914,ncnn,640,1,12,115.54577299830271,8.654578822322556,1,0.84130859375,52.9
bench_detect_20260905_1914,ncnn,640,1,13,116.48518500078353,8.58478269140641,2,0.82470703125,51.8
bench_detect_20260905_1914,ncnn,640,1,14,115.61956999867107,8.649054827063395,1,0.86767578125,53.45
bench_detect_20260905_1914,ncnn,640,1,15,115.54723700101022,8.65446916736968,1,0.8603515625,53.45
bench_detect_20260905_1914,ncnn,640,1,16,115.60003300110111,8.650516561621352,2,0.83544921875,52.35
bench_detect_20260905_1914,ncnn,640,1,17,115.68831100157695,8.643915632810725,3,0.83935546875,54.0
bench_detect_20260905_1914,ncnn,640,1,18,116.8552240014833,8.557597732963197,2,0.84716796875,54.0
bench_detect_20260905_1914,ncnn,640,1,19,115.51812499965308,8.656650201022593,1,0.86328125,53.45
bench_detect_20260905_1914,ncnn,640,1,20,115.64423700110638,8.647209977185746,2,0.86328125,52.9
bench_detect_20260905_1914,ncnn,640,1,21,115.76716299896361,8.638028039168173,2,0.84765625,52.35
bench_detect_20260905_1914,ncnn,640,1,22,116.9202229975781,8.552840341578156,1,0.81591796875,52.9
bench_detect_20260905_1914,ncnn,640,1,23,115.44640200008871,8.662028289103645,1,0.86474609375,52.35
bench_detect_20260905_1914,ncnn,640,1,24,115.62384799981373,8.64873481811132,1,0.84228515625,52.35
bench_detect_20260905_1914,ncnn,640,1,25,115.65001499911887,8.64677795335884,1,0.845703125,52.9
bench_detect_20260905_1914,ncnn,640,1,26,115.53036600162159,8.655732986996371,3,0.8583984375,52.9
bench_detect_20260905_1914,ncnn,640,1,27,116.7925190020469,8.562192240947162,1,0.849609375,53.45
bench_detect_20260905_1914,ncnn,640,1,28,115.55158899864182,8.654143215735042,1,0.8359375,53.45
bench_detect_20260905_1914,ncnn,640,1,29,115.75634800101398,8.638835081348976,1,0.84619140625,52.9
bench_detect_20260905_1914,ncnn,640,1,30,116.4938149995578,8.584146720611699,1,0.837890625,53.45
bench_detect_20260905_1914,ncnn,640,1,31,115.61123700084863,8.64967823147381,1,0.84130859375,54.0
bench_detect_20260905_1914,ncnn,640,1,32,115.5833109987725,8.651768074117724,1,0.83203125,52.35
bench_detect_20260905_1914,ncnn,640,1,33,115.81997800021782,8.634089016992554,1,0.83642578125,53.45
bench_detect_20260905_1914,ncnn,640,1,34,115.43181099841604,8.663123201053494,1,0.79296875,52.35
bench_detect_20260905_1914,ncnn,640,1,35,117.39044799833209,8.518580660107952,1,0.84423828125,52.35
bench_detect_20260905_1914,ncnn,640,1,36,115.6453670009796,8.647125483129205,1,0.82373046875,51.8
bench_detect_20260905_1914,ncnn,640,1,37,115.78942299820483,8.636367416871089,1,0.84912109375,51.8
bench_detect_20260905_1914,ncnn,640,1,38,115.46449600064079,8.660670895705033,1,0.84765625,53.45
bench_detect_20260905_1914,ncnn,640,1,39,116.31962899991777,8.597001285146009,2,0.822265625,52.9
bench_detect_20260905_1914,ncnn,640,1,40,115.57214399726945,8.652604039461503,1,0.8125,51.25
bench_detect_20260905_1914,ncnn,640,1,41,115.72327399699134,8.641304082236722,1,0.84814453125,51.8
bench_detect_20260905_1914,ncnn,640,1,42,115.55640399819822,8.653782615246422,2,0.853515625,53.45
bench_detect_20260905_1914,ncnn,640,1,43,115.49131100036902,8.658660044103273,1,0.83056640625,51.8
bench_detect_20260905_1914,ncnn,640,1,44,117.36589200154413,8.520362968713632,1,0.861328125,53.45
bench_detect_20260905_1914,ncnn,640,1,45,115.6879599984677,8.643941858887002,2,0.8388671875,52.9
bench_detect_20260905_1914,ncnn,640,1,46,115.62234799930593,8.64884702052585,1,0.8212890625,52.9
bench_detect_20260905_1914,ncnn,640,1,47,116.73483400227269,8.566423283563594,1,0.83740234375,52.35
bench_detect_20260905_1914,ncnn,640,1,48,117.05390899805934,8.543072235345674,3,0.818359375,52.9
bench_detect_20260905_1914,ncnn,640,1,49,115.81023799953982,8.634815170693058,1,0.81982421875,52.9
bench_detect_20260905_1914,ncnn,640,1,50,115.55234800107428,8.654086371232397,1,0.84619140625,53.45
bench_detect_20260905_1914,ncnn,640,1,51,115.51460600094288,8.656913914348092,1,0.87353515625,52.35
bench_detect_20260905_1914,ncnn,640,1,52,115.43688399979146,8.662742490535404,1,0.84765625,52.35
bench_detect_20260905_1914,ncnn,640,1,53,116.8678350004484,8.55667429790381,1,0.81640625,52.9
bench_detect_20260905_1914,ncnn,640,1,54,115.69303299984313,8.64356283235617,1,0.81787109375,52.9
bench_detect_20260905_1914,ncnn,640,1,55,115.52060699978028,8.656464209904142,1,0.83447265625,52.35
bench_detect_20260905_1914,ncnn,640,1,56,116.84176099879551,8.55858377562718,1,0.82666015625,51.25
bench_detect_20260905_1914,ncnn,640,1,57,115.86721999992733,8.630568680258552,1,0.82568359375,53.45
bench_detect_20260905_1914,ncnn,640,1,58,115.52703300185385,8.655982708254554,2,0.8603515625,51.8
bench_detect_20260905_1914,ncnn,640,1,59,115.53834799997276,8.655135003317131,1,0.8193359375,52.35
bench_detect_20260905_1914,ncnn,640,1,60,115.6257189977623,8.648594868580691,2,0.8330078125,51.8
bench_detect_20260905_1914,ncnn,640,1,61,116.22453500240226,8.604035283766297,1,0.86865234375,52.35
bench_detect_20260905_1914,ncnn,640,1,62,117.97741299960762,8.476198744952358,1,0.84716796875,52.9
bench_detect_20260905_1914,ncnn,640,1,63,115.63516299793264,8.647888532123039,3,0.837890625,52.9
bench_detect_20260905_1914,ncnn,640,1,64,115.57132999951136,8.65266498191401,1,0.8203125,52.9
bench_detect_20260905_1914,ncnn,640,1,65,116.99822400260018,8.547138287994661,1,0.8310546875,52.35
bench_detect_20260905_1914,ncnn,640,1,66,115.48932900041109,8.658808641934707,2,0.8203125,51.8
bench_detect_20260905_1914,ncnn,640,1,67,115.43007000000216,8.663253864439147,1,0.82568359375,52.35
bench_detect_20260905_1914,ncnn,640,1,68,115.723718998197,8.641270853173845,2,0.84814453125,52.35
bench_detect_20260905_1914,ncnn,640,1,69,115.68073699891102,8.644481578721388,1,0.85888671875,52.9
bench_detect_20260905_1914,ncnn,640,1,70,116.5636670011736,8.579002580537653,1,0.85693359375,52.35
bench_detect_20260905_1914,ncnn,640,1,71,115.56362500050454,8.65324188295092,1,0.85595703125,50.7
bench_detect_20260905_1914,ncnn,640,1,72,115.50038499990478,8.657979798083135,1,0.8271484375,51.8
bench_detect_20260905_1914,ncnn,640,1,73,116.51772199911647,8.582385433244076,1,0.82470703125,52.35
bench_detect_20260905_1914,ncnn,640,1,74,115.7059780016425,8.642595804218555,1,0.837890625,52.35
bench_detect_20260905_1914,ncnn,640,1,75,115.55299600149738,8.654037840672185,1,0.818359375,52.35
bench_detect_20260905_1914,ncnn,640,1,76,115.56323599870666,8.65327101095708,2,0.8447265625,52.35
bench_detect_20260905_1914,ncnn,640,1,77,115.78612700031954,8.636613261943205,1,0.84716796875,52.35
bench_detect_20260905_1914,ncnn,640,1,78,115.44999600300798,8.661758636820963,1,0.8525390625,52.9
bench_detect_20260905_1914,ncnn,640,1,79,116.8514460005099,8.557874414285266,4,0.8388671875,52.9
bench_detect_20260905_1914,ncnn,640,1,80,115.59753300025477,8.65070364432255,1,0.83251953125,52.9
bench_detect_20260905_1914,ncnn,640,1,81,115.80686700108345,8.635066519765571,1,0.82763671875,52.35
bench_detect_20260905_1914,ncnn,640,1,82,115.68908900153474,8.643857503162929,2,0.83056640625,52.35
bench_detect_20260905_1914,ncnn,640,1,83,115.52638500143075,8.656031260630334,1,0.82177734375,51.25
bench_detect_20260905_1914,ncnn,640,1,84,115.49573699812754,8.658328229172756,1,0.82666015625,52.35
bench_detect_20260905_1914,ncnn,640,1,85,115.83277499812539,8.633135138273117,1,0.810546875,52.35
bench_detect_20260905_1914,ncnn,640,1,86,115.49607000051765,8.658303265171863,1,0.83544921875,52.35
bench_detect_20260905_1914,ncnn,640,1,87,115.47634699672926,8.65978207665613,1,0.85595703125,52.35
bench_detect_20260905_1914,ncnn,640,1,88,116.82116800147924,8.560092465325614,1,0.84619140625,51.8
bench_detect_20260905_1914,ncnn,640,1,89,115.94366400095169,8.624878371894404,1,0.79296875,52.35
bench_detect_20260905_1914,ncnn,640,1,90,115.40677400262211,8.665002627811774,1,0.81640625,51.8
bench_detect_20260905_1914,ncnn,640,1,91,117.36867000217899,8.520161300127493,6,0.8505859375,52.35
bench_detect_20260905_1914,ncnn,640,1,92,115.60223699780181,8.650351636525988,1,0.8408203125,52.35
bench_detect_20260905_1914,ncnn,640,1,93,115.65253400112852,8.646589619819677,1,0.8505859375,51.25
bench_detect_20260905_1914,ncnn,640,1,94,115.60816299970611,8.649908224928218,1,0.82177734375,52.35
bench_detect_20260905_1914,ncnn,640,1,95,115.43273599818349,8.663053780651413,1,0.82958984375,51.8
bench_detect_20260905_1914,ncnn,640,1,96,116.66827799854218,8.571310189497229,1,0.80712890625,52.35
bench_detect_20260905_1914,ncnn,640,1,97,115.93473899847595,8.625542340791794,1,0.849609375,52.9
bench_detect_20260905_1914,ncnn,640,1,98,115.47903300015605,8.6595806530407,1,0.837890625,50.7
bench_detect_20260905_1914,ncnn,640,1,99,116.69155599884107,8.569600357458011,1,0.8505859375,52.9
bench_detect_20260905_1914,ncnn,640,2,0,80.02922500236309,12.49543526093714,1,0.8212890625,52.9
bench_detect_20260905_1914,ncnn,640,2,1,81.95636300297338,12.201615144436314,1,0.81201171875,51.8
bench_detect_20260905_1914,ncnn,640,2,2,80.32322600047337,12.449699169130815,1,0.83984375,54.0
bench_detect_20260905_1914,ncnn,640,2,3,79.98431800297112,12.502450792452262,1,0.83251953125,53.45
bench_detect_20260905_1914,ncnn,640,2,4,80.12257800146472,12.480876488793447,1,0.7431640625,54.0
bench_detect_20260905_1914,ncnn,640,2,5,80.01074400090147,12.498321475285033,1,0.833984375,52.35
bench_detect_20260905_1914,ncnn,640,2,6,80.08220700139645,12.487168341683718,1,0.8095703125,52.9
bench_detect_20260905_1914,ncnn,640,2,7,80.124837000767,12.480524609247285,2,0.82373046875,52.9
bench_detect_20260905_1914,ncnn,640,2,8,79.91239200055134,12.513703756897938,1,0.84765625,52.9
bench_detect_20260905_1914,ncnn,640,2,9,80.16568899984122,12.474164601790932,1,0.8310546875,54.0
bench_detect_20260905_1914,ncnn,640,2,10,83.77896199817769,11.936170801707371,1,0.81982421875,54.0
bench_detect_20260905_1914,ncnn,640,2,11,80.28252299845917,12.45601112983448,1,0.86279296875,53.45
bench_detect_20260905_1914,ncnn,640,2,12,79.99994700003299,12.500008281250333,1,0.84130859375,53.45
bench_detect_20260905_1914,ncnn,640,2,13,80.8843960003287,12.363324070515851,2,0.82470703125,53.45
bench_detect_20260905_1914,ncnn,640,2,14,81.67449100074009,12.243724910277537,1,0.86767578125,54.0
bench_detect_20260905_1914,ncnn,640,2,15,80.1051339985861,12.483594372586039,1,0.8603515625,54.0
bench_detect_20260905_1914,ncnn,640,2,16,80.14268899933086,12.477744538972848,2,0.83544921875,52.9
bench_detect_20260905_1914,ncnn,640,2,17,80.16542999757803,12.474204903911975,3,0.83935546875,54.0
bench_detect_20260905_1914,ncnn,640,2,18,79.90785499714548,12.514414259220482,2,0.84716796875,53.45
bench_detect_20260905_1914,ncnn,640,2,19,79.97215100112953,12.504352921379793,1,0.86328125,53.45
bench_detect_20260905_1914,ncnn,640,2,20,80.08791099928203,12.486278984214794,2,0.86328125,52.9
bench_detect_20260905_1914,ncnn,640,2,21,80.17885599838337,12.472116090308932,2,0.84765625,54.55
bench_detect_20260905_1914,ncnn,640,2,22,82.90855200175429,12.061481908149123,1,0.81591796875,54.55
bench_detect_20260905_1914,ncnn,640,2,23,80.12072600104148,12.481164985786588,1,0.86474609375,54.0
bench_detect_20260905_1914,ncnn,640,2,24,79.97709600022063,12.503579774855059,1,0.84228515625,54.0
bench_detect_20260905_1914,ncnn,640,2,25,80.06826299970271,12.489342999781487,1,0.845703125,54.0
bench_detect_20260905_1914,ncnn,640,2,26,81.37954599806108,12.288100010091304,3,0.8583984375,54.0
bench_detect_20260905_1914,ncnn,640,2,27,80.19202200011932,12.4700684065369,1,0.849609375,54.0
bench_detect_20260905_1914,ncnn,640,2,28,79.90726199932396,12.514507129633103,1,0.8359375,54.0
bench_detect_20260905_1914,ncnn,640,2,29,80.32280100087519,12.449765042296074,1,0.84619140625,54.55
bench_detect_20260905_1914,ncnn,640,2,30,80.18787399851135,12.4707134649631,1,0.837890625,53.45
bench_detect_20260905_1914,ncnn,640,2,31,79.8891319973336,12.517347165987186,1,0.84130859375,53.45
bench_detect_20260905_1914,ncnn,640,2,32,79.88807699803147,12.517512469659787,1,0.83203125,54.55
bench_detect_20260905_1914,ncnn,640,2,33,80.24515199940652,12.46181202332816,1,0.83642578125,53.45
bench_detect_20260905_1914,ncnn,640,2,34,80.05439199769171,12.49150702473431,1,0.79296875,52.9
bench_detect_20260905_1914,ncnn,640,2,35,83.42436900056782,11.986905169078277,1,0.84423828125,54.0
bench_detect_20260905_1914,ncnn,640,2,36,80.09365099860588,12.485384141339818,1,0.82373046875,54.55
bench_detect_20260905_1914,ncnn,640,2,37,80.13759599998593,12.47853753936137,1,0.84912109375,53.45
bench_detect_20260905_1914,ncnn,640,2,38,82.25680800023838,12.157048447553448,1,0.84765625,54.0
bench_detect_20260905_1914,ncnn,640,2,39,79.99368800301454,12.50098632735017,2,0.822265625,54.55
bench_detect_20260905_1914,ncnn,640,2,40,80.09554099771776,12.485089526125979,1,0.8125,54.55
bench_detect_20260905_1914,ncnn,640,2,41,80.15178099958575,12.476329128671118,1,0.84814453125,54.0
bench_detect_20260905_1914,ncnn,640,2,42,80.15968900144799,12.475098300118606,2,0.853515625,55.1
bench_detect_20260905_1914,ncnn,640,2,43,79.98554000005242,12.502259783447665,1,0.83056640625,53.45
bench_detect_20260905_1914,ncnn,640,2,44,80.0428729999112,12.493304681868546,1,0.861328125,54.55
bench_detect_20260905_1914,ncnn,640,2,45,80.1776330008579,12.47230633497624,2,0.8388671875,54.55
bench_detect_20260905_1914,ncnn,640,2,46,79.99202199789579,12.501246687154692,1,0.8212890625,54.55
bench_detect_20260905_1914,ncnn,640,2,47,82.81516200077021,12.075083545579487,1,0.83740234375,53.45
bench_detect_20260905_1914,ncnn,640,2,48,80.39561599798617,12.438489183602362,3,0.818359375,54.55
bench_detect_20260905_1914,ncnn,640,2,49,80.31017100074678,12.45172295786422,1,0.81982421875,54.0
bench_detect_20260905_1914,ncnn,640,2,50,80.0092070021492,12.498561571459371,1,0.84619140625,54.0
bench_detect_20260905_1914,ncnn,640,2,51,81.88721400074428,12.211918700652229,1,0.87353515625,53.45
bench_detect_20260905_1914,ncnn,640,2,52,80.20498499899986,12.468052952225722,1,0.84765625,54.55
bench_detect_20260905_1914,ncnn,640,2,53,80.12383700042847,12.480680374738574,1,0.81640625,54.55
bench_detect_20260905_1914,ncnn,640,2,54,80.14700399871799,12.477072755158705,1,0.81787109375,54.55
bench_detect_20260905_1914,ncnn,640,2,55,80.23041200067382,12.464101517908214,1,0.83447265625,54.55
bench_detect_20260905_1914,ncnn,640,2,56,79.92252099938923,12.512117829812224,1,0.82666015625,53.45
bench_detect_20260905_1914,ncnn,640,2,57,80.06065199879231,12.490530304638098,1,0.82568359375,54.55
bench_detect_20260905_1914,ncnn,640,2,58,80.29030100078671,12.454804472463014,2,0.8603515625,54.55
bench_detect_20260905_1914,ncnn,640,2,59,79.96174399886513,12.505980359985553,1,0.8193359375,53.45
bench_detect_20260905_1914,ncnn,640,2,60,82.5732910016086,12.110453487684282,2,0.8330078125,54.0
bench_detect_20260905_1914,ncnn,640,2,61,80.31576400026097,12.450855849379092,1,0.86865234375,53.45
bench_detect_20260905_1914,ncnn,640,2,62,80.14194799761754,12.47785990964093,1,0.84716796875,54.0
bench_detect_20260905_1914,ncnn,640,2,63,82.09267900019768,12.181354198437013,3,0.837890625,54.0
bench_detect_20260905_1914,ncnn,640,2,64,80.42746800128953,12.433563120300724,1,0.8203125,54.55
bench_detect_20260905_1914,ncnn,640,2,65,80.04609600175172,12.49280164741721,1,0.8310546875,52.9
bench_detect_20260905_1914,ncnn,640,2,66,80.26555999822449,12.458643533068486,2,0.8203125,54.0
bench_detect_20260905_1914,ncnn,640,2,67,79.90581800186192,12.514733282333692,1,0.82568359375,54.55
bench_detect_20260905_1914,ncnn,640,2,68,79.9955399997998,12.500696913884232,2,0.84814453125,52.9
bench_detect_20260905_1914,ncnn,640,2,69,80.07789199837134,12.487841213656553,1,0.85888671875,54.55
bench_detect_20260905_1914,ncnn,640,2,70,80.17194900094182,12.473190591739918,1,0.85693359375,54.55
bench_detect_20260905_1914,ncnn,640,2,71,80.12304099975154,12.480804366912396,1,0.85595703125,54.0
bench_detect_20260905_1914,ncnn,640,2,72,83.74090700090164,11.941595043736903,1,0.8271484375,54.55
bench_detect_20260905_1914,ncnn,640,2,73,80.38187500278582,12.440615499020677,1,0.82470703125,54.0
bench_detect_20260905_1914,ncnn,640,2,74,80.40030099800788,12.437764381314661,1,0.837890625,52.9
bench_detect_20260905_1914,ncnn,640,2,75,80.51761699971394,12.419642275348918,1,0.818359375,54.55
bench_detect_20260905_1914,ncnn,640,2,76,82.53195799989044,12.116518549109516,2,0.8447265625,54.55
bench_detect_20260905_1914,ncnn,640,2,77,80.30024500112631,12.453262128726678,1,0.84716796875,53.45
bench_detect_20260905_1914,ncnn,640,2,78,79.96441099749063,12.50556325652647,1,0.8525390625,53.45
bench_detect_20260905_1914,ncnn,640,2,79,80.26954200249747,12.458025485792437,4,0.8388671875,53.45
bench_detect_20260905_1914,ncnn,640,2,80,79.91265099917655,12.513663199714204,1,0.83251953125,53.45
bench_detect_20260905_1914,ncnn,640,2,81,79.94639200114761,12.508381866509312,1,0.82763671875,54.0
bench_detect_20260905_1914,ncnn,640,2,82,79.94089199928567,12.50924245389876,2,0.83056640625,54.55
bench_detect_20260905_1914,ncnn,640,2,83,80.0156520017481,12.497554853119901,1,0.82177734375,54.0
bench_detect_20260905_1914,ncnn,640,2,84,79.80809500077157,12.53005725785501,1,0.82666015625,54.0
bench_detect_20260905_1914,ncnn,640,2,85,81.55248999901232,12.262041294044007,1,0.810546875,54.55
bench_detect_20260905_1914,ncnn,640,2,86,80.2781899983529,12.456683440676944,1,0.83544921875,53.45
bench_detect_20260905_1914,ncnn,640,2,87,80.08174400310963,12.487240537133772,1,0.85595703125,54.0
bench_detect_20260905_1914,ncnn,640,2,88,81.0381929986761,12.339860539786923,1,0.84619140625,54.55
bench_detect_20260905_1914,ncnn,640,2,89,80.24878200012608,12.461248321481426,1,0.79296875,54.55
bench_detect_20260905_1914,ncnn,640,2,90,80.0187079985335,12.497077558642,1,0.81640625,54.55
bench_detect_20260905_1914,ncnn,640,2,91,80.25804099816014,12.459810725045287,6,0.8505859375,54.55
bench_detect_20260905_1914,ncnn,640,2,92,79.9446880009782,12.50864847940571,1,0.8408203125,54.0
bench_detect_20260905_1914,ncnn,640,2,93,80.14868900136207,12.47681044393634,1,0.8505859375,53.45
bench_detect_20260905_1914,ncnn,640,2,94,80.04596599857905,12.49282193705741,1,0.82177734375,54.55
bench_detect_20260905_1914,ncnn,640,2,95,80.00183699914487,12.499712975474411,1,0.82958984375,54.55
bench_detect_20260905_1914,ncnn,640,2,96,80.06494800065411,12.489860106970035,1,0.80712890625,54.0
bench_detect_20260905_1914,ncnn,640,2,97,81.08426699982374,12.332848738734652,1,0.849609375,53.45
bench_detect_20260905_1914,ncnn,640,2,98,82.76168099837378,12.082886523530732,1,0.837890625,54.55
bench_detect_20260905_1914,ncnn,640,2,99,80.13817099708831,12.478448004962996,1,0.8505859375,54.55
bench_detect_20260905_1914,ncnn,640,4,0,71.47984000039287,13.989958567261816,1,0.8212890625,55.65
bench_detect_20260905_1914,ncnn,640,4,1,77.336436999758,12.930515534393304,1,0.81201171875,56.2
bench_detect_20260905_1914,ncnn,640,4,2,71.8812480008637,13.911834140497731,1,0.83984375,56.2
bench_detect_20260905_1914,ncnn,640,4,3,71.62708100076998,13.9611999543755,1,0.83251953125,56.2
bench_detect_20260905_1914,ncnn,640,4,4,74.20916600312921,13.475424315613957,1,0.7431640625,55.1
bench_detect_20260905_1914,ncnn,640,4,5,71.8069890026527,13.926221025129712,1,0.833984375,56.2
bench_detect_20260905_1914,ncnn,640,4,6,71.55091399908997,13.976061857333068,1,0.8095703125,55.65
bench_detect_20260905_1914,ncnn,640,4,7,71.56537699847831,13.973237366181454,2,0.82373046875,56.2
bench_detect_20260905_1914,ncnn,640,4,8,71.66911799868103,13.953011114471977,1,0.84765625,56.75
bench_detect_20260905_1914,ncnn,640,4,9,71.73706300090998,13.939795667231525,1,0.8310546875,54.55
bench_detect_20260905_1914,ncnn,640,4,10,71.50978400022723,13.984100413403883,1,0.81982421875,55.1
bench_detect_20260905_1914,ncnn,640,4,11,71.96771200324292,13.895120077666762,1,0.86279296875,55.65
bench_detect_20260905_1914,ncnn,640,4,12,71.51620999866282,13.982843889779641,1,0.84130859375,56.2
bench_detect_20260905_1914,ncnn,640,4,13,71.86497099974076,13.914985090630696,2,0.82470703125,56.2
bench_detect_20260905_1914,ncnn,640,4,14,71.61037699916051,13.964456576059124,1,0.86767578125,56.75
bench_detect_20260905_1914,ncnn,640,4,15,78.1512549983745,12.79569982619984,1,0.8603515625,56.2
bench_detect_20260905_1914,ncnn,640,4,16,72.01675000032992,13.885658544649944,2,0.83544921875,56.2
bench_detect_20260905_1914,ncnn,640,4,17,71.95797199892695,13.897000877330342,3,0.83935546875,56.2
bench_detect_20260905_1914,ncnn,640,4,18,76.9884910005203,12.988954413890797,2,0.84716796875,55.1
bench_detect_20260905_1914,ncnn,640,4,19,71.95023000167566,13.898496224080324,1,0.86328125,55.1
bench_detect_20260905_1914,ncnn,640,4,20,71.79078600165667,13.929364138413579,2,0.86328125,55.1
bench_detect_20260905_1914,ncnn,640,4,21,71.68283999999403,13.950340137194386,2,0.84765625,56.2
bench_detect_20260905_1914,ncnn,640,4,22,71.45902500269585,13.994033643228049,1,0.81591796875,56.75
bench_detect_20260905_1914,ncnn,640,4,23,71.7932670013397,13.928882773663712,1,0.86474609375,55.1
bench_detect_20260905_1914,ncnn,640,4,24,71.60197000121116,13.96609618398886,1,0.84228515625,56.2
bench_detect_20260905_1914,ncnn,640,4,25,71.78854499943554,13.929798967340302,1,0.845703125,56.75
bench_detect_20260905_1914,ncnn,640,4,26,71.82504500087816,13.922720131783747,3,0.8583984375,56.75
bench_detect_20260905_1914,ncnn,640,4,27,72.01219399939873,13.886537049660639,1,0.849609375,56.75
bench_detect_20260905_1914,ncnn,640,4,28,71.64723000096274,13.95727371437197,1,0.8359375,56.75
bench_detect_20260905_1914,ncnn,640,4,29,78.81377600278938,12.688137159734714,1,0.84619140625,56.2
bench_detect_20260905_1914,ncnn,640,4,30,71.88591500016628,13.91093095215783,1,0.837890625,56.75
bench_detect_20260905_1914,ncnn,640,4,31,74.46222299768124,13.429628605516385,1,0.84130859375,56.2
bench_detect_20260905_1914,ncnn,640,4,32,76.53817499885918,13.065375546449928,1,0.83203125,55.1
bench_detect_20260905_1914,ncnn,640,4,33,71.82867499795975,13.922016520956351,1,0.83642578125,56.75
bench_detect_20260905_1914,ncnn,640,4,34,71.72423000156414,13.942289794929724,1,0.79296875,55.65
bench_detect_20260905_1914,ncnn,640,4,35,71.68626600105199,13.94967342817556,1,0.84423828125,56.2
bench_detect_20260905_1914,ncnn,640,4,36,71.94097100000363,13.90028499893266,1,0.82373046875,56.2
bench_detect_20260905_1914,ncnn,640,4,37,71.76365600025747,13.934630086243269,1,0.84912109375,56.2
bench_detect_20260905_1914,ncnn,640,4,38,71.62717399842222,13.96118182775196,1,0.84765625,56.75
bench_detect_20260905_1914,ncnn,640,4,39,71.78861899956246,13.929784608422331,2,0.822265625,56.75
bench_detect_20260905_1914,ncnn,640,4,40,71.6898040009255,13.948984990767865,1,0.8125,55.1
bench_detect_20260905_1914,ncnn,640,4,41,71.75467400156776,13.93637437441568,1,0.84814453125,56.2
bench_detect_20260905_1914,ncnn,640,4,42,71.73213699934422,13.940752943260872,2,0.853515625,56.2
bench_detect_20260905_1914,ncnn,640,4,43,78.04423600100563,12.813246067103721,1,0.83056640625,55.65
bench_detect_20260905_1914,ncnn,640,4,44,71.636969998508,13.959272705431669,1,0.861328125,56.75
bench_detect_20260905_1914,ncnn,640,4,45,74.76964899979066,13.374410785354895,2,0.8388671875,55.65
bench_detect_20260905_1914,ncnn,640,4,46,71.6390820016386,13.958861169900628,1,0.8212890625,56.75
bench_detect_20260905_1914,ncnn,640,4,47,71.87785999849439,13.912489882433157,1,0.83740234375,55.65
bench_detect_20260905_1914,ncnn,640,4,48,71.60348899924429,13.965799906908924,3,0.818359375,56.75
bench_detect_20260905_1914,ncnn,640,4,49,71.85241500337725,13.917416692994905,1,0.81982421875,56.75
bench_detect_20260905_1914,ncnn,640,4,50,71.86861900117947,13.914278775602861,1,0.84619140625,56.75
bench_detect_20260905_1914,ncnn,640,4,51,71.65730400083703,13.955311519790348,1,0.87353515625,56.75
bench_detect_20260905_1914,ncnn,640,4,52,71.78447100159246,13.930589527891291,1,0.84765625,56.75
bench_detect_20260905_1914,ncnn,640,4,53,71.7387670010794,13.939464557356468,1,0.81640625,56.75
bench_detect_20260905_1914,ncnn,640,4,54,71.49978400047985,13.986056237502602,1,0.81787109375,57.3
bench_detect_20260905_1914,ncnn,640,4,55,71.79952699880232,13.92766835381354,1,0.83447265625,57.3
bench_detect_20260905_1914,ncnn,640,4,56,71.76813700061757,13.933760047183542,1,0.82666015625,57.3
bench_detect_20260905_1914,ncnn,640,4,57,72.44845500099473,13.802916846001338,1,0.82568359375,55.65
bench_detect_20260905_1914,ncnn,640,4,58,81.5409360002377,12.26377877238354,2,0.8603515625,57.3
bench_detect_20260905_1914,ncnn,640,4,59,74.73724200099241,13.380210096416475,1,0.8193359375,55.1
bench_detect_20260905_1914,ncnn,640,4,60,71.7461189997266,13.938036146649418,2,0.8330078125,56.75
bench_detect_20260905_1914,ncnn,640,4,61,71.77761899947654,13.931919363434064,1,0.86865234375,56.75
bench_detect_20260905_1914,ncnn,640,4,62,71.54504400023143,13.977208540073933,1,0.84716796875,56.75
bench_detect_20260905_1914,ncnn,640,4,63,71.85097100227722,13.917696393668868,3,0.837890625,56.75
bench_detect_20260905_1914,ncnn,640,4,64,71.58878500194987,13.968668416048168,1,0.8203125,57.3
bench_detect_20260905_1914,ncnn,640,4,65,71.73784100086777,13.93964448955055,1,0.8310546875,57.3
bench_detect_20260905_1914,ncnn,640,4,66,71.78843400106416,13.929820505419807,2,0.8203125,57.3
bench_detect_20260905_1914,ncnn,640,4,67,71.9130090001272,13.905689859232995,1,0.82568359375,56.75
bench_detect_20260905_1914,ncnn,640,4,68,71.4753579995886,13.990835834718812,2,0.84814453125,56.75
bench_detect_20260905_1914,ncnn,640,4,69,71.86622999870451,13.914741318948085,1,0.85888671875,56.75
bench_detect_20260905_1914,ncnn,640,4,70,71.8861380009912,13.910887798510077,1,0.85693359375,56.75
bench_detect_20260905_1914,ncnn,640,4,71,71.77624800169724,13.932185476961038,1,0.85595703125,57.3
bench_detect_20260905_1914,ncnn,640,4,72,76.17819200095255,13.12711648482673,1,0.8271484375,55.1
bench_detect_20260905_1914,ncnn,640,4,73,75.33070700083044,13.274799080127789,1,0.82470703125,56.75
bench_detect_20260905_1914,ncnn,640,4,74,72.14038000165601,13.86186210797676,1,0.837890625,56.75
bench_detect_20260905_1914,ncnn,640,4,75,71.79352599996491,13.928832524543909,1,0.818359375,57.3
bench_detect_20260905_1914,ncnn,640,4,76,71.61567299772287,13.963423900684374,2,0.8447265625,57.3
bench_detect_20260905_1914,ncnn,640,4,77,72.07987899892032,13.873497207382645,1,0.84716796875,56.75
bench_detect_20260905_1914,ncnn,640,4,78,71.45522900100332,13.99477706503409,1,0.8525390625,56.2
bench_detect_20260905_1914,ncnn,640,4,79,71.92497099822504,13.903377173758999,4,0.8388671875,56.75
bench_detect_20260905_1914,ncnn,640,4,80,71.61852599892882,13.962867652637208,1,0.83251953125,57.3
bench_detect_20260905_1914,ncnn,640,4,81,71.77067500015255,13.933267312838767,1,0.82763671875,56.75
bench_detect_20260905_1914,ncnn,640,4,82,71.52104399938253,13.981898810210788,2,0.83056640625,56.75
bench_detect_20260905_1914,ncnn,640,4,83,71.88534200031427,13.911041836535023,1,0.82177734375,56.75
bench_detect_20260905_1914,ncnn,640,4,84,71.63165600286447,13.960308274319543,1,0.82666015625,56.2
bench_detect_20260905_1914,ncnn,640,4,85,71.75226699837367,13.936841884350022,1,0.810546875,57.3
bench_detect_20260905_1914,ncnn,640,4,86,81.2166760006221,12.312742274657243,1,0.83544921875,57.3
bench_detect_20260905_1914,ncnn,640,4,87,72.13937899723533,13.862054454867486,1,0.85595703125,56.2
bench_detect_20260905_1914,ncnn,640,4,88,71.82917499812902,13.921919610326134,1,0.84619140625,57.3
bench_detect_20260905_1914,ncnn,640,4,89,71.80459999653976,13.926684363511384,1,0.79296875,56.2
bench_detect_20260905_1914,ncnn,640,4,90,71.62743300068541,13.961131344612488,1,0.81640625,57.3
bench_detect_20260905_1914,ncnn,640,4,91,72.27621299898601,13.835810683855687,6,0.8505859375,57.3
bench_detect_20260905_1914,ncnn,640,4,92,71.58989599702181,13.968451637946236,1,0.8408203125,56.75
bench_detect_20260905_1914,ncnn,640,4,93,71.76332299786736,13.934694746921316,1,0.8505859375,56.2
bench_detect_20260905_1914,ncnn,640,4,94,71.49863599988748,13.986280801238973,1,0.82177734375,56.75
bench_detect_20260905_1914,ncnn,640,4,95,71.80760099799954,13.926102335988896,1,0.82958984375,55.65
bench_detect_20260905_1914,ncnn,640,4,96,71.55323000188218,13.975609486443803,1,0.80712890625,57.3
bench_detect_20260905_1914,ncnn,640,4,97,71.76239700129372,13.934874555290735,1,0.849609375,57.3
bench_detect_20260905_1914,ncnn,640,4,98,71.64748900322593,13.95722325949169,1,0.837890625,57.3
bench_detect_20260905_1914,ncnn,640,4,99,71.67645200024708,13.95158342933259,1,0.8505859375,56.75
