run_id,backend,imgsz,threads,sample_idx,latency_ms,fps_instant,n_faces,conf_top,cpu_temp_c
bench_detect_20260905_1916,onnx,320,1,0,94.61224799815682,10.569456081621498,3,0.867016077041626,50.7
bench_detect_20260905_1916,onnx,320,1,1,94.74924800088047,10.554173474714093,1,0.8328506946563721,50.7
bench_detect_20260905_1916,onnx,320,1,2,94.63193199917441,10.567257572303651,2,0.8697801232337952,50.15
bench_detect_20260905_1916,onnx,320,1,3,96.29656899778638,10.38458597650543,1,0.882756769657135,49.6
bench_detect_20260905_1916,onnx,320,1,4,94.78285899967887,10.550430853783258,1,0.8138210773468018,49.6
bench_detect_20260905_1916,onnx,320,1,5,94.5698950017686,10.57418959787677,1,0.8523719906806946,50.7
bench_detect_20260905_1916,onnx,320,1,6,94.62541399989277,10.567985467425624,1,0.8551887273788452,50.7
bench_detect_20260905_1916,onnx,320,1,7,94.70132100250339,10.559514792550416,2,0.8453741669654846,50.7
bench_detect_20260905_1916,onnx,320,1,8,94.60995100016589,10.569712693311157,1,0.8628569841384888,50.7
bench_detect_20260905_1916,onnx,320,1,9,94.56017300180974,10.57527676034245,1,0.8440909385681152,51.25
bench_detect_20260905_1916,onnx,320,1,10,94.67300699907355,10.562672843060597,1,0.8319575786590576,50.15
bench_detect_20260905_1916,onnx,320,1,11,94.58669100058614,10.57231191218861,2,0.8591510057449341,50.7
bench_detect_20260905_1916,onnx,320,1,12,94.50856200055568,10.581051905055123,1,0.8425633311271667,50.7
bench_detect_20260905_1916,onnx,320,1,13,95.5918620020384,10.46114155594831,2,0.8373708128929138,50.7
bench_detect_20260905_1916,onnx,320,1,14,94.75856200151611,10.55313608477934,1,0.8705060482025146,50.7
bench_detect_20260905_1916,onnx,320,1,15,94.62054300092859,10.568529499880233,1,0.8714586496353149,51.25
bench_detect_20260905_1916,onnx,320,1,16,94.71682200091891,10.557786662123211,2,0.8616287708282471,49.6
bench_detect_20260905_1916,onnx,320,1,17,94.58963599900017,10.571982748834875,3,0.8603709936141968,50.15
bench_detect_20260905_1916,onnx,320,1,18,94.55959900151356,10.57534095490394,2,0.8776814937591553,51.25
bench_detect_20260905_1916,onnx,320,1,19,94.44369099946925,10.588319764055173,1,0.8844536542892456,51.25
bench_detect_20260905_1916,onnx,320,1,20,94.53774799840176,10.577785288654283,2,0.8719527721405029,51.8
bench_detect_20260905_1916,onnx,320,1,21,94.63026600133162,10.567443612447715,2,0.8753690123558044,49.6
bench_detect_20260905_1916,onnx,320,1,22,94.48237700053141,10.583984355033484,1,0.848172664642334,50.7
bench_detect_20260905_1916,onnx,320,1,23,94.53402500002994,10.578201869640939,1,0.8727248907089233,51.8
bench_detect_20260905_1916,onnx,320,1,24,96.51108799880603,10.361503747759752,2,0.8595871925354004,50.7
bench_detect_20260905_1916,onnx,320,1,25,94.73558099853108,10.555696069626737,1,0.8494384288787842,49.6
bench_detect_20260905_1916,onnx,320,1,26,94.92880399920978,10.534210459538965,3,0.8744772672653198,51.25
bench_detect_20260905_1916,onnx,320,1,27,94.47583899964229,10.584716797315622,1,0.8549525737762451,50.15
bench_detect_20260905_1916,onnx,320,1,28,94.50370999911684,10.581595156521848,1,0.8621965646743774,50.7
bench_detect_20260905_1916,onnx,320,1,29,94.47115499642678,10.585241601394875,1,0.8918617963790894,51.25
bench_detect_20260905_1916,onnx,320,1,30,94.44615400207113,10.588043637839089,1,0.8513922095298767,51.25
bench_detect_20260905_1916,onnx,320,1,31,94.53367400055868,10.57824114605014,1,0.8696874380111694,50.15
bench_detect_20260905_1916,onnx,320,1,32,94.48589499879745,10.583590280990906,2,0.8461754322052002,51.25
bench_detect_20260905_1916,onnx,320,1,33,94.48396899824729,10.583806021300294,1,0.8386847376823425,51.25
bench_detect_20260905_1916,onnx,320,1,34,94.87267399890698,10.540442867790581,2,0.8442742824554443,51.25
bench_detect_20260905_1916,onnx,320,1,35,95.83440000278642,10.434666466017678,1,0.8503501415252686,50.7
bench_detect_20260905_1916,onnx,320,1,36,94.54513699893141,10.576958601385309,1,0.8418044447898865,51.8
bench_detect_20260905_1916,onnx,320,1,37,94.58363600060693,10.572653392110904,1,0.8386180400848389,51.25
bench_detect_20260905_1916,onnx,320,1,38,94.51530200021807,10.580297357539976,1,0.8658443093299866,51.8
bench_detect_20260905_1916,onnx,320,1,39,94.50898700015387,10.581004322883834,2,0.856456995010376,51.8
bench_detect_20260905_1916,onnx,320,1,40,94.56826600217028,10.574371745137535,1,0.8289915919303894,51.8
bench_detect_20260905_1916,onnx,320,1,41,94.47393200025545,10.584930454649609,1,0.8585206866264343,50.15
bench_detect_20260905_1916,onnx,320,1,42,94.68637700047111,10.561181361866074,2,0.873018741607666,51.25
bench_detect_20260905_1916,onnx,320,1,43,94.59634000086226,10.571233516972061,1,0.8427597880363464,50.15
bench_detect_20260905_1916,onnx,320,1,44,94.4562099975883,10.586916413706758,1,0.8694509267807007,51.25
bench_detect_20260905_1916,onnx,320,1,45,95.56245500061777,10.46436071565486,2,0.8572405576705933,51.8
bench_detect_20260905_1916,onnx,320,1,46,94.58272899792064,10.572754778750195,1,0.8312458992004395,51.25
bench_detect_20260905_1916,onnx,320,1,47,94.55691399853094,10.575641248354787,1,0.8782301545143127,51.8
bench_detect_20260905_1916,onnx,320,1,48,94.55491399785387,10.57586494153754,2,0.8465735912322998,51.8
bench_detect_20260905_1916,onnx,320,1,49,94.45645099913236,10.58688940164802,1,0.8420447111129761,50.7
bench_detect_20260905_1916,onnx,320,1,50,94.48237699689344,10.583984355441013,1,0.8569331169128418,50.7
bench_detect_20260905_1916,onnx,320,1,51,94.71424799994566,10.55807358572465,1,0.8843919038772583,51.25
bench_detect_20260905_1916,onnx,320,1,52,94.5379140030127,10.577766714507074,1,0.8464038968086243,51.8
bench_detect_20260905_1916,onnx,320,1,53,94.5326910004951,10.578351144100644,1,0.8297358155250549,51.8
bench_detect_20260905_1916,onnx,320,1,54,94.66761899966514,10.563274016678683,1,0.8656474351882935,51.25
bench_detect_20260905_1916,onnx,320,1,55,94.9459340008616,10.532309893238034,1,0.8580819964408875,50.7
bench_detect_20260905_1916,onnx,320,1,56,95.36988000036217,10.48549080691097,1,0.8371187448501587,51.8
bench_detect_20260905_1916,onnx,320,1,57,94.56513699842617,10.574721633583028,1,0.8488032817840576,51.25
bench_detect_20260905_1916,onnx,320,1,58,94.76984100183472,10.551880106885905,3,0.8435391187667847,51.8
bench_detect_20260905_1916,onnx,320,1,59,94.53091399700497,10.578549997217662,1,0.8659917712211609,51.25
bench_detect_20260905_1916,onnx,320,1,60,94.62208100012504,10.568357717673516,2,0.8362561464309692,51.25
bench_detect_20260905_1916,onnx,320,1,61,94.54904400263331,10.57652153492053,1,0.8599085807800293,50.7
bench_detect_20260905_1916,onnx,320,1,62,94.55406200140715,10.575960237277993,1,0.8583499193191528,51.25
bench_detect_20260905_1916,onnx,320,1,63,94.51893200093764,10.57989102109279,3,0.8242826461791992,51.25
bench_detect_20260905_1916,onnx,320,1,64,94.47130300031858,10.585225017978503,1,0.8813580274581909,51.8
bench_detect_20260905_1916,onnx,320,1,65,94.60348799984786,10.57043478144916,1,0.8344623446464539,51.25
bench_detect_20260905_1916,onnx,320,1,66,95.94171600110712,10.422994727220226,2,0.8658978343009949,51.8
bench_detect_20260905_1916,onnx,320,1,67,95.26313899914385,10.497239651204305,1,0.8395218849182129,51.8
bench_detect_20260905_1916,onnx,320,1,68,94.87821199945756,10.539827626660136,2,0.865976095199585,51.8
bench_detect_20260905_1916,onnx,320,1,69,94.67009999934817,10.562997187146578,1,0.8664168119430542,51.8
bench_detect_20260905_1916,onnx,320,1,70,94.51678400000674,10.580131461095087,1,0.8556602597236633,51.8
bench_detect_20260905_1916,onnx,320,1,71,94.44678400177509,10.587973011142502,1,0.8706232905387878,51.8
bench_detect_20260905_1916,onnx,320,1,72,94.5567469971138,10.575659926525638,1,0.8552777171134949,51.8
bench_detect_20260905_1916,onnx,320,1,73,94.56754299753811,10.57445259020881,1,0.8395990133285522,50.7
bench_detect_20260905_1916,onnx,320,1,74,94.42406200105324,10.590520877918232,1,0.8509732484817505,52.35
bench_detect_20260905_1916,onnx,320,1,75,94.48782100298558,10.583374549069159,1,0.8412084579467773,51.8
bench_detect_20260905_1916,onnx,320,1,76,94.87748900210136,10.539907943578186,2,0.8553757667541504,51.25
bench_detect_20260905_1916,onnx,320,1,77,95.4314729970065,10.478723303698436,1,0.8588329553604126,50.7
bench_detect_20260905_1916,onnx,320,1,78,94.7402849997161,10.555171963046096,1,0.8597087860107422,51.25
bench_detect_20260905_1916,onnx,320,1,79,94.57826600191765,10.573253690015042,3,0.8422040343284607,51.25
bench_detect_20260905_1916,onnx,320,1,80,94.61378500054707,10.569284380645145,1,0.8683739900588989,51.25
bench_detect_20260905_1916,onnx,320,1,81,94.52059900286258,10.579704430033445,1,0.8617998361587524,51.8
bench_detect_20260905_1916,onnx,320,1,82,94.61648899741704,10.568982326402951,2,0.8524227142333984,51.8
bench_detect_20260905_1916,onnx,320,1,83,94.49170999869239,10.582938969078223,1,0.8346425294876099,51.8
bench_detect_20260905_1916,onnx,320,1,84,94.51350699964678,10.580498298552579,1,0.865837574005127,51.8
bench_detect_20260905_1916,onnx,320,1,85,94.53013600068516,10.578637060172555,1,0.8456010818481445,49.6
bench_detect_20260905_1916,onnx,320,1,86,94.51459900083137,10.580376053769257,1,0.8597445487976074,51.8
bench_detect_20260905_1916,onnx,320,1,87,95.10285999931511,10.5149308864865,1,0.8807274103164673,51.25
bench_detect_20260905_1916,onnx,320,1,88,95.88247500141733,10.429434575872369,1,0.8535925149917603,50.15
bench_detect_20260905_1916,onnx,320,1,89,94.60234000289347,10.570563053402426,1,0.8226958513259888,51.25
bench_detect_20260905_1916,onnx,320,1,90,94.51765499761677,10.580033963233795,1,0.835182785987854,52.35
bench_detect_20260905_1916,onnx,320,1,91,94.80426699883537,10.5480484334348,5,0.8622593879699707,52.35
bench_detect_20260905_1916,onnx,320,1,92,94.49132100053248,10.58298253650581,1,0.8443489074707031,52.35
bench_detect_20260905_1916,onnx,320,1,93,94.59476600022754,10.571409416009281,1,0.8922709226608276,51.25
bench_detect_20260905_1916,onnx,320,1,94,94.51776599962614,10.580021538003294,1,0.8305662870407104,51.8
bench_detect_20260905_1916,onnx,320,1,95,94.41626500120037,10.591395454875135,1,0.8475969433784485,51.8
bench_detect_20260905_1916,onnx,320,1,96,94.54317400013679,10.57717821065065,1,0.8309303522109985,51.8
bench_detect_20260905_1916,onnx,320,1,97,94.56945099736913,10.574239243789407,1,0.8784868717193604,51.8
bench_detect_20260905_1916,onnx,320,1,98,95.19641700171633,10.50459703732306,1,0.8540760278701782,51.8
bench_detect_20260905_1916,onnx,320,1,99,94.7692849986197,10.551942013855701,1,0.8631399869918823,52.35
bench_detect_20260905_1916,onnx,320,2,0,52.87017400041805,18.914255890137472,3,0.867016077041626,54.0
bench_detect_20260905_1916,onnx,320,2,1,52.85871099840733,18.91835765783488,1,0.8328506946563721,52.9
bench_detect_20260905_1916,onnx,320,2,2,52.88121099874843,18.910308238282735,2,0.8697801232337952,53.45
bench_detect_20260905_1916,onnx,320,2,3,52.8684519995295,18.914871954429447,1,0.882756769657135,54.0
bench_detect_20260905_1916,onnx,320,2,4,54.62807000003522,18.305607355327677,1,0.8138210773468018,54.0
bench_detect_20260905_1916,onnx,320,2,5,52.89087799974368,18.906851952899064,1,0.8523719310760498,54.55
bench_detect_20260905_1916,onnx,320,2,6,55.30964699937613,18.0800286071484,1,0.8551887273788452,54.55
bench_detect_20260905_1916,onnx,320,2,7,52.93845199776115,18.88986100391246,2,0.8453741669654846,54.0
bench_detect_20260905_1916,onnx,320,2,8,52.93147099655471,18.892352341107046,1,0.8628569841384888,53.45
bench_detect_20260905_1916,onnx,320,2,9,52.816061997873476,18.933634242557932,1,0.8440910577774048,52.35
bench_detect_20260905_1916,onnx,320,2,10,52.77052599922172,18.949972187405304,1,0.8319575786590576,53.45
bench_detect_20260905_1916,onnx,320,2,11,52.88024800029234,18.910652612568526,2,0.8591510057449341,54.0
bench_detect_20260905_1916,onnx,320,2,12,52.872340002068086,18.91348103679325,1,0.8425633311271667,53.45
bench_detect_20260905_1916,onnx,320,2,13,52.93706299926271,18.8903566488743,2,0.8373708128929138,54.0
bench_detect_20260905_1916,onnx,320,2,14,52.82184099996812,18.931562798059304,1,0.8705060482025146,54.0
bench_detect_20260905_1916,onnx,320,2,15,52.880618000926916,18.910520296537978,1,0.8714586496353149,54.0
bench_detect_20260905_1916,onnx,320,2,16,52.83302499810816,18.927555256126407,2,0.8616287708282471,54.55
bench_detect_20260905_1916,onnx,320,2,17,52.948915003071306,18.886128260456232,3,0.8603709936141968,53.45
bench_detect_20260905_1916,onnx,320,2,18,52.8883400002087,18.907759252720997,2,0.8776814937591553,54.0
bench_detect_20260905_1916,onnx,320,2,19,52.7528769998753,18.95631208895704,1,0.8844536542892456,54.0
bench_detect_20260905_1916,onnx,320,2,20,52.84109900094336,18.924663167625397,2,0.8719527721405029,53.45
bench_detect_20260905_1916,onnx,320,2,21,52.983138000854524,18.873929286405644,2,0.8753690123558044,53.45
bench_detect_20260905_1916,onnx,320,2,22,52.825876999122556,18.930116390052742,1,0.848172664642334,54.55
bench_detect_20260905_1916,onnx,320,2,23,54.8643109978002,18.226784986693723,1,0.8727248907089233,53.45
bench_detect_20260905_1916,onnx,320,2,24,52.914804000465665,18.898303015375426,2,0.8595871925354004,54.55
bench_detect_20260905_1916,onnx,320,2,25,54.65245899904403,18.29743836443831,1,0.8494384288787842,54.0
bench_detect_20260905_1916,onnx,320,2,26,53.10980400099652,18.828915278641144,3,0.8744772672653198,54.55
bench_detect_20260905_1916,onnx,320,2,27,52.899211001204094,18.90387363201387,1,0.8549525737762451,55.1
bench_detect_20260905_1916,onnx,320,2,28,52.73446999854059,18.962928802122686,1,0.8621965646743774,54.0
bench_detect_20260905_1916,onnx,320,2,29,52.76219200095511,18.952965410949904,1,0.8918617963790894,54.55
bench_detect_20260905_1916,onnx,320,2,30,52.86141399847111,18.91739029207434,1,0.8513922095298767,54.0
bench_detect_20260905_1916,onnx,320,2,31,52.98384100024123,18.8736788636265,1,0.8696874380111694,55.1
bench_detect_20260905_1916,onnx,320,2,32,52.84161899908213,18.924476935829126,2,0.8461754322052002,54.55
bench_detect_20260905_1916,onnx,320,2,33,52.77059999934863,18.949945613889994,1,0.8386847972869873,54.0
bench_detect_20260905_1916,onnx,320,2,34,52.86871099815471,18.91477929232856,2,0.8442742824554443,54.55
bench_detect_20260905_1916,onnx,320,2,35,52.7552099993045,18.955473781891563,1,0.8503501415252686,55.1
bench_detect_20260905_1916,onnx,320,2,36,52.76085899822647,18.953444257486684,1,0.8418044447898865,55.1
bench_detect_20260905_1916,onnx,320,2,37,52.82322899802239,18.93106534697904,1,0.8386180400848389,54.0
bench_detect_20260905_1916,onnx,320,2,38,52.84708099861746,18.922521000283083,1,0.8658443093299866,54.55
bench_detect_20260905_1916,onnx,320,2,39,52.94137799864984,18.88881698594062,2,0.856456995010376,55.1
bench_detect_20260905_1916,onnx,320,2,40,52.80619200129877,18.93717312498892,1,0.8289915919303894,54.55
bench_detect_20260905_1916,onnx,320,2,41,52.73367300105747,18.963215400906115,1,0.8585206866264343,54.55
bench_detect_20260905_1916,onnx,320,2,42,54.579179999564076,18.322004837888496,2,0.873018741607666,54.55
bench_detect_20260905_1916,onnx,320,2,43,53.02369300261489,18.85949362204335,1,0.8427597880363464,54.0
bench_detect_20260905_1916,onnx,320,2,44,54.94701600036933,18.199350443221128,1,0.8694509267807007,55.1
bench_detect_20260905_1916,onnx,320,2,45,52.93269299727399,18.891916193485557,2,0.8572405576705933,54.55
bench_detect_20260905_1916,onnx,320,2,46,52.94291499740211,18.88826862006124,1,0.8312458992004395,54.55
bench_detect_20260905_1916,onnx,320,2,47,52.80837799728033,18.936389223155096,1,0.8782301545143127,53.45
bench_detect_20260905_1916,onnx,320,2,48,52.93111900027725,18.89247797679777,2,0.8465735912322998,54.0
bench_detect_20260905_1916,onnx,320,2,49,52.768044002732495,18.950863517855936,1,0.8420446515083313,54.55
bench_detect_20260905_1916,onnx,320,2,50,52.95567400025902,18.883717729569614,1,0.8569331169128418,54.0
bench_detect_20260905_1916,onnx,320,2,51,52.80374799986021,18.93804962486086,1,0.8843919038772583,54.55
bench_detect_20260905_1916,onnx,320,2,52,52.754487998754485,18.955733207449757,1,0.8464040756225586,55.1
bench_detect_20260905_1916,onnx,320,2,53,52.8062109988241,18.937166312164837,1,0.8297357559204102,55.1
bench_detect_20260905_1916,onnx,320,2,54,52.890637001837604,18.90693810258433,1,0.8656474351882935,54.55
bench_detect_20260905_1916,onnx,320,2,55,52.849006999167614,18.921831398189756,1,0.8580819964408875,55.1
bench_detect_20260905_1916,onnx,320,2,56,52.81411800024216,18.93433115735105,1,0.8371187448501587,54.55
bench_detect_20260905_1916,onnx,320,2,57,52.76421099915751,18.95224018446835,1,0.8488032817840576,54.55
bench_detect_20260905_1916,onnx,320,2,58,52.97082200195291,18.878317575723713,3,0.8435391187667847,54.55
bench_detect_20260905_1916,onnx,320,2,59,52.84437799855368,18.923488890859296,1,0.8659917712211609,54.55
bench_detect_20260905_1916,onnx,320,2,60,53.95365900039906,18.53442414336725,2,0.8362561464309692,55.65
bench_detect_20260905_1916,onnx,320,2,61,53.733380998892244,18.610405327381425,1,0.8599085807800293,55.65
bench_detect_20260905_1916,onnx,320,2,62,52.85272999753943,18.920498525744183,1,0.8583499193191528,53.45
bench_detect_20260905_1916,onnx,320,2,63,55.14953500096453,18.132519158729274,3,0.8242826461791992,55.1
bench_detect_20260905_1916,onnx,320,2,64,53.06454500168911,18.844974548790887,1,0.8813580274581909,54.0
bench_detect_20260905_1916,onnx,320,2,65,52.92939599894453,18.893092980315533,1,0.8344623446464539,55.65
bench_detect_20260905_1916,onnx,320,2,66,52.949730001273565,18.88583756661172,2,0.8658978343009949,55.1
bench_detect_20260905_1916,onnx,320,2,67,52.80550699899322,18.93741878132267,1,0.8395219445228577,55.65
bench_detect_20260905_1916,onnx,320,2,68,52.889525999489706,18.90733526350091,2,0.865976095199585,55.1
bench_detect_20260905_1916,onnx,320,2,69,52.763821000553435,18.952380268091485,1,0.8664168119430542,54.55
bench_detect_20260905_1916,onnx,320,2,70,52.92532200110145,18.894547301558006,1,0.8556604385375977,54.0
bench_detect_20260905_1916,onnx,320,2,71,52.92204500074149,18.895717275966735,1,0.8706232905387878,55.65
bench_detect_20260905_1916,onnx,320,2,72,52.89928500133101,18.903847187629072,1,0.8552777171134949,55.65
bench_detect_20260905_1916,onnx,320,2,73,52.86539599910611,18.915965370181066,1,0.8395991325378418,54.55
bench_detect_20260905_1916,onnx,320,2,74,52.87184099870501,18.9136595418437,1,0.8509732484817505,54.55
bench_detect_20260905_1916,onnx,320,2,75,52.892488998622866,18.90627608819915,1,0.8412084579467773,55.1
bench_detect_20260905_1916,onnx,320,2,76,52.85456300043734,18.919842360473694,2,0.8553757667541504,55.1
bench_detect_20260905_1916,onnx,320,2,77,52.7969699978712,18.94048086547998,1,0.8588329553604126,55.65
bench_detect_20260905_1916,onnx,320,2,78,52.79219300064142,18.94219472920646,1,0.8597087860107422,54.55
bench_detect_20260905_1916,onnx,320,2,79,53.986327002348844,18.523208662750697,3,0.8422040343284607,55.1
bench_detect_20260905_1916,onnx,320,2,80,52.99971100248513,18.86802741156665,1,0.8683739900588989,54.55
bench_detect_20260905_1916,onnx,320,2,81,52.91945199860493,18.896643147898853,1,0.8617998361587524,55.65
bench_detect_20260905_1916,onnx,320,2,82,55.36014700192027,18.063535849449842,2,0.8524225950241089,55.65
bench_detect_20260905_1916,onnx,320,2,83,53.0600450001657,18.846572783661927,1,0.8346425294876099,54.55
bench_detect_20260905_1916,onnx,320,2,84,52.8172660015116,18.933202638155876,1,0.865837574005127,55.65
bench_detect_20260905_1916,onnx,320,2,85,53.02600800132495,18.85867025809322,1,0.8456010818481445,55.65
bench_detect_20260905_1916,onnx,320,2,86,52.805636998527916,18.937372160246404,1,0.8597445487976074,54.55
bench_detect_20260905_1916,onnx,320,2,87,52.796580999711296,18.94062041641424,1,0.8807274103164673,55.65
bench_detect_20260905_1916,onnx,320,2,88,52.80776699873968,18.93660832172408,1,0.8535925149917603,54.0
bench_detect_20260905_1916,onnx,320,2,89,52.843487999780336,18.923807603392056,1,0.8226958513259888,54.0
bench_detect_20260905_1916,onnx,320,2,90,52.76780399799463,18.950949712404245,1,0.835182785987854,55.1
bench_detect_20260905_1916,onnx,320,2,91,53.01404499914497,18.86292585325508,5,0.8622593879699707,55.65
bench_detect_20260905_1916,onnx,320,2,92,52.78904399892781,18.943324679649642,1,0.8443489074707031,55.1
bench_detect_20260905_1916,onnx,320,2,93,52.82085900034872,18.93191475726281,1,0.8922709226608276,55.65
bench_detect_20260905_1916,onnx,320,2,94,52.884062999510206,18.909288418502594,1,0.8305662870407104,53.45
bench_detect_20260905_1916,onnx,320,2,95,52.86171099942294,18.917284005637207,1,0.8475969433784485,55.65
bench_detect_20260905_1916,onnx,320,2,96,52.872395997837884,18.913461006020857,1,0.8309303522109985,55.65
bench_detect_20260905_1916,onnx,320,2,97,52.77637700055493,18.947871317303292,1,0.8784868717193604,54.55
bench_detect_20260905_1916,onnx,320,2,98,53.992381999705685,18.5211313700783,1,0.8540760278701782,55.1
bench_detect_20260905_1916,onnx,320,2,99,52.9170259978855,18.897509471525453,1,0.8631399869918823,54.0
bench_detect_20260905_1916,onnx,320,4,0,35.29599200192024,28.33182872280785,3,0.867016077041626,56.75
bench_detect_20260905_1916,onnx,320,4,1,35.327473997313064,28.30658088025365,1,0.8328506946563721,56.75
bench_detect_20260905_1916,onnx,320,4,2,35.23299199878238,28.38248877740951,2,0.8697801828384399,55.65
bench_detect_20260905_1916,onnx,320,4,3,35.56560500146588,28.117052977414097,1,0.8827567100524902,57.3
bench_detect_20260905_1916,onnx,320,4,4,35.45179000138887,28.207320419105034,1,0.8138210773468018,55.65
bench_detect_20260905_1916,onnx,320,4,5,35.181954997824505,28.423662075113096,1,0.8523718118667603,56.75
bench_detect_20260905_1916,onnx,320,4,6,35.053787996730534,28.52758737781121,1,0.8551887273788452,57.3
bench_detect_20260905_1916,onnx,320,4,7,35.37965999930748,28.26482787057801,2,0.8453742861747742,56.75
bench_detect_20260905_1916,onnx,320,4,8,35.38584499983699,28.259887534255764,1,0.8628569841384888,57.3
bench_detect_20260905_1916,onnx,320,4,9,35.279530002299,28.345048812578703,1,0.8440911173820496,56.2
bench_detect_20260905_1916,onnx,320,4,10,35.239510998508194,28.377238266510943,1,0.8319575786590576,56.75
bench_detect_20260905_1916,onnx,320,4,11,35.39141899818787,28.25543672185629,2,0.8591510057449341,57.85
bench_detect_20260905_1916,onnx,320,4,12,35.097121999569936,28.492364701933496,1,0.8425633907318115,56.2
bench_detect_20260905_1916,onnx,320,4,13,40.23706800217042,24.852705469147484,2,0.837370753288269,57.3
bench_detect_20260905_1916,onnx,320,4,14,40.44710600282997,24.723647717343063,1,0.8705060482025146,56.75
bench_detect_20260905_1916,onnx,320,4,15,37.01942499901634,27.012845283971092,1,0.8714585304260254,57.3
bench_detect_20260905_1916,onnx,320,4,16,35.18434399666148,28.421732123096753,2,0.8616288304328918,57.85
bench_detect_20260905_1916,onnx,320,4,17,35.30886299995473,28.32150103505973,3,0.8603709936141968,57.3
bench_detect_20260905_1916,onnx,320,4,18,35.2277519996278,28.386710568717685,2,0.8776813745498657,56.75
bench_detect_20260905_1916,onnx,320,4,19,41.91070500019123,23.860252410343307,1,0.8844536542892456,57.3
bench_detect_20260905_1916,onnx,320,4,20,35.29178899771068,28.335202844629617,2,0.8719526529312134,57.85
bench_detect_20260905_1916,onnx,320,4,21,35.57060500315856,28.113100688369034,2,0.8753691911697388,57.3
bench_detect_20260905_1916,onnx,320,4,22,35.1500840006338,28.449434145931736,1,0.8481728434562683,57.3
bench_detect_20260905_1916,onnx,320,4,23,35.14880700095091,28.450467749103012,1,0.8727248907089233,58.4
bench_detect_20260905_1916,onnx,320,4,24,35.2822519998881,28.342862014680115,2,0.8595873117446899,57.85
bench_detect_20260905_1916,onnx,320,4,25,35.240270000940654,28.376627079568557,1,0.8494384288787842,57.3
bench_detect_20260905_1916,onnx,320,4,26,35.30286300156149,28.326314496242663,3,0.8744773268699646,57.3
bench_detect_20260905_1916,onnx,320,4,27,35.29399300168734,28.333433396221047,1,0.8549525737762451,57.3
bench_detect_20260905_1916,onnx,320,4,28,35.29647400137037,28.331441830738544,1,0.8621963858604431,56.75
bench_detect_20260905_1916,onnx,320,4,29,44.26543600129662,22.590989501847627,1,0.8918617963790894,56.75
bench_detect_20260905_1916,onnx,320,4,30,35.174622000340605,28.42958767233708,1,0.8513919711112976,57.85
bench_detect_20260905_1916,onnx,320,4,31,35.0062319994322,28.56634213063034,1,0.8696874380111694,57.3
bench_detect_20260905_1916,onnx,320,4,32,35.499419002007926,28.169475110097938,2,0.8461754322052002,57.3
bench_detect_20260905_1916,onnx,320,4,33,35.33095500097261,28.303791957292734,1,0.8386847972869873,57.3
bench_detect_20260905_1916,onnx,320,4,34,35.55769800004782,28.123305395041466,2,0.8442742824554443,58.4
bench_detect_20260905_1916,onnx,320,4,35,35.408382002060534,28.241900461359872,1,0.8503502607345581,57.85
bench_detect_20260905_1916,onnx,320,4,36,35.33265999794821,28.30242614221716,1,0.8418042659759521,57.85
bench_detect_20260905_1916,onnx,320,4,37,35.18391800025711,28.422076244967727,1,0.8386180400848389,58.4
bench_detect_20260905_1916,onnx,320,4,38,35.402919002081035,28.24625844951425,1,0.8658442497253418,58.4
bench_detect_20260905_1916,onnx,320,4,39,35.35075200124993,28.28794137009142,2,0.8564569354057312,57.3
bench_detect_20260905_1916,onnx,320,4,40,35.116603001370095,28.476558508833683,1,0.8289916515350342,56.75
bench_detect_20260905_1916,onnx,320,4,41,41.52225900179474,24.083468097358974,1,0.8585205078125,57.3
bench_detect_20260905_1916,onnx,320,4,42,37.541557001532055,26.63714773362198,2,0.8730186820030212,58.95
bench_detect_20260905_1916,onnx,320,4,43,35.275678001198685,28.348144009195785,1,0.8427597284317017,58.4
bench_detect_20260905_1916,onnx,320,4,44,35.25653000178863,28.36354002930147,1,0.8694509267807007,58.4
bench_detect_20260905_1916,onnx,320,4,45,35.40134499780834,28.247514326416383,2,0.8572405576705933,57.3
bench_detect_20260905_1916,onnx,320,4,46,34.99873200053116,28.57246371053738,1,0.8312457799911499,58.4
bench_detect_20260905_1916,onnx,320,4,47,42.139593999309,23.730651036087295,1,0.8782301545143127,58.4
bench_detect_20260905_1916,onnx,320,4,48,35.42191999804345,28.23110661576887,2,0.8465737104415894,57.3
bench_detect_20260905_1916,onnx,320,4,49,35.11573300056625,28.47726402247889,1,0.8420445919036865,58.4
bench_detect_20260905_1916,onnx,320,4,50,35.10017699954915,28.489884823453874,1,0.8569329380989075,58.4
bench_detect_20260905_1916,onnx,320,4,51,35.23667799890973,28.379519772861148,1,0.8843920230865479,58.4
bench_detect_20260905_1916,onnx,320,4,52,35.20758500235388,28.402970551179322,1,0.8464040160179138,58.95
bench_detect_20260905_1916,onnx,320,4,53,35.46821599957184,28.194257078283037,1,0.8297357559204102,57.85
bench_detect_20260905_1916,onnx,320,4,54,35.189122001611395,28.41787299933791,1,0.8656472563743591,58.95
bench_detect_20260905_1916,onnx,320,4,55,35.26699299982283,28.355125145061944,1,0.8580819368362427,58.95
bench_detect_20260905_1916,onnx,320,4,56,35.17582600034075,28.428614582932976,1,0.8371188640594482,58.95
bench_detect_20260905_1916,onnx,320,4,57,35.229363002144964,28.38541247365484,1,0.8488032817840576,58.4
bench_detect_20260905_1916,onnx,320,4,58,35.3789559994766,28.265390307582678,3,0.8435393571853638,58.95
bench_detect_20260905_1916,onnx,320,4,59,35.19004799818504,28.417125206864625,1,0.8659919500350952,58.95
bench_detect_20260905_1916,onnx,320,4,60,35.30365899860044,28.32567581846526,2,0.8362561464309692,58.95
bench_detect_20260905_1916,onnx,320,4,61,35.265566999441944,28.35627171444101,1,0.8599084615707397,59.5
bench_detect_20260905_1916,onnx,320,4,62,35.08980700280517,28.498304362861195,1,0.8583500385284424,57.85
bench_detect_20260905_1916,onnx,320,4,63,35.304233999340795,28.325214477636653,3,0.8242825865745544,58.95
bench_detect_20260905_1916,onnx,320,4,64,35.29310399972019,28.334147090262398,1,0.8813580870628357,57.85
bench_detect_20260905_1916,onnx,320,4,65,42.88013399855117,23.320822645605254,1,0.8344623446464539,58.4
bench_detect_20260905_1916,onnx,320,4,66,35.29978900041897,28.3287812283561,2,0.8658976554870605,58.95
bench_detect_20260905_1916,onnx,320,4,67,35.31078900050488,28.319956259989027,1,0.8395218849182129,57.85
bench_detect_20260905_1916,onnx,320,4,68,35.20730700256536,28.403194823368217,2,0.8659761548042297,59.5
bench_detect_20260905_1916,onnx,320,4,69,35.15591899849824,28.444712255785923,1,0.8664168119430542,58.4
bench_detect_20260905_1916,onnx,320,4,70,37.56520499882754,26.620379152229074,1,0.8556604385375977,58.95
bench_detect_20260905_1916,onnx,320,4,71,35.62523499931558,28.06999027569114,1,0.8706231713294983,58.95
bench_detect_20260905_1916,onnx,320,4,72,37.200648002908565,26.88125217393563,1,0.8552777171134949,58.95
bench_detect_20260905_1916,onnx,320,4,73,35.21745599937276,28.39500956621655,1,0.8395990133285522,58.95
bench_detect_20260905_1916,onnx,320,4,74,35.161066000000574,28.440548417957057,1,0.8509732484817505,58.95
bench_detect_20260905_1916,onnx,320,4,75,40.07256699696882,24.95472775865949,1,0.8412084579467773,57.85
bench_detect_20260905_1916,onnx,320,4,76,36.473182000918314,27.417404929869356,2,0.8553756475448608,57.85
bench_detect_20260905_1916,onnx,320,4,77,35.30736299944692,28.322704247713563,1,0.8588330149650574,57.3
bench_detect_20260905_1916,onnx,320,4,78,35.29932599849417,28.329152801463092,1,0.8597084283828735,57.85
bench_detect_20260905_1916,onnx,320,4,79,35.21684400038794,28.395503015232833,3,0.8422040939331055,58.95
bench_detect_20260905_1916,onnx,320,4,80,35.23525199852884,28.380668315973804,1,0.8683739900588989,58.4
bench_detect_20260905_1916,onnx,320,4,81,35.17156599991722,28.432057873179534,1,0.8618000149726868,59.5
bench_detect_20260905_1916,onnx,320,4,82,35.24164100235794,28.375523146980935,2,0.8524225950241089,58.95
bench_detect_20260905_1916,onnx,320,4,83,35.1347319992783,28.461865029183684,1,0.8346426486968994,58.4
bench_detect_20260905_1916,onnx,320,4,84,35.148565999406856,28.450662824107116,1,0.8658374547958374,58.4
bench_detect_20260905_1916,onnx,320,4,85,34.885936001956,28.664846485527338,1,0.8456012010574341,58.4
bench_detect_20260905_1916,onnx,320,4,86,35.19123300065985,28.416168310478056,1,0.8597445487976074,59.5
bench_detect_20260905_1916,onnx,320,4,87,35.30425200005993,28.325200035347084,1,0.8807274103164673,58.95
bench_detect_20260905_1916,onnx,320,4,88,35.13521400236641,28.461474574557833,1,0.8535926342010498,58.4
bench_detect_20260905_1916,onnx,320,4,89,35.51753099964117,28.15511021895365,1,0.8226960301399231,59.5
bench_detect_20260905_1916,onnx,320,4,90,35.27591900274274,28.347950337516338,1,0.8351827263832092,58.95
bench_detect_20260905_1916,onnx,320,4,91,35.183955002139555,28.422046354345028,5,0.8622592687606812,58.95
bench_detect_20260905_1916,onnx,320,4,92,35.26395600056276,28.35756714260991,1,0.8443487882614136,60.05
bench_detect_20260905_1916,onnx,320,4,93,35.148751998349326,28.45051226987981,1,0.8922708034515381,58.95
bench_detect_20260905_1916,onnx,320,4,94,43.80232299808995,22.829839413850408,1,0.8305662870407104,58.95
bench_detect_20260905_1916,onnx,320,4,95,35.15469600097276,28.44570181953299,1,0.847597062587738,58.95
bench_detect_20260905_1916,onnx,320,4,96,35.10682499836548,28.48448984055261,1,0.8309303522109985,59.5
bench_detect_20260905_1916,onnx,320,4,97,36.368090000905795,27.4966323492681,1,0.8784871101379395,57.85
bench_detect_20260905_1916,onnx,320,4,98,37.23685300064972,26.855115817186586,1,0.8540760278701782,58.4
bench_detect_20260905_1916,onnx,320,4,99,35.116455001116265,28.476678524874234,1,0.863139808177948,59.5
bench_detect_20260905_1916,onnx,640,1,0,385.3623350005364,2.5949604026522417,1,0.8214684128761292,51.8
bench_detect_20260905_1916,onnx,640,1,1,383.28703099978156,2.6090107911858094,1,0.8121476173400879,53.45
bench_detect_20260905_1916,onnx,640,1,2,383.5694389999844,2.6070898729761436,1,0.8395451307296753,52.35
bench_detect_20260905_1916,onnx,640,1,3,384.1193300031591,2.6033576596933448,1,0.8316102027893066,52.9
bench_detect_20260905_1916,onnx,640,1,4,383.2411969997338,2.6093228176632968,1,0.7443007230758667,52.9
bench_detect_20260905_1916,onnx,640,1,5,383.87884799885796,2.6049885405589603,1,0.8330685496330261,52.9
bench_detect_20260905_1916,onnx,640,1,6,385.28907600266393,2.59545380931871,1,0.8096308708190918,53.45
bench_detect_20260905_1916,onnx,640,1,7,383.89153400203213,2.6049024566264762,2,0.8250113129615784,53.45
bench_detect_20260905_1916,onnx,640,1,8,383.9577190010459,2.6044534346170445,1,0.8489109873771667,51.8
bench_detect_20260905_1916,onnx,640,1,9,383.3244760025991,2.608755930297599,1,0.8309524655342102,51.8
bench_detect_20260905_1916,onnx,640,1,10,383.95962600043276,2.604440499165589,1,0.8210676908493042,53.45
bench_detect_20260905_1916,onnx,640,1,11,383.9418850002403,2.6045608438875436,1,0.8629551529884338,52.9
bench_detect_20260905_1916,onnx,640,1,12,383.34801299788523,2.608595756580892,1,0.8423635959625244,52.35
bench_detect_20260905_1916,onnx,640,1,13,384.0755530000024,2.603654390884894,2,0.8258845806121826,51.25
bench_detect_20260905_1916,onnx,640,1,14,383.1861239996215,2.609697839687399,1,0.867732048034668,52.9
bench_detect_20260905_1916,onnx,640,1,15,383.3136059984099,2.6088299093775142,1,0.8611422777175903,52.35
bench_detect_20260905_1916,onnx,640,1,16,384.24153499727254,2.602529682292411,2,0.8343456983566284,52.9
bench_detect_20260905_1916,onnx,640,1,17,383.4184580009605,2.608116482481641,3,0.8394144177436829,52.9
bench_detect_20260905_1916,onnx,640,1,18,384.6851659982349,2.599528363421709,2,0.8466662168502808,52.9
bench_detect_20260905_1916,onnx,640,1,19,384.24740499976906,2.6024899244292907,1,0.8641481995582581,52.35
bench_detect_20260905_1916,onnx,640,1,20,383.6676070022804,2.606422803877879,2,0.8630980253219604,52.35
bench_detect_20260905_1916,onnx,640,1,21,383.85290400037775,2.6051646075315764,2,0.8476157188415527,51.25
bench_detect_20260905_1916,onnx,640,1,22,383.2075120008085,2.6095521843472897,1,0.8146378993988037,51.8
bench_detect_20260905_1916,onnx,640,1,23,383.81421899975976,2.6054271845531236,1,0.8654170632362366,52.9
bench_detect_20260905_1916,onnx,640,1,24,383.90455299668247,2.6048141190152583,1,0.842850923538208,52.35
bench_detect_20260905_1916,onnx,640,1,25,382.8757709998172,2.611813219177239,1,0.8463841676712036,52.9
bench_detect_20260905_1916,onnx,640,1,26,384.804945999349,2.5987191963007974,3,0.8579727411270142,51.8
bench_detect_20260905_1916,onnx,640,1,27,383.2817349975812,2.6090468412388885,1,0.8502155542373657,52.9
bench_detect_20260905_1916,onnx,640,1,28,384.79776099848095,2.598767719971083,1,0.8369370698928833,50.7
bench_detect_20260905_1916,onnx,640,1,29,384.2254990013316,2.602638301203779,1,0.8458551168441772,51.25
bench_detect_20260905_1916,onnx,640,1,30,383.1747170006565,2.6097755296268326,1,0.8377920985221863,52.35
bench_detect_20260905_1916,onnx,640,1,31,383.8071829995897,2.6054749475625862,1,0.8432220816612244,52.35
bench_detect_20260905_1916,onnx,640,1,32,384.66585299829603,2.5996588784927313,1,0.8313401341438293,51.25
bench_detect_20260905_1916,onnx,640,1,33,382.96336499843164,2.6112158274045227,1,0.8367627859115601,52.35
bench_detect_20260905_1916,onnx,640,1,34,386.62050900165923,2.586515657387716,1,0.7940596342086792,52.9
bench_detect_20260905_1916,onnx,640,1,35,383.5585149972758,2.607164124637156,1,0.8441815376281738,52.9
bench_detect_20260905_1916,onnx,640,1,36,384.26375899871346,2.602379164263961,1,0.8246172666549683,51.8
bench_detect_20260905_1916,onnx,640,1,37,384.2269060005492,2.6026287706113185,1,0.8456274271011353,52.35
bench_detect_20260905_1916,onnx,640,1,38,383.23938400208135,2.6093351616350815,1,0.8481337428092957,52.35
bench_detect_20260905_1916,onnx,640,1,39,384.18840700251167,2.6028895765026623,2,0.8228009939193726,52.35
bench_detect_20260905_1916,onnx,640,1,40,383.6730900002294,2.6063855559935205,1,0.8118500709533691,52.35
bench_detect_20260905_1916,onnx,640,1,41,384.5623520028312,2.6003585498994397,1,0.8480185270309448,52.9
bench_detect_20260905_1916,onnx,640,1,42,384.10442500025965,2.6034586818397734,2,0.8532112240791321,51.8
bench_detect_20260905_1916,onnx,640,1,43,383.07005100068636,2.6104885970274094,1,0.831119179725647,52.35
bench_detect_20260905_1916,onnx,640,1,44,383.98429500011844,2.604273177369641,1,0.8604683876037598,51.8
bench_detect_20260905_1916,onnx,640,1,45,384.2131480014359,2.6027219661838923,2,0.8367143869400024,52.9
bench_detect_20260905_1916,onnx,640,1,46,383.246680998127,2.6092854800349525,1,0.8205381631851196,51.25
bench_detect_20260905_1916,onnx,640,1,47,384.5685569976922,2.6003165932413994,1,0.838666558265686,52.35
bench_detect_20260905_1916,onnx,640,1,48,383.39249700220535,2.608293088203674,3,0.8172842264175415,52.35
bench_detect_20260905_1916,onnx,640,1,49,383.60173900218797,2.6068703510082267,1,0.8204800486564636,52.35
bench_detect_20260905_1916,onnx,640,1,50,383.9310539988219,2.604634320627444,1,0.8448473215103149,51.8
bench_detect_20260905_1916,onnx,640,1,51,383.16031100112014,2.609873651546015,1,0.8738038539886475,51.8
bench_detect_20260905_1916,onnx,640,1,52,383.73847999901045,2.605941421362222,1,0.8473791480064392,51.8
bench_detect_20260905_1916,onnx,640,1,53,384.24218500222196,2.6025252797118497,1,0.816007137298584,52.9
bench_detect_20260905_1916,onnx,640,1,54,383.6185159998422,2.606756343326273,1,0.8184460997581482,52.35
bench_detect_20260905_1916,onnx,640,1,55,383.9644990002853,2.6044074454895294,1,0.8368588089942932,52.35
bench_detect_20260905_1916,onnx,640,1,56,383.1515509991732,2.609933321142051,1,0.8273892402648926,51.8
bench_detect_20260905_1916,onnx,640,1,57,383.94372100083274,2.6045483890016032,1,0.8261758089065552,52.35
bench_detect_20260905_1916,onnx,640,1,58,384.2258149998088,2.6026361607183985,2,0.8604756593704224,52.35
bench_detect_20260905_1916,onnx,640,1,59,383.09984800071106,2.610285556673319,1,0.8189921379089355,52.9
bench_detect_20260905_1916,onnx,640,1,60,384.1026670015708,2.603470597604339,2,0.8329585790634155,52.35
bench_detect_20260905_1916,onnx,640,1,61,385.2891339993221,2.595453418631213,1,0.8696655035018921,52.35
bench_detect_20260905_1916,onnx,640,1,62,383.72353600061615,2.6060429089718236,1,0.8464710712432861,52.35
bench_detect_20260905_1916,onnx,640,1,63,384.2589449996012,2.602411766890782,3,0.8384809494018555,52.35
bench_detect_20260905_1916,onnx,640,1,64,383.246348999819,2.609287740404468,1,0.820259690284729,51.25
bench_detect_20260905_1916,onnx,640,1,65,384.24518600004376,2.60250495369872,1,0.8330271244049072,52.35
bench_detect_20260905_1916,onnx,640,1,66,384.19048200012185,2.602875518398925,2,0.8189748525619507,51.8
bench_detect_20260905_1916,onnx,640,1,67,383.890926001186,2.6049065822329713,1,0.8267168998718262,51.8
bench_detect_20260905_1916,onnx,640,1,68,384.0487220004434,2.603836291372545,2,0.8485020399093628,52.9
bench_detect_20260905_1916,onnx,640,1,69,383.6347210017266,2.606646232095086,1,0.8594735860824585,52.35
bench_detect_20260905_1916,onnx,640,1,70,383.6891099999775,2.606276732743493,1,0.8575975894927979,52.35
bench_detect_20260905_1916,onnx,640,1,71,384.35576100164326,2.60175624112923,1,0.8561347126960754,52.9
bench_detect_20260905_1916,onnx,640,1,72,383.09229299920844,2.610337034376377,1,0.8265809416770935,51.8
bench_detect_20260905_1916,onnx,640,1,73,383.7451100007456,2.6058963982578356,1,0.8261640071868896,51.8
bench_detect_20260905_1916,onnx,640,1,74,384.20531500014476,2.602775029282516,1,0.8381201028823853,51.25
bench_detect_20260905_1916,onnx,640,1,75,383.71385099890176,2.606108685930293,1,0.818420946598053,51.8
bench_detect_20260905_1916,onnx,640,1,76,383.82148100208724,2.6053778891926114,2,0.8448436260223389,51.25
bench_detect_20260905_1916,onnx,640,1,77,383.6883320000197,2.606282017457723,1,0.8476133942604065,51.8
bench_detect_20260905_1916,onnx,640,1,78,384.5695390009496,2.6003099532995795,1,0.8524563312530518,51.8
bench_detect_20260905_1916,onnx,640,1,79,384.3370380018314,2.6018829858267134,4,0.8396103978157043,52.9
bench_detect_20260905_1916,onnx,640,1,80,382.94544099699124,2.611338046998337,1,0.8314975500106812,51.8
bench_detect_20260905_1916,onnx,640,1,81,384.57942900276976,2.6002430826657603,1,0.8271510004997253,51.8
bench_detect_20260905_1916,onnx,640,1,82,383.7317030011036,2.605987444298091,2,0.8298342227935791,51.25
bench_detect_20260905_1916,onnx,640,1,83,384.91705999695114,2.5979622727242093,1,0.821982741355896,52.35
bench_detect_20260905_1916,onnx,640,1,84,384.35548300185474,2.601758122948839,1,0.8257667422294617,52.35
bench_detect_20260905_1916,onnx,640,1,85,383.1192560028285,2.6101533251897346,1,0.8114608526229858,51.8
bench_detect_20260905_1916,onnx,640,1,86,384.4413919978251,2.6011767224213393,1,0.8342161774635315,50.7
bench_detect_20260905_1916,onnx,640,1,87,384.8879300021508,2.5981588978236125,1,0.8571672439575195,51.25
bench_detect_20260905_1916,onnx,640,1,88,383.57636999717215,2.6070427644105716,1,0.8460310101509094,52.35
bench_detect_20260905_1916,onnx,640,1,89,385.0012639995839,2.597394069857082,1,0.7928647994995117,52.35
bench_detect_20260905_1916,onnx,640,1,90,383.2738130004145,2.60910076838179,1,0.8154217600822449,51.25
bench_detect_20260905_1916,onnx,640,1,91,383.81705599749694,2.605407926443273,6,0.8506507873535156,52.35
bench_detect_20260905_1916,onnx,640,1,92,384.31594599751406,2.6020257822101103,1,0.8413544297218323,51.8
bench_detect_20260905_1916,onnx,640,1,93,383.2001640003,2.609602223445857,1,0.8516272306442261,52.35
bench_detect_20260905_1916,onnx,640,1,94,383.38251700042747,2.60836098584768,1,0.8222673535346985,51.8
bench_detect_20260905_1916,onnx,640,1,95,384.1171310014033,2.603372563449524,1,0.8292021155357361,52.35
bench_detect_20260905_1916,onnx,640,1,96,385.1535799985868,2.59636688305914,1,0.8072887659072876,52.9
bench_detect_20260905_1916,onnx,640,1,97,383.6819620009919,2.6063252877064227,1,0.8510767221450806,50.7
bench_detect_20260905_1916,onnx,640,1,98,383.3818139974028,2.608365768770593,1,0.8391400575637817,52.35
bench_detect_20260905_1916,onnx,640,1,99,384.38952100113966,2.601527735187753,1,0.8497682213783264,52.35
bench_detect_20260905_1916,onnx,640,2,0,209.22317200165708,4.779585312816497,1,0.8214684128761292,54.55
bench_detect_20260905_1916,onnx,640,2,1,206.21915999799967,4.84920993766874,1,0.8121476173400879,54.55
bench_detect_20260905_1916,onnx,640,2,2,206.93805100017926,4.8323640585516765,1,0.8395451307296753,52.9
bench_detect_20260905_1916,onnx,640,2,3,206.60623599906103,4.840124961206615,1,0.8316102027893066,54.0
bench_detect_20260905_1916,onnx,640,2,4,207.42668299862999,4.820980529330476,1,0.7443007230758667,54.55
bench_detect_20260905_1916,onnx,640,2,5,206.53260499966564,4.841850515571713,1,0.8330685496330261,54.55
bench_detect_20260905_1916,onnx,640,2,6,206.26449300107197,4.848144173775963,1,0.8096308708190918,54.55
bench_detect_20260905_1916,onnx,640,2,7,208.06366699980572,4.806221164990492,2,0.8250113129615784,54.55
bench_detect_20260905_1916,onnx,640,2,8,206.48169799824245,4.8430442489315055,1,0.8489109873771667,54.55
bench_detect_20260905_1916,onnx,640,2,9,207.26557200032403,4.8247279581890075,1,0.8309524655342102,54.55
bench_detect_20260905_1916,onnx,640,2,10,206.95249599884846,4.832026766208049,1,0.8210676908493042,53.45
bench_detect_20260905_1916,onnx,640,2,11,206.35027100070147,4.846128842721997,1,0.8629551529884338,54.55
bench_detect_20260905_1916,onnx,640,2,12,208.2977789978031,4.800819311715018,1,0.8423635959625244,54.55
bench_detect_20260905_1916,onnx,640,2,13,206.43110499804607,4.84423120250926,2,0.8258845806121826,54.55
bench_detect_20260905_1916,onnx,640,2,14,207.35194200096885,4.822718274783882,1,0.867732048034668,55.1
bench_detect_20260905_1916,onnx,640,2,15,206.35236399903079,4.846079689228551,1,0.8611422777175903,54.0
bench_detect_20260905_1916,onnx,640,2,16,206.66534699921613,4.8387405751376065,2,0.8343456983566284,55.65
bench_detect_20260905_1916,onnx,640,2,17,207.70768500005943,4.814458357666034,3,0.8394144177436829,54.55
bench_detect_20260905_1916,onnx,640,2,18,206.6340509991278,4.839473432209007,2,0.8466662168502808,55.1
bench_detect_20260905_1916,onnx,640,2,19,208.33716800188995,4.799911650862646,1,0.8641481995582581,55.1
bench_detect_20260905_1916,onnx,640,2,20,206.37890199941467,4.845456538008116,2,0.8630980253219604,55.1
bench_detect_20260905_1916,onnx,640,2,21,206.67119800054934,4.838603587120746,2,0.8476157188415527,54.55
bench_detect_20260905_1916,onnx,640,2,22,206.49191999837058,4.842804502994069,1,0.8146378993988037,55.1
bench_detect_20260905_1916,onnx,640,2,23,206.3076970007387,4.8471288979413085,1,0.8654170632362366,55.65
bench_detect_20260905_1916,onnx,640,2,24,208.24281599925598,4.8020864258941485,1,0.842850923538208,55.1
bench_detect_20260905_1916,onnx,640,2,25,206.41929000339587,4.844508475848109,1,0.8463841676712036,55.65
bench_detect_20260905_1916,onnx,640,2,26,208.02570399973774,4.807098261286311,3,0.8579727411270142,54.55
bench_detect_20260905_1916,onnx,640,2,27,206.52884700029972,4.841938617894617,1,0.8502155542373657,54.55
bench_detect_20260905_1916,onnx,640,2,28,206.11543700215407,4.851650194398342,1,0.8369370698928833,55.65
bench_detect_20260905_1916,onnx,640,2,29,208.59079900037614,4.794075312968127,1,0.8458551168441772,55.1
bench_detect_20260905_1916,onnx,640,2,30,206.42629099893384,4.844344173219509,1,0.8377920985221863,55.65
bench_detect_20260905_1916,onnx,640,2,31,207.14499700261513,4.827536336720579,1,0.8432220816612244,55.65
bench_detect_20260905_1916,onnx,640,2,32,206.17364200006705,4.850280522277793,1,0.8313401341438293,55.65
bench_detect_20260905_1916,onnx,640,2,33,206.33695699871168,4.846441541765316,1,0.8367627859115601,55.65
bench_detect_20260905_1916,onnx,640,2,34,209.54130300015095,4.772328823398028,1,0.7940596342086792,55.65
bench_detect_20260905_1916,onnx,640,2,35,206.55019799960428,4.841438108918762,1,0.8441815376281738,54.55
bench_detect_20260905_1916,onnx,640,2,36,207.52470300067216,4.8187034388708945,1,0.8246172666549683,55.65
bench_detect_20260905_1916,onnx,640,2,37,206.25116000155685,4.848457579547439,1,0.8456274271011353,54.55
bench_detect_20260905_1916,onnx,640,2,38,206.39158699850668,4.8451587322076035,1,0.8481337428092957,55.65
bench_detect_20260905_1916,onnx,640,2,39,208.95463399938308,4.785727795837983,2,0.8228009939193726,54.0
bench_detect_20260905_1916,onnx,640,2,40,206.40321700193454,4.844885726711456,1,0.8118500709533691,56.2
bench_detect_20260905_1916,onnx,640,2,41,208.53916999840294,4.795262204254761,1,0.8480185270309448,54.55
bench_detect_20260905_1916,onnx,640,2,42,206.39010499871802,4.845193523237034,2,0.8532112240791321,55.1
bench_detect_20260905_1916,onnx,640,2,43,207.38197899845545,4.822019757114227,1,0.831119179725647,55.1
bench_detect_20260905_1916,onnx,640,2,44,206.59727299789665,4.840334944838216,1,0.8604683876037598,55.65
bench_detect_20260905_1916,onnx,640,2,45,206.60029200007557,4.840264214145614,2,0.8367143869400024,55.1
bench_detect_20260905_1916,onnx,640,2,46,208.1026119994931,4.805321713128886,1,0.8205381631851196,55.65
bench_detect_20260905_1916,onnx,640,2,47,206.33029000237002,4.84659814120609,1,0.838666558265686,54.0
bench_detect_20260905_1916,onnx,640,2,48,207.52994299982674,4.818581769671834,3,0.8172842264175415,54.55
bench_detect_20260905_1916,onnx,640,2,49,206.56858700021985,4.841007117887367,1,0.8204800486564636,56.2
bench_detect_20260905_1916,onnx,640,2,50,206.84836700093,4.834459244222623,1,0.8448473215103149,54.55
bench_detect_20260905_1916,onnx,640,2,51,206.55716199689778,4.841274881647622,1,0.8738038539886475,55.65
bench_detect_20260905_1916,onnx,640,2,52,206.25864199973876,4.8482817025493,1,0.8473791480064392,55.65
bench_detect_20260905_1916,onnx,640,2,53,207.55398099936428,4.818023702484719,1,0.816007137298584,54.0
bench_detect_20260905_1916,onnx,640,2,54,206.5307170014421,4.841894777293673,1,0.8184460997581482,55.65
bench_detect_20260905_1916,onnx,640,2,55,206.8356629970367,4.834756180390065,1,0.8368588089942932,55.65
bench_detect_20260905_1916,onnx,640,2,56,206.4446059994225,4.843914400954595,1,0.8273892402648926,54.55
bench_detect_20260905_1916,onnx,640,2,57,206.45719900130644,4.8436189429929835,1,0.8261758089065552,56.2
bench_detect_20260905_1916,onnx,640,2,58,208.98470900283428,4.785039081430775,2,0.8604756593704224,55.1
bench_detect_20260905_1916,onnx,640,2,59,206.5264209995803,4.841995494620188,1,0.8189921379089355,56.2
bench_detect_20260905_1916,onnx,640,2,60,207.08336800089455,4.828973034646029,2,0.8329585790634155,56.2
bench_detect_20260905_1916,onnx,640,2,61,206.32425299845636,4.8467399516404965,1,0.8696655035018921,54.55
bench_detect_20260905_1916,onnx,640,2,62,206.36210600059712,4.84585091410681,1,0.8464710712432861,56.2
bench_detect_20260905_1916,onnx,640,2,63,208.6010780003562,4.793839080727533,3,0.8384809494018555,55.1
bench_detect_20260905_1916,onnx,640,2,64,206.5203840029426,4.842137035663034,1,0.820259690284729,55.1
bench_detect_20260905_1916,onnx,640,2,65,206.7906070005847,4.83580958779802,1,0.8330271244049072,55.65
bench_detect_20260905_1916,onnx,640,2,66,206.3899759996275,4.845196551608712,2,0.8189748525619507,55.65
bench_detect_20260905_1916,onnx,640,2,67,206.45877299830317,4.843582016290578,1,0.8267168998718262,55.65
bench_detect_20260905_1916,onnx,640,2,68,208.17177999924752,4.80372507745101,2,0.8485020399093628,56.2
bench_detect_20260905_1916,onnx,640,2,69,206.77979299944127,4.836062487027937,1,0.8594735860824585,55.65
bench_detect_20260905_1916,onnx,640,2,70,208.24918699872796,4.801939514924052,1,0.8575975894927979,56.2
bench_detect_20260905_1916,onnx,640,2,71,206.42799499910325,4.844304184635152,1,0.8561347126960754,55.65
bench_detect_20260905_1916,onnx,640,2,72,206.23645699743065,4.848803235659049,1,0.8265809416770935,55.1
bench_detect_20260905_1916,onnx,640,2,73,209.47487800003728,4.773842140630449,1,0.8261640071868896,56.2
bench_detect_20260905_1916,onnx,640,2,74,206.3453840019065,4.84624361643467,1,0.8381201028823853,55.1
bench_detect_20260905_1916,onnx,640,2,75,207.46024000254693,4.820200728523805,1,0.818420946598053,56.2
bench_detect_20260905_1916,onnx,640,2,76,206.228901999566,4.848980866911198,2,0.8448436260223389,56.2
bench_detect_20260905_1916,onnx,640,2,77,207.41166600055294,4.821329577466169,1,0.8476133942604065,55.1
bench_detect_20260905_1916,onnx,640,2,78,206.6744590010785,4.838527241504871,1,0.8524563312530518,56.2
bench_detect_20260905_1916,onnx,640,2,79,206.701774000976,4.837887845100344,4,0.8396103978157043,56.2
bench_detect_20260905_1916,onnx,640,2,80,206.51584699953673,4.842243413902485,1,0.8314975500106812,55.1
bench_detect_20260905_1916,onnx,640,2,81,206.4853280026,4.842959108394415,1,0.8271510004997253,55.1
bench_detect_20260905_1916,onnx,640,2,82,207.57560999845737,4.8175216732227435,2,0.8298342227935791,55.1
bench_detect_20260905_1916,onnx,640,2,83,206.44319799976074,4.843947437789445,1,0.821982741355896,55.1
bench_detect_20260905_1916,onnx,640,2,84,206.55605099818786,4.8413009213115386,1,0.8257667422294617,55.65
bench_detect_20260905_1916,onnx,640,2,85,206.55547699789167,4.841314374879573,1,0.8114608526229858,54.55
bench_detect_20260905_1916,onnx,640,2,86,206.31504999983008,4.846956147895288,1,0.8342161774635315,55.65
bench_detect_20260905_1916,onnx,640,2,87,207.4922960018739,4.819456043760626,1,0.8571672439575195,55.1
bench_detect_20260905_1916,onnx,640,2,88,206.48636600162718,4.842934763025079,1,0.8460310101509094,56.2
bench_detect_20260905_1916,onnx,640,2,89,207.34585100217373,4.822859947120507,1,0.7928647994995117,54.55
bench_detect_20260905_1916,onnx,640,2,90,206.68038499934482,4.838388509887719,1,0.8154217600822449,55.1
bench_detect_20260905_1916,onnx,640,2,91,206.71962600317784,4.837470052236972,6,0.8506507873535156,54.55
bench_detect_20260905_1916,onnx,640,2,92,208.4194840026612,4.7980159090463514,1,0.8413544297218323,56.2
bench_detect_20260905_1916,onnx,640,2,93,206.52084800167358,4.842126156638173,1,0.8516272306442261,55.1
bench_detect_20260905_1916,onnx,640,2,94,207.08597900011227,4.82891214957367,1,0.8222673535346985,55.65
bench_detect_20260905_1916,onnx,640,2,95,206.1941059982928,4.849799149973179,1,0.8292021155357361,55.65
bench_detect_20260905_1916,onnx,640,2,96,206.4647920014977,4.843440812866273,1,0.8072887659072876,55.1
bench_detect_20260905_1916,onnx,640,2,97,208.22415099974023,4.802516880000378,1,0.8510767221450806,56.2
bench_detect_20260905_1916,onnx,640,2,98,206.4922729987302,4.842796224177112,1,0.8391400575637817,56.2
bench_detect_20260905_1916,onnx,640,2,99,208.5223930007487,4.795648014630301,1,0.8497682213783264,55.1
bench_detect_20260905_1916,onnx,640,4,0,148.32268800091697,6.742056886090264,1,0.8214683532714844,59.5
bench_detect_20260905_1916,onnx,640,4,1,150.5765119982243,6.641142012984021,1,0.8121473789215088,59.5
bench_detect_20260905_1916,onnx,640,4,2,147.8969079980743,6.761466575170188,1,0.8395450115203857,59.5
bench_detect_20260905_1916,onnx,640,4,3,152.78965000106837,6.54494594360945,1,0.8316102027893066,60.05
bench_detect_20260905_1916,onnx,640,4,4,147.8079449989309,6.765536182829908,1,0.7443007230758667,58.95
bench_detect_20260905_1916,onnx,640,4,5,147.38538799792877,6.784933117074354,1,0.8330685496330261,59.5
bench_detect_20260905_1916,onnx,640,4,6,153.26167099919985,6.524788575515537,1,0.8096309900283813,58.4
bench_detect_20260905_1916,onnx,640,4,7,148.55837399954908,6.731360697331241,2,0.8250113129615784,59.5
bench_detect_20260905_1916,onnx,640,4,8,150.24867700049072,6.655632648244444,1,0.8489111661911011,59.5
bench_detect_20260905_1916,onnx,640,4,9,153.50293099982082,6.514533588946046,1,0.8309526443481445,58.95
bench_detect_20260905_1916,onnx,640,4,10,146.5748109985725,6.822454644063904,1,0.8210678100585938,59.5
bench_detect_20260905_1916,onnx,640,4,11,166.66085500037298,6.000209227282328,1,0.8629552125930786,58.95
bench_detect_20260905_1916,onnx,640,4,12,147.1309789994848,6.796665167323475,1,0.8423634767532349,59.5
bench_detect_20260905_1916,onnx,640,4,13,163.62624999965192,6.111488835086836,2,0.8258845210075378,59.5
bench_detect_20260905_1916,onnx,640,4,14,147.86609300062992,6.762875651253868,1,0.8677321672439575,58.95
bench_detect_20260905_1916,onnx,640,4,15,158.5212659992976,6.308301877960216,1,0.8611422777175903,60.05
bench_detect_20260905_1916,onnx,640,4,16,147.63907399901655,6.773274668511272,2,0.8343458771705627,60.05
bench_detect_20260905_1916,onnx,640,4,17,147.5339630014787,6.778100307588004,3,0.8394144773483276,59.5
bench_detect_20260905_1916,onnx,640,4,18,147.5982230003865,6.775149318683745,2,0.8466662168502808,60.6
bench_detect_20260905_1916,onnx,640,4,19,154.5985839984496,6.468364548604329,1,0.8641482591629028,59.5
bench_detect_20260905_1916,onnx,640,4,20,154.49810199788772,6.472571423652,2,0.86309814453125,60.6
bench_detect_20260905_1916,onnx,640,4,21,150.10715799871832,6.661907488838996,2,0.8476157188415527,60.05
bench_detect_20260905_1916,onnx,640,4,22,147.01449800122646,6.802050230390594,1,0.8146377801895142,60.05
bench_detect_20260905_1916,onnx,640,4,23,148.34070700089796,6.741237925972313,1,0.8654170036315918,60.05
bench_detect_20260905_1916,onnx,640,4,24,156.43970300152432,6.392239187453943,1,0.842850923538208,60.6
bench_detect_20260905_1916,onnx,640,4,25,148.55478200115613,6.731523459084727,1,0.8463841676712036,59.5
bench_detect_20260905_1916,onnx,640,4,26,157.6691509981174,6.342394778366887,3,0.8579727411270142,61.15
bench_detect_20260905_1916,onnx,640,4,27,150.89562399953138,6.627097416709086,1,0.850215494632721,61.15
bench_detect_20260905_1916,onnx,640,4,28,149.97941700130468,6.6675815921547485,1,0.8369370102882385,60.6
bench_detect_20260905_1916,onnx,640,4,29,146.79168200018466,6.812375104460905,1,0.8458551168441772,59.5
bench_detect_20260905_1916,onnx,640,4,30,147.15351699851453,6.795624191639909,1,0.8377920389175415,60.6
bench_detect_20260905_1916,onnx,640,4,31,152.01364700260456,6.578356744397207,1,0.8432221412658691,60.05
bench_detect_20260905_1916,onnx,640,4,32,146.8309230003797,6.810554476984484,1,0.8313400745391846,60.6
bench_detect_20260905_1916,onnx,640,4,33,154.41611999995075,6.476007815766378,1,0.8367626667022705,60.6
bench_detect_20260905_1916,onnx,640,4,34,150.19425100035733,6.658044454695013,1,0.7940594553947449,61.15
bench_detect_20260905_1916,onnx,640,4,35,148.43709699925967,6.7368603955181605,1,0.8441816568374634,61.15
bench_detect_20260905_1916,onnx,640,4,36,156.3108310001553,6.397509331896562,1,0.8246171474456787,60.6
bench_detect_20260905_1916,onnx,640,4,37,146.94477599914535,6.80527765074014,1,0.8456274271011353,60.6
bench_detect_20260905_1916,onnx,640,4,38,159.15969500201754,6.282997714888332,1,0.8481336832046509,60.6
bench_detect_20260905_1916,onnx,640,4,39,148.10879899960128,6.751793321899073,2,0.8228009939193726,60.6
bench_detect_20260905_1916,onnx,640,4,40,162.78889499881188,6.142925167022594,1,0.8118500709533691,60.6
bench_detect_20260905_1916,onnx,640,4,41,149.93365799819003,6.66961650473486,1,0.8480186462402344,60.05
bench_detect_20260905_1916,onnx,640,4,42,147.7057420015626,6.770217504404268,2,0.8532112836837769,61.15
bench_detect_20260905_1916,onnx,640,4,43,154.7572149975167,6.461734272072849,1,0.8311190605163574,61.15
bench_detect_20260905_1916,onnx,640,4,44,156.2605530016299,6.399567778245156,1,0.8604683876037598,60.6
bench_detect_20260905_1916,onnx,640,4,45,147.79581599941594,6.766091402776597,2,0.8367142677307129,61.15
bench_detect_20260905_1916,onnx,640,4,46,150.5708090007829,6.641393551885614,1,0.8205381631851196,59.5
bench_detect_20260905_1916,onnx,640,4,47,156.10510800252086,6.405940284694922,1,0.8386666774749756,59.5
bench_detect_20260905_1916,onnx,640,4,48,158.1501719992957,6.323104093775208,3,0.817284345626831,59.5
bench_detect_20260905_1916,onnx,640,4,49,146.9832939983462,6.803494280181607,1,0.820480227470398,61.7
bench_detect_20260905_1916,onnx,640,4,50,151.62238700213493,6.595332125894571,1,0.8448473215103149,60.6
bench_detect_20260905_1916,onnx,640,4,51,156.8436669986113,6.375775440195835,1,0.8738038539886475,60.05
bench_detect_20260905_1916,onnx,640,4,52,147.61935299975448,6.774179534587604,1,0.8473791480064392,61.15
bench_detect_20260905_1916,onnx,640,4,53,151.57742299925303,6.597288568528626,1,0.8160070776939392,61.15
bench_detect_20260905_1916,onnx,640,4,54,156.9551489992591,6.371246858583278,1,0.818446159362793,61.15
bench_detect_20260905_1916,onnx,640,4,55,155.63731099973666,6.425194534501383,1,0.8368588089942932,60.6
bench_detect_20260905_1916,onnx,640,4,56,147.08788699863362,6.798656370726772,1,0.8273893594741821,61.15
bench_detect_20260905_1916,onnx,640,4,57,147.1284060025937,6.796784028111956,1,0.8261758685112,61.15
bench_detect_20260905_1916,onnx,640,4,58,156.46686899708584,6.391129357989676,2,0.8604757785797119,61.15
bench_detect_20260905_1916,onnx,640,4,59,147.75933399869245,6.767761960871109,1,0.8189921379089355,61.7
bench_detect_20260905_1916,onnx,640,4,60,154.71171399985906,6.463634679924178,2,0.8329586982727051,61.15
bench_detect_20260905_1916,onnx,640,4,61,153.77174700188334,6.50314521033407,1,0.8696654438972473,61.7
bench_detect_20260905_1916,onnx,640,4,62,148.1510019984853,6.749869973948769,1,0.8464710712432861,61.15
bench_detect_20260905_1916,onnx,640,4,63,156.96124200258055,6.370999536201168,3,0.8384809494018555,61.7
bench_detect_20260905_1916,onnx,640,4,64,147.3044620033761,6.78866061760628,1,0.8202599287033081,60.6
bench_detect_20260905_1916,onnx,640,4,65,147.1092210013012,6.797670419253698,1,0.8330271244049072,61.7
bench_detect_20260905_1916,onnx,640,4,66,147.8745380009059,6.7624894286660355,2,0.8189748525619507,62.25
bench_detect_20260905_1916,onnx,640,4,67,157.743912001024,6.339388869685877,1,0.8267168998718262,61.7
bench_detect_20260905_1916,onnx,640,4,68,156.7128149981727,6.381099082494691,2,0.8485020399093628,61.15
bench_detect_20260905_1916,onnx,640,4,69,146.76755199980107,6.8134951245991715,1,0.8594735264778137,60.05
bench_detect_20260905_1916,onnx,640,4,70,147.6369629999681,6.773371516726581,1,0.8575977087020874,62.25
bench_detect_20260905_1916,onnx,640,4,71,146.87446000243654,6.808535670418197,1,0.8561347126960754,61.15
bench_detect_20260905_1916,onnx,640,4,72,146.8939419974049,6.807632679757933,1,0.8265808820724487,61.15
bench_detect_20260905_1916,onnx,640,4,73,155.6010879976384,6.426690281337733,1,0.8261641263961792,60.05
bench_detect_20260905_1916,onnx,640,4,74,156.66950000013458,6.38286328863717,1,0.8381202220916748,61.7
bench_detect_20260905_1916,onnx,640,4,75,147.7277409976523,6.769209311986245,1,0.818420946598053,60.6
bench_detect_20260905_1916,onnx,640,4,76,148.06046499870718,6.7539974294200125,2,0.8448436260223389,62.25
bench_detect_20260905_1916,onnx,640,4,77,148.37739300128305,6.7395711689809294,1,0.8476133346557617,61.15
bench_detect_20260905_1916,onnx,640,4,78,152.3546680000436,6.563632169115513,1,0.8524563312530518,62.8
bench_detect_20260905_1916,onnx,640,4,79,147.6252590000513,6.7739085219803234,4,0.83961021900177,61.7
bench_detect_20260905_1916,onnx,640,4,80,152.54689100038377,6.555361393746689,1,0.8314975500106812,61.15
bench_detect_20260905_1916,onnx,640,4,81,158.4675630001584,6.31043969546626,1,0.8271509408950806,61.15
bench_detect_20260905_1916,onnx,640,4,82,148.50670699888724,6.733702606492332,2,0.8298342227935791,61.15
bench_detect_20260905_1916,onnx,640,4,83,148.28383600251982,6.743823379258996,1,0.821982741355896,61.15
bench_detect_20260905_1916,onnx,640,4,84,147.94664999863016,6.759193263309841,1,0.8257665634155273,62.25
bench_detect_20260905_1916,onnx,640,4,85,147.79646399983903,6.7660617374519125,1,0.8114608526229858,61.7
bench_detect_20260905_1916,onnx,640,4,86,147.73977900040336,6.768657749225886,1,0.8342163562774658,60.05
bench_detect_20260905_1916,onnx,640,4,87,157.21965100237867,6.360528048652585,1,0.85716712474823,60.6
bench_detect_20260905_1916,onnx,640,4,88,154.55895400009467,6.470023082579787,1,0.8460310697555542,61.7
bench_detect_20260905_1916,onnx,640,4,89,147.53103700059,6.778234738470664,1,0.7928648591041565,61.15
bench_detect_20260905_1916,onnx,640,4,90,147.36801800245303,6.7857328445806635,1,0.8154217004776001,61.7
bench_detect_20260905_1916,onnx,640,4,91,148.16781699846615,6.7491039569703055,6,0.8506509065628052,60.6
bench_detect_20260905_1916,onnx,640,4,92,147.63800000218907,6.773323940890371,1,0.841354489326477,61.15
bench_detect_20260905_1916,onnx,640,4,93,147.7183530005277,6.769639517957715,1,0.8516273498535156,61.15
bench_detect_20260905_1916,onnx,640,4,94,150.7264390020282,6.634536094802478,1,0.8222670555114746,62.25
bench_detect_20260905_1916,onnx,640,4,95,154.97934499944677,6.452472747278482,1,0.8292021155357361,60.6
bench_detect_20260905_1916,onnx,640,4,96,147.8629830016871,6.763017894672057,1,0.8072887659072876,62.25
bench_detect_20260905_1916,onnx,640,4,97,147.34572199813556,6.786759645540666,1,0.8510768413543701,61.7
bench_detect_20260905_1916,onnx,640,4,98,147.77579700239585,6.767007996470405,1,0.8391401171684265,61.7
bench_detect_20260905_1916,onnx,640,4,99,152.4849279994669,6.558025197109948,1,0.8497682809829712,62.25
bench_detect_20260905_1916,ncnn,320,1,0,28.197132000059355,35.46459973297621,3,0.86865234375,60.05
bench_detect_20260905_1916,ncnn,320,1,1,27.840945000207284,35.918321019367504,1,0.83203125,59.5
bench_detect_20260905_1916,ncnn,320,1,2,28.069501000572927,35.62585597726119,2,0.86767578125,60.05
bench_detect_20260905_1916,ncnn,320,1,3,27.857926997967297,35.89642546169953,1,0.88427734375,59.5
bench_detect_20260905_1916,ncnn,320,1,4,27.921056000195676,35.81526429347772,1,0.81396484375,59.5
bench_detect_20260905_1916,ncnn,320,1,5,28.13002099719597,35.549209156284704,1,0.85205078125,59.5
bench_detect_20260905_1916,ncnn,320,1,6,27.92850100013311,35.8057168909722,1,0.85595703125,59.5
bench_detect_20260905_1916,ncnn,320,1,7,28.06435399907059,35.63238975795121,2,0.8447265625,59.5
bench_detect_20260905_1916,ncnn,320,1,8,27.944019002461573,35.78583309408395,1,0.86181640625,59.5
bench_detect_20260905_1916,ncnn,320,1,9,28.0365750004421,35.6676947874065,1,0.84423828125,58.4
bench_detect_20260905_1916,ncnn,320,1,10,28.06946400232846,35.625902935554684,1,0.8310546875,58.95
bench_detect_20260905_1916,ncnn,320,1,11,27.855445001478074,35.89962393158457,2,0.85888671875,59.5
bench_detect_20260905_1916,ncnn,320,1,12,28.050724002241623,35.6497037267233,1,0.8427734375,58.4
bench_detect_20260905_1916,ncnn,320,1,13,28.248003000044264,35.4007325756243,2,0.83740234375,58.4
bench_detect_20260905_1916,ncnn,320,1,14,27.995631000521826,35.71985928737811,1,0.87158203125,59.5
bench_detect_20260905_1916,ncnn,320,1,15,27.916464001464192,35.82115557140585,1,0.87060546875,58.95
bench_detect_20260905_1916,ncnn,320,1,16,28.134705000411486,35.54329075017401,2,0.86328125,58.4
bench_detect_20260905_1916,ncnn,320,1,17,27.99135299937916,35.725318458960515,3,0.85986328125,58.95
bench_detect_20260905_1916,ncnn,320,1,18,28.353113997582113,35.26949456364044,2,0.876953125,58.95
bench_detect_20260905_1916,ncnn,320,1,19,28.020167999784462,35.688579740410276,1,0.88427734375,58.95
bench_detect_20260905_1916,ncnn,320,1,20,27.9621860026964,35.76258307929036,2,0.87353515625,58.95
bench_detect_20260905_1916,ncnn,320,1,21,28.051427001628326,35.64881030622621,2,0.875,58.95
bench_detect_20260905_1916,ncnn,320,1,22,28.089816998544848,35.600089528949354,1,0.84814453125,57.85
bench_detect_20260905_1916,ncnn,320,1,23,27.854833999299444,35.90041139807727,1,0.8720703125,57.3
bench_detect_20260905_1916,ncnn,320,1,24,27.970538998488337,35.75190310254818,2,0.8603515625,58.95
bench_detect_20260905_1916,ncnn,320,1,25,27.992149000056088,35.72430255347656,1,0.84912109375,58.4
bench_detect_20260905_1916,ncnn,320,1,26,28.20468800200615,35.45509880942033,3,0.875,58.4
bench_detect_20260905_1916,ncnn,320,1,27,28.051352997863432,35.64890435324693,1,0.85400390625,57.3
bench_detect_20260905_1916,ncnn,320,1,28,28.058815998520004,35.63942256340204,1,0.86181640625,58.4
bench_detect_20260905_1916,ncnn,320,1,29,30.945569000323303,32.31480409972596,1,0.892578125,57.3
bench_detect_20260905_1916,ncnn,320,1,30,28.16244700079551,35.508278097132425,1,0.85205078125,58.4
bench_detect_20260905_1916,ncnn,320,1,31,28.879263998533133,34.62692124185689,1,0.87060546875,58.4
bench_detect_20260905_1916,ncnn,320,1,32,28.08385399839608,35.60764843945962,2,0.845703125,58.4
bench_detect_20260905_1916,ncnn,320,1,33,28.057094001269434,35.6416099242051,1,0.83984375,58.4
bench_detect_20260905_1916,ncnn,320,1,34,29.63298900067457,33.74617390021762,2,0.84326171875,58.95
bench_detect_20260905_1916,ncnn,320,1,35,28.04394599661464,35.658319985379954,1,0.8505859375,57.3
bench_detect_20260905_1916,ncnn,320,1,36,28.014020001137396,35.69641200939383,1,0.8408203125,57.3
bench_detect_20260905_1916,ncnn,320,1,37,27.938111998082604,35.79339935599908,1,0.837890625,58.95
bench_detect_20260905_1916,ncnn,320,1,38,27.990168000542326,35.726830935084934,1,0.8671875,58.95
bench_detect_20260905_1916,ncnn,320,1,39,28.00616799868294,35.706420101708574,2,0.857421875,57.3
bench_detect_20260905_1916,ncnn,320,1,40,28.054390000761487,35.64504521299008,1,0.82958984375,58.95
bench_detect_20260905_1916,ncnn,320,1,41,27.919723001105012,35.816974257245384,1,0.8583984375,58.4
bench_detect_20260905_1916,ncnn,320,1,42,28.06918699934613,35.626254512583316,2,0.87353515625,57.85
bench_detect_20260905_1916,ncnn,320,1,43,27.83294600158115,35.92864369956351,1,0.84326171875,58.4
bench_detect_20260905_1916,ncnn,320,1,44,28.012298000248848,35.698606376067985,1,0.869140625,57.85
bench_detect_20260905_1916,ncnn,320,1,45,27.955445999396034,35.77120536805618,2,0.8583984375,58.4
bench_detect_20260905_1916,ncnn,320,1,46,28.04937199834967,35.651422073151465,1,0.8310546875,57.85
bench_detect_20260905_1916,ncnn,320,1,47,28.03909499925794,35.66448917222418,1,0.87841796875,58.4
bench_detect_20260905_1916,ncnn,320,1,48,27.992204999463866,35.724231085730935,2,0.845703125,57.3
bench_detect_20260905_1916,ncnn,320,1,49,27.98027899916633,35.73945778131072,1,0.84228515625,57.85
bench_detect_20260905_1916,ncnn,320,1,50,28.099298000597628,35.58807768004495,1,0.857421875,58.95
bench_detect_20260905_1916,ncnn,320,1,51,27.90746399841737,35.83270769628906,1,0.88330078125,57.3
bench_detect_20260905_1916,ncnn,320,1,52,27.95142700051656,35.77634873459303,1,0.845703125,56.75
bench_detect_20260905_1916,ncnn,320,1,53,27.850741000293056,35.90568739228438,1,0.8271484375,57.3
bench_detect_20260905_1916,ncnn,320,1,54,28.02163199885399,35.6867151792193,1,0.86572265625,58.4
bench_detect_20260905_1916,ncnn,320,1,55,27.812279000499984,35.95534188269947,1,0.85693359375,57.85
bench_detect_20260905_1916,ncnn,320,1,56,27.993798001261894,35.72219817957257,1,0.8359375,57.85
bench_detect_20260905_1916,ncnn,320,1,57,27.994038002361776,35.72189192268843,1,0.849609375,57.3
bench_detect_20260905_1916,ncnn,320,1,58,28.28189200226916,35.358313366014066,3,0.84765625,57.85
bench_detect_20260905_1916,ncnn,320,1,59,27.98353800244513,35.73529551240528,1,0.8662109375,57.3
bench_detect_20260905_1916,ncnn,320,1,60,28.014000999974087,35.69643622133536,2,0.8388671875,56.2
bench_detect_20260905_1916,ncnn,320,1,61,27.856094002345344,35.898787529788095,1,0.8603515625,56.75
bench_detect_20260905_1916,ncnn,320,1,62,28.152687002148014,35.52058813866333,1,0.857421875,57.3
bench_detect_20260905_1916,ncnn,320,1,63,27.993019997666124,35.723190998447954,3,0.82373046875,57.3
bench_detect_20260905_1916,ncnn,320,1,64,28.077224000298884,35.61605662972077,1,0.8798828125,57.3
bench_detect_20260905_1916,ncnn,320,1,65,28.635096998186782,34.92217959182473,1,0.833984375,57.3
bench_detect_20260905_1916,ncnn,320,1,66,28.130186998168938,35.54899937441199,2,0.86572265625,56.75
bench_detect_20260905_1916,ncnn,320,1,67,27.917482999328058,35.81984808673722,1,0.83935546875,57.3
bench_detect_20260905_1916,ncnn,320,1,68,28.065185997547815,35.6313334280904,2,0.86572265625,57.85
bench_detect_20260905_1916,ncnn,320,1,69,29.924878999736393,33.41701064217533,1,0.8662109375,57.85
bench_detect_20260905_1916,ncnn,320,1,70,28.097760998207377,35.590024417383276,1,0.85498046875,56.75
bench_detect_20260905_1916,ncnn,320,1,71,27.934039000683697,35.798618308491825,1,0.87158203125,56.75
bench_detect_20260905_1916,ncnn,320,1,72,28.031391000695294,35.674291010931135,1,0.85498046875,56.2
bench_detect_20260905_1916,ncnn,320,1,73,27.912537996598985,35.826193953478736,1,0.83935546875,57.3
bench_detect_20260905_1916,ncnn,320,1,74,28.109150000091176,35.5756043849336,1,0.85107421875,57.3
bench_detect_20260905_1916,ncnn,320,1,75,27.833018997625913,35.92854947159334,1,0.8408203125,57.3
bench_detect_20260905_1916,ncnn,320,1,76,28.121909002948087,35.5594636159006,2,0.85595703125,56.75
bench_detect_20260905_1916,ncnn,320,1,77,27.82294599819579,35.941557017896166,1,0.85986328125,56.2
bench_detect_20260905_1916,ncnn,320,1,78,28.192020999995293,35.471029196529294,1,0.85986328125,56.2
bench_detect_20260905_1916,ncnn,320,1,79,28.139427999121835,35.53732506684953,3,0.84228515625,57.3
bench_detect_20260905_1916,ncnn,320,1,80,28.03083500111825,35.67499862062998,1,0.86767578125,57.3
bench_detect_20260905_1916,ncnn,320,1,81,28.02550100022927,35.68178852509431,1,0.8642578125,57.3
bench_detect_20260905_1916,ncnn,320,1,82,28.009464000206208,35.702218364215675,2,0.85107421875,57.3
bench_detect_20260905_1916,ncnn,320,1,83,27.852055998664582,35.903992152247106,1,0.83203125,57.3
bench_detect_20260905_1916,ncnn,320,1,84,28.106501998991007,35.5789560734345,1,0.86474609375,57.3
bench_detect_20260905_1916,ncnn,320,1,85,27.85007499915082,35.90654603373568,1,0.8447265625,57.3
bench_detect_20260905_1916,ncnn,320,1,86,28.18400300020585,35.481120265020415,1,0.8603515625,56.75
bench_detect_20260905_1916,ncnn,320,1,87,27.82290799950715,35.94160610449899,1,0.88134765625,56.2
bench_detect_20260905_1916,ncnn,320,1,88,27.968093996605603,35.75502857367995,1,0.853515625,56.75
bench_detect_20260905_1916,ncnn,320,1,89,28.019057001074543,35.68999484749432,1,0.82470703125,56.75
bench_detect_20260905_1916,ncnn,320,1,90,28.150742000434548,35.5230423405736,1,0.83447265625,56.75
bench_detect_20260905_1916,ncnn,320,1,91,28.218225001182873,35.438090098086654,5,0.86181640625,57.85
bench_detect_20260905_1916,ncnn,320,1,92,28.07901999767637,35.61377854650031,1,0.84619140625,57.3
bench_detect_20260905_1916,ncnn,320,1,93,27.91040900046937,35.828926762885594,1,0.890625,57.85
bench_detect_20260905_1916,ncnn,320,1,94,27.93429799930891,35.798286394193255,1,0.82958984375,56.2
bench_detect_20260905_1916,ncnn,320,1,95,27.942687000177102,35.787538971955776,1,0.8447265625,56.75
bench_detect_20260905_1916,ncnn,320,1,96,27.95455700106686,35.77234294794355,1,0.83251953125,57.3
bench_detect_20260905_1916,ncnn,320,1,97,27.999094003462233,35.715441359507736,1,0.87890625,57.3
bench_detect_20260905_1916,ncnn,320,1,98,28.11315000144532,35.57054260901355,1,0.853515625,57.3
bench_detect_20260905_1916,ncnn,320,1,99,27.957760998106096,35.76824338929507,1,0.86181640625,57.85
bench_detect_20260905_1916,ncnn,320,2,0,18.72155700039002,53.41436078095253,3,0.86865234375,57.3
bench_detect_20260905_1916,ncnn,320,2,1,18.514406998292543,54.01199185543578,1,0.83203125,57.3
bench_detect_20260905_1916,ncnn,320,2,2,18.639852001797408,53.64849462879704,2,0.86767578125,57.85
bench_detect_20260905_1916,ncnn,320,2,3,18.499240999517497,54.05627182358899,1,0.88427734375,57.85
bench_detect_20260905_1916,ncnn,320,2,4,18.51805600017542,54.001348737174524,1,0.81396484375,56.75
bench_detect_20260905_1916,ncnn,320,2,5,18.49185199898784,54.07787170558879,1,0.85205078125,57.85
bench_detect_20260905_1916,ncnn,320,2,6,18.541352001193445,53.9334995600986,1,0.85595703125,57.85
bench_detect_20260905_1916,ncnn,320,2,7,18.55201900252723,53.90248898859881,2,0.8447265625,56.2
bench_detect_20260905_1916,ncnn,320,2,8,18.50635200025863,54.03550089104675,1,0.86181640625,57.3
bench_detect_20260905_1916,ncnn,320,2,9,18.49298199886107,54.07456731756875,1,0.84423828125,57.3
bench_detect_20260905_1916,ncnn,320,2,10,18.594260000099894,53.78003749515322,1,0.8310546875,57.85
bench_detect_20260905_1916,ncnn,320,2,11,18.524778002756648,53.9817535114964,2,0.85888671875,58.4
bench_detect_20260905_1916,ncnn,320,2,12,18.495962998713367,54.06585210348674,1,0.8427734375,57.3
bench_detect_20260905_1916,ncnn,320,2,13,18.528093001805246,53.97209523411649,2,0.83740234375,57.85
bench_detect_20260905_1916,ncnn,320,2,14,18.50213000216172,54.04783124338461,1,0.87158203125,57.85
bench_detect_20260905_1916,ncnn,320,2,15,18.475222001143266,54.126548516608835,1,0.87060546875,58.4
bench_detect_20260905_1916,ncnn,320,2,16,18.51772200097912,54.00232274505068,2,0.86328125,57.85
bench_detect_20260905_1916,ncnn,320,2,17,18.64672300143866,53.62872607282505,3,0.85986328125,56.75
bench_detect_20260905_1916,ncnn,320,2,18,18.607334000989795,53.742250230302,2,0.876953125,57.85
bench_detect_20260905_1916,ncnn,320,2,19,18.49025900082779,54.08253069658088,1,0.88427734375,57.85
bench_detect_20260905_1916,ncnn,320,2,20,18.577203998574987,53.829413730758816,2,0.87353515625,57.85
bench_detect_20260905_1916,ncnn,320,2,21,18.525111001508776,53.98078316068147,2,0.875,58.4
bench_detect_20260905_1916,ncnn,320,2,22,18.671760997676756,53.55681235018087,1,0.84814453125,57.85
bench_detect_20260905_1916,ncnn,320,2,23,18.498130000807578,54.05951844626147,1,0.8720703125,57.3
bench_detect_20260905_1916,ncnn,320,2,24,18.618760001118062,53.70926957219223,2,0.8603515625,58.4
bench_detect_20260905_1916,ncnn,320,2,25,18.483148000086658,54.103337807786396,1,0.84912109375,56.75
bench_detect_20260905_1916,ncnn,320,2,26,18.62781499949051,53.68316144579227,3,0.875,57.85
bench_detect_20260905_1916,ncnn,320,2,27,18.564964000688633,53.86490380282487,1,0.85400390625,57.3
bench_detect_20260905_1916,ncnn,320,2,28,18.548241001553833,53.91346812434815,1,0.86181640625,57.3
bench_detect_20260905_1916,ncnn,320,2,29,18.44396300293738,54.2182826890696,1,0.892578125,56.75
bench_detect_20260905_1916,ncnn,320,2,30,18.575018999399617,53.8357457417579,1,0.85205078125,57.3
bench_detect_20260905_1916,ncnn,320,2,31,18.46438900247449,54.158304391549905,1,0.87060546875,57.85
bench_detect_20260905_1916,ncnn,320,2,32,18.575666999822715,53.833867715734996,2,0.845703125,57.85
bench_detect_20260905_1916,ncnn,320,2,33,18.490611997549422,54.081498229075976,1,0.83984375,58.4
bench_detect_20260905_1916,ncnn,320,2,34,18.632871000590967,53.66859460188844,2,0.84326171875,57.3
bench_detect_20260905_1916,ncnn,320,2,35,18.448889000865165,54.20380598273992,1,0.8505859375,57.3
bench_detect_20260905_1916,ncnn,320,2,36,18.5782599983213,53.82635403371243,1,0.8408203125,57.85
bench_detect_20260905_1916,ncnn,320,2,37,18.437536997225834,54.23717930168563,1,0.837890625,57.3
bench_detect_20260905_1916,ncnn,320,2,38,18.542629997682525,53.92978235153163,1,0.8671875,57.85
bench_detect_20260905_1916,ncnn,320,2,39,18.56607399895438,53.86168341547701,2,0.857421875,57.85
bench_detect_20260905_1916,ncnn,320,2,40,18.52412999869557,53.983641880639894,1,0.82958984375,57.85
bench_detect_20260905_1916,ncnn,320,2,41,18.45772199885687,54.177866589492055,1,0.8583984375,57.85
bench_detect_20260905_1916,ncnn,320,2,42,18.894854001700878,52.9244629204323,2,0.87353515625,57.85
bench_detect_20260905_1916,ncnn,320,2,43,20.147487997746794,49.63397918945705,1,0.84326171875,57.85
bench_detect_20260905_1916,ncnn,320,2,44,18.573518998891814,53.84009352560842,1,0.869140625,58.4
bench_detect_20260905_1916,ncnn,320,2,45,18.499443998734932,54.055678650038566,2,0.8583984375,56.75
bench_detect_20260905_1916,ncnn,320,2,46,18.506889002310345,54.03393297896599,1,0.8310546875,57.85
bench_detect_20260905_1916,ncnn,320,2,47,18.452351996529615,54.19363342884814,1,0.87841796875,57.85
bench_detect_20260905_1916,ncnn,320,2,48,18.55735199933406,53.88699853491411,2,0.845703125,58.4
bench_detect_20260905_1916,ncnn,320,2,49,18.523018999985652,53.986879784595295,1,0.84228515625,57.85
bench_detect_20260905_1916,ncnn,320,2,50,18.548074000136694,53.913953545399394,1,0.857421875,57.3
bench_detect_20260905_1916,ncnn,320,2,51,20.779380000021774,48.12463124496266,1,0.88330078125,57.85
bench_detect_20260905_1916,ncnn,320,2,52,18.639444999280386,53.64966607313721,1,0.845703125,57.3
bench_detect_20260905_1916,ncnn,320,2,53,18.4979449986713,54.06005910774573,1,0.8271484375,57.3
bench_detect_20260905_1916,ncnn,320,2,54,18.594388999190414,53.77966439464826,1,0.86572265625,57.85
bench_detect_20260905_1916,ncnn,320,2,55,18.446203001076356,54.21169874047515,1,0.85693359375,56.75
bench_detect_20260905_1916,ncnn,320,2,56,18.531222001911374,53.96298203630913,1,0.8359375,56.75
bench_detect_20260905_1916,ncnn,320,2,57,18.46768500035978,54.14863855326309,1,0.849609375,57.85
bench_detect_20260905_1916,ncnn,320,2,58,18.628074998559896,53.68241216965834,3,0.84765625,57.85
bench_detect_20260905_1916,ncnn,320,2,59,18.4865559967875,54.09336385716057,1,0.8662109375,56.75
bench_detect_20260905_1916,ncnn,320,2,60,18.58068500223453,53.81932904409816,2,0.8388671875,57.85
bench_detect_20260905_1916,ncnn,320,2,61,18.465721997927176,54.154394835590644,1,0.8603515625,56.75
bench_detect_20260905_1916,ncnn,320,2,62,18.510166999476496,54.02436401726046,1,0.857421875,58.4
bench_detect_20260905_1916,ncnn,320,2,63,18.609334001666866,53.736474390240325,3,0.82373046875,56.2
bench_detect_20260905_1916,ncnn,320,2,64,18.463963002432138,54.15955393044692,1,0.8798828125,57.85
bench_detect_20260905_1916,ncnn,320,2,65,18.5681110015139,53.855774554475026,1,0.833984375,57.3
bench_detect_20260905_1916,ncnn,320,2,66,18.62613100092858,53.68801496940757,2,0.86572265625,56.75
bench_detect_20260905_1916,ncnn,320,2,67,18.421628999931272,54.284015816610506,1,0.83935546875,57.85
bench_detect_20260905_1916,ncnn,320,2,68,18.58214800085989,53.81509177269092,2,0.86572265625,58.4
bench_detect_20260905_1916,ncnn,320,2,69,18.455944999004714,54.18308301492704,1,0.8662109375,56.75
bench_detect_20260905_1916,ncnn,320,2,70,18.496610999136465,54.06395798920603,1,0.85498046875,57.85
bench_detect_20260905_1916,ncnn,320,2,71,18.488629997591488,54.087295820743336,1,0.87158203125,57.85
bench_detect_20260905_1916,ncnn,320,2,72,18.507370998122497,54.03252574887304,1,0.85498046875,56.75
bench_detect_20260905_1916,ncnn,320,2,73,18.52163000148721,53.99092843986756,1,0.83935546875,56.75
bench_detect_20260905_1916,ncnn,320,2,74,18.521111000154633,53.992441381710364,1,0.85107421875,57.3
bench_detect_20260905_1916,ncnn,320,2,75,18.546055998740485,53.91981993734478,1,0.8408203125,58.4
bench_detect_20260905_1916,ncnn,320,2,76,18.523945000197273,53.98418101486214,2,0.85595703125,57.85
bench_detect_20260905_1916,ncnn,320,2,77,18.60661200043978,53.74433561447749,1,0.85986328125,57.85
bench_detect_20260905_1916,ncnn,320,2,78,18.517018997954438,54.00437295606109,1,0.85986328125,57.85
bench_detect_20260905_1916,ncnn,320,2,79,18.55996300218976,53.87941774894794,3,0.84228515625,57.3
bench_detect_20260905_1916,ncnn,320,2,80,18.512537000788143,54.017447741356385,1,0.86767578125,58.4
bench_detect_20260905_1916,ncnn,320,2,81,18.473648000508547,54.13116023280685,1,0.8642578125,57.85
bench_detect_20260905_1916,ncnn,320,2,82,18.554463000327814,53.895388941320064,2,0.85107421875,56.75
bench_detect_20260905_1916,ncnn,320,2,83,18.465722998371348,54.1543919015897,1,0.83203125,58.4
bench_detect_20260905_1916,ncnn,320,2,84,18.54237099905731,53.93053563920384,1,0.86474609375,58.4
bench_detect_20260905_1916,ncnn,320,2,85,18.442185999447247,54.22350691127246,1,0.8447265625,58.4
bench_detect_20260905_1916,ncnn,320,2,86,18.57544499944197,53.834511099467136,1,0.8603515625,58.4
bench_detect_20260905_1916,ncnn,320,2,87,18.513945000449894,54.01333967318687,1,0.88134765625,57.3
bench_detect_20260905_1916,ncnn,320,2,88,18.505037001887104,54.03934074263252,1,0.853515625,57.3
bench_detect_20260905_1916,ncnn,320,2,89,18.48672299820464,54.09287520006202,1,0.82470703125,56.2
bench_detect_20260905_1916,ncnn,320,2,90,18.564889000117546,53.865121412450584,1,0.83447265625,58.4
bench_detect_20260905_1916,ncnn,320,2,91,18.703870999161154,53.4648683176252,5,0.86181640625,57.85
bench_detect_20260905_1916,ncnn,320,2,92,18.62674099902506,53.68625676667437,1,0.84619140625,57.85
bench_detect_20260905_1916,ncnn,320,2,93,18.435443998896517,54.24333691447066,1,0.890625,57.85
bench_detect_20260905_1916,ncnn,320,2,94,18.496258999221027,54.06498687340587,1,0.82958984375,57.85
bench_detect_20260905_1916,ncnn,320,2,95,18.44957399953273,54.20179349535804,1,0.8447265625,56.2
bench_detect_20260905_1916,ncnn,320,2,96,19.720338001206983,50.70906999356679,1,0.83251953125,57.85
bench_detect_20260905_1916,ncnn,320,2,97,18.555425998783903,53.89259185240687,1,0.87890625,57.3
bench_detect_20260905_1916,ncnn,320,2,98,18.54298200123594,53.92875859628981,1,0.853515625,57.85
bench_detect_20260905_1916,ncnn,320,2,99,18.58040800289018,53.820131390249884,1,0.86181640625,57.85
bench_detect_20260905_1916,ncnn,320,4,0,16.45719600128359,60.76369266805865,3,0.86865234375,58.4
bench_detect_20260905_1916,ncnn,320,4,1,16.302472999086604,61.340386826957364,1,0.83203125,58.4
bench_detect_20260905_1916,ncnn,320,4,2,16.44695499999216,60.80152830724452,2,0.86767578125,58.95
bench_detect_20260905_1916,ncnn,320,4,3,16.255305999948177,61.5183743697712,1,0.88427734375,57.85
bench_detect_20260905_1916,ncnn,320,4,4,16.334233001543907,61.22111763101948,1,0.81396484375,57.85
bench_detect_20260905_1916,ncnn,320,4,5,16.369492001103936,61.089250658026614,1,0.85205078125,58.4
bench_detect_20260905_1916,ncnn,320,4,6,16.357140000764048,61.135381854852966,1,0.85595703125,58.4
bench_detect_20260905_1916,ncnn,320,4,7,16.338213998096762,61.20620039108864,2,0.8447265625,58.95
bench_detect_20260905_1916,ncnn,320,4,8,16.293436001433292,61.37440868286054,1,0.86181640625,58.4
bench_detect_20260905_1916,ncnn,320,4,9,16.256899001746206,61.51234622867416,1,0.84423828125,57.85
bench_detect_20260905_1916,ncnn,320,4,10,16.274675999738974,61.4451556526249,1,0.8310546875,57.85
bench_detect_20260905_1916,ncnn,320,4,11,16.34697299959953,61.17340501048715,2,0.85888671875,58.4
bench_detect_20260905_1916,ncnn,320,4,12,16.336472999682883,61.21272321261827,1,0.8427734375,58.95
bench_detect_20260905_1916,ncnn,320,4,13,16.275916997983586,61.44047061212523,2,0.83740234375,58.95
bench_detect_20260905_1916,ncnn,320,4,14,16.331935999915004,61.22972806195201,1,0.87158203125,58.95
bench_detect_20260905_1916,ncnn,320,4,15,16.267861999949673,61.470892733359406,1,0.87060546875,58.4
bench_detect_20260905_1916,ncnn,320,4,16,16.30984300209093,61.312668667123255,2,0.86328125,58.95
bench_detect_20260905_1916,ncnn,320,4,17,16.327583998645423,61.246048410038036,3,0.85986328125,58.95
bench_detect_20260905_1916,ncnn,320,4,18,16.378121999878203,61.05706136560935,2,0.876953125,58.4
bench_detect_20260905_1916,ncnn,320,4,19,16.260936001344817,61.49707494804098,1,0.88427734375,58.95
bench_detect_20260905_1916,ncnn,320,4,20,16.326361997926142,61.25063257368819,2,0.87353515625,58.95
bench_detect_20260905_1916,ncnn,320,4,21,16.346417000022484,61.175485734801974,2,0.875,58.95
bench_detect_20260905_1916,ncnn,320,4,22,16.233194997766986,61.602167665549416,1,0.84814453125,57.85
bench_detect_20260905_1916,ncnn,320,4,23,16.26652899722103,61.47593012441928,1,0.8720703125,58.95
bench_detect_20260905_1916,ncnn,320,4,24,16.608084999461425,60.21163788795809,2,0.8603515625,58.95
bench_detect_20260905_1916,ncnn,320,4,25,16.288398997858167,61.39338802613408,1,0.84912109375,58.95
bench_detect_20260905_1916,ncnn,320,4,26,16.48421500067343,60.66409592201673,3,0.875,57.85
bench_detect_20260905_1916,ncnn,320,4,27,16.233306003414327,61.6017464211955,1,0.85400390625,58.4
bench_detect_20260905_1916,ncnn,320,4,28,16.33014000253752,61.23646213961493,1,0.86181640625,58.95
bench_detect_20260905_1916,ncnn,320,4,29,16.347066000889754,61.17305698438919,1,0.892578125,58.4
bench_detect_20260905_1916,ncnn,320,4,30,16.259379997791257,61.50296014582624,1,0.85205078125,57.3
bench_detect_20260905_1916,ncnn,320,4,31,16.28582500052289,61.403091336661966,1,0.87060546875,58.95
bench_detect_20260905_1916,ncnn,320,4,32,16.393696001614444,60.99905719256478,2,0.845703125,57.85
bench_detect_20260905_1916,ncnn,320,4,33,16.366398998798104,61.10079560405663,1,0.83984375,57.85
bench_detect_20260905_1916,ncnn,320,4,34,16.323453997756587,61.26154428697719,2,0.84326171875,58.95
bench_detect_20260905_1916,ncnn,320,4,35,16.22050999867497,61.65034268846593,1,0.8505859375,58.95
bench_detect_20260905_1916,ncnn,320,4,36,16.365102997951908,61.10563435654208,1,0.8408203125,57.85
bench_detect_20260905_1916,ncnn,320,4,37,16.235564999078633,61.59317523330724,1,0.837890625,58.4
bench_detect_20260905_1916,ncnn,320,4,38,16.423935998318484,60.88674481576049,1,0.8671875,58.95
bench_detect_20260905_1916,ncnn,320,4,39,16.31312100289506,61.30034834061072,2,0.857421875,58.95
bench_detect_20260905_1916,ncnn,320,4,40,16.378342999814777,61.05623749675465,1,0.82958984375,58.95
bench_detect_20260905_1916,ncnn,320,4,41,16.361658003006596,61.118500326570896,1,0.8583984375,58.95
bench_detect_20260905_1916,ncnn,320,4,42,16.352325001207646,61.15338338286136,2,0.87353515625,58.95
bench_detect_20260905_1916,ncnn,320,4,43,16.304621000017505,61.332305730929065,1,0.84326171875,58.95
bench_detect_20260905_1916,ncnn,320,4,44,17.517755000881152,57.084940390460964,1,0.869140625,58.95
bench_detect_20260905_1916,ncnn,320,4,45,18.55798199903802,53.88516919845253,2,0.8583984375,58.95
bench_detect_20260905_1916,ncnn,320,4,46,16.329306999978144,61.23958597883783,1,0.8310546875,58.4
bench_detect_20260905_1916,ncnn,320,4,47,16.24421299857204,61.560384617457665,1,0.87841796875,57.85
bench_detect_20260905_1916,ncnn,320,4,48,16.483473002153914,60.666826697828114,2,0.845703125,58.95
bench_detect_20260905_1916,ncnn,320,4,49,16.295769000862492,61.36562195666081,1,0.84228515625,59.5
bench_detect_20260905_1916,ncnn,320,4,50,16.313324998918688,61.29958178766646,1,0.857421875,58.95
bench_detect_20260905_1916,ncnn,320,4,51,16.355602998373797,61.141126994793645,1,0.88330078125,57.85
bench_detect_20260905_1916,ncnn,320,4,52,16.229621000093175,61.615733355341995,1,0.845703125,58.95
bench_detect_20260905_1916,ncnn,320,4,53,16.232657002547057,61.60420933203299,1,0.8271484375,58.95
bench_detect_20260905_1916,ncnn,320,4,54,16.29595399936079,61.36492530840631,1,0.86572265625,58.95
bench_detect_20260905_1916,ncnn,320,4,55,16.80545699855429,59.50448119834088,1,0.85693359375,58.95
bench_detect_20260905_1916,ncnn,320,4,56,21.72634599992307,46.02706778229256,1,0.8359375,58.95
bench_detect_20260905_1916,ncnn,320,4,57,16.368435997719644,61.093191807654335,1,0.849609375,58.4
bench_detect_20260905_1916,ncnn,320,4,58,16.525417999218917,60.512841493465736,3,0.84765625,58.95
bench_detect_20260905_1916,ncnn,320,4,59,16.313362000801135,61.29944274827536,1,0.8662109375,58.95
bench_detect_20260905_1916,ncnn,320,4,60,16.491307000251254,60.638007647590605,2,0.8388671875,57.85
bench_detect_20260905_1916,ncnn,320,4,61,16.344750998541713,61.18172128099232,1,0.8603515625,59.5
bench_detect_20260905_1916,ncnn,320,4,62,16.35165799962124,61.1558778946553,1,0.857421875,58.95
bench_detect_20260905_1916,ncnn,320,4,63,16.51245600078255,60.56034304967162,3,0.82373046875,58.95
bench_detect_20260905_1916,ncnn,320,4,64,16.317379999236437,61.28434834800651,1,0.8798828125,57.85
bench_detect_20260905_1916,ncnn,320,4,65,16.290769999613985,61.38445267005152,1,0.833984375,57.85
bench_detect_20260905_1916,ncnn,320,4,66,16.48123300037696,60.675072063912204,2,0.86572265625,58.4
bench_detect_20260905_1916,ncnn,320,4,67,16.30595499955234,61.32728809980487,1,0.83935546875,58.95
bench_detect_20260905_1916,ncnn,320,4,68,16.323620999173727,61.26091754094378,2,0.86572265625,59.5
bench_detect_20260905_1916,ncnn,320,4,69,16.386954997869907,61.02415001017499,1,0.8662109375,57.3
bench_detect_20260905_1916,ncnn,320,4,70,16.346120999514824,61.17659351901784,1,0.85498046875,57.3
bench_detect_20260905_1916,ncnn,320,4,71,16.3006389993825,61.34728828961134,1,0.87158203125,57.85
bench_detect_20260905_1916,ncnn,320,4,72,16.33228799983044,61.22840841469253,1,0.85498046875,58.95
bench_detect_20260905_1916,ncnn,320,4,73,16.29049099938129,61.38550397517053,1,0.83935546875,57.85
bench_detect_20260905_1916,ncnn,320,4,74,16.30812100120238,61.31914277103236,1,0.85107421875,57.85
bench_detect_20260905_1916,ncnn,320,4,75,16.24495400028536,61.557576585469796,1,0.8408203125,59.5
bench_detect_20260905_1916,ncnn,320,4,76,16.391362001741072,61.007742974243456,2,0.85595703125,58.95
bench_detect_20260905_1916,ncnn,320,4,77,16.350121000868967,61.16162687400617,1,0.85986328125,58.95
bench_detect_20260905_1916,ncnn,320,4,78,16.277824997814605,61.433268887843184,1,0.85986328125,58.95
bench_detect_20260905_1916,ncnn,320,4,79,16.431398998975055,60.859090577885496,3,0.84228515625,58.95
bench_detect_20260905_1916,ncnn,320,4,80,16.376676998334005,61.062448755735346,1,0.86767578125,58.95
bench_detect_20260905_1916,ncnn,320,4,81,16.291694999381434,61.38096742161992,1,0.8642578125,60.05
bench_detect_20260905_1916,ncnn,320,4,82,16.337788001692388,61.20779629998949,2,0.85107421875,58.95
bench_detect_20260905_1916,ncnn,320,4,83,16.25638000041363,61.51431007238733,1,0.83203125,58.95
bench_detect_20260905_1916,ncnn,320,4,84,16.331435999745736,61.231602659776456,1,0.86474609375,58.95
bench_detect_20260905_1916,ncnn,320,4,85,16.37769599983585,61.05864952005598,1,0.8447265625,58.95
bench_detect_20260905_1916,ncnn,320,4,86,16.425435998826288,60.881184528158464,1,0.8603515625,58.95
bench_detect_20260905_1916,ncnn,320,4,87,16.293362001306377,61.37468742913964,1,0.88134765625,58.95
bench_detect_20260905_1916,ncnn,320,4,88,16.343955001502763,61.184701004625495,1,0.853515625,57.85
bench_detect_20260905_1916,ncnn,320,4,89,16.29345400215243,61.37434087750185,1,0.82470703125,57.85
bench_detect_20260905_1916,ncnn,320,4,90,16.331620998244034,61.23090905106844,1,0.83447265625,59.5
bench_detect_20260905_1916,ncnn,320,4,91,16.458381000120426,60.75931769915176,5,0.86181640625,60.05
bench_detect_20260905_1916,ncnn,320,4,92,16.3135839975439,61.29860857985317,1,0.84619140625,58.4
bench_detect_20260905_1916,ncnn,320,4,93,16.224194998358143,61.63634005269279,1,0.890625,58.4
bench_detect_20260905_1916,ncnn,320,4,94,16.31263899980695,61.302159632897805,1,0.82958984375,58.95
bench_detect_20260905_1916,ncnn,320,4,95,16.247861000010744,61.54656295984676,1,0.8447265625,58.95
bench_detect_20260905_1916,ncnn,320,4,96,16.349231998901814,61.16495258414405,1,0.83251953125,58.95
bench_detect_20260905_1916,ncnn,320,4,97,16.272361997835105,61.45389342573876,1,0.87890625,58.95
bench_detect_20260905_1916,ncnn,320,4,98,16.382491998228943,61.04077451147888,1,0.853515625,58.4
bench_detect_20260905_1916,ncnn,320,4,99,16.276343001663918,61.43886251953346,1,0.86181640625,59.5
bench_detect_20260905_1916,ncnn,640,1,0,116.8949699967925,8.554688024877711,1,0.8212890625,56.75
bench_detect_20260905_1916,ncnn,640,1,1,115.49963099969318,8.658036318771066,1,0.81201171875,57.3
bench_detect_20260905_1916,ncnn,640,1,2,115.06125899904873,8.691022579617936,1,0.83984375,56.75
bench_detect_20260905_1916,ncnn,640,1,3,115.35737099984544,8.668713505973882,1,0.83251953125,56.75
bench_detect_20260905_1916,ncnn,640,1,4,115.27274200125248,8.67507775592893,1,0.7431640625,56.75
bench_detect_20260905_1916,ncnn,640,1,5,115.48839099850738,8.65887896916777,1,0.833984375,56.75
bench_detect_20260905_1916,ncnn,640,1,6,115.13318600191269,8.685593048587982,1,0.8095703125,56.75
bench_detect_20260905_1916,ncnn,640,1,7,116.40722700030892,8.59053192631542,2,0.82373046875,56.75
bench_detect_20260905_1916,ncnn,640,1,8,115.39418599932105,8.665947866783199,1,0.84765625,56.75
bench_detect_20260905_1916,ncnn,640,1,9,117.00682199807488,8.546510219860966,1,0.8310546875,56.2
bench_detect_20260905_1916,ncnn,640,1,10,115.12031500024023,8.686564139421554,1,0.81982421875,56.2
bench_detect_20260905_1916,ncnn,640,1,11,115.3321120000328,8.67061204948467,1,0.86279296875,56.2
bench_detect_20260905_1916,ncnn,640,1,12,115.29255599816679,8.673586870742119,1,0.84130859375,55.1
bench_detect_20260905_1916,ncnn,640,1,13,115.2644079993479,8.675704993042237,2,0.82470703125,56.2
bench_detect_20260905_1916,ncnn,640,1,14,115.14546299804351,8.684666976561564,1,0.86767578125,56.2
bench_detect_20260905_1916,ncnn,640,1,15,115.45011199996225,8.661749934034946,1,0.8603515625,56.75
bench_detect_20260905_1916,ncnn,640,1,16,116.15765199894668,8.608989444871597,2,0.83544921875,56.2
bench_detect_20260905_1916,ncnn,640,1,17,115.49842800013721,8.658126498473314,3,0.83935546875,55.65
bench_detect_20260905_1916,ncnn,640,1,18,115.7475770014571,8.639489706012691,2,0.84716796875,56.2
bench_detect_20260905_1916,ncnn,640,1,19,115.21063000327558,8.679754636977236,1,0.86328125,54.55
bench_detect_20260905_1916,ncnn,640,1,20,115.29751899797702,8.67321351483327,2,0.86328125,55.1
bench_detect_20260905_1916,ncnn,640,1,21,115.34998300339794,8.669268724300917,2,0.84765625,54.55
bench_detect_20260905_1916,ncnn,640,1,22,115.0781479991565,8.689747075242554,1,0.81591796875,56.2
bench_detect_20260905_1916,ncnn,640,1,23,115.44398299884051,8.662209792346161,1,0.86474609375,55.65
bench_detect_20260905_1916,ncnn,640,1,24,115.41824199957773,8.664141670115358,1,0.84228515625,56.2
bench_detect_20260905_1916,ncnn,640,1,25,117.1585629999754,8.535440981810352,1,0.845703125,56.2
bench_detect_20260905_1916,ncnn,640,1,26,115.06470399763202,8.690762373321531,3,0.8583984375,55.65
bench_detect_20260905_1916,ncnn,640,1,27,117.40245299733942,8.517709591831629,1,0.849609375,55.65
bench_detect_20260905_1916,ncnn,640,1,28,115.21420399731142,8.679485387264712,1,0.8359375,55.65
bench_detect_20260905_1916,ncnn,640,1,29,115.2372779979487,8.677747490857955,1,0.84619140625,56.2
bench_detect_20260905_1916,ncnn,640,1,30,115.1066290003655,8.687596958441244,1,0.837890625,55.65
bench_detect_20260905_1916,ncnn,640,1,31,115.3537790014525,8.668983440823455,1,0.84130859375,54.55
bench_detect_20260905_1916,ncnn,640,1,32,115.34135300098569,8.669917371191701,1,0.83203125,56.2
bench_detect_20260905_1916,ncnn,640,1,33,116.60083899914753,8.576267620229654,1,0.83642578125,55.1
bench_detect_20260905_1916,ncnn,640,1,34,115.10029700002633,8.688074888284357,1,0.79296875,56.2
bench_detect_20260905_1916,ncnn,640,1,35,116.21554200246464,8.604701081881048,1,0.84423828125,55.65
bench_detect_20260905_1916,ncnn,640,1,36,115.36955699921236,8.667797866354181,1,0.82373046875,56.2
bench_detect_20260905_1916,ncnn,640,1,37,115.34229799872264,8.669846338687258,1,0.84912109375,55.1
bench_detect_20260905_1916,ncnn,640,1,38,115.17314799857559,8.682579380502542,1,0.84765625,55.1
bench_detect_20260905_1916,ncnn,640,1,39,115.47340900142444,8.660002407893442,2,0.822265625,56.75
bench_detect_20260905_1916,ncnn,640,1,40,115.37694500293583,8.667242835859057,1,0.8125,55.1
bench_detect_20260905_1916,ncnn,640,1,41,115.45435399966664,8.661431685832198,1,0.84814453125,56.2
bench_detect_20260905_1916,ncnn,640,1,42,116.78704400037532,8.562593638355864,2,0.853515625,55.1
bench_detect_20260905_1916,ncnn,640,1,43,115.30605599909904,8.672571369606239,1,0.83056640625,55.65
bench_detect_20260905_1916,ncnn,640,1,44,116.05620800037286,8.616514508183718,1,0.861328125,55.65
bench_detect_20260905_1916,ncnn,640,1,45,115.55555800077855,8.653845970725722,2,0.8388671875,55.65
bench_detect_20260905_1916,ncnn,640,1,46,115.11657400114927,8.686846430905913,1,0.8212890625,54.0
bench_detect_20260905_1916,ncnn,640,1,47,115.3689269995084,8.667845198943915,1,0.83740234375,55.65
bench_detect_20260905_1916,ncnn,640,1,48,115.2755189978052,8.674868772605913,3,0.818359375,55.1
bench_detect_20260905_1916,ncnn,640,1,49,115.39700100183836,8.665736469044539,1,0.81982421875,55.1
bench_detect_20260905_1916,ncnn,640,1,50,116.83519199868897,8.55906497770998,1,0.84619140625,54.55
bench_detect_20260905_1916,ncnn,640,1,51,115.59153900088859,8.651152226568353,1,0.87353515625,55.65
bench_detect_20260905_1916,ncnn,640,1,52,115.19935199976317,8.680604383973062,1,0.84765625,55.65
bench_detect_20260905_1916,ncnn,640,1,53,116.89052599831484,8.55501326099274,1,0.81640625,55.65
bench_detect_20260905_1916,ncnn,640,1,54,115.0734820002981,8.690099427054875,1,0.81787109375,55.65
bench_detect_20260905_1916,ncnn,640,1,55,115.25416799850063,8.676475804441269,1,0.83447265625,55.1
bench_detect_20260905_1916,ncnn,640,1,56,115.26939000032144,8.675330024711776,1,0.82666015625,54.0
bench_detect_20260905_1916,ncnn,640,1,57,115.36270500073442,8.668312692508673,1,0.82568359375,56.2
bench_detect_20260905_1916,ncnn,640,1,58,115.36557499857736,8.668097047254621,2,0.8603515625,54.0
bench_detect_20260905_1916,ncnn,640,1,59,116.67252500046743,8.570998184842521,1,0.8193359375,54.0
bench_detect_20260905_1916,ncnn,640,1,60,115.44198299816344,8.66235986275382,2,0.8330078125,54.55
bench_detect_20260905_1916,ncnn,640,1,61,116.99565600065398,8.547325893829855,1,0.86865234375,54.55
bench_detect_20260905_1916,ncnn,640,1,62,115.18444499961333,8.681727814926372,1,0.84716796875,55.1
bench_detect_20260905_1916,ncnn,640,1,63,115.43713099672459,8.662723955157668,3,0.837890625,55.65
bench_detect_20260905_1916,ncnn,640,1,64,115.21703800099203,8.679271897194491,1,0.8203125,55.65
bench_detect_20260905_1916,ncnn,640,1,65,115.36350100141135,8.668252881713135,1,0.8310546875,54.55
bench_detect_20260905_1916,ncnn,640,1,66,115.15501900066738,8.683946289776605,2,0.8203125,55.1
bench_detect_20260905_1916,ncnn,640,1,67,115.4884649986343,8.65887342092412,1,0.82568359375,55.1
bench_detect_20260905_1916,ncnn,640,1,68,115.81591000140179,8.634392286758326,2,0.84814453125,55.1
bench_detect_20260905_1916,ncnn,640,1,69,115.41424200186157,8.664441949754092,1,0.85888671875,54.55
bench_detect_20260905_1916,ncnn,640,1,70,116.66813600095338,8.57132062169767,1,0.85693359375,54.55
bench_detect_20260905_1916,ncnn,640,1,71,115.38242700044066,8.666831041751106,1,0.85595703125,55.1
bench_detect_20260905_1916,ncnn,640,1,72,115.15516699728323,8.683935129229523,1,0.8271484375,55.1
bench_detect_20260905_1916,ncnn,640,1,73,115.25866699957987,8.676137127315945,1,0.82470703125,55.65
bench_detect_20260905_1916,ncnn,640,1,74,115.08185200000298,8.68946738882838,1,0.837890625,54.55
bench_detect_20260905_1916,ncnn,640,1,75,115.32746400189353,8.670961497805772,1,0.818359375,55.65
bench_detect_20260905_1916,ncnn,640,1,76,117.05543399875751,8.54296093601784,2,0.8447265625,55.65
bench_detect_20260905_1916,ncnn,640,1,77,115.53092800022569,8.655690881302768,1,0.84716796875,55.1
bench_detect_20260905_1916,ncnn,640,1,78,114.96159200032707,8.69855734076086,1,0.8525390625,55.65
bench_detect_20260905_1916,ncnn,640,1,79,116.10067099900334,8.613214647214093,4,0.8388671875,54.55
bench_detect_20260905_1916,ncnn,640,1,80,115.22866700033774,8.678395975864834,1,0.83251953125,55.65
bench_detect_20260905_1916,ncnn,640,1,81,115.27790800028015,8.674688995896506,1,0.82763671875,55.65
bench_detect_20260905_1916,ncnn,640,1,82,115.10718499994255,8.687554994942316,2,0.83056640625,55.1
bench_detect_20260905_1916,ncnn,640,1,83,115.28587100110599,8.674089819648469,1,0.82177734375,54.0
bench_detect_20260905_1916,ncnn,640,1,84,115.2925390015298,8.67358814941816,1,0.82666015625,55.65
bench_detect_20260905_1916,ncnn,640,1,85,116.19228199924692,8.606423617762163,1,0.810546875,54.55
bench_detect_20260905_1916,ncnn,640,1,86,115.21677799828467,8.679291483180409,1,0.83544921875,55.1
bench_detect_20260905_1916,ncnn,640,1,87,115.25483500008704,8.676425592030432,1,0.85595703125,55.1
bench_detect_20260905_1916,ncnn,640,1,88,117.58577000000514,8.504430425551972,1,0.84619140625,55.65
bench_detect_20260905_1916,ncnn,640,1,89,115.4518899966206,8.661616540268602,1,0.79296875,54.0
bench_detect_20260905_1916,ncnn,640,1,90,115.11994499960565,8.686592058425893,1,0.81640625,55.1
bench_detect_20260905_1916,ncnn,640,1,91,115.74735400063219,8.639506351000803,6,0.8505859375,54.55
bench_detect_20260905_1916,ncnn,640,1,92,115.27946400019573,8.67457190812669,1,0.8408203125,55.65
bench_detect_20260905_1916,ncnn,640,1,93,115.53677999836509,8.65525246604718,1,0.8505859375,55.1
bench_detect_20260905_1916,ncnn,640,1,94,119.48059199858108,8.36956013753159,1,0.82177734375,54.0
bench_detect_20260905_1916,ncnn,640,1,95,115.32402000011643,8.671220444786702,1,0.82958984375,55.1
bench_detect_20260905_1916,ncnn,640,1,96,116.36511599863297,8.593640726588093,1,0.80712890625,55.65
bench_detect_20260905_1916,ncnn,640,1,97,115.4414459997497,8.662400157411128,1,0.849609375,55.1
bench_detect_20260905_1916,ncnn,640,1,98,115.06892600300489,8.690443499697617,1,0.837890625,54.55
bench_detect_20260905_1916,ncnn,640,1,99,115.31283400108805,8.672061602358713,1,0.8505859375,54.55
bench_detect_20260905_1916,ncnn,640,2,0,79.86815399999614,12.520634945438308,1,0.8212890625,56.2
bench_detect_20260905_1916,ncnn,640,2,1,80.25582299887901,12.460155072037175,1,0.81201171875,56.2
bench_detect_20260905_1916,ncnn,640,2,2,79.99626700257068,12.500583308066926,1,0.83984375,56.2
bench_detect_20260905_1916,ncnn,640,2,3,80.21358299811254,12.466716516372674,1,0.83251953125,55.1
bench_detect_20260905_1916,ncnn,640,2,4,79.9589139969612,12.50642298666043,1,0.7431640625,56.2
bench_detect_20260905_1916,ncnn,640,2,5,80.024618000607,12.496154620724521,1,0.833984375,55.1
bench_detect_20260905_1916,ncnn,640,2,6,82.56098099809606,12.112259179951618,1,0.8095703125,55.65
bench_detect_20260905_1916,ncnn,640,2,7,80.28175000072224,12.45613106329899,2,0.82373046875,55.65
bench_detect_20260905_1916,ncnn,640,2,8,80.1150070001313,12.48205595236809,1,0.84765625,55.65
bench_detect_20260905_1916,ncnn,640,2,9,80.05821099868626,12.490911144846963,1,0.8310546875,56.2
bench_detect_20260905_1916,ncnn,640,2,10,83.29135399981169,12.006048070754868,1,0.81982421875,56.2
bench_detect_20260905_1916,ncnn,640,2,11,79.99035900138551,12.501506587596126,1,0.86279296875,56.2
bench_detect_20260905_1916,ncnn,640,2,12,80.0198030010506,12.496906546831548,1,0.84130859375,56.2
bench_detect_20260905_1916,ncnn,640,2,13,80.28893400114612,12.455016528002789,2,0.82470703125,56.2
bench_detect_20260905_1916,ncnn,640,2,14,79.91172900074162,12.513807578743785,1,0.86767578125,56.2
bench_detect_20260905_1916,ncnn,640,2,15,80.1107299994328,12.482722352013022,1,0.8603515625,54.55
bench_detect_20260905_1916,ncnn,640,2,16,80.09158200002275,12.485706675137418,2,0.83544921875,56.75
bench_detect_20260905_1916,ncnn,640,2,17,80.21332299904316,12.4667569253044,3,0.83935546875,56.2
bench_detect_20260905_1916,ncnn,640,2,18,81.47421600006055,12.273821695924719,2,0.84716796875,55.1
bench_detect_20260905_1916,ncnn,640,2,19,80.35830500011798,12.444264472707978,1,0.86328125,56.2
bench_detect_20260905_1916,ncnn,640,2,20,80.00052599891205,12.499917813210368,2,0.86328125,55.1
bench_detect_20260905_1916,ncnn,640,2,21,80.26660000177799,12.458482108097876,2,0.84765625,56.2
bench_detect_20260905_1916,ncnn,640,2,22,82.77142600127263,12.081463958161416,1,0.81591796875,56.2
bench_detect_20260905_1916,ncnn,640,2,23,80.44434200201067,12.430955056789518,1,0.86474609375,56.75
bench_detect_20260905_1916,ncnn,640,2,24,79.97135900222929,12.5044767586371,1,0.84228515625,56.2
bench_detect_20260905_1916,ncnn,640,2,25,80.03822899991064,12.494029571807697,1,0.845703125,56.75
bench_detect_20260905_1916,ncnn,640,2,26,80.05328500075848,12.491679760431134,3,0.8583984375,56.2
bench_detect_20260905_1916,ncnn,640,2,27,80.3680089993577,12.442761895569566,1,0.849609375,56.2
bench_detect_20260905_1916,ncnn,640,2,28,80.03563699821825,12.494434198384177,1,0.8359375,56.75
bench_detect_20260905_1916,ncnn,640,2,29,80.10474799812073,12.483654527238013,1,0.84619140625,56.75
bench_detect_20260905_1916,ncnn,640,2,30,81.4202910005406,12.281950699406863,1,0.837890625,55.1
bench_detect_20260905_1916,ncnn,640,2,31,80.82836299945484,12.371894751929402,1,0.84130859375,55.65
bench_detect_20260905_1916,ncnn,640,2,32,80.05784099805169,12.490968873671429,1,0.83203125,56.75
bench_detect_20260905_1916,ncnn,640,2,33,79.98052499897312,12.503043709863608,1,0.83642578125,56.75
bench_detect_20260905_1916,ncnn,640,2,34,79.89608099887846,12.516258463466281,1,0.79296875,56.75
bench_detect_20260905_1916,ncnn,640,2,35,83.03053800045745,12.043761537405556,1,0.84423828125,56.2
bench_detect_20260905_1916,ncnn,640,2,36,79.95322900023893,12.507312243724535,1,0.82373046875,55.65
bench_detect_20260905_1916,ncnn,640,2,37,79.94915500239586,12.507949583332467,1,0.84912109375,55.65
bench_detect_20260905_1916,ncnn,640,2,38,79.98282200060203,12.502684638864993,1,0.84765625,55.1
bench_detect_20260905_1916,ncnn,640,2,39,79.99987800212693,12.500019062196737,2,0.822265625,56.75
bench_detect_20260905_1916,ncnn,640,2,40,79.8861740004213,12.51781065387768,1,0.8125,55.65
bench_detect_20260905_1916,ncnn,640,2,41,80.48217599935015,12.425111368858547,1,0.84814453125,56.2
bench_detect_20260905_1916,ncnn,640,2,42,79.97913600047468,12.503260850355584,2,0.853515625,55.1
bench_detect_20260905_1916,ncnn,640,2,43,81.53242100161151,12.265059564222124,1,0.83056640625,56.75
bench_detect_20260905_1916,ncnn,640,2,44,80.03000700045959,12.495313164151757,1,0.861328125,56.75
bench_detect_20260905_1916,ncnn,640,2,45,80.09197100182064,12.485646032824791,2,0.8388671875,56.75
bench_detect_20260905_1916,ncnn,640,2,46,80.00058099787566,12.499909219741218,1,0.8212890625,55.65
bench_detect_20260905_1916,ncnn,640,2,47,83.89120799984084,11.920200267016028,1,0.83740234375,55.1
bench_detect_20260905_1916,ncnn,640,2,48,80.50095399812562,12.422213033938503,3,0.818359375,56.75
bench_detect_20260905_1916,ncnn,640,2,49,80.02280299842823,12.496438046785759,1,0.81982421875,56.2
bench_detect_20260905_1916,ncnn,640,2,50,80.02863699948648,12.495527069971423,1,0.84619140625,56.75
bench_detect_20260905_1916,ncnn,640,2,51,80.01369300109218,12.497860834724253,1,0.87353515625,56.2
bench_detect_20260905_1916,ncnn,640,2,52,79.95665499765892,12.50677632811527,1,0.84765625,56.75
bench_detect_20260905_1916,ncnn,640,2,53,80.1468039971951,12.47710389094239,1,0.81640625,56.2
bench_detect_20260905_1916,ncnn,640,2,54,80.26328600317356,12.458996507574591,1,0.81787109375,56.75
bench_detect_20260905_1916,ncnn,640,2,55,81.34321599936811,12.293588195575746,1,0.83447265625,56.2
bench_detect_20260905_1916,ncnn,640,2,56,80.89104800092173,12.362307383984014,1,0.82666015625,56.2
bench_detect_20260905_1916,ncnn,640,2,57,80.2213050010323,12.465516485765617,1,0.82568359375,56.75
bench_detect_20260905_1916,ncnn,640,2,58,80.06367400230374,12.490058849550499,2,0.8603515625,56.2
bench_detect_20260905_1916,ncnn,640,2,59,80.04713700211141,12.492639180507142,1,0.8193359375,56.75
bench_detect_20260905_1916,ncnn,640,2,60,81.69397699748515,12.240804484653548,2,0.8330078125,56.75
bench_detect_20260905_1916,ncnn,640,2,61,80.12593400053447,12.48035373906942,1,0.86865234375,56.75
bench_detect_20260905_1916,ncnn,640,2,62,80.09537799807731,12.485114934147699,1,0.84716796875,56.2
bench_detect_20260905_1916,ncnn,640,2,63,80.17743399977917,12.472337291347516,3,0.837890625,55.65
bench_detect_20260905_1916,ncnn,640,2,64,79.90019199860399,12.515614480844702,1,0.8203125,56.2
bench_detect_20260905_1916,ncnn,640,2,65,80.140971000219,12.47801202704753,1,0.8310546875,56.75
bench_detect_20260905_1916,ncnn,640,2,66,79.9346929998137,12.510212555671298,2,0.8203125,56.75
bench_detect_20260905_1916,ncnn,640,2,67,80.1256189988635,12.480402803679857,1,0.82568359375,56.75
bench_detect_20260905_1916,ncnn,640,2,68,82.23494200137793,12.160280966492856,2,0.84814453125,56.75
bench_detect_20260905_1916,ncnn,640,2,69,80.08198899915442,12.48720233472921,1,0.85888671875,56.75
bench_detect_20260905_1916,ncnn,640,2,70,79.9638779972156,12.505646612521977,1,0.85693359375,56.75
bench_detect_20260905_1916,ncnn,640,2,71,80.17861900225398,12.472152956037919,1,0.85595703125,57.3
bench_detect_20260905_1916,ncnn,640,2,72,80.99652999953832,12.346207917866357,1,0.8271484375,56.2
bench_detect_20260905_1916,ncnn,640,2,73,82.91216699944925,12.060956023579054,1,0.82470703125,56.75
bench_detect_20260905_1916,ncnn,640,2,74,79.84867399864015,12.52368949817539,1,0.837890625,57.3
bench_detect_20260905_1916,ncnn,640,2,75,80.0669710006332,12.48954453381397,1,0.818359375,56.75
bench_detect_20260905_1916,ncnn,640,2,76,80.17828599986387,12.472204756306438,2,0.8447265625,56.75
bench_detect_20260905_1916,ncnn,640,2,77,80.24674900298123,12.461564018784726,1,0.84716796875,56.75
bench_detect_20260905_1916,ncnn,640,2,78,79.97585900011472,12.50377316983323,1,0.8525390625,56.75
bench_detect_20260905_1916,ncnn,640,2,79,80.3291199990781,12.448785695790972,4,0.8388671875,55.65
bench_detect_20260905_1916,ncnn,640,2,80,81.92490399960661,12.206300540856317,1,0.83251953125,56.2
bench_detect_20260905_1916,ncnn,640,2,81,80.29291600178112,12.45439884108602,1,0.82763671875,56.75
bench_detect_20260905_1916,ncnn,640,2,82,80.10984099746565,12.482860876376423,2,0.83056640625,55.1
bench_detect_20260905_1916,ncnn,640,2,83,80.03004399870406,12.495307387513034,1,0.82177734375,56.75
bench_detect_20260905_1916,ncnn,640,2,84,79.9956180017034,12.500684724739626,1,0.82666015625,56.2
bench_detect_20260905_1916,ncnn,640,2,85,82.90626000234624,12.061815355941759,1,0.810546875,56.75
bench_detect_20260905_1916,ncnn,640,2,86,80.06161899902509,12.490379441517128,1,0.83544921875,56.2
bench_detect_20260905_1916,ncnn,640,2,87,80.28926800034242,12.45496471577914,1,0.85595703125,56.75
bench_detect_20260905_1916,ncnn,640,2,88,79.96719199945801,12.505128353222377,1,0.84619140625,56.75
bench_detect_20260905_1916,ncnn,640,2,89,80.17380400269758,12.472901996347252,1,0.79296875,56.2
bench_detect_20260905_1916,ncnn,640,2,90,80.00280400301563,12.499561889884584,1,0.81640625,56.75
bench_detect_20260905_1916,ncnn,640,2,91,80.48202799909632,12.425134217681846,6,0.8505859375,55.65
bench_detect_20260905_1916,ncnn,640,2,92,80.38776800094638,12.439703512955196,1,0.8408203125,56.2
bench_detect_20260905_1916,ncnn,640,2,93,82.35609099938301,12.142392722445893,1,0.8505859375,57.3
bench_detect_20260905_1916,ncnn,640,2,94,80.10697099962272,12.483308100673408,1,0.82177734375,56.75
bench_detect_20260905_1916,ncnn,640,2,95,80.19269400028861,12.469963909634973,1,0.82958984375,56.75
bench_detect_20260905_1916,ncnn,640,2,96,79.86698800232261,12.520817737247322,1,0.80712890625,55.65
bench_detect_20260905_1916,ncnn,640,2,97,80.05295200200635,12.491731722459619,1,0.849609375,55.65
bench_detect_20260905_1916,ncnn,640,2,98,83.87313399725826,11.922768976686731,1,0.837890625,57.3
bench_detect_20260905_1916,ncnn,640,2,99,79.9207669988391,12.512392430049196,1,0.8505859375,56.2
bench_detect_20260905_1916,ncnn,640,4,0,72.25956900219899,13.838997572343231,1,0.8212890625,56.2
bench_detect_20260905_1916,ncnn,640,4,1,79.71374699991429,12.544887646557063,1,0.81201171875,57.85
bench_detect_20260905_1916,ncnn,640,4,2,72.76003299921285,13.743809049822977,1,0.83984375,57.3
bench_detect_20260905_1916,ncnn,640,4,3,72.54203300180961,13.785111315739583,1,0.83251953125,57.3
bench_detect_20260905_1916,ncnn,640,4,4,72.5701070005016,13.77977849740649,1,0.7431640625,57.3
bench_detect_20260905_1916,ncnn,640,4,5,72.55594000162091,13.782469084924816,1,0.833984375,57.85
bench_detect_20260905_1916,ncnn,640,4,6,72.35403199956636,13.820929841283666,1,0.8095703125,57.3
bench_detect_20260905_1916,ncnn,640,4,7,72.55442200039397,13.782757445088185,2,0.82373046875,57.85
bench_detect_20260905_1916,ncnn,640,4,8,72.71053300064523,13.753165583191723,1,0.84765625,58.4
bench_detect_20260905_1916,ncnn,640,4,9,75.59019399923272,13.229229177664903,1,0.8310546875,58.4
bench_detect_20260905_1916,ncnn,640,4,10,72.498440000345,13.79340024413272,1,0.81982421875,56.75
bench_detect_20260905_1916,ncnn,640,4,11,72.47934699989855,13.797033795039567,1,0.86279296875,57.3
bench_detect_20260905_1916,ncnn,640,4,12,72.40801299849409,13.810626180569237,1,0.84130859375,57.85
bench_detect_20260905_1916,ncnn,640,4,13,72.59647699902416,13.774773120373899,2,0.82470703125,57.85
bench_detect_20260905_1916,ncnn,640,4,14,72.34786499975598,13.822107950295047,1,0.86767578125,57.85
bench_detect_20260905_1916,ncnn,640,4,15,79.71559900033753,12.54459619623213,1,0.8603515625,58.4
bench_detect_20260905_1916,ncnn,640,4,16,72.44847699985257,13.802912654768917,2,0.83544921875,57.85
bench_detect_20260905_1916,ncnn,640,4,17,72.60032900012447,13.77404226361406,3,0.83935546875,56.75
bench_detect_20260905_1916,ncnn,640,4,18,72.48784699913813,13.795415940714722,2,0.84716796875,58.4
bench_detect_20260905_1916,ncnn,640,4,19,72.44755099964095,13.803089078952523,1,0.86328125,57.3
bench_detect_20260905_1916,ncnn,640,4,20,72.51258800170035,13.7907090004366,2,0.86328125,58.95
bench_detect_20260905_1916,ncnn,640,4,21,72.55507000081707,13.782634349174202,2,0.84765625,58.4
bench_detect_20260905_1916,ncnn,640,4,22,75.2008029994613,13.297730344809795,1,0.81591796875,56.75
bench_detect_20260905_1916,ncnn,640,4,23,73.62481499876594,13.582377083280432,1,0.86474609375,58.4
bench_detect_20260905_1916,ncnn,640,4,24,72.60171899906709,13.773778552169677,1,0.84228515625,58.4
bench_detect_20260905_1916,ncnn,640,4,25,72.45732900264557,13.801226373711456,1,0.845703125,58.4
bench_detect_20260905_1916,ncnn,640,4,26,72.6856069995847,13.757881942235326,3,0.8583984375,58.4
bench_detect_20260905_1916,ncnn,640,4,27,72.64271799795097,13.766004736059118,1,0.849609375,58.95
bench_detect_20260905_1916,ncnn,640,4,28,72.2179580006923,13.84697141381945,1,0.8359375,57.85
bench_detect_20260905_1916,ncnn,640,4,29,79.05442899937043,12.64951265422414,1,0.84619140625,57.3
bench_detect_20260905_1916,ncnn,640,4,30,72.52208899808466,13.788902302944011,1,0.837890625,58.4
bench_detect_20260905_1916,ncnn,640,4,31,72.57903299978352,13.778083816616608,1,0.84130859375,58.4
bench_detect_20260905_1916,ncnn,640,4,32,72.53756999853067,13.785959469282691,1,0.83203125,56.75
bench_detect_20260905_1916,ncnn,640,4,33,72.54282900248654,13.784960053952723,1,0.83642578125,58.4
bench_detect_20260905_1916,ncnn,640,4,34,72.35006900009466,13.821686887384883,1,0.79296875,57.3
bench_detect_20260905_1916,ncnn,640,4,35,72.54499600094277,13.784548282103486,1,0.84423828125,57.85
bench_detect_20260905_1916,ncnn,640,4,36,75.51145199977327,13.243024382619508,1,0.82373046875,58.4
bench_detect_20260905_1916,ncnn,640,4,37,72.626755998499,13.769030245832093,1,0.84912109375,58.4
bench_detect_20260905_1916,ncnn,640,4,38,72.38345799851231,13.815311227885145,1,0.84765625,57.3
bench_detect_20260905_1916,ncnn,640,4,39,72.38162500289036,13.81566108746616,2,0.822265625,58.95
bench_detect_20260905_1916,ncnn,640,4,40,72.55203300155699,13.783211284769093,1,0.8125,58.95
bench_detect_20260905_1916,ncnn,640,4,41,72.50432900036685,13.792279906416901,1,0.84814453125,58.4
bench_detect_20260905_1916,ncnn,640,4,42,72.5726439995924,13.779296783035994,2,0.853515625,57.85
bench_detect_20260905_1916,ncnn,640,4,43,79.59945000038715,12.562900874253984,1,0.83056640625,58.4
bench_detect_20260905_1916,ncnn,640,4,44,72.74862700069207,13.745963892768545,1,0.861328125,57.85
bench_detect_20260905_1916,ncnn,640,4,45,72.63562599837314,13.767348821670478,2,0.8388671875,58.4
bench_detect_20260905_1916,ncnn,640,4,46,72.28342099915608,13.834430996447653,1,0.8212890625,57.85
bench_detect_20260905_1916,ncnn,640,4,47,72.54005100185168,13.785487964083092,1,0.83740234375,57.85
bench_detect_20260905_1916,ncnn,640,4,48,72.57210700117867,13.779398743152912,3,0.818359375,57.3
bench_detect_20260905_1916,ncnn,640,4,49,72.52256899664644,13.78881103958468,1,0.81982421875,58.95
bench_detect_20260905_1916,ncnn,640,4,50,75.9255650009436,13.170794316612223,1,0.84619140625,57.85
bench_detect_20260905_1916,ncnn,640,4,51,72.66838500072481,13.76114248293843,1,0.87353515625,58.4
bench_detect_20260905_1916,ncnn,640,4,52,72.49692199911806,13.793689061891003,1,0.84765625,58.95
bench_detect_20260905_1916,ncnn,640,4,53,72.35497600049712,13.820749522370507,1,0.81640625,57.85
bench_detect_20260905_1916,ncnn,640,4,54,72.7139039991016,13.752527989864982,1,0.81787109375,58.95
bench_detect_20260905_1916,ncnn,640,4,55,72.45101399894338,13.802429321618382,1,0.83447265625,58.4
bench_detect_20260905_1916,ncnn,640,4,56,72.47460700091324,13.797936151449559,1,0.82666015625,58.4
bench_detect_20260905_1916,ncnn,640,4,57,79.42446800007019,12.590578510379398,1,0.82568359375,58.95
bench_detect_20260905_1916,ncnn,640,4,58,72.61403299708036,13.771442773881017,2,0.8603515625,57.3
bench_detect_20260905_1916,ncnn,640,4,59,72.35104999926989,13.821499480796632,1,0.8193359375,58.95
bench_detect_20260905_1916,ncnn,640,4,60,72.43166199987172,13.806116998968918,2,0.8330078125,58.95
bench_detect_20260905_1916,ncnn,640,4,61,72.31330899958266,13.828713052057559,1,0.86865234375,58.95
bench_detect_20260905_1916,ncnn,640,4,62,72.33610600087559,13.824354880091217,1,0.84716796875,58.95
bench_detect_20260905_1916,ncnn,640,4,63,76.04447300036554,13.150199620624539,3,0.837890625,58.4
bench_detect_20260905_1916,ncnn,640,4,64,72.85473799856845,13.725943260130169,1,0.8203125,58.95
bench_detect_20260905_1916,ncnn,640,4,65,72.61212600133149,13.771804450150144,1,0.8310546875,58.4
bench_detect_20260905_1916,ncnn,640,4,66,72.69273700148915,13.756532512725645,2,0.8203125,57.85
bench_detect_20260905_1916,ncnn,640,4,67,72.47636599640828,13.79760127666386,1,0.82568359375,58.4
bench_detect_20260905_1916,ncnn,640,4,68,72.56518099893583,13.780713921386967,2,0.84814453125,58.4
bench_detect_20260905_1916,ncnn,640,4,69,72.49949600009131,13.793199334775245,1,0.85888671875,58.4
bench_detect_20260905_1916,ncnn,640,4,70,72.53157000013744,13.787099879378113,1,0.85693359375,58.4
bench_detect_20260905_1916,ncnn,640,4,71,79.19650400071987,12.626819991838406,1,0.85595703125,58.4
bench_detect_20260905_1916,ncnn,640,4,72,72.6526449980156,13.764123797933488,1,0.8271484375,58.4
bench_detect_20260905_1916,ncnn,640,4,73,72.41307000003872,13.809661708852634,1,0.82470703125,58.95
bench_detect_20260905_1916,ncnn,640,4,74,72.50231000216445,13.792663985052979,1,0.837890625,57.3
bench_detect_20260905_1916,ncnn,640,4,75,72.56840300033218,13.780102064467679,1,0.818359375,58.95
bench_detect_20260905_1916,ncnn,640,4,76,72.45045899981051,13.802535053678756,2,0.8447265625,58.95
bench_detect_20260905_1916,ncnn,640,4,77,75.92624999961117,13.170675491086694,1,0.84716796875,57.85
bench_detect_20260905_1916,ncnn,640,4,78,72.4204030011606,13.808263397594931,1,0.8525390625,57.3
bench_detect_20260905_1916,ncnn,640,4,79,72.84738599992124,13.727328527630094,4,0.8388671875,58.95
bench_detect_20260905_1916,ncnn,640,4,80,72.24703100291663,13.841399239778168,1,0.83251953125,58.95
bench_detect_20260905_1916,ncnn,640,4,81,72.56027400217135,13.781645862722007,1,0.82763671875,58.95
bench_detect_20260905_1916,ncnn,640,4,82,72.52855199840269,13.787673577462613,2,0.83056640625,58.95
bench_detect_20260905_1916,ncnn,640,4,83,72.38584799779346,13.81485508093354,1,0.82177734375,58.4
bench_detect_20260905_1916,ncnn,640,4,84,72.21303199912654,13.847915982977915,1,0.82666015625,57.3
bench_detect_20260905_1916,ncnn,640,4,85,78.60026100024697,12.722604063577574,1,0.810546875,58.95
bench_detect_20260905_1916,ncnn,640,4,86,72.65001500127255,13.764622071757092,1,0.83544921875,58.4
bench_detect_20260905_1916,ncnn,640,4,87,72.39621700136922,13.8128764377438,1,0.85595703125,59.5
bench_detect_20260905_1916,ncnn,640,4,88,72.42514400059008,13.80735949923486,1,0.84619140625,58.4
bench_detect_20260905_1916,ncnn,640,4,89,72.59490299838944,13.775071784615314,1,0.79296875,59.5
bench_detect_20260905_1916,ncnn,640,4,90,72.7281449981092,13.749835088272885,1,0.81640625,57.85
bench_detect_20260905_1916,ncnn,640,4,91,75.71367500349879,13.207653702634156,6,0.8505859375,58.95
bench_detect_20260905_1916,ncnn,640,4,92,72.543180998764,13.784893166141117,1,0.8408203125,57.85
bench_detect_20260905_1916,ncnn,640,4,93,72.48653300121077,13.79566601679372,1,0.8505859375,58.4
bench_detect_20260905_1916,ncnn,640,4,94,72.3525499997777,13.821212935868502,1,0.82177734375,58.95
bench_detect_20260905_1916,ncnn,640,4,95,72.57723699876806,13.778424769972633,1,0.82958984375,57.85
bench_detect_20260905_1916,ncnn,640,4,96,72.48679199983599,13.795616724247676,1,0.80712890625,59.5
bench_detect_20260905_1916,ncnn,640,4,97,72.52592100121547,13.788173748020945,1,0.849609375,58.95
bench_detect_20260905_1916,ncnn,640,4,98,72.2995690011885,13.83134109670227,1,0.837890625,58.4
bench_detect_20260905_1916,ncnn,640,4,99,79.58035800038488,12.56591482027718,1,0.8505859375,58.95
