run_id,backend,imgsz,threads,sample_idx,latency_ms,fps_instant,n_faces,conf_top,cpu_temp_c
bench_detect_20260902_1438,onnx,320,1,0,54.92099998809863,18.20797145384643,3,0.8670165538787842,
bench_detect_20260902_1438,onnx,320,1,1,32.08390000509098,31.16828065918803,1,0.8328515291213989,
bench_detect_20260902_1438,onnx,320,1,2,37.69319999264553,26.529984193305793,2,0.8697807192802429,
bench_detect_20260902_1438,onnx,320,1,3,36.65710000495892,27.279844828552214,1,0.8827570080757141,
bench_detect_20260902_1438,onnx,320,1,4,43.02779999852646,23.240788514268594,1,0.8138214349746704,
bench_detect_20260902_1438,onnx,320,1,5,39.64660000929143,25.22284381928447,1,0.8523721694946289,
bench_detect_20260902_1438,onnx,320,1,6,40.456800008541904,24.717723591308843,1,0.855189323425293,
bench_detect_20260902_1438,onnx,320,1,7,37.46020000835415,26.69499895294168,2,0.8453751802444458,
bench_detect_20260902_1438,onnx,320,1,8,46.13919999974314,21.673544404878434,1,0.8628569841384888,
bench_detect_20260902_1438,onnx,320,1,9,37.93220000807196,26.3628263002726,1,0.8440912365913391,
bench_detect_20260902_1438,onnx,320,1,10,37.97889999987092,26.3304097802569,1,0.831957995891571,
bench_detect_20260902_1438,onnx,320,1,11,36.72540000115987,27.229111186492666,2,0.8591516613960266,
bench_detect_20260902_1438,onnx,320,1,12,33.671799988951534,29.698442029476364,1,0.8425641059875488,
bench_detect_20260902_1438,onnx,320,1,13,45.33829999854788,22.056407056109922,2,0.8373713493347168,
bench_detect_20260902_1438,onnx,320,1,14,43.84909999498632,22.80548517790193,1,0.8705068826675415,
bench_detect_20260902_1438,onnx,320,1,15,32.884400003240444,30.40955589584908,1,0.8714592456817627,
bench_detect_20260902_1438,onnx,320,1,16,40.121899990481324,24.92404398189627,2,0.8616288900375366,
bench_detect_20260902_1438,onnx,320,1,17,36.21220000786707,27.615002672655926,3,0.8603709936141968,
bench_detect_20260902_1438,onnx,320,1,18,39.01860000041779,25.628802673322276,2,0.8776817321777344,
bench_detect_20260902_1438,onnx,320,1,19,38.83900000073481,25.74731584183631,1,0.8844539523124695,
bench_detect_20260902_1438,onnx,320,1,20,45.471099991118535,21.991990521349187,2,0.8719533681869507,
bench_detect_20260902_1438,onnx,320,1,21,44.645999994827434,22.39842315360519,1,0.857478141784668,
bench_detect_20260902_1438,onnx,320,1,22,49.33639999944717,20.269010304991962,1,0.8467496633529663,
bench_detect_20260902_1438,onnx,320,1,23,48.55839999800082,20.593759268039527,1,0.8392353057861328,
bench_detect_20260902_1438,onnx,320,1,24,48.4437999984948,20.642476437254533,1,0.866562008857727,
bench_detect_20260902_1438,onnx,320,1,25,43.55430000578053,22.959845523112065,3,0.8383882641792297,
bench_detect_20260902_1438,onnx,320,1,26,47.004499996546656,21.274558820399502,3,0.8507544994354248,
bench_detect_20260902_1438,onnx,320,1,27,45.40129999804776,22.025801024265817,1,0.8478227853775024,
bench_detect_20260902_1438,onnx,320,1,28,36.7882999998983,27.182555323370867,1,0.8780727386474609,
bench_detect_20260902_1438,onnx,320,1,29,39.57149999041576,25.27071251385974,1,0.8478468656539917,
bench_detect_20260902_1438,onnx,320,1,30,37.90870000375435,26.3791688952922,1,0.8513926267623901,
bench_detect_20260902_1438,onnx,320,1,31,48.023199997260235,20.823268754623825,1,0.8696877360343933,
bench_detect_20260902_1438,onnx,320,1,32,41.606600003433414,24.034648347076644,2,0.8461759090423584,
bench_detect_20260902_1438,onnx,320,1,33,45.16559999319725,22.14074428659462,1,0.838685154914856,
bench_detect_20260902_1438,onnx,320,1,34,33.70970000105444,29.66505189808037,2,0.8442750573158264,
bench_detect_20260902_1438,onnx,320,1,35,41.39500000746921,24.15750694092433,1,0.850351095199585,
bench_detect_20260902_1438,onnx,320,1,36,49.12539999349974,20.356068350228593,1,0.8418047428131104,
bench_detect_20260902_1438,onnx,320,1,37,43.619899995974265,22.92531619953946,1,0.8386183977127075,
bench_detect_20260902_1438,onnx,320,1,38,45.60640000272542,21.926747121900444,1,0.8658446669578552,
bench_detect_20260902_1438,onnx,320,1,39,45.35960000066552,22.04604978847538,2,0.856457531452179,
bench_detect_20260902_1438,onnx,320,1,40,37.290299995220266,26.816625238417934,1,0.8289919495582581,
bench_detect_20260902_1438,onnx,320,1,41,46.19470000034198,21.64750501664903,1,0.858521044254303,
bench_detect_20260902_1438,onnx,320,1,42,37.18460000527557,26.892853489297313,2,0.8730190396308899,
bench_detect_20260902_1438,onnx,320,1,43,47.609799992642365,21.00407899538625,1,0.8458724617958069,
bench_detect_20260902_1438,onnx,320,1,44,59.79510000906885,16.723778367263115,1,0.8432605266571045,
bench_detect_20260902_1438,onnx,320,1,45,61.37229999876581,16.29399582580594,1,0.8354377746582031,
bench_detect_20260902_1438,onnx,320,1,46,68.15340000321157,14.672782281630518,1,0.8780818581581116,
bench_detect_20260902_1438,onnx,320,1,47,58.47390000417363,17.101647058407668,1,0.8653022050857544,
bench_detect_20260902_1438,onnx,320,1,48,67.72849999833852,14.764833120835858,1,0.8466675281524658,
bench_detect_20260902_1438,onnx,320,1,49,56.55979999573901,17.680401982951423,1,0.8357389569282532,
bench_detect_20260902_1438,onnx,320,1,50,49.00179999822285,20.40741360595462,2,0.8686115145683289,
bench_detect_20260902_1438,onnx,320,1,51,53.67090000072494,18.632070637654536,1,0.8685365915298462,
bench_detect_20260902_1438,onnx,320,1,52,50.186299995402806,19.925756632618913,1,0.845445990562439,
bench_detect_20260902_1438,onnx,320,1,53,53.61980000452604,18.649827114528403,1,0.8381633758544922,
bench_detect_20260902_1438,onnx,320,1,54,51.092400011839345,19.572382580741476,1,0.8505581617355347,
bench_detect_20260902_1438,onnx,320,1,55,41.55500000342727,24.06449283882865,1,0.8439571261405945,
bench_detect_20260902_1438,onnx,320,1,56,43.69279999809805,22.887066062223752,1,0.837119460105896,
bench_detect_20260902_1438,onnx,320,1,57,49.80349999095779,20.078910120404345,1,0.8488036394119263,
bench_detect_20260902_1438,onnx,320,1,58,51.94270001084078,19.251983431575436,3,0.8435398936271667,
bench_detect_20260902_1438,onnx,320,1,59,52.58230000617914,19.01780636987135,1,0.8659918308258057,
bench_detect_20260902_1438,onnx,320,1,60,64.07079999917187,15.607733944525826,2,0.8362575769424438,
bench_detect_20260902_1438,onnx,320,1,61,57.609199997386895,17.3583385994834,1,0.8402531147003174,
bench_detect_20260902_1438,onnx,320,1,62,52.69399999815505,18.97749269432976,2,0.8753020167350769,
bench_detect_20260902_1438,onnx,320,1,63,49.856600002385676,20.057524980687596,1,0.8739726543426514,
bench_detect_20260902_1438,onnx,320,1,64,45.60240000137128,21.92867042019564,1,0.8813583850860596,
bench_detect_20260902_1438,onnx,320,1,65,30.647999999928288,32.628556512736225,1,0.8344632387161255,
bench_detect_20260902_1438,onnx,320,1,66,41.85259999940172,23.89337818951021,2,0.8658980131149292,
bench_detect_20260902_1438,onnx,320,1,67,49.399700001231395,20.243037912681107,1,0.8395222425460815,
bench_detect_20260902_1438,onnx,320,1,68,57.541000001947396,17.378912427072112,2,0.8659771084785461,
bench_detect_20260902_1438,onnx,320,1,69,53.32859999907669,18.751664210523316,1,0.866417407989502,
bench_detect_20260902_1438,onnx,320,1,70,55.93300001055468,17.878533241758852,1,0.8556604385375977,
bench_detect_20260902_1438,onnx,320,1,71,53.06109999946784,18.846198062422925,1,0.8706233501434326,
bench_detect_20260902_1438,onnx,320,1,72,60.04989999928512,16.652817073998538,1,0.8552780747413635,
bench_detect_20260902_1438,onnx,320,1,73,57.36970000725705,17.430804063355808,1,0.8395992517471313,
bench_detect_20260902_1438,onnx,320,1,74,47.946899998351,20.85640573289185,1,0.8509736657142639,
bench_detect_20260902_1438,onnx,320,1,75,60.92250000801869,16.41429685039811,1,0.8412090539932251,
bench_detect_20260902_1438,onnx,320,1,76,54.11159999493975,18.480325846833487,2,0.855376124382019,
bench_detect_20260902_1438,onnx,320,1,77,50.2866000024369,19.886013370391712,1,0.858833372592926,
bench_detect_20260902_1438,onnx,320,1,78,62.58430000161752,15.978448268561836,1,0.8597094416618347,
bench_detect_20260902_1438,onnx,320,1,79,61.88839999958873,16.158116868535064,3,0.8422050476074219,
bench_detect_20260902_1438,onnx,320,1,80,66.79450000228826,14.971292546029115,1,0.8683744668960571,
bench_detect_20260902_1438,onnx,320,1,81,58.97660000482574,16.955877414401225,1,0.861799955368042,
bench_detect_20260902_1438,onnx,320,1,82,62.91659999988042,15.894056576513998,2,0.8524229526519775,
bench_detect_20260902_1438,onnx,320,1,83,66.87209999654442,14.953919497842515,1,0.8346436023712158,
bench_detect_20260902_1438,onnx,320,1,84,65.46399999933783,15.275571306521371,1,0.8658377528190613,
bench_detect_20260902_1438,onnx,320,1,85,66.53009999718051,15.030790575128838,1,0.8456016778945923,
bench_detect_20260902_1438,onnx,320,1,86,63.969900002120994,15.6323520900743,1,0.8533008694648743,
bench_detect_20260902_1438,onnx,320,1,87,66.43479999911506,15.05235208073661,1,0.8807278871536255,
bench_detect_20260902_1438,onnx,320,1,88,62.56310000026133,15.983862692159164,1,0.8535933494567871,
bench_detect_20260902_1438,onnx,320,1,89,74.23949999792967,13.46991830532112,1,0.8226962685585022,
bench_detect_20260902_1438,onnx,320,1,90,74.22180000867229,13.473130534198269,1,0.83518385887146,
bench_detect_20260902_1438,onnx,320,1,91,76.58110000193119,13.05805218225884,5,0.8622596263885498,
bench_detect_20260902_1438,onnx,320,1,92,66.74919999204576,14.981452963019272,1,0.8443489670753479,
bench_detect_20260902_1438,onnx,320,1,93,75.62440000765491,13.223245406228376,1,0.8922711610794067,
bench_detect_20260902_1438,onnx,320,1,94,73.48259999707807,13.608663820275325,1,0.83056640625,
bench_detect_20260902_1438,onnx,320,1,95,71.18790000095032,14.047331077144438,1,0.8475976586341858,
bench_detect_20260902_1438,onnx,320,1,96,74.99510000343435,13.334204500750126,1,0.8309311866760254,
bench_detect_20260902_1438,onnx,320,1,97,72.93000000936445,13.711778415900135,1,0.8784871697425842,
bench_detect_20260902_1438,onnx,320,1,98,71.131200005766,14.058528464568832,1,0.8540769815444946,
bench_detect_20260902_1438,onnx,320,1,99,61.88569999358151,16.158821829658795,1,0.863140344619751,
bench_detect_20260902_1438,onnx,320,2,0,56.62879999727011,17.658859097282775,3,0.8670165538787842,
bench_detect_20260902_1438,onnx,320,2,1,50.59899999469053,19.763236429671185,1,0.8328515291213989,
bench_detect_20260902_1438,onnx,320,2,2,47.75759999756701,20.939075666510554,2,0.8697807192802429,
bench_detect_20260902_1438,onnx,320,2,3,55.19569999887608,18.11735334492293,1,0.8827570080757141,
bench_detect_20260902_1438,onnx,320,2,4,59.85330000112299,16.707516544304784,1,0.8138214349746704,
bench_detect_20260902_1438,onnx,320,2,5,55.39770000905264,18.051290935121642,1,0.8523721694946289,
bench_detect_20260902_1438,onnx,320,2,6,58.97269998968113,16.956998749844878,1,0.855189323425293,
bench_detect_20260902_1438,onnx,320,2,7,64.83800000569317,15.423054380335511,2,0.8453751802444458,
bench_detect_20260902_1438,onnx,320,2,8,67.81959999352694,14.744999971917341,1,0.8628569841384888,
bench_detect_20260902_1438,onnx,320,2,9,52.81880000256933,18.932652766654215,1,0.8440912365913391,
bench_detect_20260902_1438,onnx,320,2,10,44.77970000880305,22.331547549523876,1,0.831957995891571,
bench_detect_20260902_1438,onnx,320,2,11,42.286500000045635,23.64820923932983,2,0.8591516613960266,
bench_detect_20260902_1438,onnx,320,2,12,45.59769999468699,21.930930729324487,1,0.8425641059875488,
bench_detect_20260902_1438,onnx,320,2,13,43.62830000172835,22.920902257488482,2,0.8373713493347168,
bench_detect_20260902_1438,onnx,320,2,14,57.557300009648316,17.373990785397687,1,0.8705068826675415,
bench_detect_20260902_1438,onnx,320,2,15,47.26920000393875,21.15542467223211,1,0.8714592456817627,
bench_detect_20260902_1438,onnx,320,2,16,55.20719999913126,18.113579388480776,2,0.8616288900375366,
bench_detect_20260902_1438,onnx,320,2,17,42.508600003202446,23.524651480516027,3,0.8603709936141968,
bench_detect_20260902_1438,onnx,320,2,18,50.20179999701213,19.919604477519076,2,0.8776817321777344,
bench_detect_20260902_1438,onnx,320,2,19,43.617799994535744,22.926419950691596,1,0.8844539523124695,
bench_detect_20260902_1438,onnx,320,2,20,41.85729999153409,23.8906952957371,2,0.8719533681869507,
bench_detect_20260902_1438,onnx,320,2,21,60.74749999970663,16.461582781263907,1,0.857478141784668,
bench_detect_20260902_1438,onnx,320,2,22,50.40459999872837,19.839459097487698,1,0.8467496633529663,
bench_detect_20260902_1438,onnx,320,2,23,58.313000001362525,17.148834736278946,1,0.8392353057861328,
bench_detect_20260902_1438,onnx,320,2,24,55.65310000383761,17.968450992506153,1,0.866562008857727,
bench_detect_20260902_1438,onnx,320,2,25,62.892600006307475,15.900121793338332,3,0.8383882641792297,
bench_detect_20260902_1438,onnx,320,2,26,42.988000001059845,23.262305759173387,3,0.8507544994354248,
bench_detect_20260902_1438,onnx,320,2,27,44.95579999638721,22.24407084470442,1,0.8478227853775024,
bench_detect_20260902_1438,onnx,320,2,28,45.47209999873303,21.991506880655667,1,0.8780727386474609,
bench_detect_20260902_1438,onnx,320,2,29,55.225500007509254,18.107577113181875,1,0.8478468656539917,
bench_detect_20260902_1438,onnx,320,2,30,46.59489999176003,21.461576270725825,1,0.8513926267623901,
bench_detect_20260902_1438,onnx,320,2,31,57.236499997088686,17.47136879527687,1,0.8696877360343933,
bench_detect_20260902_1438,onnx,320,2,32,43.619799995212816,22.92536875707243,2,0.8461759090423584,
bench_detect_20260902_1438,onnx,320,2,33,46.69550000107847,21.415339807409797,1,0.838685154914856,
bench_detect_20260902_1438,onnx,320,2,34,46.40130000188947,21.55112033411305,2,0.8442750573158264,
bench_detect_20260902_1438,onnx,320,2,35,41.15109999838751,24.30068698137315,1,0.850351095199585,
bench_detect_20260902_1438,onnx,320,2,36,44.17439999815542,22.63754572878764,1,0.8418047428131104,
bench_detect_20260902_1438,onnx,320,2,37,39.77770000346936,25.139713958141904,1,0.8386183977127075,
bench_detect_20260902_1438,onnx,320,2,38,47.342500009108335,21.122669901412213,1,0.8658446669578552,
bench_detect_20260902_1438,onnx,320,2,39,49.00959999940824,20.404165714718633,2,0.856457531452179,
bench_detect_20260902_1438,onnx,320,2,40,51.63239999092184,19.36768386082814,1,0.8289919495582581,
bench_detect_20260902_1438,onnx,320,2,41,56.384700001217425,17.735307627395528,1,0.858521044254303,
bench_detect_20260902_1438,onnx,320,2,42,40.98040000826586,24.401909200454295,2,0.8730190396308899,
bench_detect_20260902_1438,onnx,320,2,43,42.91160000138916,23.303722069734697,1,0.8458724617958069,
bench_detect_20260902_1438,onnx,320,2,44,39.5618999900762,25.276844647270288,1,0.8432605266571045,
bench_detect_20260902_1438,onnx,320,2,45,48.16469999786932,20.76209340127183,1,0.8354377746582031,
bench_detect_20260902_1438,onnx,320,2,46,47.34869999811053,21.11990403199888,1,0.8780818581581116,
bench_detect_20260902_1438,onnx,320,2,47,44.24639999342617,22.60070876158452,1,0.8653022050857544,
bench_detect_20260902_1438,onnx,320,2,48,36.685400002170354,27.25880050212997,1,0.8466675281524658,
bench_detect_20260902_1438,onnx,320,2,49,31.581299990648404,31.664307685121,1,0.8357389569282532,
bench_detect_20260902_1438,onnx,320,2,50,30.946200000471435,32.31414519342491,2,0.8686115145683289,
bench_detect_20260902_1438,onnx,320,2,51,41.60320000664797,24.03661256442306,1,0.8685365915298462,
bench_detect_20260902_1438,onnx,320,2,52,35.69979999156203,28.011361414807897,1,0.845445990562439,
bench_detect_20260902_1438,onnx,320,2,53,47.101000003749505,21.230971739886506,1,0.8381633758544922,
bench_detect_20260902_1438,onnx,320,2,54,43.843600011314265,22.808346024093375,1,0.8505581617355347,
bench_detect_20260902_1438,onnx,320,2,55,46.60259999218397,21.45803024225508,1,0.8439571261405945,
bench_detect_20260902_1438,onnx,320,2,56,42.10869999951683,23.748061564747292,1,0.837119460105896,
bench_detect_20260902_1438,onnx,320,2,57,43.050100008258596,23.22874975454559,1,0.8488036394119263,
bench_detect_20260902_1438,onnx,320,2,58,44.45780000241939,22.493240779921187,3,0.8435398936271667,
bench_detect_20260902_1438,onnx,320,2,59,53.84629999753088,18.57137816425372,1,0.8659918308258057,
bench_detect_20260902_1438,onnx,320,2,60,52.151599986245856,19.174867123227934,2,0.8362575769424438,
bench_detect_20260902_1438,onnx,320,2,61,49.186400006874464,20.330823151526367,1,0.8402531147003174,
bench_detect_20260902_1438,onnx,320,2,62,48.54230000637472,20.600589586168702,2,0.8753020167350769,
bench_detect_20260902_1438,onnx,320,2,63,48.964999994495884,20.422750946847938,1,0.8739726543426514,
bench_detect_20260902_1438,onnx,320,2,64,48.451399998157285,20.639238495441457,1,0.8813583850860596,
bench_detect_20260902_1438,onnx,320,2,65,47.128499994869344,21.218583237507353,1,0.8344632387161255,
bench_detect_20260902_1438,onnx,320,2,66,51.32949999824632,19.4819743039415,2,0.8658980131149292,
bench_detect_20260902_1438,onnx,320,2,67,52.21149999124464,19.152868624109445,1,0.8395222425460815,
bench_detect_20260902_1438,onnx,320,2,68,51.89220000465866,19.270718911709743,2,0.8659771084785461,
bench_detect_20260902_1438,onnx,320,2,69,44.61230000015348,22.415342853799505,1,0.866417407989502,
bench_detect_20260902_1438,onnx,320,2,70,47.309300003689714,21.137493049400618,1,0.8556604385375977,
bench_detect_20260902_1438,onnx,320,2,71,50.03559999749996,19.985770132664847,1,0.8706233501434326,
bench_detect_20260902_1438,onnx,320,2,72,50.45809999865014,19.818423603479957,1,0.8552780747413635,
bench_detect_20260902_1438,onnx,320,2,73,47.793799996725284,20.923215983422903,1,0.8395992517471313,
bench_detect_20260902_1438,onnx,320,2,74,53.948999993735924,18.536024766281322,1,0.8509736657142639,
bench_detect_20260902_1438,onnx,320,2,75,76.43090000783559,13.083713522900835,1,0.8412090539932251,
bench_detect_20260902_1438,onnx,320,2,76,77.26939998974558,12.941733728134423,2,0.855376124382019,
bench_detect_20260902_1438,onnx,320,2,77,64.05760000052396,15.610950144741928,1,0.858833372592926,
bench_detect_20260902_1438,onnx,320,2,78,63.62289999378845,15.717611113256874,1,0.8597094416618347,
bench_detect_20260902_1438,onnx,320,2,79,51.80800000380259,19.302038293827252,3,0.8422050476074219,
bench_detect_20260902_1438,onnx,320,2,80,45.58060000999831,21.939158321317525,1,0.8683744668960571,
bench_detect_20260902_1438,onnx,320,2,81,42.324900001403876,23.626753990365742,1,0.861799955368042,
bench_detect_20260902_1438,onnx,320,2,82,40.50239999196492,24.68989492470533,2,0.8524229526519775,
bench_detect_20260902_1438,onnx,320,2,83,37.03390000737272,27.002287088341212,1,0.8346436023712158,
bench_detect_20260902_1438,onnx,320,2,84,39.216599994688295,25.49940586729715,1,0.8658377528190613,
bench_detect_20260902_1438,onnx,320,2,85,34.716399997705594,28.804829995797085,1,0.8456016778945923,
bench_detect_20260902_1438,onnx,320,2,86,31.824100005906075,31.422726795554784,1,0.8533008694648743,
bench_detect_20260902_1438,onnx,320,2,87,33.503000013297424,29.84807329502127,1,0.8807278871536255,
bench_detect_20260902_1438,onnx,320,2,88,41.012900008354336,24.382572307647102,1,0.8535933494567871,
bench_detect_20260902_1438,onnx,320,2,89,45.40149999957066,22.025703996772275,1,0.8226962685585022,
bench_detect_20260902_1438,onnx,320,2,90,34.665799990762025,28.846875025716606,1,0.83518385887146,
bench_detect_20260902_1438,onnx,320,2,91,44.72559998976067,22.358559756133776,5,0.8622596263885498,
bench_detect_20260902_1438,onnx,320,2,92,30.528899995260872,32.7558477428022,1,0.8443489670753479,
bench_detect_20260902_1438,onnx,320,2,93,32.70389999670442,30.57739291340697,1,0.8922711610794067,
bench_detect_20260902_1438,onnx,320,2,94,32.069099994259886,31.182664938491946,1,0.83056640625,
bench_detect_20260902_1438,onnx,320,2,95,30.15130000130739,33.166065806669664,1,0.8475976586341858,
bench_detect_20260902_1438,onnx,320,2,96,32.514699996681884,30.755319904598526,1,0.8309311866760254,
bench_detect_20260902_1438,onnx,320,2,97,36.1618000024464,27.653490698260278,1,0.8784871697425842,
bench_detect_20260902_1438,onnx,320,2,98,38.62400000798516,25.890637939966318,1,0.8540769815444946,
bench_detect_20260902_1438,onnx,320,2,99,32.48680000251625,30.781732886050506,1,0.863140344619751,
bench_detect_20260902_1438,onnx,320,4,0,26.11079999769572,38.29832866431706,3,0.8670165538787842,
bench_detect_20260902_1438,onnx,320,4,1,33.220500001334585,30.101894913075554,1,0.8328515291213989,
bench_detect_20260902_1438,onnx,320,4,2,35.66699998918921,28.037121156898632,2,0.8697807192802429,
bench_detect_20260902_1438,onnx,320,4,3,27.20009999757167,36.764570721772216,1,0.8827570080757141,
bench_detect_20260902_1438,onnx,320,4,4,28.238999992026947,35.41201884919232,1,0.8138214349746704,
bench_detect_20260902_1438,onnx,320,4,5,30.662899996968918,32.61270134588874,1,0.8523721694946289,
bench_detect_20260902_1438,onnx,320,4,6,25.26929999294225,39.5737119856625,1,0.855189323425293,
bench_detect_20260902_1438,onnx,320,4,7,35.753500007558614,27.969289713974604,2,0.8453751802444458,
bench_detect_20260902_1438,onnx,320,4,8,36.71840000606608,27.2343021437425,1,0.8628569841384888,
bench_detect_20260902_1438,onnx,320,4,9,37.31100000732113,26.80174746867629,1,0.8440912365913391,
bench_detect_20260902_1438,onnx,320,4,10,36.680699995486066,27.262293252938473,1,0.831957995891571,
bench_detect_20260902_1438,onnx,320,4,11,37.72170000593178,26.509939897797523,2,0.8591516613960266,
bench_detect_20260902_1438,onnx,320,4,12,36.84630000498146,27.139767082849687,1,0.8425641059875488,
bench_detect_20260902_1438,onnx,320,4,13,37.35069998947438,26.773259946448263,2,0.8373713493347168,
bench_detect_20260902_1438,onnx,320,4,14,35.72879999410361,27.988625427247257,1,0.8705068826675415,
bench_detect_20260902_1438,onnx,320,4,15,37.594800000078976,26.599423324446448,1,0.8714592456817627,
bench_detect_20260902_1438,onnx,320,4,16,36.94599999289494,27.066529534788863,2,0.8616288900375366,
bench_detect_20260902_1438,onnx,320,4,17,52.930099991499446,18.8928416942458,3,0.8603709936141968,
bench_detect_20260902_1438,onnx,320,4,18,41.69120000733528,23.98587711133421,2,0.8776817321777344,
bench_detect_20260902_1438,onnx,320,4,19,92.76350001164246,10.780102086213791,1,0.8844539523124695,
bench_detect_20260902_1438,onnx,320,4,20,130.5038999998942,7.662606251620148,2,0.8719533681869507,
bench_detect_20260902_1438,onnx,320,4,21,79.04109999071807,12.651645790828212,1,0.857478141784668,
bench_detect_20260902_1438,onnx,320,4,22,70.2638999937335,14.232059422963786,1,0.8467496633529663,
bench_detect_20260902_1438,onnx,320,4,23,64.59470000118017,15.481146285712754,1,0.8392353057861328,
bench_detect_20260902_1438,onnx,320,4,24,64.02809999417514,15.618142660659515,1,0.866562008857727,
bench_detect_20260902_1438,onnx,320,4,25,59.00419999670703,16.947946079360605,3,0.8383882641792297,
bench_detect_20260902_1438,onnx,320,4,26,52.0840999961365,19.199717381584364,3,0.8507544994354248,
bench_detect_20260902_1438,onnx,320,4,27,56.481699997675605,17.70484953606483,1,0.8478227853775024,
bench_detect_20260902_1438,onnx,320,4,28,88.81270000711083,11.259650927400411,1,0.8780727386474609,
bench_detect_20260902_1438,onnx,320,4,29,126.48610000906046,7.906007062660386,1,0.8478468656539917,
bench_detect_20260902_1438,onnx,320,4,30,104.62890000781044,9.55758877256046,1,0.8513926267623901,
bench_detect_20260902_1438,onnx,320,4,31,103.39299999759533,9.671834650539761,1,0.8696877360343933,
bench_detect_20260902_1438,onnx,320,4,32,88.46840000478551,11.303471069284706,2,0.8461759090423584,
bench_detect_20260902_1438,onnx,320,4,33,108.50820000632666,9.2158933605174,1,0.838685154914856,
bench_detect_20260902_1438,onnx,320,4,34,72.63360000797547,13.767732838386033,2,0.8442750573158264,
bench_detect_20260902_1438,onnx,320,4,35,77.55830000678543,12.893526545998453,1,0.850351095199585,
bench_detect_20260902_1438,onnx,320,4,36,69.14980000874493,14.461357803978267,1,0.8418047428131104,
bench_detect_20260902_1438,onnx,320,4,37,57.51030000101309,17.388189593557748,1,0.8386183977127075,
bench_detect_20260902_1438,onnx,320,4,38,81.26099999935832,12.306026261157216,1,0.8658446669578552,
bench_detect_20260902_1438,onnx,320,4,39,55.37249999179039,18.059506075186444,2,0.856457531452179,
bench_detect_20260902_1438,onnx,320,4,40,39.868700012448244,25.082332749444276,1,0.8289919495582581,
bench_detect_20260902_1438,onnx,320,4,41,38.24710000480991,26.145773140296683,1,0.858521044254303,
bench_detect_20260902_1438,onnx,320,4,42,41.17769999720622,24.28498920696996,2,0.8730190396308899,
bench_detect_20260902_1438,onnx,320,4,43,45.579300000099465,21.93978406859732,1,0.8458724617958069,
bench_detect_20260902_1438,onnx,320,4,44,38.93429999880027,25.684293798291332,1,0.8432605266571045,
bench_detect_20260902_1438,onnx,320,4,45,38.65899999800604,25.867197807795808,1,0.8354377746582031,
bench_detect_20260902_1438,onnx,320,4,46,42.58059999847319,23.484873393889632,1,0.8780818581581116,
bench_detect_20260902_1438,onnx,320,4,47,36.777200002688915,27.190759490306124,1,0.8653022050857544,
bench_detect_20260902_1438,onnx,320,4,48,40.71629999089055,24.56018843126045,1,0.8466675281524658,
bench_detect_20260902_1438,onnx,320,4,49,48.53709999588318,20.602796625361176,1,0.8357389569282532,
bench_detect_20260902_1438,onnx,320,4,50,41.96170000068378,23.831255644640343,2,0.8686115145683289,
bench_detect_20260902_1438,onnx,320,4,51,52.04369999410119,19.214621560598946,1,0.8685365915298462,
bench_detect_20260902_1438,onnx,320,4,52,50.53510000288952,19.78822639992444,1,0.845445990562439,
bench_detect_20260902_1438,onnx,320,4,53,38.027700007660314,26.296620615986757,1,0.8381633758544922,
bench_detect_20260902_1438,onnx,320,4,54,36.374600007548,27.491711243353677,1,0.8505581617355347,
bench_detect_20260902_1438,onnx,320,4,55,38.37599999678787,26.057952889402273,1,0.8439571261405945,
bench_detect_20260902_1438,onnx,320,4,56,34.90300000703428,28.65083230090428,1,0.837119460105896,
bench_detect_20260902_1438,onnx,320,4,57,41.3735999900382,24.17000213277976,1,0.8488036394119263,
bench_detect_20260902_1438,onnx,320,4,58,35.574900000938214,28.109706562031857,3,0.8435398936271667,
bench_detect_20260902_1438,onnx,320,4,59,34.56020000157878,28.935017735844063,1,0.8659918308258057,
bench_detect_20260902_1438,onnx,320,4,60,40.60110000136774,24.629874559219154,2,0.8362575769424438,
bench_detect_20260902_1438,onnx,320,4,61,39.918299997225404,25.051167010356323,1,0.8402531147003174,
bench_detect_20260902_1438,onnx,320,4,62,39.315300004091114,25.435390290699573,2,0.8753020167350769,
bench_detect_20260902_1438,onnx,320,4,63,38.280800014035776,26.122756045676862,1,0.8739726543426514,
bench_detect_20260902_1438,onnx,320,4,64,41.662899995571934,24.0021697987006,1,0.8813583850860596,
bench_detect_20260902_1438,onnx,320,4,65,36.837999999988824,27.145881969713432,1,0.8344632387161255,
bench_detect_20260902_1438,onnx,320,4,66,37.96359999978449,26.341021399595316,2,0.8658980131149292,
bench_detect_20260902_1438,onnx,320,4,67,32.76450000703335,30.520838095662572,1,0.8395222425460815,
bench_detect_20260902_1438,onnx,320,4,68,38.35119999712333,26.07480339793823,2,0.8659771084785461,
bench_detect_20260902_1438,onnx,320,4,69,37.21800001221709,26.86871942801178,1,0.866417407989502,
bench_detect_20260902_1438,onnx,320,4,70,32.45059998880606,30.816071208081,1,0.8556604385375977,
bench_detect_20260902_1438,onnx,320,4,71,36.05450000031851,27.73578887493006,1,0.8706233501434326,
bench_detect_20260902_1438,onnx,320,4,72,37.888499995460734,26.393232778278524,1,0.8552780747413635,
bench_detect_20260902_1438,onnx,320,4,73,37.8433000005316,26.42475682580411,1,0.8395992517471313,
bench_detect_20260902_1438,onnx,320,4,74,37.04239999933634,26.996090966511787,1,0.8509736657142639,
bench_detect_20260902_1438,onnx,320,4,75,37.457099999301136,26.69720827342901,1,0.8412090539932251,
bench_detect_20260902_1438,onnx,320,4,76,34.39319999597501,29.075514930772034,2,0.855376124382019,
bench_detect_20260902_1438,onnx,320,4,77,34.393200010526925,29.075514918470052,1,0.858833372592926,
bench_detect_20260902_1438,onnx,320,4,78,36.97830000601243,27.042887310595848,1,0.8597094416618347,
bench_detect_20260902_1438,onnx,320,4,79,39.27040001144633,25.464471961287007,3,0.8422050476074219,
bench_detect_20260902_1438,onnx,320,4,80,36.46640000806656,27.422503997619582,1,0.8683744668960571,
bench_detect_20260902_1438,onnx,320,4,81,37.661800000933,26.552103191436068,1,0.861799955368042,
bench_detect_20260902_1438,onnx,320,4,82,35.951900004874915,27.814941626573408,2,0.8524229526519775,
bench_detect_20260902_1438,onnx,320,4,83,36.5649999876041,27.348557372870506,1,0.8346436023712158,
bench_detect_20260902_1438,onnx,320,4,84,38.15399999439251,26.20957173944986,1,0.8658377528190613,
bench_detect_20260902_1438,onnx,320,4,85,37.50360000412911,26.66410690946738,1,0.8456016778945923,
bench_detect_20260902_1438,onnx,320,4,86,33.039100002497435,30.267168292247966,1,0.8533008694648743,
bench_detect_20260902_1438,onnx,320,4,87,37.14729999774136,26.91985689567754,1,0.8807278871536255,
bench_detect_20260902_1438,onnx,320,4,88,36.78569999465253,27.184476580447512,1,0.8535933494567871,
bench_detect_20260902_1438,onnx,320,4,89,35.73129999858793,27.986667152874908,1,0.8226962685585022,
bench_detect_20260902_1438,onnx,320,4,90,36.07880001072772,27.71710809956702,1,0.83518385887146,
bench_detect_20260902_1438,onnx,320,4,91,37.40270000707824,26.73603776761453,5,0.8622596263885498,
bench_detect_20260902_1438,onnx,320,4,92,36.19119999348186,27.631026331818312,1,0.8443489670753479,
bench_detect_20260902_1438,onnx,320,4,93,25.979400001233444,38.49203599592455,1,0.8922711610794067,
bench_detect_20260902_1438,onnx,320,4,94,35.9599000075832,27.80875363360634,1,0.83056640625,
bench_detect_20260902_1438,onnx,320,4,95,38.49150000314694,25.97976176346059,1,0.8475976586341858,
bench_detect_20260902_1438,onnx,320,4,96,36.33760000229813,27.519704106400976,1,0.8309311866760254,
bench_detect_20260902_1438,onnx,320,4,97,35.71409999858588,28.000145601865807,1,0.8784871697425842,
bench_detect_20260902_1438,onnx,320,4,98,33.49890001118183,29.851726464636243,1,0.8540769815444946,
bench_detect_20260902_1438,onnx,320,4,99,27.101300001959316,36.898598957529856,1,0.863140344619751,
bench_detect_20260902_1438,onnx,640,1,0,165.2814999979455,6.050283909647663,1,0.8214688301086426,
bench_detect_20260902_1438,onnx,640,1,1,169.55659999803174,5.89773562345322,1,0.812147855758667,
bench_detect_20260902_1438,onnx,640,1,2,166.26199999882374,6.014603457236619,1,0.8395455479621887,
bench_detect_20260902_1438,onnx,640,1,3,170.99660000531003,5.848069493597806,1,0.8316104412078857,
bench_detect_20260902_1438,onnx,640,1,4,166.23850000905804,6.015453700228958,1,0.7443010807037354,
bench_detect_20260902_1438,onnx,640,1,5,180.16040000657085,5.550609345691549,1,0.8330690860748291,
bench_detect_20260902_1438,onnx,640,1,6,173.95580001175404,5.74858670956893,1,0.8096311092376709,
bench_detect_20260902_1438,onnx,640,1,7,175.62479998741765,5.693956662564987,2,0.8250116109848022,
bench_detect_20260902_1438,onnx,640,1,8,181.78850000549573,5.500898021435726,1,0.8489115238189697,
bench_detect_20260902_1438,onnx,640,1,9,168.78629999700934,5.924651467670769,1,0.8309528827667236,
bench_detect_20260902_1438,onnx,640,1,10,170.34319999220315,5.870501435019252,1,0.8210679292678833,
bench_detect_20260902_1438,onnx,640,1,11,164.6963999955915,6.071778132532147,1,0.8629555702209473,
bench_detect_20260902_1438,onnx,640,1,12,173.76679999870248,5.754839244363521,1,0.842363715171814,
bench_detect_20260902_1438,onnx,640,1,13,160.20270000444725,6.242092049461338,2,0.825884997844696,
bench_detect_20260902_1438,onnx,640,1,14,165.42019999178592,6.04521092375451,1,0.8677326440811157,
bench_detect_20260902_1438,onnx,640,1,15,169.301899994025,5.906608254457226,1,0.861142635345459,
bench_detect_20260902_1438,onnx,640,1,16,166.0970999946585,6.020574712214476,2,0.8343461751937866,
bench_detect_20260902_1438,onnx,640,1,17,165.83470000477973,6.030101058289837,3,0.839414656162262,
bench_detect_20260902_1438,onnx,640,1,18,160.83470000012312,6.2175637471219485,2,0.8466666340827942,
bench_detect_20260902_1438,onnx,640,1,19,160.02189999562688,6.2491446484970385,1,0.8641484975814819,
bench_detect_20260902_1438,onnx,640,1,20,166.25169999315403,6.0149760877102505,2,0.8630983829498291,
bench_detect_20260902_1438,onnx,640,1,21,170.6405999866547,5.860270065143975,1,0.8406504392623901,
bench_detect_20260902_1438,onnx,640,1,22,174.58690000057686,5.727806610900909,1,0.8391133546829224,
bench_detect_20260902_1438,onnx,640,1,23,164.33079999114852,6.085286507787121,1,0.8192139863967896,
bench_detect_20260902_1438,onnx,640,1,24,165.19260000495706,6.053539928362362,1,0.8192445635795593,
bench_detect_20260902_1438,onnx,640,1,25,161.04200000700075,6.209560238673938,2,0.8416056632995605,
bench_detect_20260902_1438,onnx,640,1,26,161.31310000491794,6.199124559440697,3,0.8323211669921875,
bench_detect_20260902_1438,onnx,640,1,27,169.85229999409057,5.8874681122056725,1,0.8368035554885864,
bench_detect_20260902_1438,onnx,640,1,28,166.3466000027256,6.011544570094098,1,0.8446122407913208,
bench_detect_20260902_1438,onnx,640,1,29,176.18759999459144,5.6757683289328975,1,0.8436522483825684,
bench_detect_20260902_1438,onnx,640,1,30,173.3162999880733,5.769797763215662,1,0.8377926349639893,
bench_detect_20260902_1438,onnx,640,1,31,162.32800000580028,6.160366664803781,1,0.8432223796844482,
bench_detect_20260902_1438,onnx,640,1,32,159.5697000011569,6.266853920216369,1,0.8313404321670532,
bench_detect_20260902_1438,onnx,640,1,33,166.16890000295825,6.017973278887911,1,0.8367631435394287,
bench_detect_20260902_1438,onnx,640,1,34,164.36540000722744,6.0840055142750735,1,0.7940600514411926,
bench_detect_20260902_1438,onnx,640,1,35,166.1344000021927,6.0192229904631525,1,0.8441817760467529,
bench_detect_20260902_1438,onnx,640,1,36,159.04099999170285,6.287686823222753,1,0.8246177434921265,
bench_detect_20260902_1438,onnx,640,1,37,158.25670000049286,6.318847795997804,1,0.8456279039382935,
bench_detect_20260902_1438,onnx,640,1,38,158.8455999881262,6.295421466346884,1,0.8481340408325195,
bench_detect_20260902_1438,onnx,640,1,39,160.42500000912696,6.233442418221023,2,0.8228013515472412,
bench_detect_20260902_1438,onnx,640,1,40,161.4257000037469,6.194800456041317,1,0.811850368976593,
bench_detect_20260902_1438,onnx,640,1,41,167.48239999287762,5.9707766311118435,1,0.848019003868103,
bench_detect_20260902_1438,onnx,640,1,42,159.98129999206867,6.250730554443404,2,0.8532116413116455,
bench_detect_20260902_1438,onnx,640,1,43,165.60870000103023,6.038330111846655,1,0.8299169540405273,
bench_detect_20260902_1438,onnx,640,1,44,164.07020000042394,6.094952038806658,1,0.7718535661697388,
bench_detect_20260902_1438,onnx,640,1,45,162.68800001125783,6.1467348540199716,1,0.8479881882667542,
bench_detect_20260902_1438,onnx,640,1,46,165.0599999993574,6.058403004991477,1,0.8480563163757324,
bench_detect_20260902_1438,onnx,640,1,47,165.39079998619854,6.04628552545515,1,0.8432231545448303,
bench_detect_20260902_1438,onnx,640,1,48,169.6496000076877,5.894502550873594,1,0.815872073173523,
bench_detect_20260902_1438,onnx,640,1,49,159.61719999904744,6.264988986186751,1,0.7787197232246399,
bench_detect_20260902_1438,onnx,640,1,50,156.35830000974238,6.395567104130014,2,0.8698760271072388,
bench_detect_20260902_1438,onnx,640,1,51,168.09559999092016,5.948995690868863,1,0.8253887891769409,
bench_detect_20260902_1438,onnx,640,1,52,160.2411000058055,6.240596201372621,1,0.8267799615859985,
bench_detect_20260902_1438,onnx,640,1,53,156.30309999687597,6.397825763020612,1,0.8350735902786255,
bench_detect_20260902_1438,onnx,640,1,54,163.99879999516997,6.097605592415625,1,0.842432975769043,
bench_detect_20260902_1438,onnx,640,1,55,163.5929999902146,6.112730985187725,1,0.853783130645752,
bench_detect_20260902_1438,onnx,640,1,56,165.18840000208002,6.053693842832839,1,0.8273897171020508,
bench_detect_20260902_1438,onnx,640,1,57,170.28669999854174,5.872449228322374,1,0.8261759877204895,
bench_detect_20260902_1438,onnx,640,1,58,175.1652999955695,5.708893256970948,2,0.8604758977890015,
bench_detect_20260902_1438,onnx,640,1,59,182.79510000138544,5.470606159532837,1,0.8189926147460938,
bench_detect_20260902_1438,onnx,640,1,60,188.38099999993574,5.3083909736137995,2,0.8329588770866394,
bench_detect_20260902_1438,onnx,640,1,61,175.6755999958841,5.692310144513119,1,0.8284343481063843,
bench_detect_20260902_1438,onnx,640,1,62,187.71689999266528,5.327170862288229,2,0.8373318910598755,
bench_detect_20260902_1438,onnx,640,1,63,174.9819000106072,5.7148767954821675,1,0.8421447277069092,
bench_detect_20260902_1438,onnx,640,1,64,179.07269998977426,5.584324132361347,1,0.8202601075172424,
bench_detect_20260902_1438,onnx,640,1,65,177.15509999834467,5.64477116385215,1,0.8330275416374207,
bench_detect_20260902_1438,onnx,640,1,66,186.965799992322,5.348571771099668,2,0.8189750909805298,
bench_detect_20260902_1438,onnx,640,1,67,178.9210999995703,5.589055734636115,1,0.8267172574996948,
bench_detect_20260902_1438,onnx,640,1,68,194.2845000012312,5.1470909928154995,2,0.8485020399093628,
bench_detect_20260902_1438,onnx,640,1,69,193.7962000083644,5.160059897752584,1,0.8594738841056824,
bench_detect_20260902_1438,onnx,640,1,70,197.13169999886304,5.0727508564364205,1,0.857597827911377,
bench_detect_20260902_1438,onnx,640,1,71,194.79310000315309,5.133652064594758,1,0.8561351299285889,
bench_detect_20260902_1438,onnx,640,1,72,172.43799999414477,5.799185794511393,1,0.8265813589096069,
bench_detect_20260902_1438,onnx,640,1,73,169.1385000012815,5.912314464136926,1,0.8261643648147583,
bench_detect_20260902_1438,onnx,640,1,74,164.90070000872947,6.064255639588324,1,0.8381205797195435,
bench_detect_20260902_1438,onnx,640,1,75,167.55369999737013,5.968235855225493,1,0.8184213638305664,
bench_detect_20260902_1438,onnx,640,1,76,164.86360000271816,6.065620306626282,2,0.8448441028594971,
bench_detect_20260902_1438,onnx,640,1,77,160.27419999591075,6.239307387124778,1,0.8476138114929199,
bench_detect_20260902_1438,onnx,640,1,78,161.54339999775402,6.190286944647093,1,0.8524564504623413,
bench_detect_20260902_1438,onnx,640,1,79,161.58880000875797,6.188547720793773,4,0.8396109342575073,
bench_detect_20260902_1438,onnx,640,1,80,162.8381999908015,6.1410651803845075,1,0.8314977288246155,
bench_detect_20260902_1438,onnx,640,1,81,159.41310000198428,6.273010185408555,1,0.827151358127594,
bench_detect_20260902_1438,onnx,640,1,82,158.2650000054855,6.31851641212738,2,0.8298345804214478,
bench_detect_20260902_1438,onnx,640,1,83,159.9036999978125,6.253763984283541,1,0.8219830989837646,
bench_detect_20260902_1438,onnx,640,1,84,171.68619998847134,5.824579960807273,1,0.8257669806480408,
bench_detect_20260902_1438,onnx,640,1,85,165.3367000108119,6.048263936165453,1,0.8114612102508545,
bench_detect_20260902_1438,onnx,640,1,86,161.83700000692625,6.179056704938935,1,0.8388513326644897,
bench_detect_20260902_1438,onnx,640,1,87,174.20599999604747,5.740330413548838,1,0.8571672439575195,
bench_detect_20260902_1438,onnx,640,1,88,158.9730999985477,6.2903723963937015,1,0.8460313081741333,
bench_detect_20260902_1438,onnx,640,1,89,164.24490000645164,6.088469108999545,1,0.7928652763366699,
bench_detect_20260902_1438,onnx,640,1,90,154.09480000380427,6.489511651109007,1,0.8154222965240479,
bench_detect_20260902_1438,onnx,640,1,91,159.31329999875743,6.276939841229825,6,0.8506507873535156,
bench_detect_20260902_1438,onnx,640,1,92,156.40359999088105,6.393714723051796,1,0.8413549065589905,
bench_detect_20260902_1438,onnx,640,1,93,168.76729999785312,5.9253184711298985,1,0.8516277074813843,
bench_detect_20260902_1438,onnx,640,1,94,170.61079999257345,5.861293658100948,1,0.8222675323486328,
bench_detect_20260902_1438,onnx,640,1,95,182.88459999894258,5.467928956324272,1,0.8292025923728943,
bench_detect_20260902_1438,onnx,640,1,96,185.280599995167,5.397219136952734,1,0.807289183139801,
bench_detect_20260902_1438,onnx,640,1,97,182.4345000059111,5.481419358551144,1,0.8510770797729492,
bench_detect_20260902_1438,onnx,640,1,98,174.44020000402816,5.732623557969482,1,0.8391404151916504,
bench_detect_20260902_1438,onnx,640,1,99,180.62120000831783,5.536448655827493,1,0.849768877029419,
bench_detect_20260902_1438,onnx,640,2,0,148.5637999867322,6.73111484822889,1,0.8214688301086426,
bench_detect_20260902_1438,onnx,640,2,1,131.1312000034377,7.6259501931941776,1,0.812147855758667,
bench_detect_20260902_1438,onnx,640,2,2,178.17420000210404,5.612484860255812,1,0.8395455479621887,
bench_detect_20260902_1438,onnx,640,2,3,162.5034000026062,6.153717399044956,1,0.8316104412078857,
bench_detect_20260902_1438,onnx,640,2,4,129.30130001041107,7.7338742914377665,1,0.7443010807037354,
bench_detect_20260902_1438,onnx,640,2,5,136.01649999327492,7.352049200276754,1,0.8330690860748291,
bench_detect_20260902_1438,onnx,640,2,6,142.30680000036955,7.027071088643713,1,0.8096311092376709,
bench_detect_20260902_1438,onnx,640,2,7,123.8108999968972,8.076833300016887,2,0.8250116109848022,
bench_detect_20260902_1438,onnx,640,2,8,175.21670000860468,5.707218546810271,1,0.8489115238189697,
bench_detect_20260902_1438,onnx,640,2,9,150.58919999864884,6.640582458828206,1,0.8309528827667236,
bench_detect_20260902_1438,onnx,640,2,10,130.2986999944551,7.67467365401616,1,0.8210679292678833,
bench_detect_20260902_1438,onnx,640,2,11,145.59630000439938,6.868306405930533,1,0.8629555702209473,
bench_detect_20260902_1438,onnx,640,2,12,158.07700000004843,6.326030984897826,1,0.842363715171814,
bench_detect_20260902_1438,onnx,640,2,13,130.4802000086056,7.663998062035823,2,0.825884997844696,
bench_detect_20260902_1438,onnx,640,2,14,149.97059998859186,6.667973589997434,1,0.8677326440811157,
bench_detect_20260902_1438,onnx,640,2,15,141.12590000149794,7.085871551496825,1,0.861142635345459,
bench_detect_20260902_1438,onnx,640,2,16,113.0987000069581,8.841834609402916,2,0.8343461751937866,
bench_detect_20260902_1438,onnx,640,2,17,117.159499990521,8.53537271907875,3,0.839414656162262,
bench_detect_20260902_1438,onnx,640,2,18,117.95980000169948,8.477464356378976,2,0.8466666340827942,
bench_detect_20260902_1438,onnx,640,2,19,121.95950000023004,8.19944325778733,1,0.8641484975814819,
bench_detect_20260902_1438,onnx,640,2,20,120.13470000238158,8.32398965478064,2,0.8630983829498291,
bench_detect_20260902_1438,onnx,640,2,21,116.07039999216795,8.615460962204633,1,0.8406504392623901,
bench_detect_20260902_1438,onnx,640,2,22,114.45750000711996,8.736867395651608,1,0.8391133546829224,
bench_detect_20260902_1438,onnx,640,2,23,125.3949000092689,7.974805992317728,1,0.8192139863967896,
bench_detect_20260902_1438,onnx,640,2,24,131.2379000009969,7.619750087378752,1,0.8192445635795593,
bench_detect_20260902_1438,onnx,640,2,25,133.08600000164006,7.5139383555571335,2,0.8416056632995605,
bench_detect_20260902_1438,onnx,640,2,26,143.61990000179503,6.9628233969491795,3,0.8323211669921875,
bench_detect_20260902_1438,onnx,640,2,27,156.91140000126325,6.373023247462895,1,0.8368035554885864,
bench_detect_20260902_1438,onnx,640,2,28,161.37019998859614,6.196931032313704,1,0.8446122407913208,
bench_detect_20260902_1438,onnx,640,2,29,133.6066999938339,7.484654587278565,1,0.8436522483825684,
bench_detect_20260902_1438,onnx,640,2,30,114.36369999137241,8.744033290943191,1,0.8377926349639893,
bench_detect_20260902_1438,onnx,640,2,31,142.04409999365453,7.040067134394689,1,0.8432223796844482,
bench_detect_20260902_1438,onnx,640,2,32,129.5576999982586,7.718568637861285,1,0.8313404321670532,
bench_detect_20260902_1438,onnx,640,2,33,121.96269999549259,8.199228124967366,1,0.8367631435394287,
bench_detect_20260902_1438,onnx,640,2,34,126.83910000487231,7.8840042223698115,1,0.7940600514411926,
bench_detect_20260902_1438,onnx,640,2,35,140.9183999930974,7.09630537991478,1,0.8441817760467529,
bench_detect_20260902_1438,onnx,640,2,36,120.17799999739509,8.320990530893138,1,0.8246177434921265,
bench_detect_20260902_1438,onnx,640,2,37,126.97580001258757,7.875516436209627,1,0.8456279039382935,
bench_detect_20260902_1438,onnx,640,2,38,125.47780000022613,7.96953724083621,1,0.8481340408325195,
bench_detect_20260902_1438,onnx,640,2,39,119.98839999432676,8.33413896716084,2,0.8228013515472412,
bench_detect_20260902_1438,onnx,640,2,40,152.873200000613,6.5413689253315175,1,0.811850368976593,
bench_detect_20260902_1438,onnx,640,2,41,133.38670000666752,7.496999325645012,1,0.848019003868103,
bench_detect_20260902_1438,onnx,640,2,42,120.35080000350717,8.309043230047983,2,0.8532116413116455,
bench_detect_20260902_1438,onnx,640,2,43,134.5943000051193,7.429735137089498,1,0.8299169540405273,
bench_detect_20260902_1438,onnx,640,2,44,124.47250001423527,8.033903070040653,1,0.7718535661697388,
bench_detect_20260902_1438,onnx,640,2,45,126.99080001038965,7.874586189851437,1,0.8479881882667542,
bench_detect_20260902_1438,onnx,640,2,46,118.59830000321381,8.431824064703303,1,0.8480563163757324,
bench_detect_20260902_1438,onnx,640,2,47,121.01699999766424,8.263301850312775,1,0.8432231545448303,
bench_detect_20260902_1438,onnx,640,2,48,118.1088000012096,8.466769622498566,1,0.815872073173523,
bench_detect_20260902_1438,onnx,640,2,49,137.2244999947725,7.287328429238909,1,0.7787197232246399,
bench_detect_20260902_1438,onnx,640,2,50,114.48620000737719,8.734677191972155,2,0.8698760271072388,
bench_detect_20260902_1438,onnx,640,2,51,134.3885000096634,7.44111289230919,1,0.8253887891769409,
bench_detect_20260902_1438,onnx,640,2,52,121.11839999852236,8.256383836082708,1,0.8267799615859985,
bench_detect_20260902_1438,onnx,640,2,53,128.84399999165908,7.761323771884888,1,0.8350735902786255,
bench_detect_20260902_1438,onnx,640,2,54,142.0351999986451,7.04050826844007,1,0.842432975769043,
bench_detect_20260902_1438,onnx,640,2,55,113.88230000738986,8.780995817041891,1,0.853783130645752,
bench_detect_20260902_1438,onnx,640,2,56,131.18699999176897,7.622706518654613,1,0.8273897171020508,
bench_detect_20260902_1438,onnx,640,2,57,147.92819999274798,6.760036288206197,1,0.8261759877204895,
bench_detect_20260902_1438,onnx,640,2,58,124.2876000032993,8.045854936240255,2,0.8604758977890015,
bench_detect_20260902_1438,onnx,640,2,59,129.77840000530705,7.705442507837258,1,0.8189926147460938,
bench_detect_20260902_1438,onnx,640,2,60,126.26429999363609,7.919895014270871,2,0.8329588770866394,
bench_detect_20260902_1438,onnx,640,2,61,125.91630000679288,7.941783549437622,1,0.8284343481063843,
bench_detect_20260902_1438,onnx,640,2,62,123.0436999903759,8.127193835021354,2,0.8373318910598755,
bench_detect_20260902_1438,onnx,640,2,63,143.71930000197608,6.958007727467712,1,0.8421447277069092,
bench_detect_20260902_1438,onnx,640,2,64,147.2691999952076,6.790286088554441,1,0.8202601075172424,
bench_detect_20260902_1438,onnx,640,2,65,124.13449998712167,8.055778209150114,1,0.8330275416374207,
bench_detect_20260902_1438,onnx,640,2,66,114.26860000938177,8.751310508030178,2,0.8189750909805298,
bench_detect_20260902_1438,onnx,640,2,67,114.49120000179391,8.73429573612934,1,0.8267172574996948,
bench_detect_20260902_1438,onnx,640,2,68,112.75319999549538,8.868927888875447,2,0.8485020399093628,
bench_detect_20260902_1438,onnx,640,2,69,111.64229999121744,8.957178417845807,1,0.8594738841056824,
bench_detect_20260902_1438,onnx,640,2,70,106.40360000252258,9.39817825690383,1,0.857597827911377,
bench_detect_20260902_1438,onnx,640,2,71,124.386700001196,8.039444731553974,1,0.8561351299285889,
bench_detect_20260902_1438,onnx,640,2,72,108.41169999912381,9.22409666122828,1,0.8265813589096069,
bench_detect_20260902_1438,onnx,640,2,73,128.36390000302345,7.790352271755893,1,0.8261643648147583,
bench_detect_20260902_1438,onnx,640,2,74,128.7270000029821,7.768378040168993,1,0.8381205797195435,
bench_detect_20260902_1438,onnx,640,2,75,107.231200003298,9.325644028689823,1,0.8184213638305664,
bench_detect_20260902_1438,onnx,640,2,76,120.43249999987893,8.303406472513693,2,0.8448441028594971,
bench_detect_20260902_1438,onnx,640,2,77,106.48129999754019,9.391320354119463,1,0.8476138114929199,
bench_detect_20260902_1438,onnx,640,2,78,112.37950000213459,8.898420085344796,1,0.8524564504623413,
bench_detect_20260902_1438,onnx,640,2,79,104.13229999539908,9.60316827770234,4,0.8396109342575073,
bench_detect_20260902_1438,onnx,640,2,80,121.72389999614097,8.215313508946913,1,0.8314977288246155,
bench_detect_20260902_1438,onnx,640,2,81,102.78289999405388,9.729244845765699,1,0.827151358127594,
bench_detect_20260902_1438,onnx,640,2,82,103.94990000349935,9.620018874153185,2,0.8298345804214478,
bench_detect_20260902_1438,onnx,640,2,83,105.92760000145063,9.440410242338215,1,0.8219830989837646,
bench_detect_20260902_1438,onnx,640,2,84,113.43720000877511,8.815450310150846,1,0.8257669806480408,
bench_detect_20260902_1438,onnx,640,2,85,111.25110001012217,8.988675167337806,1,0.8114612102508545,
bench_detect_20260902_1438,onnx,640,2,86,120.72269999771379,8.283446278280206,1,0.8388513326644897,
bench_detect_20260902_1438,onnx,640,2,87,118.07029999908991,8.469530440828118,1,0.8571672439575195,
bench_detect_20260902_1438,onnx,640,2,88,102.73189999861643,9.734074810389643,1,0.8460313081741333,
bench_detect_20260902_1438,onnx,640,2,89,109.13050000090152,9.163341137369837,1,0.7928652763366699,
bench_detect_20260902_1438,onnx,640,2,90,155.11220000917092,6.446946145698892,1,0.8154222965240479,
bench_detect_20260902_1438,onnx,640,2,91,106.57980000542011,9.382640987777656,6,0.8506507873535156,
bench_detect_20260902_1438,onnx,640,2,92,104.56690000137314,9.563255676383907,1,0.8413549065589905,
bench_detect_20260902_1438,onnx,640,2,93,102.91839999263175,9.716435545748798,1,0.8516277074813843,
bench_detect_20260902_1438,onnx,640,2,94,103.39509999903385,9.671638211185485,1,0.8222675323486328,
bench_detect_20260902_1438,onnx,640,2,95,101.59620000922587,9.842887823650795,1,0.8292025923728943,
bench_detect_20260902_1438,onnx,640,2,96,102.56159999698866,9.750237906091181,1,0.807289183139801,
bench_detect_20260902_1438,onnx,640,2,97,120.78979999932926,8.278844736936007,1,0.8510770797729492,
bench_detect_20260902_1438,onnx,640,2,98,103.06029999628663,9.703057336685717,1,0.8391404151916504,
bench_detect_20260902_1438,onnx,640,2,99,103.11199999705423,9.698192257240366,1,0.849768877029419,
bench_detect_20260902_1438,onnx,640,4,0,98.47130000707693,10.155243202112006,1,0.8214688301086426,
bench_detect_20260902_1438,onnx,640,4,1,119.5819999993546,8.362462578025097,1,0.812147855758667,
bench_detect_20260902_1438,onnx,640,4,2,117.03599999600556,8.54437950745181,1,0.8395455479621887,
bench_detect_20260902_1438,onnx,640,4,3,128.2738000008976,7.795824244647016,1,0.8316104412078857,
bench_detect_20260902_1438,onnx,640,4,4,135.93660001060925,7.356370542752683,1,0.7443010807037354,
bench_detect_20260902_1438,onnx,640,4,5,149.9688000039896,6.668053621642616,1,0.8330690860748291,
bench_detect_20260902_1438,onnx,640,4,6,121.20790001063142,8.250287315532137,1,0.8096311092376709,
bench_detect_20260902_1438,onnx,640,4,7,117.2043999977177,8.532102890501319,2,0.8250116109848022,
bench_detect_20260902_1438,onnx,640,4,8,113.03000000771135,8.847208705049775,1,0.8489115238189697,
bench_detect_20260902_1438,onnx,640,4,9,108.96880000655074,9.176938719522324,1,0.8309528827667236,
bench_detect_20260902_1438,onnx,640,4,10,112.88929999864195,8.858235457319958,1,0.8210679292678833,
bench_detect_20260902_1438,onnx,640,4,11,128.43949999660254,7.785766839846401,1,0.8629555702209473,
bench_detect_20260902_1438,onnx,640,4,12,119.31890000414569,8.380901935613347,1,0.842363715171814,
bench_detect_20260902_1438,onnx,640,4,13,111.1395000043558,8.997701087019538,2,0.825884997844696,
bench_detect_20260902_1438,onnx,640,4,14,123.96659998921677,8.066688931429796,1,0.8677326440811157,
bench_detect_20260902_1438,onnx,640,4,15,125.19359998987056,7.987628761221901,1,0.861142635345459,
bench_detect_20260902_1438,onnx,640,4,16,112.03180000302382,8.926037071376246,2,0.8343461751937866,
bench_detect_20260902_1438,onnx,640,4,17,93.41780000249855,10.704598052761401,3,0.839414656162262,
bench_detect_20260902_1438,onnx,640,4,18,94.43009999813512,10.589843704705903,2,0.8466666340827942,
bench_detect_20260902_1438,onnx,640,4,19,122.73400000412948,8.147701533123293,1,0.8641484975814819,
bench_detect_20260902_1438,onnx,640,4,20,119.47130000044126,8.370211088322522,2,0.8630983829498291,
bench_detect_20260902_1438,onnx,640,4,21,121.3350000034552,8.241645032113762,1,0.8406504392623901,
bench_detect_20260902_1438,onnx,640,4,22,118.05170000297949,8.470864883561704,1,0.8391133546829224,
bench_detect_20260902_1438,onnx,640,4,23,119.21750000328757,8.388030280558004,1,0.8192139863967896,
bench_detect_20260902_1438,onnx,640,4,24,118.82050000713207,8.416056151421481,1,0.8192445635795593,
bench_detect_20260902_1438,onnx,640,4,25,118.3080000046175,8.45251377726756,2,0.8416056632995605,
bench_detect_20260902_1438,onnx,640,4,26,110.82529999839608,9.023210404253113,3,0.8323211669921875,
bench_detect_20260902_1438,onnx,640,4,27,111.67110000678804,8.954868358413359,1,0.8368035554885864,
bench_detect_20260902_1438,onnx,640,4,28,112.3723000055179,8.898990231141449,1,0.8446122407913208,
bench_detect_20260902_1438,onnx,640,4,29,112.39639999985229,8.897082112961929,1,0.8436522483825684,
bench_detect_20260902_1438,onnx,640,4,30,103.67919999407604,9.645136151293002,1,0.8377926349639893,
bench_detect_20260902_1438,onnx,640,4,31,113.41839999658987,8.816911541954982,1,0.8432223796844482,
bench_detect_20260902_1438,onnx,640,4,32,116.8698000110453,8.556530428780494,1,0.8313404321670532,
bench_detect_20260902_1438,onnx,640,4,33,123.97499999497086,8.066142367739994,1,0.8367631435394287,
bench_detect_20260902_1438,onnx,640,4,34,102.21460000320803,9.78333819208425,1,0.7940600514411926,
bench_detect_20260902_1438,onnx,640,4,35,105.50810000859201,9.477945294423513,1,0.8441817760467529,
bench_detect_20260902_1438,onnx,640,4,36,107.12169999897014,9.335176719652637,1,0.8246177434921265,
bench_detect_20260902_1438,onnx,640,4,37,106.34790000040084,9.403100578349274,1,0.8456279039382935,
bench_detect_20260902_1438,onnx,640,4,38,125.67209999542683,7.957215643220649,1,0.8481340408325195,
bench_detect_20260902_1438,onnx,640,4,39,126.13499999861233,7.928013636270674,2,0.8228013515472412,
bench_detect_20260902_1438,onnx,640,4,40,103.70600000896957,9.642643626342831,1,0.811850368976593,
bench_detect_20260902_1438,onnx,640,4,41,99.61270001076628,10.038880583418768,1,0.848019003868103,
bench_detect_20260902_1438,onnx,640,4,42,117.34750001050998,8.521698373722808,2,0.8532116413116455,
bench_detect_20260902_1438,onnx,640,4,43,126.70290000096429,7.8924791776067424,1,0.8299169540405273,
bench_detect_20260902_1438,onnx,640,4,44,113.37690000073053,8.820138846568891,1,0.7718535661697388,
bench_detect_20260902_1438,onnx,640,4,45,126.42210000194609,7.910009404879419,1,0.8479881882667542,
bench_detect_20260902_1438,onnx,640,4,46,98.72069999983069,10.129587816959514,1,0.8480563163757324,
bench_detect_20260902_1438,onnx,640,4,47,114.89079998864327,8.703917111716935,1,0.8432231545448303,
bench_detect_20260902_1438,onnx,640,4,48,101.3632999965921,9.865503589895166,1,0.815872073173523,
bench_detect_20260902_1438,onnx,640,4,49,119.67249998997431,8.356138629039888,1,0.7787197232246399,
bench_detect_20260902_1438,onnx,640,4,50,108.49210000014864,9.217260980279946,2,0.8698760271072388,
bench_detect_20260902_1438,onnx,640,4,51,114.17290000827052,8.758645877678166,1,0.8253887891769409,
bench_detect_20260902_1438,onnx,640,4,52,114.85009999887552,8.707001561250628,1,0.8267799615859985,
bench_detect_20260902_1438,onnx,640,4,53,109.6179000014672,9.122597677811884,1,0.8350735902786255,
bench_detect_20260902_1438,onnx,640,4,54,106.64600000018254,9.376816758230861,1,0.842432975769043,
bench_detect_20260902_1438,onnx,640,4,55,120.64700000337325,8.288643728994838,1,0.853783130645752,
bench_detect_20260902_1438,onnx,640,4,56,118.16410000028554,8.462807231617585,1,0.8273897171020508,
bench_detect_20260902_1438,onnx,640,4,57,122.44049999571871,8.167232247785384,1,0.8261759877204895,
bench_detect_20260902_1438,onnx,640,4,58,121.78249999124091,8.211360417727704,2,0.8604758977890015,
bench_detect_20260902_1438,onnx,640,4,59,108.89109999698121,9.183486988631055,1,0.8189926147460938,
bench_detect_20260902_1438,onnx,640,4,60,109.63179999089334,9.12144104249922,2,0.8329588770866394,
bench_detect_20260902_1438,onnx,640,4,61,122.89030000101775,8.137338748393635,1,0.8284343481063843,
bench_detect_20260902_1438,onnx,640,4,62,115.04930000228342,8.691925982862587,2,0.8373318910598755,
bench_detect_20260902_1438,onnx,640,4,63,127.30420001025777,7.855200377673503,1,0.8421447277069092,
bench_detect_20260902_1438,onnx,640,4,64,109.26589999871794,9.15198611837484,1,0.8202601075172424,
bench_detect_20260902_1438,onnx,640,4,65,114.40469999797642,8.740899631026418,1,0.8330275416374207,
bench_detect_20260902_1438,onnx,640,4,66,114.72460000368301,8.716526359367537,2,0.8189750909805298,
bench_detect_20260902_1438,onnx,640,4,67,119.13890000141691,8.393564150651946,1,0.8267172574996948,
bench_detect_20260902_1438,onnx,640,4,68,117.50279999978375,8.510435496020865,2,0.8485020399093628,
bench_detect_20260902_1438,onnx,640,4,69,115.55780000344384,8.653678072533383,1,0.8594738841056824,
bench_detect_20260902_1438,onnx,640,4,70,114.82440000690985,8.708950361942431,1,0.857597827911377,
bench_detect_20260902_1438,onnx,640,4,71,122.40839999867603,8.169373997297702,1,0.8561351299285889,
bench_detect_20260902_1438,onnx,640,4,72,117.23020000499673,8.530225146398937,1,0.8265813589096069,
bench_detect_20260902_1438,onnx,640,4,73,112.88580000109505,8.858510104816544,1,0.8261643648147583,
bench_detect_20260902_1438,onnx,640,4,74,110.53309999988414,9.047063730240518,1,0.8381205797195435,
bench_detect_20260902_1438,onnx,640,4,75,116.92529999709222,8.55246896971715,1,0.8184213638305664,
bench_detect_20260902_1438,onnx,640,4,76,103.6659000092186,9.646373589686425,2,0.8448441028594971,
bench_detect_20260902_1438,onnx,640,4,77,106.20880000351463,9.415415671459506,1,0.8476138114929199,
bench_detect_20260902_1438,onnx,640,4,78,124.07199999142904,8.059836224684704,1,0.8524564504623413,
bench_detect_20260902_1438,onnx,640,4,79,99.6136000030674,10.038789883803085,4,0.8396109342575073,
bench_detect_20260902_1438,onnx,640,4,80,114.0387999912491,8.76894530700723,1,0.8314977288246155,
bench_detect_20260902_1438,onnx,640,4,81,119.2663999972865,8.384591133988714,1,0.827151358127594,
bench_detect_20260902_1438,onnx,640,4,82,127.53599999996368,7.8409233471355915,2,0.8298345804214478,
bench_detect_20260902_1438,onnx,640,4,83,91.90769999986514,10.880481178415598,1,0.8219830989837646,
bench_detect_20260902_1438,onnx,640,4,84,118.00699999730568,8.47407357210023,1,0.8257669806480408,
bench_detect_20260902_1438,onnx,640,4,85,124.38519998977426,8.039541682468736,1,0.8114612102508545,
bench_detect_20260902_1438,onnx,640,4,86,112.81050000980031,8.86442308041473,1,0.8388513326644897,
bench_detect_20260902_1438,onnx,640,4,87,108.71129999577533,9.19867575899526,1,0.8571672439575195,
bench_detect_20260902_1438,onnx,640,4,88,92.9387000069255,10.759780370561275,1,0.8460313081741333,
bench_detect_20260902_1438,onnx,640,4,89,106.7233999929158,9.370016323190407,1,0.7928652763366699,
bench_detect_20260902_1438,onnx,640,4,90,114.44529998698272,8.737798757255582,1,0.8154222965240479,
bench_detect_20260902_1438,onnx,640,4,91,116.16810000850819,8.6082151634292,6,0.8506507873535156,
bench_detect_20260902_1438,onnx,640,4,92,123.56020000879653,8.09322095568644,1,0.8413549065589905,
bench_detect_20260902_1438,onnx,640,4,93,120.13359999400564,8.324065873743045,1,0.8516277074813843,
bench_detect_20260902_1438,onnx,640,4,94,130.55859999440145,7.659395857820791,1,0.8222675323486328,
bench_detect_20260902_1438,onnx,640,4,95,128.33960000716615,7.791827307737928,1,0.8292025923728943,
bench_detect_20260902_1438,onnx,640,4,96,134.00540000293404,7.462385843989161,1,0.807289183139801,
bench_detect_20260902_1438,onnx,640,4,97,138.60330000170507,7.214835433122431,1,0.8510770797729492,
bench_detect_20260902_1438,onnx,640,4,98,120.89030000788625,8.271962266077304,1,0.8391404151916504,
bench_detect_20260902_1438,onnx,640,4,99,125.6718000076944,7.957234637673478,1,0.849768877029419,
bench_detect_20260902_1438,ncnn,320,1,0,32.57809999922756,30.695467201086323,3,0.8670164942741394,
bench_detect_20260902_1438,ncnn,320,1,1,31.688300005043857,31.557388684177727,1,0.8328514695167542,
bench_detect_20260902_1438,ncnn,320,1,2,31.63809998659417,31.607460638398774,2,0.8697808384895325,
bench_detect_20260902_1438,ncnn,320,1,3,31.1787000100594,32.07317815294939,1,0.8827570676803589,
bench_detect_20260902_1438,ncnn,320,1,4,30.88710000156425,32.37597572932894,1,0.8138216137886047,
bench_detect_20260902_1438,ncnn,320,1,5,30.520500004058704,32.7648629566035,1,0.8523721098899841,
bench_detect_20260902_1438,ncnn,320,1,6,31.169599998975173,32.082541965019736,1,0.8551892638206482,
bench_detect_20260902_1438,ncnn,320,1,7,31.062099995324388,32.193573523700096,2,0.8453751802444458,
bench_detect_20260902_1438,ncnn,320,1,8,31.76879999227822,31.47742439887757,1,0.8628572225570679,
bench_detect_20260902_1438,ncnn,320,1,9,32.63790000346489,30.639226172450996,1,0.8440912961959839,
bench_detect_20260902_1438,ncnn,320,1,10,28.86140000191517,34.64835385440909,1,0.8319580554962158,
bench_detect_20260902_1438,ncnn,320,1,11,31.313800005591474,31.9348019027214,2,0.8591515421867371,
bench_detect_20260902_1438,ncnn,320,1,12,28.722400005790405,34.8160320794363,1,0.8425639271736145,
bench_detect_20260902_1438,ncnn,320,1,13,29.098300001351163,34.366268818232186,2,0.8373714685440063,
bench_detect_20260902_1438,ncnn,320,1,14,29.254799999762326,34.1824247647608,1,0.870506763458252,
bench_detect_20260902_1438,ncnn,320,1,15,30.716799999936484,32.55547452866405,1,0.8714591264724731,
bench_detect_20260902_1438,ncnn,320,1,16,29.149499998311512,34.30590576366404,2,0.8616291880607605,
bench_detect_20260902_1438,ncnn,320,1,17,28.755099992849864,34.77643966630811,3,0.860371470451355,
bench_detect_20260902_1438,ncnn,320,1,18,29.05500000633765,34.41748407440627,2,0.8776816129684448,
bench_detect_20260902_1438,ncnn,320,1,19,29.313799997908063,34.113625666797326,1,0.8844538927078247,
bench_detect_20260902_1438,ncnn,320,1,20,28.972000000067055,34.516084495294955,2,0.871953547000885,
bench_detect_20260902_1438,ncnn,320,1,21,28.933599998708814,34.5618934403125,1,0.8574782609939575,
bench_detect_20260902_1438,ncnn,320,1,22,29.168699998990633,34.28332424943876,1,0.8467497825622559,
bench_detect_20260902_1438,ncnn,320,1,23,29.642800000146963,33.735004790203426,1,0.8392353653907776,
bench_detect_20260902_1438,ncnn,320,1,24,28.644200006965548,34.91108146699245,1,0.8665619492530823,
bench_detect_20260902_1438,ncnn,320,1,25,28.178499997011386,35.48804940312863,3,0.8383881449699402,
bench_detect_20260902_1438,ncnn,320,1,26,29.521000004024245,33.87419124906616,3,0.8507546782493591,
bench_detect_20260902_1438,ncnn,320,1,27,28.586600004928187,34.98142485736691,1,0.8478229641914368,
bench_detect_20260902_1438,ncnn,320,1,28,27.705500004231,36.093916364883746,1,0.8780727386474609,
bench_detect_20260902_1438,ncnn,320,1,29,29.600900001241826,33.78275660395622,1,0.8478466868400574,
bench_detect_20260902_1438,ncnn,320,1,30,34.2333000007784,29.211323476768584,1,0.8513928651809692,
bench_detect_20260902_1438,ncnn,320,1,31,28.279999998630956,35.360678926747184,1,0.8696878552436829,
bench_detect_20260902_1438,ncnn,320,1,32,28.899900004034862,34.602195850517994,2,0.8461757302284241,
bench_detect_20260902_1438,ncnn,320,1,33,27.913699988857843,35.8247025797069,1,0.8386850953102112,
bench_detect_20260902_1438,ncnn,320,1,34,27.912400008062832,35.82637106487217,2,0.8442752361297607,
bench_detect_20260902_1438,ncnn,320,1,35,27.172000001883134,36.80259089984895,1,0.850351095199585,
bench_detect_20260902_1438,ncnn,320,1,36,28.49399999831803,35.09510774405239,1,0.8418047428131104,
bench_detect_20260902_1438,ncnn,320,1,37,28.141800008597784,35.53432970508224,1,0.8386184573173523,
bench_detect_20260902_1438,ncnn,320,1,38,27.900899993255734,35.84113774974005,1,0.8658448457717896,
bench_detect_20260902_1438,ncnn,320,1,39,27.790099993580952,35.98403748928515,2,0.8564574718475342,
bench_detect_20260902_1438,ncnn,320,1,40,27.644099987810478,36.17408417857499,1,0.8289921283721924,
bench_detect_20260902_1438,ncnn,320,1,41,26.836700009880587,37.26240557266078,1,0.8585211038589478,
bench_detect_20260902_1438,ncnn,320,1,42,27.481500001158565,36.38811563989746,2,0.8730190396308899,
bench_detect_20260902_1438,ncnn,320,1,43,27.402699997765012,36.49275436659748,1,0.8458724021911621,
bench_detect_20260902_1438,ncnn,320,1,44,27.026700001442805,37.000447703441985,1,0.8432603478431702,
bench_detect_20260902_1438,ncnn,320,1,45,26.836399993044324,37.262822146755454,1,0.8354376554489136,
bench_detect_20260902_1438,ncnn,320,1,46,26.80079999845475,37.31231903740399,1,0.8780819177627563,
bench_detect_20260902_1438,ncnn,320,1,47,26.678700000047684,37.48308575748491,1,0.8653020858764648,
bench_detect_20260902_1438,ncnn,320,1,48,26.5540999971563,37.65896792235816,1,0.8466676473617554,
bench_detect_20260902_1438,ncnn,320,1,49,26.503600005526096,37.73072336556152,1,0.8357387185096741,
bench_detect_20260902_1438,ncnn,320,1,50,27.094699995359406,36.90758709899992,2,0.8686113357543945,
bench_detect_20260902_1438,ncnn,320,1,51,29.109399998560548,34.35316427165966,1,0.8685365915298462,
bench_detect_20260902_1438,ncnn,320,1,52,26.96870001091156,37.08002238133091,1,0.845445990562439,
bench_detect_20260902_1438,ncnn,320,1,53,26.741100009530783,37.39561946380629,1,0.8381633758544922,
bench_detect_20260902_1438,ncnn,320,1,54,28.478399995947257,35.11433227085473,1,0.850558340549469,
bench_detect_20260902_1438,ncnn,320,1,55,27.054400008637458,36.96256430306114,1,0.8439571857452393,
bench_detect_20260902_1438,ncnn,320,1,56,26.472900004591793,37.77447880007659,1,0.8371194005012512,
bench_detect_20260902_1438,ncnn,320,1,57,26.883300000918098,37.19781425516394,1,0.8488039374351501,
bench_detect_20260902_1438,ncnn,320,1,58,27.185500002815388,36.784315164202894,3,0.8435398936271667,
bench_detect_20260902_1438,ncnn,320,1,59,29.208000007201917,34.23719528051994,1,0.8659918904304504,
bench_detect_20260902_1438,ncnn,320,1,60,27.11480000289157,36.88022776835375,2,0.8362575173377991,
bench_detect_20260902_1438,ncnn,320,1,61,27.10829999705311,36.88907087898201,1,0.8402529358863831,
bench_detect_20260902_1438,ncnn,320,1,62,27.698299993062392,36.10329876745037,2,0.8753019571304321,
bench_detect_20260902_1438,ncnn,320,1,63,27.314000006299466,36.61126161563186,1,0.8739727139472961,
bench_detect_20260902_1438,ncnn,320,1,64,26.78100000775885,37.33990514582298,1,0.8813585042953491,
bench_detect_20260902_1438,ncnn,320,1,65,28.191099991090596,35.472188042184804,1,0.8344634175300598,
bench_detect_20260902_1438,ncnn,320,1,66,27.756000010413118,36.028246131461074,2,0.8658980131149292,
bench_detect_20260902_1438,ncnn,320,1,67,26.54209999309387,37.675993996714475,1,0.8395223617553711,
bench_detect_20260902_1438,ncnn,320,1,68,26.780200001667254,37.341020602450435,2,0.8659769892692566,
bench_detect_20260902_1438,ncnn,320,1,69,26.796200007083826,37.31872428686309,1,0.8664171099662781,
bench_detect_20260902_1438,ncnn,320,1,70,26.18810000421945,38.185282622216924,1,0.8556603789329529,
bench_detect_20260902_1438,ncnn,320,1,71,26.41320000111591,37.85985794821346,1,0.8706234097480774,
bench_detect_20260902_1438,ncnn,320,1,72,26.932000007946044,37.13055100642206,1,0.8552781939506531,
bench_detect_20260902_1438,ncnn,320,1,73,26.7182999959914,37.42753094882653,1,0.8395993113517761,
bench_detect_20260902_1438,ncnn,320,1,74,29.93370000331197,33.407163160229324,1,0.8509736657142639,
bench_detect_20260902_1438,ncnn,320,1,75,26.954499990097247,37.09955667392783,1,0.8412089347839355,
bench_detect_20260902_1438,ncnn,320,1,76,26.731200006906874,37.4094690751488,2,0.8553760647773743,
bench_detect_20260902_1438,ncnn,320,1,77,26.595300005283207,37.60062867504214,1,0.8588331341743469,
bench_detect_20260902_1438,ncnn,320,1,78,27.89169999596197,35.852959846290304,1,0.8597092628479004,
bench_detect_20260902_1438,ncnn,320,1,79,28.740199995809235,34.79446907627001,3,0.8422051072120667,
bench_detect_20260902_1438,ncnn,320,1,80,28.677199996309355,34.87090790344581,1,0.8683741688728333,
bench_detect_20260902_1438,ncnn,320,1,81,29.388800001470372,34.02656794254846,1,0.8618001937866211,
bench_detect_20260902_1438,ncnn,320,1,82,28.758600004948676,34.77220726418962,2,0.852422833442688,
bench_detect_20260902_1438,ncnn,320,1,83,27.67660000245087,36.13160575762363,1,0.8346434235572815,
bench_detect_20260902_1438,ncnn,320,1,84,31.35140000085812,31.896502228692466,1,0.8658378720283508,
bench_detect_20260902_1438,ncnn,320,1,85,27.342800007318147,36.572699201704125,1,0.8456016778945923,
bench_detect_20260902_1438,ncnn,320,1,86,27.00689999619499,37.02757443989834,1,0.8533008098602295,
bench_detect_20260902_1438,ncnn,320,1,87,26.5540999971563,37.65896792235816,1,0.8807278871536255,
bench_detect_20260902_1438,ncnn,320,1,88,27.033100006519817,36.991687958792035,1,0.8535934090614319,
bench_detect_20260902_1438,ncnn,320,1,89,29.6305000083521,33.7490086133587,1,0.8226959705352783,
bench_detect_20260902_1438,ncnn,320,1,90,28.676600006292574,34.87163749470187,1,0.8351837992668152,
bench_detect_20260902_1438,ncnn,320,1,91,27.11480000289157,36.88022776835375,5,0.8622596859931946,
bench_detect_20260902_1438,ncnn,320,1,92,27.135100011946633,36.85263734276767,1,0.8443489074707031,
bench_detect_20260902_1438,ncnn,320,1,93,29.335400002310053,34.08850739793061,1,0.8922712802886963,
bench_detect_20260902_1438,ncnn,320,1,94,30.416699999477714,32.87667630009735,1,0.83056640625,
bench_detect_20260902_1438,ncnn,320,1,95,27.960499995970167,35.764739548438904,1,0.8475977778434753,
bench_detect_20260902_1438,ncnn,320,1,96,27.00449999247212,37.03086523648888,1,0.8309312462806702,
bench_detect_20260902_1438,ncnn,320,1,97,26.672299994970672,37.49207980521215,1,0.8784870505332947,
bench_detect_20260902_1438,ncnn,320,1,98,27.551999999559484,36.29500580778123,1,0.8540768623352051,
bench_detect_20260902_1438,ncnn,320,1,99,31.354800012195483,31.89304347694927,1,0.8631400465965271,
bench_detect_20260902_1438,ncnn,320,2,0,23.779000010108575,42.053913098738164,3,0.8670164942741394,
bench_detect_20260902_1438,ncnn,320,2,1,23.658899997826666,42.26739197899569,1,0.8328514695167542,
bench_detect_20260902_1438,ncnn,320,2,2,23.08189999894239,43.323989794853105,2,0.8697808384895325,
bench_detect_20260902_1438,ncnn,320,2,3,31.98349999729544,31.26612159659078,1,0.8827570676803589,
bench_detect_20260902_1438,ncnn,320,2,4,22.770299998228438,43.91685661048829,1,0.8138216137886047,
bench_detect_20260902_1438,ncnn,320,2,5,26.52220000163652,37.704262841630644,1,0.8523721098899841,
bench_detect_20260902_1438,ncnn,320,2,6,33.073200000217184,30.235961442903413,1,0.8551892638206482,
bench_detect_20260902_1438,ncnn,320,2,7,23.79849999852013,42.01945501028146,2,0.8453751802444458,
bench_detect_20260902_1438,ncnn,320,2,8,22.860199998831376,43.74414922227804,1,0.8628572225570679,
bench_detect_20260902_1438,ncnn,320,2,9,25.226800004020333,39.64038244409249,1,0.8440912961959839,
bench_detect_20260902_1438,ncnn,320,2,10,24.632900007418357,40.59611331588418,1,0.8319580554962158,
bench_detect_20260902_1438,ncnn,320,2,11,27.157399992574938,36.822376231649876,2,0.8591515421867371,
bench_detect_20260902_1438,ncnn,320,2,12,28.497899998910725,35.09030490100053,1,0.8425639271736145,
bench_detect_20260902_1438,ncnn,320,2,13,24.831999995512888,40.270618563977884,2,0.8373714685440063,
bench_detect_20260902_1438,ncnn,320,2,14,21.68020000681281,46.12503573240832,1,0.870506763458252,
bench_detect_20260902_1438,ncnn,320,2,15,22.31220000248868,44.81852976795032,1,0.8714591264724731,
bench_detect_20260902_1438,ncnn,320,2,16,24.859999990439974,40.225261479668326,2,0.8616291880607605,
bench_detect_20260902_1438,ncnn,320,2,17,29.51809999649413,33.87751922104641,3,0.860371470451355,
bench_detect_20260902_1438,ncnn,320,2,18,22.41890000004787,44.60522148713205,2,0.8776816129684448,
bench_detect_20260902_1438,ncnn,320,2,19,22.81070000026375,43.83907552106851,1,0.8844538927078247,
bench_detect_20260902_1438,ncnn,320,2,20,29.065900002024136,34.404577182552764,2,0.871953547000885,
bench_detect_20260902_1438,ncnn,320,2,21,22.280000004684553,44.88330340169398,1,0.8574782609939575,
bench_detect_20260902_1438,ncnn,320,2,22,23.264399991603568,42.98413027462188,1,0.8467497825622559,
bench_detect_20260902_1438,ncnn,320,2,23,22.95800000138115,43.55780119957488,1,0.8392353653907776,
bench_detect_20260902_1438,ncnn,320,2,24,23.317099999985658,42.88697994178586,1,0.8665619492530823,
bench_detect_20260902_1438,ncnn,320,2,25,23.782399992342107,42.04790098232299,3,0.8383881449699402,
bench_detect_20260902_1438,ncnn,320,2,26,23.910300005809404,41.82298004445923,3,0.8507546782493591,
bench_detect_20260902_1438,ncnn,320,2,27,23.42559999669902,42.68834096633228,1,0.8478229641914368,
bench_detect_20260902_1438,ncnn,320,2,28,31.212699992465787,32.03824085200521,1,0.8780727386474609,
bench_detect_20260902_1438,ncnn,320,2,29,23.231499988469295,43.04500357257772,1,0.8478466868400574,
bench_detect_20260902_1438,ncnn,320,2,30,23.09649999369867,43.29660339327717,1,0.8513928651809692,
bench_detect_20260902_1438,ncnn,320,2,31,23.453000001609325,42.638468423288316,1,0.8696878552436829,
bench_detect_20260902_1438,ncnn,320,2,32,27.556300003197975,36.289342178882784,2,0.8461757302284241,
bench_detect_20260902_1438,ncnn,320,2,33,23.939999999129213,41.771094404192716,1,0.8386850953102112,
bench_detect_20260902_1438,ncnn,320,2,34,23.983100007171743,41.6960276069802,2,0.8442752361297607,
bench_detect_20260902_1438,ncnn,320,2,35,24.166999995941296,41.37873961054099,1,0.850351095199585,
bench_detect_20260902_1438,ncnn,320,2,36,23.553099992568605,42.45725617075954,1,0.8418047428131104,
bench_detect_20260902_1438,ncnn,320,2,37,24.71519999380689,40.460930935237386,1,0.8386184573173523,
bench_detect_20260902_1438,ncnn,320,2,38,22.349600010784343,44.743530063959554,1,0.8658448457717896,
bench_detect_20260902_1438,ncnn,320,2,39,25.970299990149215,38.50552363196843,2,0.8564574718475342,
bench_detect_20260902_1438,ncnn,320,2,40,28.38770000380464,35.226524158913044,1,0.8289921283721924,
bench_detect_20260902_1438,ncnn,320,2,41,23.114800002076663,43.26232543263012,1,0.8585211038589478,
bench_detect_20260902_1438,ncnn,320,2,42,24.429099998087622,40.93478679436749,2,0.8730190396308899,
bench_detect_20260902_1438,ncnn,320,2,43,24.010099994484335,41.649139330103694,1,0.8458724021911621,
bench_detect_20260902_1438,ncnn,320,2,44,24.596099989139475,40.656852120521336,1,0.8432603478431702,
bench_detect_20260902_1438,ncnn,320,2,45,24.30370000365656,41.14599833974034,1,0.8354376554489136,
bench_detect_20260902_1438,ncnn,320,2,46,30.055900002480485,33.271337737930686,1,0.8780819177627563,
bench_detect_20260902_1438,ncnn,320,2,47,23.850199999287724,41.92836957467294,1,0.8653020858764648,
bench_detect_20260902_1438,ncnn,320,2,48,25.45539999846369,39.284395454809314,1,0.8466676473617554,
bench_detect_20260902_1438,ncnn,320,2,49,23.487200000090525,42.57638202919657,1,0.8357387185096741,
bench_detect_20260902_1438,ncnn,320,2,50,23.65329999884125,42.27739892737965,2,0.8686113357543945,
bench_detect_20260902_1438,ncnn,320,2,51,30.39889999490697,32.89592716077029,1,0.8685365915298462,
bench_detect_20260902_1438,ncnn,320,2,52,23.727600011625327,42.145012538564814,1,0.845445990562439,
bench_detect_20260902_1438,ncnn,320,2,53,29.632500009029172,33.74673077517236,1,0.8381633758544922,
bench_detect_20260902_1438,ncnn,320,2,54,23.323999994318,42.87429258461721,1,0.850558340549469,
bench_detect_20260902_1438,ncnn,320,2,55,27.319300003000535,36.60415896052124,1,0.8439571857452393,
bench_detect_20260902_1438,ncnn,320,2,56,26.598700002068654,37.59582234929629,1,0.8371194005012512,
bench_detect_20260902_1438,ncnn,320,2,57,28.332399990176782,35.2952803273536,1,0.8488039374351501,
bench_detect_20260902_1438,ncnn,320,2,58,24.684600008185953,40.511087871319695,3,0.8435398936271667,
bench_detect_20260902_1438,ncnn,320,2,59,24.462999994284473,40.878060754349,1,0.8659918904304504,
bench_detect_20260902_1438,ncnn,320,2,60,23.950500006321818,41.75278176806524,2,0.8362575173377991,
bench_detect_20260902_1438,ncnn,320,2,61,23.2901999988826,42.93651407235564,1,0.8402529358863831,
bench_detect_20260902_1438,ncnn,320,2,62,27.28219999698922,36.6539355371032,2,0.8753019571304321,
bench_detect_20260902_1438,ncnn,320,2,63,24.404600000707433,40.97588159490474,1,0.8739727139472961,
bench_detect_20260902_1438,ncnn,320,2,64,23.036800004774705,43.408806769722176,1,0.8813585042953491,
bench_detect_20260902_1438,ncnn,320,2,65,25.20050000748597,39.68175233439589,1,0.8344634175300598,
bench_detect_20260902_1438,ncnn,320,2,66,23.401700003887527,42.73193827088966,2,0.8658980131149292,
bench_detect_20260902_1438,ncnn,320,2,67,23.814999993192032,41.990342233292836,1,0.8395223617553711,
bench_detect_20260902_1438,ncnn,320,2,68,30.47379999770783,32.81507393482985,2,0.8659769892692566,
bench_detect_20260902_1438,ncnn,320,2,69,22.794100004830398,43.87100169728507,1,0.8664171099662781,
bench_detect_20260902_1438,ncnn,320,2,70,24.517900004866533,40.78652738617545,1,0.8556603789329529,
bench_detect_20260902_1438,ncnn,320,2,71,23.943799998960458,41.76446512430842,1,0.8706234097480774,
bench_detect_20260902_1438,ncnn,320,2,72,26.708700010203756,37.44098363521854,1,0.8552781939506531,
bench_detect_20260902_1438,ncnn,320,2,73,26.559700010693632,37.651027669641365,1,0.8395993113517761,
bench_detect_20260902_1438,ncnn,320,2,74,28.03689999564085,35.66728133836048,1,0.8509736657142639,
bench_detect_20260902_1438,ncnn,320,2,75,28.732899998431094,34.80330910052947,1,0.8412089347839355,
bench_detect_20260902_1438,ncnn,320,2,76,23.883200003183447,41.87043611688164,2,0.8553760647773743,
bench_detect_20260902_1438,ncnn,320,2,77,27.30600000359118,36.62198783668365,1,0.8588331341743469,
bench_detect_20260902_1438,ncnn,320,2,78,29.1461999877356,34.30978996990307,1,0.8597092628479004,
bench_detect_20260902_1438,ncnn,320,2,79,23.876699997344986,41.88183459653959,3,0.8422051072120667,
bench_detect_20260902_1438,ncnn,320,2,80,22.821400008979253,43.81852119530539,1,0.8683741688728333,
bench_detect_20260902_1438,ncnn,320,2,81,25.372599993715994,39.41259469852002,1,0.8618001937866211,
bench_detect_20260902_1438,ncnn,320,2,82,27.264699994702823,36.67746207346081,2,0.852422833442688,
bench_detect_20260902_1438,ncnn,320,2,83,23.936700003105216,41.776853111342575,1,0.8346434235572815,
bench_detect_20260902_1438,ncnn,320,2,84,24.837899996782653,40.261052670698156,1,0.8658378720283508,
bench_detect_20260902_1438,ncnn,320,2,85,26.682800002163276,37.4773262145999,1,0.8456016778945923,
bench_detect_20260902_1438,ncnn,320,2,86,26.84160000353586,37.255603237820004,1,0.8533008098602295,
bench_detect_20260902_1438,ncnn,320,2,87,24.815799988573417,40.29690763386455,1,0.8807278871536255,
bench_detect_20260902_1438,ncnn,320,2,88,24.388299993006513,41.003267972214374,1,0.8535934090614319,
bench_detect_20260902_1438,ncnn,320,2,89,24.76520001073368,40.379241821854144,1,0.8226959705352783,
bench_detect_20260902_1438,ncnn,320,2,90,23.660099992412142,42.265248258490146,1,0.8351837992668152,
bench_detect_20260902_1438,ncnn,320,2,91,24.82669999881182,40.27921552392622,5,0.8622596859931946,
bench_detect_20260902_1438,ncnn,320,2,92,23.434799993992783,42.67158244390127,1,0.8443489074707031,
bench_detect_20260902_1438,ncnn,320,2,93,27.21949999977369,36.738367714627906,1,0.8922712802886963,
bench_detect_20260902_1438,ncnn,320,2,94,25.214499997673556,39.65971960944164,1,0.83056640625,
bench_detect_20260902_1438,ncnn,320,2,95,24.432699996395968,40.92875532165944,1,0.8475977778434753,
bench_detect_20260902_1438,ncnn,320,2,96,26.57129999715835,37.634590709033596,1,0.8309312462806702,
bench_detect_20260902_1438,ncnn,320,2,97,23.358899998129345,42.81023507442915,1,0.8784870505332947,
bench_detect_20260902_1438,ncnn,320,2,98,24.21380000305362,41.29876350981214,1,0.8540768623352051,
bench_detect_20260902_1438,ncnn,320,2,99,26.373799992143176,37.916417061549815,1,0.8631400465965271,
bench_detect_20260902_1438,ncnn,320,4,0,25.57630000228528,39.09869683694078,3,0.8670164942741394,
bench_detect_20260902_1438,ncnn,320,4,1,25.53749999788124,39.158100835358454,1,0.8328514695167542,
bench_detect_20260902_1438,ncnn,320,4,2,30.95430000394117,32.30568935083907,2,0.8697808384895325,
bench_detect_20260902_1438,ncnn,320,4,3,31.598800007486716,31.64677138888406,1,0.8827570676803589,
bench_detect_20260902_1438,ncnn,320,4,4,28.203199995914474,35.45696942704588,1,0.8138216137886047,
bench_detect_20260902_1438,ncnn,320,4,5,26.608100000885315,37.58254065366289,1,0.8523721098899841,
bench_detect_20260902_1438,ncnn,320,4,6,30.174800005625002,33.140236217426,1,0.8551892638206482,
bench_detect_20260902_1438,ncnn,320,4,7,30.351199995493516,32.94762645788232,2,0.8453751802444458,
bench_detect_20260902_1438,ncnn,320,4,8,28.79519999260083,34.72801023284987,1,0.8628572225570679,
bench_detect_20260902_1438,ncnn,320,4,9,23.614899997483008,42.34614587004751,1,0.8440912961959839,
bench_detect_20260902_1438,ncnn,320,4,10,28.294000003370456,35.34318229592413,1,0.8319580554962158,
bench_detect_20260902_1438,ncnn,320,4,11,29.881299997214228,33.46574613866291,2,0.8591515421867371,
bench_detect_20260902_1438,ncnn,320,4,12,25.918200000887737,38.58292628213952,1,0.8425639271736145,
bench_detect_20260902_1438,ncnn,320,4,13,25.860299996566027,38.669311652718235,2,0.8373714685440063,
bench_detect_20260902_1438,ncnn,320,4,14,27.518999995663762,36.33852974881255,1,0.870506763458252,
bench_detect_20260902_1438,ncnn,320,4,15,29.968900009407662,33.36792473818144,1,0.8714591264724731,
bench_detect_20260902_1438,ncnn,320,4,16,29.55380000639707,33.83659630177997,2,0.8616291880607605,
bench_detect_20260902_1438,ncnn,320,4,17,25.28129999700468,39.55492795538519,3,0.860371470451355,
bench_detect_20260902_1438,ncnn,320,4,18,29.70850000565406,33.66040021575247,2,0.8776816129684448,
bench_detect_20260902_1438,ncnn,320,4,19,28.505599999334663,35.08082622443803,1,0.8844538927078247,
bench_detect_20260902_1438,ncnn,320,4,20,28.244300003279932,35.40537382352803,2,0.871953547000885,
bench_detect_20260902_1438,ncnn,320,4,21,32.6480000076117,30.629747603738533,1,0.8574782609939575,
bench_detect_20260902_1438,ncnn,320,4,22,32.071699999505654,31.180137006002607,1,0.8467497825622559,
bench_detect_20260902_1438,ncnn,320,4,23,30.755600004340522,32.514403876330505,1,0.8392353653907776,
bench_detect_20260902_1438,ncnn,320,4,24,30.568999995011836,32.71287906582411,1,0.8665619492530823,
bench_detect_20260902_1438,ncnn,320,4,25,26.177100007771514,38.20132863086888,3,0.8383881449699402,
bench_detect_20260902_1438,ncnn,320,4,26,35.06480000214651,28.518628366304227,3,0.8507546782493591,
bench_detect_20260902_1438,ncnn,320,4,27,32.52190000785049,30.748510995932254,1,0.8478229641914368,
bench_detect_20260902_1438,ncnn,320,4,28,29.470499997842126,33.9322373245524,1,0.8780727386474609,
bench_detect_20260902_1438,ncnn,320,4,29,24.540200000046752,40.74946414446887,1,0.8478466868400574,
bench_detect_20260902_1438,ncnn,320,4,30,30.020399994100444,33.31068207607221,1,0.8513928651809692,
bench_detect_20260902_1438,ncnn,320,4,31,30.025000000023283,33.30557868440381,1,0.8696878552436829,
bench_detect_20260902_1438,ncnn,320,4,32,30.84770000714343,32.41732770250064,2,0.8461757302284241,
bench_detect_20260902_1438,ncnn,320,4,33,31.43820000695996,31.80843686275342,1,0.8386850953102112,
bench_detect_20260902_1438,ncnn,320,4,34,30.718000009073876,32.554202737958434,2,0.8442752361297607,
bench_detect_20260902_1438,ncnn,320,4,35,32.38930000225082,30.87439370194809,1,0.850351095199585,
bench_detect_20260902_1438,ncnn,320,4,36,29.0439999953378,34.430519217756576,1,0.8418047428131104,
bench_detect_20260902_1438,ncnn,320,4,37,30.451700004050508,32.838889121690606,1,0.8386184573173523,
bench_detect_20260902_1438,ncnn,320,4,38,28.858899997430854,34.65135539085081,1,0.8658448457717896,
bench_detect_20260902_1438,ncnn,320,4,39,28.976899993722327,34.51024782556602,2,0.8564574718475342,
bench_detect_20260902_1438,ncnn,320,4,40,26.583600003505126,37.61717750297729,1,0.8289921283721924,
bench_detect_20260902_1438,ncnn,320,4,41,30.56460000516381,32.71758831560212,1,0.8585211038589478,
bench_detect_20260902_1438,ncnn,320,4,42,32.04639999603387,31.204753111855375,2,0.8730190396308899,
bench_detect_20260902_1438,ncnn,320,4,43,29.87119999306742,33.47706152521768,1,0.8458724021911621,
bench_detect_20260902_1438,ncnn,320,4,44,31.016799999633804,32.24059219557809,1,0.8432603478431702,
bench_detect_20260902_1438,ncnn,320,4,45,27.170900008059107,36.804080825566764,1,0.8354376554489136,
bench_detect_20260902_1438,ncnn,320,4,46,26.21460000227671,38.14668161685286,1,0.8780819177627563,
bench_detect_20260902_1438,ncnn,320,4,47,29.583499999716878,33.80262646439976,1,0.8653020858764648,
bench_detect_20260902_1438,ncnn,320,4,48,31.948000003467314,31.300863900446664,1,0.8466676473617554,
bench_detect_20260902_1438,ncnn,320,4,49,30.123699994874187,33.196453296579065,1,0.8357387185096741,
bench_detect_20260902_1438,ncnn,320,4,50,30.70770000340417,32.565122099315246,2,0.8686113357543945,
bench_detect_20260902_1438,ncnn,320,4,51,31.72189999895636,31.523962941466294,1,0.8685365915298462,
bench_detect_20260902_1438,ncnn,320,4,52,31.14649999770336,32.10633618781362,1,0.845445990562439,
bench_detect_20260902_1438,ncnn,320,4,53,30.686800004332326,32.58730137579745,1,0.8381633758544922,
bench_detect_20260902_1438,ncnn,320,4,54,26.882099991780706,37.19947475479049,1,0.850558340549469,
bench_detect_20260902_1438,ncnn,320,4,55,32.81479999714065,30.47405439274766,1,0.8439571857452393,
bench_detect_20260902_1438,ncnn,320,4,56,31.77880001021549,31.46751921653882,1,0.8371194005012512,
bench_detect_20260902_1438,ncnn,320,4,57,31.62460000021383,31.620953308286538,1,0.8488039374351501,
bench_detect_20260902_1438,ncnn,320,4,58,30.53380000346806,32.75059114445038,3,0.8435398936271667,
bench_detect_20260902_1438,ncnn,320,4,59,30.125100005534478,33.194910550215056,1,0.8659918904304504,
bench_detect_20260902_1438,ncnn,320,4,60,28.238400002010167,35.412771259306986,2,0.8362575173377991,
bench_detect_20260902_1438,ncnn,320,4,61,27.958599996054545,35.76717003502027,1,0.8402529358863831,
bench_detect_20260902_1438,ncnn,320,4,62,28.591800000867806,34.97506277917614,2,0.8753019571304321,
bench_detect_20260902_1438,ncnn,320,4,63,30.815399994025938,32.45130682041661,1,0.8739727139472961,
bench_detect_20260902_1438,ncnn,320,4,64,30.66400000534486,32.611531431831985,1,0.8813585042953491,
bench_detect_20260902_1438,ncnn,320,4,65,32.277499994961545,30.98133375125391,1,0.8344634175300598,
bench_detect_20260902_1438,ncnn,320,4,66,30.68760001042392,32.58645184570711,2,0.8658980131149292,
bench_detect_20260902_1438,ncnn,320,4,67,31.700899999123067,31.544845730804575,1,0.8395223617553711,
bench_detect_20260902_1438,ncnn,320,4,68,33.317399997031316,30.0143468604724,2,0.8659769892692566,
bench_detect_20260902_1438,ncnn,320,4,69,26.186199989751913,38.188053264366516,1,0.8664171099662781,
bench_detect_20260902_1438,ncnn,320,4,70,26.095900000655092,38.32019589187944,1,0.8556603789329529,
bench_detect_20260902_1438,ncnn,320,4,71,28.925700011313893,34.5713327459271,1,0.8706234097480774,
bench_detect_20260902_1438,ncnn,320,4,72,25.505300000077114,39.207537256843736,1,0.8552781939506531,
bench_detect_20260902_1438,ncnn,320,4,73,31.445100001292303,31.801457141459334,1,0.8395993113517761,
bench_detect_20260902_1438,ncnn,320,4,74,30.9380999970017,32.322605463713444,1,0.8509736657142639,
bench_detect_20260902_1438,ncnn,320,4,75,30.039699995541014,33.28928052372149,1,0.8412089347839355,
bench_detect_20260902_1438,ncnn,320,4,76,31.94939999957569,31.299492322650213,2,0.8553760647773743,
bench_detect_20260902_1438,ncnn,320,4,77,29.959699997561984,33.378171346220974,1,0.8588331341743469,
bench_detect_20260902_1438,ncnn,320,4,78,29.71800000523217,33.64963994292817,1,0.8597092628479004,
bench_detect_20260902_1438,ncnn,320,4,79,35.06989999732468,28.514481081391317,3,0.8422051072120667,
bench_detect_20260902_1438,ncnn,320,4,80,24.929699997301213,40.112797190028594,1,0.8683741688728333,
bench_detect_20260902_1438,ncnn,320,4,81,30.394500005058944,32.90068926396411,1,0.8618001937866211,
bench_detect_20260902_1438,ncnn,320,4,82,27.10500000102911,36.89356207201743,2,0.852422833442688,
bench_detect_20260902_1438,ncnn,320,4,83,26.443800001288764,37.81604761612416,1,0.8346434235572815,
bench_detect_20260902_1438,ncnn,320,4,84,32.69700000237208,30.583845610528574,1,0.8658378720283508,
bench_detect_20260902_1438,ncnn,320,4,85,31.907099997624755,31.34098680464356,1,0.8456016778945923,
bench_detect_20260902_1438,ncnn,320,4,86,31.27150000364054,31.977999132871236,1,0.8533008098602295,
bench_detect_20260902_1438,ncnn,320,4,87,33.43769999628421,29.906363180216516,1,0.8807278871536255,
bench_detect_20260902_1438,ncnn,320,4,88,33.878200003528036,29.517506830228914,1,0.8535934090614319,
bench_detect_20260902_1438,ncnn,320,4,89,28.82110000064131,34.696801994988,1,0.8226959705352783,
bench_detect_20260902_1438,ncnn,320,4,90,30.966000005719252,32.29348316913084,1,0.8351837992668152,
bench_detect_20260902_1438,ncnn,320,4,91,32.636199990520254,30.640822163440205,5,0.8622596859931946,
bench_detect_20260902_1438,ncnn,320,4,92,32.96369999588933,30.33640034719109,1,0.8443489074707031,
bench_detect_20260902_1438,ncnn,320,4,93,29.744399987976067,33.61977381975235,1,0.8922712802886963,
bench_detect_20260902_1438,ncnn,320,4,94,30.967800004873425,32.29160611482344,1,0.83056640625,
bench_detect_20260902_1438,ncnn,320,4,95,22.829599998658523,43.80278235530891,1,0.8475977778434753,
bench_detect_20260902_1438,ncnn,320,4,96,28.272299998207018,35.370309457080545,1,0.8309312462806702,
bench_detect_20260902_1438,ncnn,320,4,97,31.14110000024084,32.11190356128287,1,0.8784870505332947,
bench_detect_20260902_1438,ncnn,320,4,98,30.752799997571856,32.517364275088994,1,0.8540768623352051,
bench_detect_20260902_1438,ncnn,320,4,99,28.519400002551265,35.063851270031726,1,0.8631400465965271,
bench_detect_20260902_1438,ncnn,640,1,0,116.48850000347011,8.58453838765381,1,0.8214687705039978,
bench_detect_20260902_1438,ncnn,640,1,1,116.23440000403207,8.603305045367902,1,0.8121480345726013,
bench_detect_20260902_1438,ncnn,640,1,2,118.91629999445286,8.409276104677387,1,0.8395454287528992,
bench_detect_20260902_1438,ncnn,640,1,3,116.21029999514576,8.605089222227042,1,0.8316106796264648,
bench_detect_20260902_1438,ncnn,640,1,4,118.01679999916814,8.473369893159692,1,0.7443011403083801,
bench_detect_20260902_1438,ncnn,640,1,5,114.29040000075474,8.749641264650366,1,0.8330689668655396,
bench_detect_20260902_1438,ncnn,640,1,6,114.12600000039674,8.762245237689253,1,0.8096312284469604,
bench_detect_20260902_1438,ncnn,640,1,7,111.07510000874754,9.002917844964772,2,0.8250117301940918,
bench_detect_20260902_1438,ncnn,640,1,8,116.05660000350326,8.616485404275277,1,0.848911464214325,
bench_detect_20260902_1438,ncnn,640,1,9,111.08649999368936,9.001993942169467,1,0.830953061580658,
bench_detect_20260902_1438,ncnn,640,1,10,111.0259999986738,9.006899284959784,1,0.8210681080818176,
bench_detect_20260902_1438,ncnn,640,1,11,113.32439999387134,8.824224968798253,1,0.8629554510116577,
bench_detect_20260902_1438,ncnn,640,1,12,116.97479999565985,8.54884983806002,1,0.8423637747764587,
bench_detect_20260902_1438,ncnn,640,1,13,119.03329999768175,8.401010473703373,2,0.8258850574493408,
bench_detect_20260902_1438,ncnn,640,1,14,123.86600000900216,8.073240436659965,1,0.8677327632904053,
bench_detect_20260902_1438,ncnn,640,1,15,118.03220000001602,8.472264348202136,1,0.8611426949501038,
bench_detect_20260902_1438,ncnn,640,1,16,117.57000000216067,8.50557114894635,2,0.8343462347984314,
bench_detect_20260902_1438,ncnn,640,1,17,114.8931000061566,8.703742870080227,3,0.839414656162262,
bench_detect_20260902_1438,ncnn,640,1,18,114.15770000894554,8.759812083824734,2,0.8466665744781494,
bench_detect_20260902_1438,ncnn,640,1,19,115.77869999746326,8.637167285708944,1,0.8641485571861267,
bench_detect_20260902_1438,ncnn,640,1,20,113.54479999863543,8.807096406105941,2,0.8630983233451843,
bench_detect_20260902_1438,ncnn,640,1,21,113.61279999255203,8.80182514703938,1,0.8406503796577454,
bench_detect_20260902_1438,ncnn,640,1,22,114.2175999993924,8.755218110040131,1,0.8391132950782776,
bench_detect_20260902_1438,ncnn,640,1,23,114.89550000987947,8.703561061260132,1,0.8192141056060791,
bench_detect_20260902_1438,ncnn,640,1,24,113.07839999790303,8.84342190921117,1,0.8192446231842041,
bench_detect_20260902_1438,ncnn,640,1,25,115.08789999061264,8.68901074814613,2,0.8416053652763367,
bench_detect_20260902_1438,ncnn,640,1,26,113.73359999561217,8.79247645408727,3,0.8323209881782532,
bench_detect_20260902_1438,ncnn,640,1,27,111.91210000833962,8.935584265914773,1,0.8368034958839417,
bench_detect_20260902_1438,ncnn,640,1,28,113.76370000652969,8.79015010888889,1,0.8446123003959656,
bench_detect_20260902_1438,ncnn,640,1,29,110.42860000452492,9.055625082261516,1,0.8436523079872131,
bench_detect_20260902_1438,ncnn,640,1,30,112.00639999879058,8.928061253739052,1,0.8377924561500549,
bench_detect_20260902_1438,ncnn,640,1,31,107.7614999958314,9.279752045384331,1,0.843222439289093,
bench_detect_20260902_1438,ncnn,640,1,32,109.14090000733268,9.16246796510579,1,0.8313406705856323,
bench_detect_20260902_1438,ncnn,640,1,33,107.69069999514613,9.285852910651267,1,0.8367629647254944,
bench_detect_20260902_1438,ncnn,640,1,34,109.16209999413695,9.160688554486489,1,0.794060230255127,
bench_detect_20260902_1438,ncnn,640,1,35,111.65550000441726,8.956119492191952,1,0.844182014465332,
bench_detect_20260902_1438,ncnn,640,1,36,109.21209999651182,9.156494564539456,1,0.8246176838874817,
bench_detect_20260902_1438,ncnn,640,1,37,112.8716999955941,8.859616715607496,1,0.845628023147583,
bench_detect_20260902_1438,ncnn,640,1,38,107.98739999881946,9.260339632317587,1,0.8481340408325195,
bench_detect_20260902_1438,ncnn,640,1,39,112.23489999247249,8.909884537403867,2,0.8228015303611755,
bench_detect_20260902_1438,ncnn,640,1,40,111.56959999061655,8.963015015596579,1,0.8118503093719482,
bench_detect_20260902_1438,ncnn,640,1,41,115.57080000056885,8.65270466238079,1,0.8480193018913269,
bench_detect_20260902_1438,ncnn,640,1,42,112.38270001194905,8.898166709766498,2,0.8532117605209351,
bench_detect_20260902_1438,ncnn,640,1,43,109.0254000009736,9.17217455740653,1,0.8299168944358826,
bench_detect_20260902_1438,ncnn,640,1,44,111.87439999775961,8.938595425048321,1,0.7718534469604492,
bench_detect_20260902_1438,ncnn,640,1,45,109.57190000044648,9.126427487302175,1,0.8479881286621094,
bench_detect_20260902_1438,ncnn,640,1,46,111.88460000266787,8.93778053437341,1,0.848056435585022,
bench_detect_20260902_1438,ncnn,640,1,47,111.39530000218656,8.977039426083248,1,0.8432230353355408,
bench_detect_20260902_1438,ncnn,640,1,48,110.58540000522044,9.04278503267875,1,0.815872073173523,
bench_detect_20260902_1438,ncnn,640,1,49,112.1082000026945,8.919954115541639,1,0.7787197828292847,
bench_detect_20260902_1438,ncnn,640,1,50,108.72669999662321,9.197372862701227,2,0.8698756694793701,
bench_detect_20260902_1438,ncnn,640,1,51,107.01609999523498,9.344388368147655,1,0.8253887891769409,
bench_detect_20260902_1438,ncnn,640,1,52,113.08629999984987,8.842804123941871,1,0.8267797231674194,
bench_detect_20260902_1438,ncnn,640,1,53,111.12719999800902,8.998696988837262,1,0.8350737690925598,
bench_detect_20260902_1438,ncnn,640,1,54,110.67890000413172,9.035145813363426,1,0.8424330353736877,
bench_detect_20260902_1438,ncnn,640,1,55,108.80509999697097,9.190745654641548,1,0.8537830710411072,
bench_detect_20260902_1438,ncnn,640,1,56,111.96799999743234,8.93112317825568,1,0.8273897767066956,
bench_detect_20260902_1438,ncnn,640,1,57,120.35240000113845,8.308932767361023,1,0.826176106929779,
bench_detect_20260902_1438,ncnn,640,1,58,112.66359999717679,8.875981239948473,2,0.8604757785797119,
bench_detect_20260902_1438,ncnn,640,1,59,111.17089999606833,8.995159704881097,1,0.818992555141449,
bench_detect_20260902_1438,ncnn,640,1,60,111.20939999818802,8.992045636576526,2,0.8329590559005737,
bench_detect_20260902_1438,ncnn,640,1,61,108.8127999973949,9.190095283127913,1,0.8284342288970947,
bench_detect_20260902_1438,ncnn,640,1,62,108.96670000511222,9.177115577080746,2,0.8373320698738098,
bench_detect_20260902_1438,ncnn,640,1,63,111.54060000262689,8.965345353857241,1,0.8421450257301331,
bench_detect_20260902_1438,ncnn,640,1,64,119.16600000404287,8.391655337647261,1,0.8202604651451111,
bench_detect_20260902_1438,ncnn,640,1,65,114.50840000179596,8.732983780965553,1,0.8330275416374207,
bench_detect_20260902_1438,ncnn,640,1,66,115.75230000016745,8.639137192077854,2,0.8189752101898193,
bench_detect_20260902_1438,ncnn,640,1,67,109.35800000152085,9.144278424862314,1,0.8267175555229187,
bench_detect_20260902_1438,ncnn,640,1,68,111.34260000835638,8.981288383107174,2,0.8485023379325867,
bench_detect_20260902_1438,ncnn,640,1,69,107.96709998976439,9.262080764369914,1,0.8594738841056824,
bench_detect_20260902_1438,ncnn,640,1,70,108.44440000073519,9.221315254574884,1,0.8575980067253113,
bench_detect_20260902_1438,ncnn,640,1,71,116.15420000453014,8.609245296003062,1,0.8561351895332336,
bench_detect_20260902_1438,ncnn,640,1,72,110.42969999834895,9.055534878886306,1,0.8265811800956726,
bench_detect_20260902_1438,ncnn,640,1,73,113.2818999903975,8.82753555585461,1,0.8261642456054688,
bench_detect_20260902_1438,ncnn,640,1,74,110.9301999968011,9.014677698488212,1,0.8381205797195435,
bench_detect_20260902_1438,ncnn,640,1,75,113.6119000002509,8.80189487190859,1,0.8184217214584351,
bench_detect_20260902_1438,ncnn,640,1,76,113.06589999003336,8.84439959429102,2,0.8448438048362732,
bench_detect_20260902_1438,ncnn,640,1,77,111.81919999944512,8.943007998670732,1,0.8476136922836304,
bench_detect_20260902_1438,ncnn,640,1,78,113.988099998096,8.772845586659516,1,0.8524566292762756,
bench_detect_20260902_1438,ncnn,640,1,79,113.97360000410117,8.77396168905796,4,0.839610755443573,
bench_detect_20260902_1438,ncnn,640,1,80,118.28090000199154,8.454450380265644,1,0.8314980268478394,
bench_detect_20260902_1438,ncnn,640,1,81,112.8960000060033,8.85770975009588,1,0.8271514773368835,
bench_detect_20260902_1438,ncnn,640,1,82,113.52329999499489,8.808764368584148,2,0.8298346996307373,
bench_detect_20260902_1438,ncnn,640,1,83,122.15799999830779,8.186119615693222,1,0.8219830989837646,
bench_detect_20260902_1438,ncnn,640,1,84,135.88309999613557,7.359266899477856,1,0.8257671594619751,
bench_detect_20260902_1438,ncnn,640,1,85,134.34599999163765,7.4434668695922825,1,0.811461329460144,
bench_detect_20260902_1438,ncnn,640,1,86,119.20800000370946,8.388698744789632,1,0.8388513922691345,
bench_detect_20260902_1438,ncnn,640,1,87,117.72179999388754,8.49460337891472,1,0.8571673035621643,
bench_detect_20260902_1438,ncnn,640,1,88,118.68010000034701,8.426012448566155,1,0.8460314273834229,
bench_detect_20260902_1438,ncnn,640,1,89,117.57000000216067,8.50557114894635,1,0.7928651571273804,
bench_detect_20260902_1438,ncnn,640,1,90,119.51849999604747,8.366905542096584,1,0.8154221177101135,
bench_detect_20260902_1438,ncnn,640,1,91,113.23280000942759,8.831363349813317,6,0.85065096616745,
bench_detect_20260902_1438,ncnn,640,1,92,115.73580000549555,8.64036883965477,1,0.8413549065589905,
bench_detect_20260902_1438,ncnn,640,1,93,115.72840000735596,8.640921329046611,1,0.8516277074813843,
bench_detect_20260902_1438,ncnn,640,1,94,111.02989999926649,9.00658291150948,1,0.8222675323486328,
bench_detect_20260902_1438,ncnn,640,1,95,116.36109999381006,8.593937321434707,1,0.8292026519775391,
bench_detect_20260902_1438,ncnn,640,1,96,114.25860000599641,8.75207642967373,1,0.8072890043258667,
bench_detect_20260902_1438,ncnn,640,1,97,111.26779999176506,8.98732607343733,1,0.8510768413543701,
bench_detect_20260902_1438,ncnn,640,1,98,111.91940000571776,8.935001438078759,1,0.8391404151916504,
bench_detect_20260902_1438,ncnn,640,1,99,112.69139999058098,8.873791612169008,1,0.8497687578201294,
bench_detect_20260902_1438,ncnn,640,2,0,103.52330000023358,9.659661158384091,1,0.8214687705039978,
bench_detect_20260902_1438,ncnn,640,2,1,93.71790000295732,10.670320183961062,1,0.8121480345726013,
bench_detect_20260902_1438,ncnn,640,2,2,90.35009999934118,11.068056371905419,1,0.8395454287528992,
bench_detect_20260902_1438,ncnn,640,2,3,96.421599999303,10.371120164021637,1,0.8316106796264648,
bench_detect_20260902_1438,ncnn,640,2,4,103.80199999781325,9.633725747298381,1,0.7443011403083801,
bench_detect_20260902_1438,ncnn,640,2,5,95.6335999944713,10.456575932076293,1,0.8330689668655396,
bench_detect_20260902_1438,ncnn,640,2,6,94.9891999916872,10.527512602353879,1,0.8096312284469604,
bench_detect_20260902_1438,ncnn,640,2,7,116.72219999309164,8.567350513091652,2,0.8250117301940918,
bench_detect_20260902_1438,ncnn,640,2,8,96.75850000348873,10.335009326973278,1,0.848911464214325,
bench_detect_20260902_1438,ncnn,640,2,9,97.46550000272691,10.26004073207465,1,0.830953061580658,
bench_detect_20260902_1438,ncnn,640,2,10,99.37929999432527,10.062457675361989,1,0.8210681080818176,
bench_detect_20260902_1438,ncnn,640,2,11,98.53889999794774,10.148276467677505,1,0.8629554510116577,
bench_detect_20260902_1438,ncnn,640,2,12,116.75619999004994,8.564855657217526,1,0.8423637747764587,
bench_detect_20260902_1438,ncnn,640,2,13,117.51980001281481,8.509204405478533,2,0.8258850574493408,
bench_detect_20260902_1438,ncnn,640,2,14,104.40440000093076,9.578140384802603,1,0.8677327632904053,
bench_detect_20260902_1438,ncnn,640,2,15,116.98779999278486,8.54789986700899,1,0.8611426949501038,
bench_detect_20260902_1438,ncnn,640,2,16,95.33680000458844,10.489129066130511,2,0.8343462347984314,
bench_detect_20260902_1438,ncnn,640,2,17,118.49909999000374,8.438882658892407,3,0.839414656162262,
bench_detect_20260902_1438,ncnn,640,2,18,113.26050000207033,8.829203473247254,2,0.8466665744781494,
bench_detect_20260902_1438,ncnn,640,2,19,104.56690000137314,9.563255676383907,1,0.8641485571861267,
bench_detect_20260902_1438,ncnn,640,2,20,91.62870000000112,10.913611128390862,2,0.8630983233451843,
bench_detect_20260902_1438,ncnn,640,2,21,107.6180999953067,9.29211721860552,1,0.8406503796577454,
bench_detect_20260902_1438,ncnn,640,2,22,106.60070000449196,9.380801438994883,1,0.8391132950782776,
bench_detect_20260902_1438,ncnn,640,2,23,95.28119998867624,10.495249851165243,1,0.8192141056060791,
bench_detect_20260902_1438,ncnn,640,2,24,94.74960000079591,10.554134265385816,1,0.8192446231842041,
bench_detect_20260902_1438,ncnn,640,2,25,112.20339999999851,8.912385899179645,2,0.8416053652763367,
bench_detect_20260902_1438,ncnn,640,2,26,108.17250001127832,9.244493747447251,3,0.8323209881782532,
bench_detect_20260902_1438,ncnn,640,2,27,99.45530000550207,10.054768322499434,1,0.8368034958839417,
bench_detect_20260902_1438,ncnn,640,2,28,109.35160001099575,9.144813609489445,1,0.8446123003959656,
bench_detect_20260902_1438,ncnn,640,2,29,122.29089999163989,8.177223326252097,1,0.8436523079872131,
bench_detect_20260902_1438,ncnn,640,2,30,94.3433000065852,10.599586827365586,1,0.8377924561500549,
bench_detect_20260902_1438,ncnn,640,2,31,100.78259999863803,9.922347706980311,1,0.843222439289093,
bench_detect_20260902_1438,ncnn,640,2,32,116.8894000002183,8.555095671618918,1,0.8313406705856323,
bench_detect_20260902_1438,ncnn,640,2,33,98.87789998902008,10.113483398323035,1,0.8367629647254944,
bench_detect_20260902_1438,ncnn,640,2,34,105.37180000392254,9.490205158901853,1,0.794060230255127,
bench_detect_20260902_1438,ncnn,640,2,35,93.14469998935238,10.73598390584019,1,0.844182014465332,
bench_detect_20260902_1438,ncnn,640,2,36,91.28940000664443,10.954174306405955,1,0.8246176838874817,
bench_detect_20260902_1438,ncnn,640,2,37,99.28940000827424,10.071568565392331,1,0.845628023147583,
bench_detect_20260902_1438,ncnn,640,2,38,105.04840000066906,9.519421523732213,1,0.8481340408325195,
bench_detect_20260902_1438,ncnn,640,2,39,92.2430000064196,10.840931018401456,2,0.8228015303611755,
bench_detect_20260902_1438,ncnn,640,2,40,115.04170000262093,8.692500197556344,1,0.8118503093719482,
bench_detect_20260902_1438,ncnn,640,2,41,97.09640000073705,10.29904301284506,1,0.8480193018913269,
bench_detect_20260902_1438,ncnn,640,2,42,101.78450000239536,9.824678609969753,2,0.8532117605209351,
bench_detect_20260902_1438,ncnn,640,2,43,98.7258999957703,10.129054281022942,1,0.8299168944358826,
bench_detect_20260902_1438,ncnn,640,2,44,95.40320000087377,10.481828701666625,1,0.7718534469604492,
bench_detect_20260902_1438,ncnn,640,2,45,108.14650000247639,9.246716259676472,1,0.8479881286621094,
bench_detect_20260902_1438,ncnn,640,2,46,96.41399999964051,10.371937685437059,1,0.848056435585022,
bench_detect_20260902_1438,ncnn,640,2,47,105.93650001101196,9.439617128148006,1,0.8432230353355408,
bench_detect_20260902_1438,ncnn,640,2,48,111.42950000066776,8.974284188603622,1,0.815872073173523,
bench_detect_20260902_1438,ncnn,640,2,49,102.76019999582786,9.731394061519934,1,0.7787197828292847,
bench_detect_20260902_1438,ncnn,640,2,50,99.816700007068,10.018363659880464,2,0.8698756694793701,
bench_detect_20260902_1438,ncnn,640,2,51,106.50110000278801,9.389574379737127,1,0.8253887891769409,
bench_detect_20260902_1438,ncnn,640,2,52,101.5870000119321,9.84377922256335,1,0.8267797231674194,
bench_detect_20260902_1438,ncnn,640,2,53,98.32070000993554,10.170798213386883,1,0.8350737690925598,
bench_detect_20260902_1438,ncnn,640,2,54,105.17580001032911,9.507890597473867,1,0.8424330353736877,
bench_detect_20260902_1438,ncnn,640,2,55,103.57989999465644,9.654382752364008,1,0.8537830710411072,
bench_detect_20260902_1438,ncnn,640,2,56,100.75480000523385,9.925085454470196,1,0.8273897767066956,
bench_detect_20260902_1438,ncnn,640,2,57,101.51189999305643,9.851061797369585,1,0.826176106929779,
bench_detect_20260902_1438,ncnn,640,2,58,100.91490000195336,9.90933945314957,2,0.8604757785797119,
bench_detect_20260902_1438,ncnn,640,2,59,109.02340000029653,9.172342818122349,1,0.818992555141449,
bench_detect_20260902_1438,ncnn,640,2,60,110.58130000310484,9.043120310323015,2,0.8329590559005737,
bench_detect_20260902_1438,ncnn,640,2,61,93.03689999796916,10.748423475221427,1,0.8284342288970947,
bench_detect_20260902_1438,ncnn,640,2,62,114.74330000055488,8.71510580569989,2,0.8373320698738098,
bench_detect_20260902_1438,ncnn,640,2,63,93.64200000709388,10.678968837959939,1,0.8421450257301331,
bench_detect_20260902_1438,ncnn,640,2,64,102.32019999239128,9.773241257096466,1,0.8202604651451111,
bench_detect_20260902_1438,ncnn,640,2,65,97.49580000061542,10.256852089974007,1,0.8330275416374207,
bench_detect_20260902_1438,ncnn,640,2,66,104.14209999726154,9.602264598335308,2,0.8189752101898193,
bench_detect_20260902_1438,ncnn,640,2,67,98.59170000709128,10.142841638069678,1,0.8267175555229187,
bench_detect_20260902_1438,ncnn,640,2,68,112.29910000110976,8.904790866446104,2,0.8485023379325867,
bench_detect_20260902_1438,ncnn,640,2,69,98.60109999135602,10.141874685857116,1,0.8594738841056824,
bench_detect_20260902_1438,ncnn,640,2,70,94.19029999116901,10.616804491479025,1,0.8575980067253113,
bench_detect_20260902_1438,ncnn,640,2,71,103.19980001077056,9.689941258564783,1,0.8561351895332336,
bench_detect_20260902_1438,ncnn,640,2,72,125.43899999582209,7.9720023280901975,1,0.8265811800956726,
bench_detect_20260902_1438,ncnn,640,2,73,129.5786999980919,7.717317738291288,1,0.8261642456054688,
bench_detect_20260902_1438,ncnn,640,2,74,119.2981000058353,8.382363172180332,1,0.8381205797195435,
bench_detect_20260902_1438,ncnn,640,2,75,108.27070000232197,9.236109122583986,1,0.8184217214584351,
bench_detect_20260902_1438,ncnn,640,2,76,111.90040000656154,8.936518546326578,2,0.8448438048362732,
bench_detect_20260902_1438,ncnn,640,2,77,111.18429999623913,8.994075602704928,1,0.8476136922836304,
bench_detect_20260902_1438,ncnn,640,2,78,102.31770000245888,9.773480052581013,1,0.8524566292762756,
bench_detect_20260902_1438,ncnn,640,2,79,104.47010000643786,9.572116806037096,4,0.839610755443573,
bench_detect_20260902_1438,ncnn,640,2,80,97.84859999490436,10.219870289938505,1,0.8314980268478394,
bench_detect_20260902_1438,ncnn,640,2,81,97.9321000049822,10.21115650485516,1,0.8271514773368835,
bench_detect_20260902_1438,ncnn,640,2,82,112.93239999213256,8.854854763289056,2,0.8298346996307373,
bench_detect_20260902_1438,ncnn,640,2,83,96.1708999966504,10.398155783452475,1,0.8219830989837646,
bench_detect_20260902_1438,ncnn,640,2,84,106.57839999475982,9.38276423786778,1,0.8257671594619751,
bench_detect_20260902_1438,ncnn,640,2,85,97.50060000806116,10.25634713957988,1,0.811461329460144,
bench_detect_20260902_1438,ncnn,640,2,86,102.84429999592248,9.723436301668128,1,0.8388513922691345,
bench_detect_20260902_1438,ncnn,640,2,87,107.80610000074375,9.275912958479168,1,0.8571673035621643,
bench_detect_20260902_1438,ncnn,640,2,88,105.713700002525,9.459511870042528,1,0.8460314273834229,
bench_detect_20260902_1438,ncnn,640,2,89,109.70310000993777,9.115512687512132,1,0.7928651571273804,
bench_detect_20260902_1438,ncnn,640,2,90,95.84520000498742,10.433490669829723,1,0.8154221177101135,
bench_detect_20260902_1438,ncnn,640,2,91,110.94179999781772,9.013735129767774,6,0.85065096616745,
bench_detect_20260902_1438,ncnn,640,2,92,100.72499999660067,9.928021841983108,1,0.8413549065589905,
bench_detect_20260902_1438,ncnn,640,2,93,93.12839999620337,10.737862993896252,1,0.8516277074813843,
bench_detect_20260902_1438,ncnn,640,2,94,98.50459999870509,10.151810169404735,1,0.8222675323486328,
bench_detect_20260902_1438,ncnn,640,2,95,95.33969999756664,10.488810013305297,1,0.8292026519775391,
bench_detect_20260902_1438,ncnn,640,2,96,99.82410000520758,10.017620994808192,1,0.8072890043258667,
bench_detect_20260902_1438,ncnn,640,2,97,103.64030000346247,9.648756323231325,1,0.8510768413543701,
bench_detect_20260902_1438,ncnn,640,2,98,113.92159998649731,8.777966602633093,1,0.8391404151916504,
bench_detect_20260902_1438,ncnn,640,2,99,113.98080000071786,8.773407451024225,1,0.8497687578201294,
bench_detect_20260902_1438,ncnn,640,4,0,104.95480000099633,9.527911062576528,1,0.8214687705039978,
bench_detect_20260902_1438,ncnn,640,4,1,106.1314999969909,9.422273312149104,1,0.8121480345726013,
bench_detect_20260902_1438,ncnn,640,4,2,106.40669999702368,9.397904455527435,1,0.8395454287528992,
bench_detect_20260902_1438,ncnn,640,4,3,117.06359998788685,8.542365005889748,1,0.8316106796264648,
bench_detect_20260902_1438,ncnn,640,4,4,119.69910000334494,8.354281694449293,1,0.7443011403083801,
bench_detect_20260902_1438,ncnn,640,4,5,120.9686999936821,8.266601195616946,1,0.8330689668655396,
bench_detect_20260902_1438,ncnn,640,4,6,115.3111000021454,8.67219200910749,1,0.8096312284469604,
bench_detect_20260902_1438,ncnn,640,4,7,102.64719999395311,9.742106945527102,2,0.8250117301940918,
bench_detect_20260902_1438,ncnn,640,4,8,110.65679999592248,9.036950282647323,1,0.848911464214325,
bench_detect_20260902_1438,ncnn,640,4,9,112.24249999213498,8.90928124435995,1,0.830953061580658,
bench_detect_20260902_1438,ncnn,640,4,10,110.34980000113137,9.062091639402585,1,0.8210681080818176,
bench_detect_20260902_1438,ncnn,640,4,11,123.7976999982493,8.077694496861747,1,0.8629554510116577,
bench_detect_20260902_1438,ncnn,640,4,12,150.10979998623952,6.661790236824441,1,0.8423637747764587,
bench_detect_20260902_1438,ncnn,640,4,13,136.63280000037048,7.318886826569378,2,0.8258850574493408,
bench_detect_20260902_1438,ncnn,640,4,14,127.49510000867303,7.843438688482723,1,0.8677327632904053,
bench_detect_20260902_1438,ncnn,640,4,15,132.13399999949615,7.568074833152808,1,0.8611426949501038,
bench_detect_20260902_1438,ncnn,640,4,16,115.95419999503065,8.624094686029968,2,0.8343462347984314,
bench_detect_20260902_1438,ncnn,640,4,17,115.49810001451988,8.658151085379627,3,0.839414656162262,
bench_detect_20260902_1438,ncnn,640,4,18,106.94840000360273,9.350303510536982,2,0.8466665744781494,
bench_detect_20260902_1438,ncnn,640,4,19,101.28639999311417,9.872993808329486,1,0.8641485571861267,
bench_detect_20260902_1438,ncnn,640,4,20,115.31629999808501,8.671800951093699,2,0.8630983233451843,
bench_detect_20260902_1438,ncnn,640,4,21,116.4954999985639,8.584022558917104,1,0.8406503796577454,
bench_detect_20260902_1438,ncnn,640,4,22,116.20519999996759,8.605466881002561,1,0.8391132950782776,
bench_detect_20260902_1438,ncnn,640,4,23,106.77160001068842,9.365786406683936,1,0.8192141056060791,
bench_detect_20260902_1438,ncnn,640,4,24,109.11420000775252,9.164710000430286,1,0.8192446231842041,
bench_detect_20260902_1438,ncnn,640,4,25,112.35389999637846,8.900447603796872,2,0.8416053652763367,
bench_detect_20260902_1438,ncnn,640,4,26,114.49469999934081,8.734028736751634,3,0.8323209881782532,
bench_detect_20260902_1438,ncnn,640,4,27,104.1891999921063,9.597923777855701,1,0.8368034958839417,
bench_detect_20260902_1438,ncnn,640,4,28,128.2435000030091,7.797666158335791,1,0.8446123003959656,
bench_detect_20260902_1438,ncnn,640,4,29,121.64630000188481,8.22055418031215,1,0.8436523079872131,
bench_detect_20260902_1438,ncnn,640,4,30,129.59629998658784,7.716269678250782,1,0.8377924561500549,
bench_detect_20260902_1438,ncnn,640,4,31,115.53189999540336,8.655618059079671,1,0.843222439289093,
bench_detect_20260902_1438,ncnn,640,4,32,116.93379998905584,8.551847285332324,1,0.8313406705856323,
bench_detect_20260902_1438,ncnn,640,4,33,131.62469999224413,7.597358247038163,1,0.8367629647254944,
bench_detect_20260902_1438,ncnn,640,4,34,126.46130000939593,7.907557489332318,1,0.794060230255127,
bench_detect_20260902_1438,ncnn,640,4,35,138.57759999518748,7.216173465514831,1,0.844182014465332,
bench_detect_20260902_1438,ncnn,640,4,36,132.2704999911366,7.560264760978522,1,0.8246176838874817,
bench_detect_20260902_1438,ncnn,640,4,37,128.31839999125805,7.793114627895353,1,0.845628023147583,
bench_detect_20260902_1438,ncnn,640,4,38,129.45779999427032,7.7245249034377155,1,0.8481340408325195,
bench_detect_20260902_1438,ncnn,640,4,39,130.82120000035502,7.644020999633746,2,0.8228015303611755,
bench_detect_20260902_1438,ncnn,640,4,40,109.71230000723153,9.114748300182262,1,0.8118503093719482,
bench_detect_20260902_1438,ncnn,640,4,41,128.9150999946287,7.757043201623902,1,0.8480193018913269,
bench_detect_20260902_1438,ncnn,640,4,42,121.39410000236239,8.237632636022175,2,0.8532117605209351,
bench_detect_20260902_1438,ncnn,640,4,43,148.32169999135658,6.742101796691077,1,0.8299168944358826,
bench_detect_20260902_1438,ncnn,640,4,44,132.85299998824485,7.5271164376301805,1,0.7718534469604492,
bench_detect_20260902_1438,ncnn,640,4,45,136.00359999691136,7.352746545111379,1,0.8479881286621094,
bench_detect_20260902_1438,ncnn,640,4,46,149.84240000194404,6.6736784781011655,1,0.848056435585022,
bench_detect_20260902_1438,ncnn,640,4,47,128.468700000667,7.783997191493398,1,0.8432230353355408,
bench_detect_20260902_1438,ncnn,640,4,48,117.77519999304786,8.490751873561063,1,0.815872073173523,
bench_detect_20260902_1438,ncnn,640,4,49,116.4610999985598,8.586558086883658,1,0.7787197828292847,
bench_detect_20260902_1438,ncnn,640,4,50,126.6680999979144,7.894647508066081,2,0.8698756694793701,
bench_detect_20260902_1438,ncnn,640,4,51,132.10839999374002,7.5695413769857565,1,0.8253887891769409,
bench_detect_20260902_1438,ncnn,640,4,52,121.28110000048764,8.24530780142973,1,0.8267797231674194,
bench_detect_20260902_1438,ncnn,640,4,53,127.38869999884628,7.849989834334259,1,0.8350737690925598,
bench_detect_20260902_1438,ncnn,640,4,54,123.42639999405947,8.101994387328238,1,0.8424330353736877,
bench_detect_20260902_1438,ncnn,640,4,55,148.29850000387523,6.7431565388312675,1,0.8537830710411072,
bench_detect_20260902_1438,ncnn,640,4,56,137.6324000011664,7.265731034200707,1,0.8273897767066956,
bench_detect_20260902_1438,ncnn,640,4,57,101.93629999412224,9.81004804037091,1,0.826176106929779,
bench_detect_20260902_1438,ncnn,640,4,58,110.67090000142343,9.035798931671634,2,0.8604757785797119,
bench_detect_20260902_1438,ncnn,640,4,59,115.5706999998074,8.652712149374075,1,0.818992555141449,
bench_detect_20260902_1438,ncnn,640,4,60,114.9244000116596,8.701372379569051,2,0.8329590559005737,
bench_detect_20260902_1438,ncnn,640,4,61,134.32480000483338,7.44464164446191,1,0.8284342288970947,
bench_detect_20260902_1438,ncnn,640,4,62,122.51850000757258,8.162032672112312,2,0.8373320698738098,
bench_detect_20260902_1438,ncnn,640,4,63,125.83240000822116,7.947078812250786,1,0.8421450257301331,
bench_detect_20260902_1438,ncnn,640,4,64,134.53409999783617,7.433059722524504,1,0.8202604651451111,
bench_detect_20260902_1438,ncnn,640,4,65,129.50769999588374,7.721548603147024,1,0.8330275416374207,
bench_detect_20260902_1438,ncnn,640,4,66,142.9922999959672,6.993383560011295,2,0.8189752101898193,
bench_detect_20260902_1438,ncnn,640,4,67,126.45739999425132,7.907801362715503,1,0.8267175555229187,
bench_detect_20260902_1438,ncnn,640,4,68,115.89070000627544,8.628820086045303,2,0.8485023379325867,
bench_detect_20260902_1438,ncnn,640,4,69,131.78619999962393,7.588047913991401,1,0.8594738841056824,
bench_detect_20260902_1438,ncnn,640,4,70,132.55489998846315,7.5440440156269934,1,0.8575980067253113,
bench_detect_20260902_1438,ncnn,640,4,71,130.67890000820626,7.652344792749273,1,0.8561351895332336,
bench_detect_20260902_1438,ncnn,640,4,72,138.59830000728834,7.215095711472752,1,0.8265811800956726,
bench_detect_20260902_1438,ncnn,640,4,73,156.9683999987319,6.370709008998491,1,0.8261642456054688,
bench_detect_20260902_1438,ncnn,640,4,74,164.98800000408664,6.061046863864225,1,0.8381205797195435,
bench_detect_20260902_1438,ncnn,640,4,75,138.06559999648016,7.242933793975429,1,0.8184217214584351,
bench_detect_20260902_1438,ncnn,640,4,76,117.07570000726264,8.541482134533181,2,0.8448438048362732,
bench_detect_20260902_1438,ncnn,640,4,77,121.15400000766385,8.253957772229914,1,0.8476136922836304,
bench_detect_20260902_1438,ncnn,640,4,78,110.75579999305774,9.028872529137804,1,0.8524566292762756,
bench_detect_20260902_1438,ncnn,640,4,79,113.52299999271054,8.808787647121829,4,0.839610755443573,
bench_detect_20260902_1438,ncnn,640,4,80,120.10669999290258,8.325930194228071,1,0.8314980268478394,
bench_detect_20260902_1438,ncnn,640,4,81,118.06550000619609,8.469874772456983,1,0.8271514773368835,
bench_detect_20260902_1438,ncnn,640,4,82,115.56269999709912,8.653311146460771,2,0.8298346996307373,
bench_detect_20260902_1438,ncnn,640,4,83,111.6044999944279,8.96021217827173,1,0.8219830989837646,
bench_detect_20260902_1438,ncnn,640,4,84,117.54999999538995,8.50701829042295,1,0.8257671594619751,
bench_detect_20260902_1438,ncnn,640,4,85,105.0249999971129,9.521542490145105,1,0.811461329460144,
bench_detect_20260902_1438,ncnn,640,4,86,105.29180000594351,9.497415752637451,1,0.8388513922691345,
bench_detect_20260902_1438,ncnn,640,4,87,132.7601999946637,7.532377926819898,1,0.8571673035621643,
bench_detect_20260902_1438,ncnn,640,4,88,108.43490000115708,9.222123135534126,1,0.8460314273834229,
bench_detect_20260902_1438,ncnn,640,4,89,111.727499999688,8.950347944801347,1,0.7928651571273804,
bench_detect_20260902_1438,ncnn,640,4,90,114.84259999997448,8.70757018737143,1,0.8154221177101135,
bench_detect_20260902_1438,ncnn,640,4,91,114.66910000308417,8.72074516999875,6,0.85065096616745,
bench_detect_20260902_1438,ncnn,640,4,92,96.93670000706334,10.316010344143493,1,0.8413549065589905,
bench_detect_20260902_1438,ncnn,640,4,93,111.33049998898059,8.98226451959687,1,0.8516277074813843,
bench_detect_20260902_1438,ncnn,640,4,94,104.71119999419898,9.550076783146409,1,0.8222675323486328,
bench_detect_20260902_1438,ncnn,640,4,95,116.85659999784548,8.557496966525102,1,0.8292026519775391,
bench_detect_20260902_1438,ncnn,640,4,96,111.70559999300167,8.952102670435947,1,0.8072890043258667,
bench_detect_20260902_1438,ncnn,640,4,97,111.4858000073582,8.969752201033664,1,0.8510768413543701,
bench_detect_20260902_1438,ncnn,640,4,98,118.01740000373684,8.473326814252276,1,0.8391404151916504,
bench_detect_20260902_1438,ncnn,640,4,99,112.60619999666233,8.880505691779318,1,0.8497687578201294,
