run_id,backend,imgsz,threads,sample_idx,latency_ms,fps_instant,n_faces,conf_top,cpu_temp_c
bench_detect_20260904_0813,onnx,320,1,0,45.6584999919869,21.901726955013867,3,0.8670165538787842,
bench_detect_20260904_0813,onnx,320,1,1,49.78659999324009,20.0857258807747,1,0.8328515291213989,
bench_detect_20260904_0813,onnx,320,1,2,45.25409999769181,22.097445315474292,2,0.8697807192802429,
bench_detect_20260904_0813,onnx,320,1,3,51.202200003899634,19.53041080117336,1,0.8827570080757141,
bench_detect_20260904_0813,onnx,320,1,4,52.08050001238007,19.201044532258518,1,0.8138214349746704,
bench_detect_20260904_0813,onnx,320,1,5,45.42090000177268,22.0162964617824,1,0.8523721694946289,
bench_detect_20260904_0813,onnx,320,1,6,38.10140000132378,26.245754748257447,1,0.855189323425293,
bench_detect_20260904_0813,onnx,320,1,7,37.2678999992786,26.832743460709008,2,0.8453751802444458,
bench_detect_20260904_0813,onnx,320,1,8,34.57100001105573,28.925978411969634,1,0.8628569841384888,
bench_detect_20260904_0813,onnx,320,1,9,32.48209999583196,30.786186857632913,1,0.8440912365913391,
bench_detect_20260904_0813,onnx,320,1,10,36.51779999199789,27.383905936806954,1,0.831957995891571,
bench_detect_20260904_0813,onnx,320,1,11,36.608899987186305,27.315762023715976,2,0.8591516613960266,
bench_detect_20260904_0813,onnx,320,1,12,34.208199998829514,29.232757059249437,1,0.8425641059875488,
bench_detect_20260904_0813,onnx,320,1,13,33.91510000801645,29.485391455830346,2,0.8373713493347168,
bench_detect_20260904_0813,onnx,320,1,14,32.25419999216683,31.003714252496025,1,0.8705068826675415,
bench_detect_20260904_0813,onnx,320,1,15,40.17829999793321,24.889057029576673,1,0.8714592456817627,
bench_detect_20260904_0813,onnx,320,1,16,44.97439999249764,22.23487139721295,2,0.8616288900375366,
bench_detect_20260904_0813,onnx,320,1,17,36.29669999645557,27.550713979443078,3,0.8603709936141968,
bench_detect_20260904_0813,onnx,320,1,18,44.92579998623114,22.258924722686743,2,0.8776817321777344,
bench_detect_20260904_0813,onnx,320,1,19,32.7331000007689,30.55011593697236,1,0.8844539523124695,
bench_detect_20260904_0813,onnx,320,1,20,83.29939999384806,12.004888391439234,2,0.8719533681869507,
bench_detect_20260904_0813,onnx,320,1,21,91.98540000943467,10.871290442803238,1,0.857478141784668,
bench_detect_20260904_0813,onnx,320,1,22,84.36249999795109,11.85360794220521,1,0.8467496633529663,
bench_detect_20260904_0813,onnx,320,1,23,92.07400000013877,10.860829332911493,1,0.8392353057861328,
bench_detect_20260904_0813,onnx,320,1,24,97.82510000513867,10.222325353589936,1,0.866562008857727,
bench_detect_20260904_0813,onnx,320,1,25,100.02070000336971,9.997930428064489,3,0.8383882641792297,
bench_detect_20260904_0813,onnx,320,1,26,92.96910000557546,10.756262026200414,3,0.8507544994354248,
bench_detect_20260904_0813,onnx,320,1,27,101.4180999918608,9.86017288906274,1,0.8478227853775024,
bench_detect_20260904_0813,onnx,320,1,28,92.03870000783354,10.864994832770222,1,0.8780727386474609,
bench_detect_20260904_0813,onnx,320,1,29,94.40660000836942,10.592479762128358,1,0.8478468656539917,
bench_detect_20260904_0813,onnx,320,1,30,97.49200000078417,10.257251876994589,1,0.8513926267623901,
bench_detect_20260904_0813,onnx,320,1,31,105.80489999847487,9.451358113040271,1,0.8696877360343933,
bench_detect_20260904_0813,onnx,320,1,32,91.08529999502935,10.97871994772561,2,0.8461759090423584,
bench_detect_20260904_0813,onnx,320,1,33,94.92750000208616,10.534355165552908,1,0.838685154914856,
bench_detect_20260904_0813,onnx,320,1,34,102.22909999720287,9.781950540769325,2,0.8442750573158264,
bench_detect_20260904_0813,onnx,320,1,35,103.28709999157581,9.681751158485048,1,0.850351095199585,
bench_detect_20260904_0813,onnx,320,1,36,102.535900005023,9.752681743184702,1,0.8418047428131104,
bench_detect_20260904_0813,onnx,320,1,37,84.09750000282656,11.890959897338083,1,0.8386183977127075,
bench_detect_20260904_0813,onnx,320,1,38,70.1928000053158,14.246475420901696,1,0.8658446669578552,
bench_detect_20260904_0813,onnx,320,1,39,99.69350000028498,10.03074423103955,2,0.856457531452179,
bench_detect_20260904_0813,onnx,320,1,40,94.66830000746995,10.56319802849627,1,0.8289919495582581,
bench_detect_20260904_0813,onnx,320,1,41,95.38459999021143,10.483872659765016,1,0.858521044254303,
bench_detect_20260904_0813,onnx,320,1,42,81.9513000024017,12.202368967553824,2,0.8730190396308899,
bench_detect_20260904_0813,onnx,320,1,43,101.08789999503642,9.892380789877933,1,0.8458724617958069,
bench_detect_20260904_0813,onnx,320,1,44,102.23219999170396,9.781653921965379,1,0.8432605266571045,
bench_detect_20260904_0813,onnx,320,1,45,101.44769999897107,9.857295926966726,1,0.8354377746582031,
bench_detect_20260904_0813,onnx,320,1,46,101.09050000028219,9.892126361994535,1,0.8780818581581116,
bench_detect_20260904_0813,onnx,320,1,47,103.10539999045432,9.698813060155741,1,0.8653022050857544,
bench_detect_20260904_0813,onnx,320,1,48,115.80650000541937,8.635093884654172,1,0.8466675281524658,
bench_detect_20260904_0813,onnx,320,1,49,106.02700000163168,9.431559885544349,1,0.8357389569282532,
bench_detect_20260904_0813,onnx,320,1,50,101.39179999532644,9.862730517123614,2,0.8686115145683289,
bench_detect_20260904_0813,onnx,320,1,51,103.90820000611711,9.623879539258015,1,0.8685365915298462,
bench_detect_20260904_0813,onnx,320,1,52,103.63899999356363,9.648877353719197,1,0.845445990562439,
bench_detect_20260904_0813,onnx,320,1,53,98.75340000144206,10.126233628263911,1,0.8381633758544922,
bench_detect_20260904_0813,onnx,320,1,54,112.02349999803118,8.926698416114252,1,0.8505581617355347,
bench_detect_20260904_0813,onnx,320,1,55,108.93740000028629,9.179583871079831,1,0.8439571261405945,
bench_detect_20260904_0813,onnx,320,1,56,104.19689999253023,9.597214505150239,1,0.837119460105896,
bench_detect_20260904_0813,onnx,320,1,57,93.97489999537356,10.641139283460058,1,0.8488036394119263,
bench_detect_20260904_0813,onnx,320,1,58,108.13979999511503,9.247289157601298,3,0.8435398936271667,
bench_detect_20260904_0813,onnx,320,1,59,110.78769998857751,9.026272773088552,1,0.8659918308258057,
bench_detect_20260904_0813,onnx,320,1,60,115.52070001198445,8.65645724009859,2,0.8362575769424438,
bench_detect_20260904_0813,onnx,320,1,61,91.20399999665096,10.964431384991013,1,0.8402531147003174,
bench_detect_20260904_0813,onnx,320,1,62,84.4173000077717,11.845913099660107,2,0.8753020167350769,
bench_detect_20260904_0813,onnx,320,1,63,101.52209999796469,9.850072053474543,1,0.8739726543426514,
bench_detect_20260904_0813,onnx,320,1,64,111.316499998793,8.983394195926417,1,0.8813583850860596,
bench_detect_20260904_0813,onnx,320,1,65,102.6242999942042,9.744280838519492,1,0.8344632387161255,
bench_detect_20260904_0813,onnx,320,1,66,107.1481999970274,9.332867934577928,2,0.8658980131149292,
bench_detect_20260904_0813,onnx,320,1,67,100.4737000039313,9.952853333368557,1,0.8395222425460815,
bench_detect_20260904_0813,onnx,320,1,68,105.81680000177585,9.4502952270643,2,0.8659771084785461,
bench_detect_20260904_0813,onnx,320,1,69,102.77729999506846,9.72977496050181,1,0.866417407989502,
bench_detect_20260904_0813,onnx,320,1,70,101.5142999967793,9.850828898310155,1,0.8556604385375977,
bench_detect_20260904_0813,onnx,320,1,71,105.31739999714773,9.495107171531794,1,0.8706233501434326,
bench_detect_20260904_0813,onnx,320,1,72,106.1045000096783,9.424670960315398,1,0.8552780747413635,
bench_detect_20260904_0813,onnx,320,1,73,105.68059999786783,9.462474664414998,1,0.8395992517471313,
bench_detect_20260904_0813,onnx,320,1,74,100.59819999150932,9.940535716189771,1,0.8509736657142639,
bench_detect_20260904_0813,onnx,320,1,75,103.26700001314748,9.683635622925857,1,0.8412090539932251,
bench_detect_20260904_0813,onnx,320,1,76,103.66220001014881,9.646717896225406,2,0.855376124382019,
bench_detect_20260904_0813,onnx,320,1,77,102.7505999954883,9.73230326678296,1,0.858833372592926,
bench_detect_20260904_0813,onnx,320,1,78,104.80860000825487,9.541201770858867,1,0.8597094416618347,
bench_detect_20260904_0813,onnx,320,1,79,107.97319999255706,9.261557498239686,3,0.8422050476074219,
bench_detect_20260904_0813,onnx,320,1,80,100.71639998932369,9.928869579393263,1,0.8683744668960571,
bench_detect_20260904_0813,onnx,320,1,81,102.30990000127349,9.774225172613331,1,0.861799955368042,
bench_detect_20260904_0813,onnx,320,1,82,100.39730000426061,9.960427222221737,2,0.8524229526519775,
bench_detect_20260904_0813,onnx,320,1,83,100.32109999156091,9.967992776037352,1,0.8346436023712158,
bench_detect_20260904_0813,onnx,320,1,84,81.54119999380782,12.26373906780792,1,0.8658377528190613,
bench_detect_20260904_0813,onnx,320,1,85,101.62180000043008,9.840408258816197,1,0.8456016778945923,
bench_detect_20260904_0813,onnx,320,1,86,106.06629999529105,9.428065276571317,1,0.8533008694648743,
bench_detect_20260904_0813,onnx,320,1,87,102.6994999992894,9.73714575053354,1,0.8807278871536255,
bench_detect_20260904_0813,onnx,320,1,88,108.6825999955181,9.201104869052068,1,0.8535933494567871,
bench_detect_20260904_0813,onnx,320,1,89,100.03129999677185,9.996870979706067,1,0.8226962685585022,
bench_detect_20260904_0813,onnx,320,1,90,103.47230000479612,9.664422265221207,1,0.83518385887146,
bench_detect_20260904_0813,onnx,320,1,91,107.93260000355076,9.265041331044578,5,0.8622596263885498,
bench_detect_20260904_0813,onnx,320,1,92,96.79709999181796,10.330888013014107,1,0.8443489670753479,
bench_detect_20260904_0813,onnx,320,1,93,102.21540000929963,9.783261621135557,1,0.8922711610794067,
bench_detect_20260904_0813,onnx,320,1,94,101.79949998564553,9.823230960279837,1,0.83056640625,
bench_detect_20260904_0813,onnx,320,1,95,96.8598000035854,10.324200545148592,1,0.8475976586341858,
bench_detect_20260904_0813,onnx,320,1,96,103.99139999935869,9.61617979954272,1,0.8309311866760254,
bench_detect_20260904_0813,onnx,320,1,97,124.28109999746084,8.046275741206271,1,0.8784871697425842,
bench_detect_20260904_0813,onnx,320,1,98,104.18710000521969,9.598117232842654,1,0.8540769815444946,
bench_detect_20260904_0813,onnx,320,1,99,104.7551000083331,9.546074605632104,1,0.863140344619751,
bench_detect_20260904_0813,onnx,320,2,0,60.37079999805428,16.564299297544995,3,0.8670165538787842,
bench_detect_20260904_0813,onnx,320,2,1,70.60379999165889,14.163543606974974,1,0.8328515291213989,
bench_detect_20260904_0813,onnx,320,2,2,70.0014000030933,14.285428576511483,2,0.8697807192802429,
bench_detect_20260904_0813,onnx,320,2,3,64.43069998931605,15.520551540893095,1,0.8827570080757141,
bench_detect_20260904_0813,onnx,320,2,4,65.45749999349937,15.277088188508738,1,0.8138214349746704,
bench_detect_20260904_0813,onnx,320,2,5,71.1719999962952,14.050469286405527,1,0.8523721694946289,
bench_detect_20260904_0813,onnx,320,2,6,71.67450000997633,13.9519633881061,1,0.855189323425293,
bench_detect_20260904_0813,onnx,320,2,7,67.4352999922121,14.82902871516086,2,0.8453751802444458,
bench_detect_20260904_0813,onnx,320,2,8,69.49609999719542,14.389296666148978,1,0.8628569841384888,
bench_detect_20260904_0813,onnx,320,2,9,65.09879999794066,15.361266260386275,1,0.8440912365913391,
bench_detect_20260904_0813,onnx,320,2,10,63.36820000433363,15.78078594518405,1,0.831957995891571,
bench_detect_20260904_0813,onnx,320,2,11,71.83919999806676,13.919976837533138,2,0.8591516613960266,
bench_detect_20260904_0813,onnx,320,2,12,71.20580000628252,14.04379980158596,1,0.8425641059875488,
bench_detect_20260904_0813,onnx,320,2,13,62.27530000614934,16.05773075201975,2,0.8373713493347168,
bench_detect_20260904_0813,onnx,320,2,14,69.97539999429137,14.290736459978515,1,0.8705068826675415,
bench_detect_20260904_0813,onnx,320,2,15,61.30240000493359,16.312575036532344,1,0.8714592456817627,
bench_detect_20260904_0813,onnx,320,2,16,80.19079999940004,12.470258433729077,2,0.8616288900375366,
bench_detect_20260904_0813,onnx,320,2,17,80.1383999933023,12.478412347683216,3,0.8603709936141968,
bench_detect_20260904_0813,onnx,320,2,18,68.55340000765864,14.587168541433133,2,0.8776817321777344,
bench_detect_20260904_0813,onnx,320,2,19,81.90449999528937,12.209341367782157,1,0.8844539523124695,
bench_detect_20260904_0813,onnx,320,2,20,68.97860000026412,14.497249871643827,2,0.8719533681869507,
bench_detect_20260904_0813,onnx,320,2,21,80.04950000031386,12.492270407636266,1,0.857478141784668,
bench_detect_20260904_0813,onnx,320,2,22,71.8767999933334,13.91269505727509,1,0.8467496633529663,
bench_detect_20260904_0813,onnx,320,2,23,71.06020000355784,14.072575083519776,1,0.8392353057861328,
bench_detect_20260904_0813,onnx,320,2,24,89.51940000406466,11.170762984946219,1,0.866562008857727,
bench_detect_20260904_0813,onnx,320,2,25,67.492799993488,14.816395231735596,3,0.8383882641792297,
bench_detect_20260904_0813,onnx,320,2,26,70.35080000059679,14.214479437213463,3,0.8507544994354248,
bench_detect_20260904_0813,onnx,320,2,27,62.74710000434425,15.936991509261237,1,0.8478227853775024,
bench_detect_20260904_0813,onnx,320,2,28,67.04149999131914,14.916134038311863,1,0.8780727386474609,
bench_detect_20260904_0813,onnx,320,2,29,79.81710000603925,12.52864361050873,1,0.8478468656539917,
bench_detect_20260904_0813,onnx,320,2,30,65.8599000016693,15.183746103086305,1,0.8513926267623901,
bench_detect_20260904_0813,onnx,320,2,31,59.97799999022391,16.672780022058,1,0.8696877360343933,
bench_detect_20260904_0813,onnx,320,2,32,71.54910000099335,13.97641619511799,2,0.8461759090423584,
bench_detect_20260904_0813,onnx,320,2,33,74.6828999981517,13.389946025458956,1,0.838685154914856,
bench_detect_20260904_0813,onnx,320,2,34,69.58029999805149,14.371883996303605,2,0.8442750573158264,
bench_detect_20260904_0813,onnx,320,2,35,62.645800004247576,15.962762067563938,1,0.850351095199585,
bench_detect_20260904_0813,onnx,320,2,36,71.76279999839608,13.934796301459118,1,0.8418047428131104,
bench_detect_20260904_0813,onnx,320,2,37,58.920299998135306,16.972079232991817,1,0.8386183977127075,
bench_detect_20260904_0813,onnx,320,2,38,71.72799999534618,13.941556993989536,1,0.8658446669578552,
bench_detect_20260904_0813,onnx,320,2,39,80.32709998951759,12.44909874912074,2,0.856457531452179,
bench_detect_20260904_0813,onnx,320,2,40,72.64020000002347,13.766481920474845,1,0.8289919495582581,
bench_detect_20260904_0813,onnx,320,2,41,69.85479999275412,14.315408534613622,1,0.858521044254303,
bench_detect_20260904_0813,onnx,320,2,42,61.55880000733305,16.244631147470017,2,0.8730190396308899,
bench_detect_20260904_0813,onnx,320,2,43,65.69399998988956,15.222090299782355,1,0.8458724617958069,
bench_detect_20260904_0813,onnx,320,2,44,76.4097000064794,13.087343621493108,1,0.8432605266571045,
bench_detect_20260904_0813,onnx,320,2,45,74.3369999981951,13.45225123457067,1,0.8354377746582031,
bench_detect_20260904_0813,onnx,320,2,46,68.42310000502039,14.614947290120256,1,0.8780818581581116,
bench_detect_20260904_0813,onnx,320,2,47,56.929300000774674,17.565647214815435,1,0.8653022050857544,
bench_detect_20260904_0813,onnx,320,2,48,56.0062000004109,17.855166035057962,1,0.8466675281524658,
bench_detect_20260904_0813,onnx,320,2,49,55.84810000436846,17.905712099816817,1,0.8357389569282532,
bench_detect_20260904_0813,onnx,320,2,50,60.50920000416227,16.526412511340634,2,0.8686115145683289,
bench_detect_20260904_0813,onnx,320,2,51,63.454699993599206,15.759273940320762,1,0.8685365915298462,
bench_detect_20260904_0813,onnx,320,2,52,64.836200006539,15.423482559112745,1,0.845445990562439,
bench_detect_20260904_0813,onnx,320,2,53,70.87090000277385,14.110163691456727,1,0.8381633758544922,
bench_detect_20260904_0813,onnx,320,2,54,76.3957000017399,13.08974196161859,1,0.8505581617355347,
bench_detect_20260904_0813,onnx,320,2,55,67.99450000107754,14.707071895287891,1,0.8439571261405945,
bench_detect_20260904_0813,onnx,320,2,56,57.39709999761544,17.422483018158495,1,0.837119460105896,
bench_detect_20260904_0813,onnx,320,2,57,67.61669999104924,14.789245853943996,1,0.8488036394119263,
bench_detect_20260904_0813,onnx,320,2,58,61.35289999656379,16.299148044444635,3,0.8435398936271667,
bench_detect_20260904_0813,onnx,320,2,59,68.08329999330454,14.687889689517727,1,0.8659918308258057,
bench_detect_20260904_0813,onnx,320,2,60,62.92129999201279,15.892869348327826,2,0.8362575769424438,
bench_detect_20260904_0813,onnx,320,2,61,64.08089998876676,15.605273961122547,1,0.8402531147003174,
bench_detect_20260904_0813,onnx,320,2,62,63.9664000045741,15.633207432784902,2,0.8753020167350769,
bench_detect_20260904_0813,onnx,320,2,63,73.25729999865871,13.650516740561136,1,0.8739726543426514,
bench_detect_20260904_0813,onnx,320,2,64,69.37290000496432,14.414850754811173,1,0.8813583850860596,
bench_detect_20260904_0813,onnx,320,2,65,71.33279999834485,14.018796402541371,1,0.8344632387161255,
bench_detect_20260904_0813,onnx,320,2,66,64.81019999773707,15.429670021615674,2,0.8658980131149292,
bench_detect_20260904_0813,onnx,320,2,67,65.5203999922378,15.262422087143394,1,0.8395222425460815,
bench_detect_20260904_0813,onnx,320,2,68,69.5071999944048,14.386998758121434,2,0.8659771084785461,
bench_detect_20260904_0813,onnx,320,2,69,67.5210000044899,14.810207193813829,1,0.866417407989502,
bench_detect_20260904_0813,onnx,320,2,70,71.31820000358857,14.021666278028361,1,0.8556604385375977,
bench_detect_20260904_0813,onnx,320,2,71,61.02110000210814,16.38777406447036,1,0.8706233501434326,
bench_detect_20260904_0813,onnx,320,2,72,73.00609999219887,13.697485554040771,1,0.8552780747413635,
bench_detect_20260904_0813,onnx,320,2,73,57.99260000640061,17.243579351324662,1,0.8395992517471313,
bench_detect_20260904_0813,onnx,320,2,74,65.5306999979075,15.26002316520244,1,0.8509736657142639,
bench_detect_20260904_0813,onnx,320,2,75,61.74109999847133,16.196666402522137,1,0.8412090539932251,
bench_detect_20260904_0813,onnx,320,2,76,62.76929999876302,15.931354977986162,2,0.855376124382019,
bench_detect_20260904_0813,onnx,320,2,77,68.39420000324026,14.621122843057215,1,0.858833372592926,
bench_detect_20260904_0813,onnx,320,2,78,78.29109999875072,12.772843912219356,1,0.8597094416618347,
bench_detect_20260904_0813,onnx,320,2,79,69.94050000503194,14.29786747203772,3,0.8422050476074219,
bench_detect_20260904_0813,onnx,320,2,80,63.45159999909811,15.760043876186161,1,0.8683744668960571,
bench_detect_20260904_0813,onnx,320,2,81,63.82359999406617,15.668185437564981,1,0.861799955368042,
bench_detect_20260904_0813,onnx,320,2,82,57.05149999994319,17.528022926671444,2,0.8524229526519775,
bench_detect_20260904_0813,onnx,320,2,83,73.32029999815859,13.638787621233337,1,0.8346436023712158,
bench_detect_20260904_0813,onnx,320,2,84,70.16730000032112,14.251652835372367,1,0.8658377528190613,
bench_detect_20260904_0813,onnx,320,2,85,71.87350001186132,13.913333841192783,1,0.8456016778945923,
bench_detect_20260904_0813,onnx,320,2,86,75.3060999995796,13.279136749952295,1,0.8533008694648743,
bench_detect_20260904_0813,onnx,320,2,87,66.92749999638181,14.9415412207846,1,0.8807278871536255,
bench_detect_20260904_0813,onnx,320,2,88,62.588200002210215,15.977452618300036,1,0.8535933494567871,
bench_detect_20260904_0813,onnx,320,2,89,83.94270000280812,11.912888195954467,1,0.8226962685585022,
bench_detect_20260904_0813,onnx,320,2,90,56.83830000634771,17.59377039581268,1,0.83518385887146,
bench_detect_20260904_0813,onnx,320,2,91,72.90790000115521,13.715934761310574,5,0.8622596263885498,
bench_detect_20260904_0813,onnx,320,2,92,65.55480000679381,15.254413100129424,1,0.8443489670753479,
bench_detect_20260904_0813,onnx,320,2,93,52.501400001347065,19.047111124167017,1,0.8922711610794067,
bench_detect_20260904_0813,onnx,320,2,94,53.52820000553038,18.68174158474753,1,0.83056640625,
bench_detect_20260904_0813,onnx,320,2,95,30.81009999732487,32.45688913982189,1,0.8475976586341858,
bench_detect_20260904_0813,onnx,320,2,96,28.058299998519942,35.64007798237061,1,0.8309311866760254,
bench_detect_20260904_0813,onnx,320,2,97,25.93090001028031,38.56402977156789,1,0.8784871697425842,
bench_detect_20260904_0813,onnx,320,2,98,25.68730000348296,38.92974348664162,1,0.8540769815444946,
bench_detect_20260904_0813,onnx,320,2,99,22.52779999980703,44.38959862962943,1,0.863140344619751,
bench_detect_20260904_0813,onnx,320,4,0,26.47159999469295,37.77633388992282,3,0.8670165538787842,
bench_detect_20260904_0813,onnx,320,4,1,25.608500000089407,39.04953433416673,1,0.8328515291213989,
bench_detect_20260904_0813,onnx,320,4,2,23.83689999987837,41.95176386212564,2,0.8697807192802429,
bench_detect_20260904_0813,onnx,320,4,3,22.900799987837672,43.66659682330257,1,0.8827570080757141,
bench_detect_20260904_0813,onnx,320,4,4,24.8721999960253,40.20553067922439,1,0.8138214349746704,
bench_detect_20260904_0813,onnx,320,4,5,22.845800005597994,43.77172170617646,1,0.8523721694946289,
bench_detect_20260904_0813,onnx,320,4,6,26.82970000023488,37.27212752998526,1,0.855189323425293,
bench_detect_20260904_0813,onnx,320,4,7,26.632299995981157,37.54839049390782,2,0.8453751802444458,
bench_detect_20260904_0813,onnx,320,4,8,26.651699998183176,37.5210586967499,1,0.8628569841384888,
bench_detect_20260904_0813,onnx,320,4,9,29.592199993203394,33.79268862165286,1,0.8440912365913391,
bench_detect_20260904_0813,onnx,320,4,10,27.417099990998395,36.473587663477204,1,0.831957995891571,
bench_detect_20260904_0813,onnx,320,4,11,25.386300010723062,39.39132522571641,2,0.8591516613960266,
bench_detect_20260904_0813,onnx,320,4,12,25.504799996269867,39.20830589325352,1,0.8425641059875488,
bench_detect_20260904_0813,onnx,320,4,13,22.203900007298216,45.03713310145106,2,0.8373713493347168,
bench_detect_20260904_0813,onnx,320,4,14,24.687299999641255,40.50665726971081,1,0.8705068826675415,
bench_detect_20260904_0813,onnx,320,4,15,23.792799998773262,42.029521538093846,1,0.8714592456817627,
bench_detect_20260904_0813,onnx,320,4,16,23.496399997384287,42.559711279656625,2,0.8616288900375366,
bench_detect_20260904_0813,onnx,320,4,17,22.74170001328457,43.972086493791124,3,0.8603709936141968,
bench_detect_20260904_0813,onnx,320,4,18,23.170699991169386,43.15795381154265,2,0.8776817321777344,
bench_detect_20260904_0813,onnx,320,4,19,25.228800004697405,39.63723997232559,1,0.8844539523124695,
bench_detect_20260904_0813,onnx,320,4,20,24.517199999536388,40.7876919068617,2,0.8719533681869507,
bench_detect_20260904_0813,onnx,320,4,21,24.92799999890849,40.11553273603123,1,0.857478141784668,
bench_detect_20260904_0813,onnx,320,4,22,25.35609999904409,39.4382416869195,1,0.8467496633529663,
bench_detect_20260904_0813,onnx,320,4,23,25.293800004874356,39.53538020413265,1,0.8392353057861328,
bench_detect_20260904_0813,onnx,320,4,24,27.199399992241524,36.76551689688906,1,0.866562008857727,
bench_detect_20260904_0813,onnx,320,4,25,27.14360000391025,36.841096975196436,3,0.8383882641792297,
bench_detect_20260904_0813,onnx,320,4,26,21.506499993847683,46.49757051524273,3,0.8507544994354248,
bench_detect_20260904_0813,onnx,320,4,27,22.23279999452643,44.978590202142485,1,0.8478227853775024,
bench_detect_20260904_0813,onnx,320,4,28,23.6189999995986,42.33879503861276,1,0.8780727386474609,
bench_detect_20260904_0813,onnx,320,4,29,17.44739999412559,57.31513006732766,1,0.8478468656539917,
bench_detect_20260904_0813,onnx,320,4,30,22.042299999156967,45.367316479598145,1,0.8513926267623901,
bench_detect_20260904_0813,onnx,320,4,31,23.13010000216309,43.233708453767235,1,0.8696877360343933,
bench_detect_20260904_0813,onnx,320,4,32,25.79929999774322,38.7607415738983,2,0.8461759090423584,
bench_detect_20260904_0813,onnx,320,4,33,22.54459999676328,44.35651997123788,1,0.838685154914856,
bench_detect_20260904_0813,onnx,320,4,34,25.504500008537434,39.20876706719433,2,0.8442750573158264,
bench_detect_20260904_0813,onnx,320,4,35,22.648499987553805,44.15303444155407,1,0.850351095199585,
bench_detect_20260904_0813,onnx,320,4,36,17.90360000450164,55.85468842850389,1,0.8418047428131104,
bench_detect_20260904_0813,onnx,320,4,37,28.914000009535812,34.58532197794151,1,0.8386183977127075,
bench_detect_20260904_0813,onnx,320,4,38,24.919399991631508,40.12937712528481,1,0.8658446669578552,
bench_detect_20260904_0813,onnx,320,4,39,25.203899989719503,39.6763993035956,2,0.856457531452179,
bench_detect_20260904_0813,onnx,320,4,40,26.82949999871198,37.27240537647021,1,0.8289919495582581,
bench_detect_20260904_0813,onnx,320,4,41,24.14189999399241,41.42176051797269,1,0.858521044254303,
bench_detect_20260904_0813,onnx,320,4,42,25.206300007994287,39.67262151457555,2,0.8730190396308899,
bench_detect_20260904_0813,onnx,320,4,43,24.733500002184883,40.43099439673573,1,0.8458724617958069,
bench_detect_20260904_0813,onnx,320,4,44,22.44359999895096,44.55613181694297,1,0.8432605266571045,
bench_detect_20260904_0813,onnx,320,4,45,22.078800000599585,45.29231661018005,1,0.8354377746582031,
bench_detect_20260904_0813,onnx,320,4,46,22.997099993517622,43.48374361471134,1,0.8780818581581116,
bench_detect_20260904_0813,onnx,320,4,47,22.889799991389737,43.68758138455389,1,0.8653022050857544,
bench_detect_20260904_0813,onnx,320,4,48,24.06069998687599,41.5615506009989,1,0.8466675281524658,
bench_detect_20260904_0813,onnx,320,4,49,25.030899996636435,39.95062103777237,1,0.8357389569282532,
bench_detect_20260904_0813,onnx,320,4,50,25.124699997832067,39.801470269745984,2,0.8686115145683289,
bench_detect_20260904_0813,onnx,320,4,51,25.38799999456387,39.38868757736419,1,0.8685365915298462,
bench_detect_20260904_0813,onnx,320,4,52,26.42960000957828,37.836365273692856,1,0.845445990562439,
bench_detect_20260904_0813,onnx,320,4,53,25.51560000574682,39.191710160637896,1,0.8381633758544922,
bench_detect_20260904_0813,onnx,320,4,54,23.322299995925277,42.877417757884665,1,0.8505581617355347,
bench_detect_20260904_0813,onnx,320,4,55,20.76840000518132,48.15007413910167,1,0.8439571261405945,
bench_detect_20260904_0813,onnx,320,4,56,24.157799998647533,41.39449784566412,1,0.837119460105896,
bench_detect_20260904_0813,onnx,320,4,57,21.860300010303035,45.745026350447496,1,0.8488036394119263,
bench_detect_20260904_0813,onnx,320,4,58,24.0302000020165,41.61430199982043,3,0.8435398936271667,
bench_detect_20260904_0813,onnx,320,4,59,22.102899994933978,45.24293193333009,1,0.8659918308258057,
bench_detect_20260904_0813,onnx,320,4,60,22.505900007672608,44.432793163529766,2,0.8362575769424438,
bench_detect_20260904_0813,onnx,320,4,61,19.659099998534657,50.86702850458758,1,0.8402531147003174,
bench_detect_20260904_0813,onnx,320,4,62,24.98800000466872,40.019209212948674,2,0.8753020167350769,
bench_detect_20260904_0813,onnx,320,4,63,25.797599999350496,38.76329581143893,1,0.8739726543426514,
bench_detect_20260904_0813,onnx,320,4,64,24.30550000281073,41.14295117913058,1,0.8813583850860596,
bench_detect_20260904_0813,onnx,320,4,65,26.83210000395775,37.26879371545647,1,0.8344632387161255,
bench_detect_20260904_0813,onnx,320,4,66,26.134799991268665,38.26315871306031,2,0.8658980131149292,
bench_detect_20260904_0813,onnx,320,4,67,24.55150001333095,40.730708895872795,1,0.8395222425460815,
bench_detect_20260904_0813,onnx,320,4,68,24.94269999442622,40.09189062224472,2,0.8659771084785461,
bench_detect_20260904_0813,onnx,320,4,69,22.84510000026785,43.77306293201936,1,0.866417407989502,
bench_detect_20260904_0813,onnx,320,4,70,23.27079999668058,42.97230865043931,1,0.8556604385375977,
bench_detect_20260904_0813,onnx,320,4,71,20.87220000976231,47.910617928741665,1,0.8706233501434326,
bench_detect_20260904_0813,onnx,320,4,72,23.264000003109686,42.984869320251484,1,0.8552780747413635,
bench_detect_20260904_0813,onnx,320,4,73,40.655799995874986,24.596736507496146,1,0.8395992517471313,
bench_detect_20260904_0813,onnx,320,4,74,25.46789999178145,39.265114136725145,1,0.8509736657142639,
bench_detect_20260904_0813,onnx,320,4,75,20.066899989615194,49.83330761191361,1,0.8412090539932251,
bench_detect_20260904_0813,onnx,320,4,76,23.386000000755303,42.76062601418382,2,0.855376124382019,
bench_detect_20260904_0813,onnx,320,4,77,22.94949999486562,43.57393408238634,1,0.858833372592926,
bench_detect_20260904_0813,onnx,320,4,78,26.7325000022538,37.407649861243456,1,0.8597094416618347,
bench_detect_20260904_0813,onnx,320,4,79,27.633200006675906,36.18835313168254,3,0.8422050476074219,
bench_detect_20260904_0813,onnx,320,4,80,27.94970000104513,35.778559339191716,1,0.8683744668960571,
bench_detect_20260904_0813,onnx,320,4,81,28.26600000844337,35.37819287133973,1,0.861799955368042,
bench_detect_20260904_0813,onnx,320,4,82,28.689400001894683,34.856079246479844,2,0.8524229526519775,
bench_detect_20260904_0813,onnx,320,4,83,32.519000000320375,30.75125311326142,1,0.8346436023712158,
bench_detect_20260904_0813,onnx,320,4,84,29.29299999959767,34.13784863324803,1,0.8658377528190613,
bench_detect_20260904_0813,onnx,320,4,85,27.344799993443303,36.57002429126483,1,0.8456016778945923,
bench_detect_20260904_0813,onnx,320,4,86,25.403199993888848,39.365119364511806,1,0.8533008694648743,
bench_detect_20260904_0813,onnx,320,4,87,26.796300007845275,37.31858501760413,1,0.8807278871536255,
bench_detect_20260904_0813,onnx,320,4,88,22.480999992694706,44.48200704261172,1,0.8535933494567871,
bench_detect_20260904_0813,onnx,320,4,89,22.465100002591498,44.51348980795293,1,0.8226962685585022,
bench_detect_20260904_0813,onnx,320,4,90,22.94860000256449,43.57564295374231,1,0.83518385887146,
bench_detect_20260904_0813,onnx,320,4,91,22.806599998148158,43.84695658630386,5,0.8622596263885498,
bench_detect_20260904_0813,onnx,320,4,92,23.148099993704818,43.20008986793527,1,0.8443489670753479,
bench_detect_20260904_0813,onnx,320,4,93,27.07120000559371,36.93962586783631,1,0.8922711610794067,
bench_detect_20260904_0813,onnx,320,4,94,23.250999991432764,43.00890285873586,1,0.83056640625,
bench_detect_20260904_0813,onnx,320,4,95,24.684200005140156,40.51174434625239,1,0.8475976586341858,
bench_detect_20260904_0813,onnx,320,4,96,26.213300006929785,38.148573424011424,1,0.8309311866760254,
bench_detect_20260904_0813,onnx,320,4,97,24.45620000071358,40.88942681082188,1,0.8784871697425842,
bench_detect_20260904_0813,onnx,320,4,98,31.136400008108467,32.116750804190026,1,0.8540769815444946,
bench_detect_20260904_0813,onnx,320,4,99,26.06430000741966,38.36665476208194,1,0.863140344619751,
bench_detect_20260904_0813,onnx,640,1,0,145.2521000028355,6.884582047216383,1,0.8214688301086426,
bench_detect_20260904_0813,onnx,640,1,1,131.40410000050906,7.610112622027212,1,0.812147855758667,
bench_detect_20260904_0813,onnx,640,1,2,146.29710000008345,6.835405486502669,1,0.8395455479621887,
bench_detect_20260904_0813,onnx,640,1,3,137.76460000372026,7.258758781087416,1,0.8316104412078857,
bench_detect_20260904_0813,onnx,640,1,4,158.48290000576526,6.309829009714122,1,0.7443010807037354,
bench_detect_20260904_0813,onnx,640,1,5,146.4023000007728,6.830493783190027,1,0.8330690860748291,
bench_detect_20260904_0813,onnx,640,1,6,136.10940000216942,7.347031138070267,1,0.8096311092376709,
bench_detect_20260904_0813,onnx,640,1,7,245.48880000656936,4.073505593628873,2,0.8250116109848022,
bench_detect_20260904_0813,onnx,640,1,8,166.62599999108352,6.001464357624332,1,0.8489115238189697,
bench_detect_20260904_0813,onnx,640,1,9,252.20309999713209,3.9650583201053893,1,0.8309528827667236,
bench_detect_20260904_0813,onnx,640,1,10,140.51329999347217,7.116764036190574,1,0.8210679292678833,
bench_detect_20260904_0813,onnx,640,1,11,203.58000000123866,4.912073877561232,1,0.8629555702209473,
bench_detect_20260904_0813,onnx,640,1,12,225.0452000007499,4.443551784248976,1,0.842363715171814,
bench_detect_20260904_0813,onnx,640,1,13,135.30190000892617,7.39087921111254,2,0.825884997844696,
bench_detect_20260904_0813,onnx,640,1,14,155.34139999363106,6.437433936098166,1,0.8677326440811157,
bench_detect_20260904_0813,onnx,640,1,15,133.54680000338703,7.488011693089148,1,0.861142635345459,
bench_detect_20260904_0813,onnx,640,1,16,152.7122999978019,6.548261011158851,2,0.8343461751937866,
bench_detect_20260904_0813,onnx,640,1,17,156.8130000086967,6.37702231284741,3,0.839414656162262,
bench_detect_20260904_0813,onnx,640,1,18,147.09459998994134,6.798346098826077,2,0.8466666340827942,
bench_detect_20260904_0813,onnx,640,1,19,136.64139999309555,7.318426187455118,1,0.8641484975814819,
bench_detect_20260904_0813,onnx,640,1,20,140.75649999722373,7.104467644618358,2,0.8630983829498291,
bench_detect_20260904_0813,onnx,640,1,21,148.14429999387357,6.7501753360834975,1,0.8406504392623901,
bench_detect_20260904_0813,onnx,640,1,22,124.94499998865649,8.003521550208395,1,0.8391133546829224,
bench_detect_20260904_0813,onnx,640,1,23,132.04929999483284,7.572929201738521,1,0.8192139863967896,
bench_detect_20260904_0813,onnx,640,1,24,150.5256999953417,6.6433838210415015,1,0.8192445635795593,
bench_detect_20260904_0813,onnx,640,1,25,147.63619999575894,6.773406522443184,2,0.8416056632995605,
bench_detect_20260904_0813,onnx,640,1,26,154.27339999587275,6.481998841192019,3,0.8323211669921875,
bench_detect_20260904_0813,onnx,640,1,27,152.4855000025127,6.55800059666999,1,0.8368035554885864,
bench_detect_20260904_0813,onnx,640,1,28,245.22840000281576,4.07783111576195,1,0.8446122407913208,
bench_detect_20260904_0813,onnx,640,1,29,256.6259000013815,3.8967228171225763,1,0.8436522483825684,
bench_detect_20260904_0813,onnx,640,1,30,253.41130000015255,3.9461539402520645,1,0.8377926349639893,
bench_detect_20260904_0813,onnx,640,1,31,216.10420000797603,4.627397338705549,1,0.8432223796844482,
bench_detect_20260904_0813,onnx,640,1,32,232.92500000388827,4.293227433651634,1,0.8313404321670532,
bench_detect_20260904_0813,onnx,640,1,33,155.31929999997374,6.438349902427896,1,0.8367631435394287,
bench_detect_20260904_0813,onnx,640,1,34,268.29839999845717,3.727193304193206,1,0.7940600514411926,
bench_detect_20260904_0813,onnx,640,1,35,213.49359999294393,4.683981159308994,1,0.8441817760467529,
bench_detect_20260904_0813,onnx,640,1,36,139.94479998655152,7.1456745809497635,1,0.8246177434921265,
bench_detect_20260904_0813,onnx,640,1,37,144.83210000616964,6.904546712761891,1,0.8456279039382935,
bench_detect_20260904_0813,onnx,640,1,38,132.92029999138322,7.523305319539805,1,0.8481340408325195,
bench_detect_20260904_0813,onnx,640,1,39,138.30069999676198,7.230621392541129,2,0.8228013515472412,
bench_detect_20260904_0813,onnx,640,1,40,178.52899999707006,5.601330876308116,1,0.811850368976593,
bench_detect_20260904_0813,onnx,640,1,41,171.27720000280533,5.838488718776469,1,0.848019003868103,
bench_detect_20260904_0813,onnx,640,1,42,128.32090001029428,7.792962798108313,2,0.8532116413116455,
bench_detect_20260904_0813,onnx,640,1,43,153.9659000118263,6.494944659325141,1,0.8299169540405273,
bench_detect_20260904_0813,onnx,640,1,44,162.77500000433065,6.143449546757148,1,0.7718535661697388,
bench_detect_20260904_0813,onnx,640,1,45,235.0460000016028,4.254486355833245,1,0.8479881882667542,
bench_detect_20260904_0813,onnx,640,1,46,130.59149999753572,7.65746622114663,1,0.8480563163757324,
bench_detect_20260904_0813,onnx,640,1,47,177.3335999896517,5.639089264856491,1,0.8432231545448303,
bench_detect_20260904_0813,onnx,640,1,48,209.44910000253003,4.774429682380686,1,0.815872073173523,
bench_detect_20260904_0813,onnx,640,1,49,178.50979999639094,5.601933339347295,1,0.7787197232246399,
bench_detect_20260904_0813,onnx,640,1,50,171.5954000101192,5.827662046541042,2,0.8698760271072388,
bench_detect_20260904_0813,onnx,640,1,51,175.52129999967292,5.697314229109877,1,0.8253887891769409,
bench_detect_20260904_0813,onnx,640,1,52,229.53070000221487,4.356715681128278,1,0.8267799615859985,
bench_detect_20260904_0813,onnx,640,1,53,182.58989999594633,5.476754190796977,1,0.8350735902786255,
bench_detect_20260904_0813,onnx,640,1,54,275.3330000123242,3.631965655970185,1,0.842432975769043,
bench_detect_20260904_0813,onnx,640,1,55,208.34690000629053,4.7996874442087085,1,0.853783130645752,
bench_detect_20260904_0813,onnx,640,1,56,142.12500001303852,7.036059805862869,1,0.8273897171020508,
bench_detect_20260904_0813,onnx,640,1,57,129.6437999990303,7.713442524883408,1,0.8261759877204895,
bench_detect_20260904_0813,onnx,640,1,58,150.9883999970043,6.623025345124795,2,0.8604758977890015,
bench_detect_20260904_0813,onnx,640,1,59,143.98359999177046,6.945235429987555,1,0.8189926147460938,
bench_detect_20260904_0813,onnx,640,1,60,133.63169999502134,7.483254347862495,2,0.8329588770866394,
bench_detect_20260904_0813,onnx,640,1,61,139.54849999572616,7.165967387901885,1,0.8284343481063843,
bench_detect_20260904_0813,onnx,640,1,62,145.4673999978695,6.874392475665653,2,0.8373318910598755,
bench_detect_20260904_0813,onnx,640,1,63,150.16489999834448,6.659345825895564,1,0.8421447277069092,
bench_detect_20260904_0813,onnx,640,1,64,141.94340001267847,7.045061622524749,1,0.8202601075172424,
bench_detect_20260904_0813,onnx,640,1,65,130.95100001373794,7.636444165337347,1,0.8330275416374207,
bench_detect_20260904_0813,onnx,640,1,66,143.62390000314917,6.962629478645779,2,0.8189750909805298,
bench_detect_20260904_0813,onnx,640,1,67,158.50059999502264,6.309124382061663,1,0.8267172574996948,
bench_detect_20260904_0813,onnx,640,1,68,203.85299999907147,4.905495626772993,2,0.8485020399093628,
bench_detect_20260904_0813,onnx,640,1,69,255.85529999807477,3.908459195519986,1,0.8594738841056824,
bench_detect_20260904_0813,onnx,640,1,70,262.4912999890512,3.809650072370822,1,0.857597827911377,
bench_detect_20260904_0813,onnx,640,1,71,239.27740000362974,4.179249690881088,1,0.8561351299285889,
bench_detect_20260904_0813,onnx,640,1,72,162.60360000887886,6.1499253395705615,1,0.8265813589096069,
bench_detect_20260904_0813,onnx,640,1,73,131.37799999094568,7.6116244734195835,1,0.8261643648147583,
bench_detect_20260904_0813,onnx,640,1,74,134.02659998973832,7.461205462770558,1,0.8381205797195435,
bench_detect_20260904_0813,onnx,640,1,75,127.0111000048928,7.87332760649642,1,0.8184213638305664,
bench_detect_20260904_0813,onnx,640,1,76,143.26749999599997,6.979950093551713,2,0.8448441028594971,
bench_detect_20260904_0813,onnx,640,1,77,141.02300000377,7.0910418865948595,1,0.8476138114929199,
bench_detect_20260904_0813,onnx,640,1,78,147.817799996119,6.765085125243749,1,0.8524564504623413,
bench_detect_20260904_0813,onnx,640,1,79,205.6144999951357,4.863470232029635,4,0.8396109342575073,
bench_detect_20260904_0813,onnx,640,1,80,208.6566999932984,4.792561178395507,1,0.8314977288246155,
bench_detect_20260904_0813,onnx,640,1,81,198.81499999610242,5.0298015744264974,1,0.827151358127594,
bench_detect_20260904_0813,onnx,640,1,82,224.41579999576788,4.456014237940726,2,0.8298345804214478,
bench_detect_20260904_0813,onnx,640,1,83,228.4164000011515,4.377969357694801,1,0.8219830989837646,
bench_detect_20260904_0813,onnx,640,1,84,166.95379999873694,5.989680977657084,1,0.8257669806480408,
bench_detect_20260904_0813,onnx,640,1,85,192.89890000072774,5.184062739581342,1,0.8114612102508545,
bench_detect_20260904_0813,onnx,640,1,86,244.76899999717716,4.085484681522304,1,0.8388513326644897,
bench_detect_20260904_0813,onnx,640,1,87,245.32600000384264,4.07620879965571,1,0.8571672439575195,
bench_detect_20260904_0813,onnx,640,1,88,159.97369999240618,6.251027512944122,1,0.8460313081741333,
bench_detect_20260904_0813,onnx,640,1,89,147.83729999908246,6.7641927984764765,1,0.7928652763366699,
bench_detect_20260904_0813,onnx,640,1,90,133.26219998998567,7.504003386370235,1,0.8154222965240479,
bench_detect_20260904_0813,onnx,640,1,91,133.51509999483824,7.489789544693151,6,0.8506507873535156,
bench_detect_20260904_0813,onnx,640,1,92,134.08099999651313,7.458178265570854,1,0.8413549065589905,
bench_detect_20260904_0813,onnx,640,1,93,149.40190000925213,6.693355304973178,1,0.8516277074813843,
bench_detect_20260904_0813,onnx,640,1,94,129.16939999558963,7.741771658257638,1,0.8222675323486328,
bench_detect_20260904_0813,onnx,640,1,95,149.55469999404158,6.686516706194062,1,0.8292025923728943,
bench_detect_20260904_0813,onnx,640,1,96,146.7125000053784,6.816051801743823,1,0.807289183139801,
bench_detect_20260904_0813,onnx,640,1,97,140.1075000030687,7.137376657053316,1,0.8510770797729492,
bench_detect_20260904_0813,onnx,640,1,98,182.10009999165777,5.491485177909355,1,0.8391404151916504,
bench_detect_20260904_0813,onnx,640,1,99,151.59870000206865,6.596362633626505,1,0.849768877029419,
bench_detect_20260904_0813,onnx,640,2,0,111.62049999984447,8.958927795533915,1,0.8214688301086426,
bench_detect_20260904_0813,onnx,640,2,1,112.16499999864027,8.915437079410891,1,0.812147855758667,
bench_detect_20260904_0813,onnx,640,2,2,152.80869998969138,6.544130013981278,1,0.8395455479621887,
bench_detect_20260904_0813,onnx,640,2,3,91.98009999818169,10.871916860492309,1,0.8316104412078857,
bench_detect_20260904_0813,onnx,640,2,4,91.821499998332,10.890695534468133,1,0.7443010807037354,
bench_detect_20260904_0813,onnx,640,2,5,99.7607000026619,10.023987401585163,1,0.8330690860748291,
bench_detect_20260904_0813,onnx,640,2,6,89.37039999000262,11.189387091384447,1,0.8096311092376709,
bench_detect_20260904_0813,onnx,640,2,7,91.25430000131018,10.95838771417503,2,0.8250116109848022,
bench_detect_20260904_0813,onnx,640,2,8,90.25870000186842,11.0792643809328,1,0.8489115238189697,
bench_detect_20260904_0813,onnx,640,2,9,100.57110000343528,9.943214302775273,1,0.8309528827667236,
bench_detect_20260904_0813,onnx,640,2,10,96.85580000223126,10.324626919368413,1,0.8210679292678833,
bench_detect_20260904_0813,onnx,640,2,11,102.76609999709763,9.730835363298233,1,0.8629555702209473,
bench_detect_20260904_0813,onnx,640,2,12,91.78719999908935,10.89476528328483,1,0.842363715171814,
bench_detect_20260904_0813,onnx,640,2,13,117.57479999505449,8.505223908882368,2,0.825884997844696,
bench_detect_20260904_0813,onnx,640,2,14,108.70080000313465,9.199564308369052,1,0.8677326440811157,
bench_detect_20260904_0813,onnx,640,2,15,94.83709999767598,10.544396655154,1,0.861142635345459,
bench_detect_20260904_0813,onnx,640,2,16,125.62210000760388,7.96038276656313,2,0.8343461751937866,
bench_detect_20260904_0813,onnx,640,2,17,103.48099999828264,9.663609744944443,3,0.839414656162262,
bench_detect_20260904_0813,onnx,640,2,18,108.79820000263862,9.191328532785906,2,0.8466666340827942,
bench_detect_20260904_0813,onnx,640,2,19,106.95380000106525,9.349831422446329,1,0.8641484975814819,
bench_detect_20260904_0813,onnx,640,2,20,91.69560000009369,10.905648689784224,2,0.8630983829498291,
bench_detect_20260904_0813,onnx,640,2,21,138.76739999977872,7.206303497807083,1,0.8406504392623901,
bench_detect_20260904_0813,onnx,640,2,22,199.9824000085937,5.000440038508527,1,0.8391133546829224,
bench_detect_20260904_0813,onnx,640,2,23,102.15360000438523,9.789180214471857,1,0.8192139863967896,
bench_detect_20260904_0813,onnx,640,2,24,95.81739999703132,10.436517793542537,1,0.8192445635795593,
bench_detect_20260904_0813,onnx,640,2,25,110.82010000245646,9.023633799083685,2,0.8416056632995605,
bench_detect_20260904_0813,onnx,640,2,26,91.87220000603702,10.884685464528866,3,0.8323211669921875,
bench_detect_20260904_0813,onnx,640,2,27,97.76489999785554,10.22861988322941,1,0.8368035554885864,
bench_detect_20260904_0813,onnx,640,2,28,89.14330000698101,11.217892987153132,1,0.8446122407913208,
bench_detect_20260904_0813,onnx,640,2,29,97.70450000360142,10.234943118926351,1,0.8436522483825684,
bench_detect_20260904_0813,onnx,640,2,30,87.60760001314338,11.414534810335798,1,0.8377926349639893,
bench_detect_20260904_0813,onnx,640,2,31,89.232099999208,11.206729416979716,1,0.8432223796844482,
bench_detect_20260904_0813,onnx,640,2,32,94.5233999955235,10.57939092380679,1,0.8313404321670532,
bench_detect_20260904_0813,onnx,640,2,33,187.7059999969788,5.327480208496774,1,0.8367631435394287,
bench_detect_20260904_0813,onnx,640,2,34,163.36849999788683,6.121131062676923,1,0.7940600514411926,
bench_detect_20260904_0813,onnx,640,2,35,163.217600013013,6.126790247622021,1,0.8441817760467529,
bench_detect_20260904_0813,onnx,640,2,36,117.62660001113545,8.501478406290177,1,0.8246177434921265,
bench_detect_20260904_0813,onnx,640,2,37,107.4910000024829,9.303104445738725,1,0.8456279039382935,
bench_detect_20260904_0813,onnx,640,2,38,91.64379999856465,10.911812910591467,1,0.8481340408325195,
bench_detect_20260904_0813,onnx,640,2,39,91.01879999798257,10.986741200962493,2,0.8228013515472412,
bench_detect_20260904_0813,onnx,640,2,40,101.95389999717008,9.808354560519577,1,0.811850368976593,
bench_detect_20260904_0813,onnx,640,2,41,95.80039999855217,10.438369777319437,1,0.848019003868103,
bench_detect_20260904_0813,onnx,640,2,42,95.67450000031386,10.452105837989428,2,0.8532116413116455,
bench_detect_20260904_0813,onnx,640,2,43,102.08379999676254,9.795873586521209,1,0.8299169540405273,
bench_detect_20260904_0813,onnx,640,2,44,87.56629998970311,11.419918394606025,1,0.7718535661697388,
bench_detect_20260904_0813,onnx,640,2,45,97.02680000918917,10.306430799586222,1,0.8479881882667542,
bench_detect_20260904_0813,onnx,640,2,46,109.6689999976661,9.118347026245168,1,0.8480563163757324,
bench_detect_20260904_0813,onnx,640,2,47,86.31319999403786,11.585713425861579,1,0.8432231545448303,
bench_detect_20260904_0813,onnx,640,2,48,94.20109998609405,10.61558729301059,1,0.815872073173523,
bench_detect_20260904_0813,onnx,640,2,49,83.68940000946168,11.94894454837701,1,0.7787197232246399,
bench_detect_20260904_0813,onnx,640,2,50,93.90880000137258,10.648629308279776,2,0.8698760271072388,
bench_detect_20260904_0813,onnx,640,2,51,115.44470000080764,8.662155993241822,1,0.8253887891769409,
bench_detect_20260904_0813,onnx,640,2,52,89.74680000392254,11.14245856070961,1,0.8267799615859985,
bench_detect_20260904_0813,onnx,640,2,53,96.9724999886239,10.312201914123207,1,0.8350735902786255,
bench_detect_20260904_0813,onnx,640,2,54,99.47739999915939,10.052534545619913,1,0.842432975769043,
bench_detect_20260904_0813,onnx,640,2,55,88.17459999409039,11.34113452249312,1,0.853783130645752,
bench_detect_20260904_0813,onnx,640,2,56,100.30389999155886,9.969702076231888,1,0.8273897171020508,
bench_detect_20260904_0813,onnx,640,2,57,93.16930000204593,10.733149223811285,1,0.8261759877204895,
bench_detect_20260904_0813,onnx,640,2,58,117.04179999651387,8.543956091155342,2,0.8604758977890015,
bench_detect_20260904_0813,onnx,640,2,59,124.29629999678582,8.045291774782186,1,0.8189926147460938,
bench_detect_20260904_0813,onnx,640,2,60,95.67049999895971,10.452542842473632,2,0.8329588770866394,
bench_detect_20260904_0813,onnx,640,2,61,105.89949999121018,9.442915217569503,1,0.8284343481063843,
bench_detect_20260904_0813,onnx,640,2,62,113.9060999994399,8.779161080968597,2,0.8373318910598755,
bench_detect_20260904_0813,onnx,640,2,63,131.9225000042934,7.580208076465009,1,0.8421447277069092,
bench_detect_20260904_0813,onnx,640,2,64,131.98279999778606,7.576744848698273,1,0.8202601075172424,
bench_detect_20260904_0813,onnx,640,2,65,133.40900000184774,7.495746163948083,1,0.8330275416374207,
bench_detect_20260904_0813,onnx,640,2,66,144.02750000590459,6.943118501390385,2,0.8189750909805298,
bench_detect_20260904_0813,onnx,640,2,67,125.27609999233391,7.982368544847689,1,0.8267172574996948,
bench_detect_20260904_0813,onnx,640,2,68,131.30190000811126,7.616036020333478,2,0.8485020399093628,
bench_detect_20260904_0813,onnx,640,2,69,102.00260000419803,9.803671670710784,1,0.8594738841056824,
bench_detect_20260904_0813,onnx,640,2,70,108.09850000077859,9.250822166753446,1,0.857597827911377,
bench_detect_20260904_0813,onnx,640,2,71,121.8899999948917,8.204118467814498,1,0.8561351299285889,
bench_detect_20260904_0813,onnx,640,2,72,117.6646000094479,8.498732838251309,1,0.8265813589096069,
bench_detect_20260904_0813,onnx,640,2,73,102.40430000703782,9.765214936592255,1,0.8261643648147583,
bench_detect_20260904_0813,onnx,640,2,74,115.2250000013737,8.67867216305557,1,0.8381205797195435,
bench_detect_20260904_0813,onnx,640,2,75,116.19960000098217,8.605881603650507,1,0.8184213638305664,
bench_detect_20260904_0813,onnx,640,2,76,144.27689999865834,6.931116485101213,2,0.8448441028594971,
bench_detect_20260904_0813,onnx,640,2,77,166.819599995506,5.994499447468638,1,0.8476138114929199,
bench_detect_20260904_0813,onnx,640,2,78,113.15319999994244,8.837575958969863,1,0.8524564504623413,
bench_detect_20260904_0813,onnx,640,2,79,130.14449999900535,7.683766889938819,4,0.8396109342575073,
bench_detect_20260904_0813,onnx,640,2,80,117.73339999490418,8.493766425188458,1,0.8314977288246155,
bench_detect_20260904_0813,onnx,640,2,81,124.9171999952523,8.005302712821027,1,0.827151358127594,
bench_detect_20260904_0813,onnx,640,2,82,107.57379999267869,9.295943808511538,2,0.8298345804214478,
bench_detect_20260904_0813,onnx,640,2,83,115.31269999977667,8.672071679892472,1,0.8219830989837646,
bench_detect_20260904_0813,onnx,640,2,84,104.88679999252781,9.534088179553962,1,0.8257669806480408,
bench_detect_20260904_0813,onnx,640,2,85,95.40479999850504,10.481652914902286,1,0.8114612102508545,
bench_detect_20260904_0813,onnx,640,2,86,102.25860000355169,9.779128601068933,1,0.8388513326644897,
bench_detect_20260904_0813,onnx,640,2,87,88.9539999916451,11.24176540789536,1,0.8571672439575195,
bench_detect_20260904_0813,onnx,640,2,88,105.9261000045808,9.440543925970603,1,0.8460313081741333,
bench_detect_20260904_0813,onnx,640,2,89,96.0546999995131,10.41073471683394,1,0.7928652763366699,
bench_detect_20260904_0813,onnx,640,2,90,110.3344000002835,9.063356487164752,1,0.8154222965240479,
bench_detect_20260904_0813,onnx,640,2,91,107.06520000530872,9.340103039553618,6,0.8506507873535156,
bench_detect_20260904_0813,onnx,640,2,92,119.75050000182819,8.350695821601859,1,0.8413549065589905,
bench_detect_20260904_0813,onnx,640,2,93,147.06329999899026,6.799793014347332,1,0.8516277074813843,
bench_detect_20260904_0813,onnx,640,2,94,91.49219999380875,10.929893477997792,1,0.8222675323486328,
bench_detect_20260904_0813,onnx,640,2,95,89.5001000026241,11.173171873223389,1,0.8292025923728943,
bench_detect_20260904_0813,onnx,640,2,96,104.74340000655502,9.547140917111896,1,0.807289183139801,
bench_detect_20260904_0813,onnx,640,2,97,94.64949999528471,10.565296172191278,1,0.8510770797729492,
bench_detect_20260904_0813,onnx,640,2,98,109.68259999935981,9.117216404478347,1,0.8391404151916504,
bench_detect_20260904_0813,onnx,640,2,99,107.1663000038825,9.33129164638297,1,0.849768877029419,
bench_detect_20260904_0813,onnx,640,4,0,95.83310000016354,10.434808015166926,1,0.8214688301086426,
bench_detect_20260904_0813,onnx,640,4,1,92.20739999727812,10.845116552787728,1,0.812147855758667,
bench_detect_20260904_0813,onnx,640,4,2,96.47170000243932,10.3657341995084,1,0.8395455479621887,
bench_detect_20260904_0813,onnx,640,4,3,99.5822999975644,10.041945205367401,1,0.8316104412078857,
bench_detect_20260904_0813,onnx,640,4,4,98.94349999376573,10.10677811137678,1,0.7443010807037354,
bench_detect_20260904_0813,onnx,640,4,5,93.71490000921767,10.670661761380968,1,0.8330690860748291,
bench_detect_20260904_0813,onnx,640,4,6,94.20170000521466,10.615519676870413,1,0.8096311092376709,
bench_detect_20260904_0813,onnx,640,4,7,98.33079999953043,10.169753525902113,2,0.8250116109848022,
bench_detect_20260904_0813,onnx,640,4,8,99.73440000612754,10.026630730606104,1,0.8489115238189697,
bench_detect_20260904_0813,onnx,640,4,9,98.87509999680333,10.113769796767137,1,0.8309528827667236,
bench_detect_20260904_0813,onnx,640,4,10,99.53659999882802,10.046555739414188,1,0.8210679292678833,
bench_detect_20260904_0813,onnx,640,4,11,107.11040000023786,9.336161567856896,1,0.8629555702209473,
bench_detect_20260904_0813,onnx,640,4,12,115.99869999918155,8.620786267493132,1,0.842363715171814,
bench_detect_20260904_0813,onnx,640,4,13,106.24149999057408,9.41251770813403,2,0.825884997844696,
bench_detect_20260904_0813,onnx,640,4,14,100.87900000507943,9.912865908163724,1,0.8677326440811157,
bench_detect_20260904_0813,onnx,640,4,15,91.7912000004435,10.894290520171525,1,0.861142635345459,
bench_detect_20260904_0813,onnx,640,4,16,88.84909999324009,11.255038037257362,2,0.8343461751937866,
bench_detect_20260904_0813,onnx,640,4,17,84.04639999207575,11.898189572596616,3,0.839414656162262,
bench_detect_20260904_0813,onnx,640,4,18,86.82250000128988,11.517751734690242,2,0.8466666340827942,
bench_detect_20260904_0813,onnx,640,4,19,83.39100000739563,11.991701741330765,1,0.8641484975814819,
bench_detect_20260904_0813,onnx,640,4,20,95.5656000005547,10.46401634054718,2,0.8630983829498291,
bench_detect_20260904_0813,onnx,640,4,21,88.53900000394788,11.294457809049243,1,0.8406504392623901,
bench_detect_20260904_0813,onnx,640,4,22,88.242400001036,11.332420695586924,1,0.8391133546829224,
bench_detect_20260904_0813,onnx,640,4,23,89.38810000836384,11.187171445711815,1,0.8192139863967896,
bench_detect_20260904_0813,onnx,640,4,24,108.97159999876749,9.176702920864798,1,0.8192445635795593,
bench_detect_20260904_0813,onnx,640,4,25,81.55440000700764,12.261754116443429,2,0.8416056632995605,
bench_detect_20260904_0813,onnx,640,4,26,73.09730000270065,13.680395855429053,3,0.8323211669921875,
bench_detect_20260904_0813,onnx,640,4,27,89.33400000387337,11.193946313348128,1,0.8368035554885864,
bench_detect_20260904_0813,onnx,640,4,28,86.78820000204723,11.522303723045427,1,0.8446122407913208,
bench_detect_20260904_0813,onnx,640,4,29,83.49129999987781,11.977295838026999,1,0.8436522483825684,
bench_detect_20260904_0813,onnx,640,4,30,87.05449999251869,11.487056959559107,1,0.8377926349639893,
bench_detect_20260904_0813,onnx,640,4,31,85.62610000080895,11.678682083973841,1,0.8432223796844482,
bench_detect_20260904_0813,onnx,640,4,32,94.30240000074264,10.604183986750337,1,0.8313404321670532,
bench_detect_20260904_0813,onnx,640,4,33,96.24490000715014,10.390160932430799,1,0.8367631435394287,
bench_detect_20260904_0813,onnx,640,4,34,82.1703000110574,12.169847254609428,1,0.7940600514411926,
bench_detect_20260904_0813,onnx,640,4,35,88.97909999359399,11.238594232488243,1,0.8441817760467529,
bench_detect_20260904_0813,onnx,640,4,36,94.17799999937415,10.618191085037328,1,0.8246177434921265,
bench_detect_20260904_0813,onnx,640,4,37,89.21099999861326,11.209380009365935,1,0.8456279039382935,
bench_detect_20260904_0813,onnx,640,4,38,103.18200000619981,9.69161287763286,1,0.8481340408325195,
bench_detect_20260904_0813,onnx,640,4,39,89.70789999875706,11.147290261101368,2,0.8228013515472412,
bench_detect_20260904_0813,onnx,640,4,40,79.76539999071974,12.536764062066315,1,0.811850368976593,
bench_detect_20260904_0813,onnx,640,4,41,87.75700000114739,11.395102384845943,1,0.848019003868103,
bench_detect_20260904_0813,onnx,640,4,42,87.94709999347106,11.370471568411434,2,0.8532116413116455,
bench_detect_20260904_0813,onnx,640,4,43,86.93819999461994,11.502423561356041,1,0.8299169540405273,
bench_detect_20260904_0813,onnx,640,4,44,89.71530001144856,11.146370795977832,1,0.7718535661697388,
bench_detect_20260904_0813,onnx,640,4,45,91.82110000983812,10.890742976209777,1,0.8479881882667542,
bench_detect_20260904_0813,onnx,640,4,46,84.0743000007933,11.894241165142788,1,0.8480563163757324,
bench_detect_20260904_0813,onnx,640,4,47,86.40600000217091,11.573270374451722,1,0.8432231545448303,
bench_detect_20260904_0813,onnx,640,4,48,79.73310000670608,12.541842721729036,1,0.815872073173523,
bench_detect_20260904_0813,onnx,640,4,49,87.89409999735653,11.377327943856022,1,0.7787197232246399,
bench_detect_20260904_0813,onnx,640,4,50,84.14410000841599,11.884374542005693,2,0.8698760271072388,
bench_detect_20260904_0813,onnx,640,4,51,84.8307999985991,11.788171277608063,1,0.8253887891769409,
bench_detect_20260904_0813,onnx,640,4,52,86.0909999901196,11.615616035529463,1,0.8267799615859985,
bench_detect_20260904_0813,onnx,640,4,53,82.96449999033939,12.053348120177217,1,0.8350735902786255,
bench_detect_20260904_0813,onnx,640,4,54,105.12249999737833,9.512711360792782,1,0.842432975769043,
bench_detect_20260904_0813,onnx,640,4,55,81.98750000155997,12.196981246909262,1,0.853783130645752,
bench_detect_20260904_0813,onnx,640,4,56,88.92840000044089,11.245001596734477,1,0.8273897171020508,
bench_detect_20260904_0813,onnx,640,4,57,88.34950000164099,11.318683184188096,1,0.8261759877204895,
bench_detect_20260904_0813,onnx,640,4,58,79.73599999968428,12.541386575749467,2,0.8604758977890015,
bench_detect_20260904_0813,onnx,640,4,59,89.27820000099018,11.20094267121099,1,0.8189926147460938,
bench_detect_20260904_0813,onnx,640,4,60,84.36599999549799,11.853116184877354,2,0.8329588770866394,
bench_detect_20260904_0813,onnx,640,4,61,94.96729999955278,10.529940305817995,1,0.8284343481063843,
bench_detect_20260904_0813,onnx,640,4,62,96.87130000384059,10.322974915793983,2,0.8373318910598755,
bench_detect_20260904_0813,onnx,640,4,63,99.203400008264,10.08029966630878,1,0.8421447277069092,
bench_detect_20260904_0813,onnx,640,4,64,102.31480000948068,9.773757070407587,1,0.8202601075172424,
bench_detect_20260904_0813,onnx,640,4,65,87.74089999496937,11.39719332782471,1,0.8330275416374207,
bench_detect_20260904_0813,onnx,640,4,66,85.48529999097809,11.697917654913038,2,0.8189750909805298,
bench_detect_20260904_0813,onnx,640,4,67,85.70760001020972,11.667576736262331,1,0.8267172574996948,
bench_detect_20260904_0813,onnx,640,4,68,90.9589000075357,10.993976399419438,2,0.8485020399093628,
bench_detect_20260904_0813,onnx,640,4,69,95.86059999128338,10.431814531631662,1,0.8594738841056824,
bench_detect_20260904_0813,onnx,640,4,70,130.98059999174438,7.634718424431017,1,0.857597827911377,
bench_detect_20260904_0813,onnx,640,4,71,131.8864999921061,7.582277185760891,1,0.8561351299285889,
bench_detect_20260904_0813,onnx,640,4,72,108.94920000282582,9.178589654389963,1,0.8265813589096069,
bench_detect_20260904_0813,onnx,640,4,73,133.4389999974519,7.494060956834925,1,0.8261643648147583,
bench_detect_20260904_0813,onnx,640,4,74,118.7800000043353,8.41892574476765,1,0.8381205797195435,
bench_detect_20260904_0813,onnx,640,4,75,127.02850000641774,7.87224914054309,1,0.8184213638305664,
bench_detect_20260904_0813,onnx,640,4,76,115.916599999764,8.626892093125885,2,0.8448441028594971,
bench_detect_20260904_0813,onnx,640,4,77,114.46430000069086,8.736348363585542,1,0.8476138114929199,
bench_detect_20260904_0813,onnx,640,4,78,103.40780000842642,9.670450390768517,1,0.8524564504623413,
bench_detect_20260904_0813,onnx,640,4,79,120.65199999778997,8.288300235539547,4,0.8396109342575073,
bench_detect_20260904_0813,onnx,640,4,80,101.02000000188127,9.899029894885937,1,0.8314977288246155,
bench_detect_20260904_0813,onnx,640,4,81,124.42939999164082,8.036685864170204,1,0.827151358127594,
bench_detect_20260904_0813,onnx,640,4,82,167.8488999896217,5.957739371910279,2,0.8298345804214478,
bench_detect_20260904_0813,onnx,640,4,83,135.10429998859763,7.401688918001846,1,0.8219830989837646,
bench_detect_20260904_0813,onnx,640,4,84,139.3575999973109,7.175783739238451,1,0.8257669806480408,
bench_detect_20260904_0813,onnx,640,4,85,138.84700000926387,7.20217217464749,1,0.8114612102508545,
bench_detect_20260904_0813,onnx,640,4,86,121.0988999955589,8.257713323875555,1,0.8388513326644897,
bench_detect_20260904_0813,onnx,640,4,87,128.75509999867063,7.766682640224152,1,0.8571672439575195,
bench_detect_20260904_0813,onnx,640,4,88,123.88210000062827,8.072191220482447,1,0.8460313081741333,
bench_detect_20260904_0813,onnx,640,4,89,122.62090000149328,8.155216606531367,1,0.7928652763366699,
bench_detect_20260904_0813,onnx,640,4,90,130.76650000584777,7.647218515103492,1,0.8154222965240479,
bench_detect_20260904_0813,onnx,640,4,91,133.03110000560991,7.517039248400036,6,0.8506507873535156,
bench_detect_20260904_0813,onnx,640,4,92,124.84119999862742,8.010176127840767,1,0.8413549065589905,
bench_detect_20260904_0813,onnx,640,4,93,114.92480000015348,8.701342094993112,1,0.8516277074813843,
bench_detect_20260904_0813,onnx,640,4,94,118.2262000074843,8.4583620207424,1,0.8222675323486328,
bench_detect_20260904_0813,onnx,640,4,95,115.51830000826158,8.65663708631864,1,0.8292025923728943,
bench_detect_20260904_0813,onnx,640,4,96,128.30630000098608,7.793849561497094,1,0.807289183139801,
bench_detect_20260904_0813,onnx,640,4,97,114.09209998964798,8.764848750182825,1,0.8510770797729492,
bench_detect_20260904_0813,onnx,640,4,98,135.515400004806,7.379235127258861,1,0.8391404151916504,
bench_detect_20260904_0813,onnx,640,4,99,132.89609999628738,7.5246752916596975,1,0.849768877029419,
bench_detect_20260904_0813,ncnn,320,1,0,44.00420001184102,22.72510350673144,3,0.8670164942741394,
bench_detect_20260904_0813,ncnn,320,1,1,48.4889000072144,20.62327666437505,1,0.8328514695167542,
bench_detect_20260904_0813,ncnn,320,1,2,52.81280000053812,18.934803683762475,2,0.8697808384895325,
bench_detect_20260904_0813,ncnn,320,1,3,48.76449999574106,20.506721079624253,1,0.8827570676803589,
bench_detect_20260904_0813,ncnn,320,1,4,49.46010001003742,20.21831738708697,1,0.8138216137886047,
bench_detect_20260904_0813,ncnn,320,1,5,34.12160000880249,29.306949256249002,1,0.8523721098899841,
bench_detect_20260904_0813,ncnn,320,1,6,33.40359999856446,29.936893030780382,1,0.8551892638206482,
bench_detect_20260904_0813,ncnn,320,1,7,51.89020000398159,19.271461661802594,2,0.8453751802444458,
bench_detect_20260904_0813,ncnn,320,1,8,41.43359999579843,24.135001547087505,1,0.8628572225570679,
bench_detect_20260904_0813,ncnn,320,1,9,38.64389999944251,25.877305344813188,1,0.8440912961959839,
bench_detect_20260904_0813,ncnn,320,1,10,39.083199997548945,25.5864412346664,1,0.8319580554962158,
bench_detect_20260904_0813,ncnn,320,1,11,31.469399997149594,31.776900738195742,2,0.8591515421867371,
bench_detect_20260904_0813,ncnn,320,1,12,29.341500005102716,34.08142050767998,1,0.8425639271736145,
bench_detect_20260904_0813,ncnn,320,1,13,29.62850000767503,33.75128675906502,2,0.8373714685440063,
bench_detect_20260904_0813,ncnn,320,1,14,38.28599999542348,26.119208068733613,1,0.870506763458252,
bench_detect_20260904_0813,ncnn,320,1,15,31.321899994509295,31.926543414521444,1,0.8714591264724731,
bench_detect_20260904_0813,ncnn,320,1,16,44.64449999795761,22.399175711358573,2,0.8616291880607605,
bench_detect_20260904_0813,ncnn,320,1,17,42.6210000005085,23.46261232697659,3,0.860371470451355,
bench_detect_20260904_0813,ncnn,320,1,18,50.43820000719279,19.82624280520308,2,0.8776816129684448,
bench_detect_20260904_0813,ncnn,320,1,19,57.8693999996176,17.280289756012817,1,0.8844538927078247,
bench_detect_20260904_0813,ncnn,320,1,20,56.5340000030119,17.688470653884814,2,0.871953547000885,
bench_detect_20260904_0813,ncnn,320,1,21,54.611100000329316,18.311295688861236,1,0.8574782609939575,
bench_detect_20260904_0813,ncnn,320,1,22,55.163099998026155,18.128060243818457,1,0.8467497825622559,
bench_detect_20260904_0813,ncnn,320,1,23,53.75830001139548,18.60177869813636,1,0.8392353653907776,
bench_detect_20260904_0813,ncnn,320,1,24,42.65509999822825,23.44385548367104,1,0.8665619492530823,
bench_detect_20260904_0813,ncnn,320,1,25,52.64019999594893,18.996888311156827,3,0.8383881449699402,
bench_detect_20260904_0813,ncnn,320,1,26,49.278899998171255,20.292660754138385,3,0.8507546782493591,
bench_detect_20260904_0813,ncnn,320,1,27,31.88870000303723,31.359070765028218,1,0.8478229641914368,
bench_detect_20260904_0813,ncnn,320,1,28,50.246600003447384,19.901844103509305,1,0.8780727386474609,
bench_detect_20260904_0813,ncnn,320,1,29,53.05620000581257,18.847938598890327,1,0.8478466868400574,
bench_detect_20260904_0813,ncnn,320,1,30,55.408399988664314,18.04780502964504,1,0.8513928651809692,
bench_detect_20260904_0813,ncnn,320,1,31,37.95820000232197,26.344768717663854,1,0.8696878552436829,
bench_detect_20260904_0813,ncnn,320,1,32,29.358800005866215,34.061337650046625,2,0.8461757302284241,
bench_detect_20260904_0813,ncnn,320,1,33,36.7882999998983,27.182555323370867,1,0.8386850953102112,
bench_detect_20260904_0813,ncnn,320,1,34,35.85709999606479,27.888479551044203,2,0.8442752361297607,
bench_detect_20260904_0813,ncnn,320,1,35,37.08799999731127,26.962899052860653,1,0.850351095199585,
bench_detect_20260904_0813,ncnn,320,1,36,37.45019999041688,26.702127098276904,1,0.8418047428131104,
bench_detect_20260904_0813,ncnn,320,1,37,51.77430000912864,19.31460202887695,1,0.8386184573173523,
bench_detect_20260904_0813,ncnn,320,1,38,38.95129999727942,25.67308408371083,1,0.8658448457717896,
bench_detect_20260904_0813,ncnn,320,1,39,49.07519998960197,20.37689097979997,2,0.8564574718475342,
bench_detect_20260904_0813,ncnn,320,1,40,58.94879999686964,16.963873735395854,1,0.8289921283721924,
bench_detect_20260904_0813,ncnn,320,1,41,41.056700007175095,24.35656055711344,1,0.8585211038589478,
bench_detect_20260904_0813,ncnn,320,1,42,40.05150000739377,24.967853883509818,2,0.8730190396308899,
bench_detect_20260904_0813,ncnn,320,1,43,28.301300000748597,35.334065925365586,1,0.8458724021911621,
bench_detect_20260904_0813,ncnn,320,1,44,30.96969999023713,32.289625030763595,1,0.8432603478431702,
bench_detect_20260904_0813,ncnn,320,1,45,37.23580000223592,26.855875258217964,1,0.8354376554489136,
bench_detect_20260904_0813,ncnn,320,1,46,34.50249999877997,28.983407000517666,1,0.8780819177627563,
bench_detect_20260904_0813,ncnn,320,1,47,31.688800008851103,31.556890753852677,1,0.8653020858764648,
bench_detect_20260904_0813,ncnn,320,1,48,35.44469999906141,28.21296272860203,1,0.8466676473617554,
bench_detect_20260904_0813,ncnn,320,1,49,25.498599992715754,39.21783942199463,1,0.8357387185096741,
bench_detect_20260904_0813,ncnn,320,1,50,32.15780000027735,31.09665462162758,2,0.8686113357543945,
bench_detect_20260904_0813,ncnn,320,1,51,41.39640000357758,24.1566899516281,1,0.8685365915298462,
bench_detect_20260904_0813,ncnn,320,1,52,24.86059999500867,40.22429065271042,1,0.845445990562439,
bench_detect_20260904_0813,ncnn,320,1,53,24.040500007686205,41.59647260582271,1,0.8381633758544922,
bench_detect_20260904_0813,ncnn,320,1,54,45.368899998720735,22.041530652676105,1,0.850558340549469,
bench_detect_20260904_0813,ncnn,320,1,55,53.04929999692831,18.850390109914787,1,0.8439571857452393,
bench_detect_20260904_0813,ncnn,320,1,56,31.94459999212995,31.30419539597821,1,0.8371194005012512,
bench_detect_20260904_0813,ncnn,320,1,57,37.365500000305474,26.76265539044907,1,0.8488039374351501,
bench_detect_20260904_0813,ncnn,320,1,58,45.65159999765456,21.90503728349887,3,0.8435398936271667,
bench_detect_20260904_0813,ncnn,320,1,59,49.53720000048634,20.18684947857736,1,0.8659918904304504,
bench_detect_20260904_0813,ncnn,320,1,60,25.2695999952266,39.57324216405875,2,0.8362575173377991,
bench_detect_20260904_0813,ncnn,320,1,61,35.52960000524763,28.14554624460457,1,0.8402529358863831,
bench_detect_20260904_0813,ncnn,320,1,62,53.130999993300065,18.82140370266139,2,0.8753019571304321,
bench_detect_20260904_0813,ncnn,320,1,63,25.986299995565787,38.48181542469057,1,0.8739727139472961,
bench_detect_20260904_0813,ncnn,320,1,64,36.336500008474104,27.520537194468044,1,0.8813585042953491,
bench_detect_20260904_0813,ncnn,320,1,65,34.94979999959469,28.612467024463573,1,0.8344634175300598,
bench_detect_20260904_0813,ncnn,320,1,66,32.35500000300817,30.907124089229672,2,0.8658980131149292,
bench_detect_20260904_0813,ncnn,320,1,67,28.779699990991503,34.746713840415836,1,0.8395223617553711,
bench_detect_20260904_0813,ncnn,320,1,68,25.609100004658103,39.04861942895719,2,0.8659769892692566,
bench_detect_20260904_0813,ncnn,320,1,69,44.51150000386406,22.466104263239604,1,0.8664171099662781,
bench_detect_20260904_0813,ncnn,320,1,70,26.181500012171455,38.19490860092479,1,0.8556603789329529,
bench_detect_20260904_0813,ncnn,320,1,71,48.129100003279746,20.777450646944473,1,0.8706234097480774,
bench_detect_20260904_0813,ncnn,320,1,72,39.16499999468215,25.533001407781967,1,0.8552781939506531,
bench_detect_20260904_0813,ncnn,320,1,73,27.39770000334829,36.49941417994172,1,0.8395993113517761,
bench_detect_20260904_0813,ncnn,320,1,74,28.681399999186397,34.865801530900406,1,0.8509736657142639,
bench_detect_20260904_0813,ncnn,320,1,75,26.166099996771663,38.21738815197445,1,0.8412089347839355,
bench_detect_20260904_0813,ncnn,320,1,76,34.59850000217557,28.902987121901802,2,0.8553760647773743,
bench_detect_20260904_0813,ncnn,320,1,77,26.977400004398078,37.06806437377107,1,0.8588331341743469,
bench_detect_20260904_0813,ncnn,320,1,78,25.316600003861822,39.49977484525801,1,0.8597092628479004,
bench_detect_20260904_0813,ncnn,320,1,79,27.757000003475696,36.026948152710354,3,0.8422051072120667,
bench_detect_20260904_0813,ncnn,320,1,80,27.52249999321066,36.33390862918279,1,0.8683741688728333,
bench_detect_20260904_0813,ncnn,320,1,81,24.153499995009042,41.40186723276688,1,0.8618001937866211,
bench_detect_20260904_0813,ncnn,320,1,82,25.968499990995042,38.508192631332754,2,0.852422833442688,
bench_detect_20260904_0813,ncnn,320,1,83,24.785299989162013,40.346495722758036,1,0.8346434235572815,
bench_detect_20260904_0813,ncnn,320,1,84,24.74870000150986,40.40616274547723,1,0.8658378720283508,
bench_detect_20260904_0813,ncnn,320,1,85,30.685599995194934,32.58857575398852,1,0.8456016778945923,
bench_detect_20260904_0813,ncnn,320,1,86,29.362599991145544,34.05692957372833,1,0.8533008098602295,
bench_detect_20260904_0813,ncnn,320,1,87,24.051300002611242,41.57779412719605,1,0.8807278871536255,
bench_detect_20260904_0813,ncnn,320,1,88,28.10749999480322,35.577692793200725,1,0.8535934090614319,
bench_detect_20260904_0813,ncnn,320,1,89,39.15240000060294,25.541218417890097,1,0.8226959705352783,
bench_detect_20260904_0813,ncnn,320,1,90,24.365799996303394,41.041131428137504,1,0.8351837992668152,
bench_detect_20260904_0813,ncnn,320,1,91,27.544099997612648,36.30541568200354,5,0.8622596859931946,
bench_detect_20260904_0813,ncnn,320,1,92,29.49879999505356,33.899684060629,1,0.8443489074707031,
bench_detect_20260904_0813,ncnn,320,1,93,24.337300012120977,41.08919228928266,1,0.8922712802886963,
bench_detect_20260904_0813,ncnn,320,1,94,26.068399994983338,38.36062052877976,1,0.83056640625,
bench_detect_20260904_0813,ncnn,320,1,95,24.269800007459708,41.20347096773085,1,0.8475977778434753,
bench_detect_20260904_0813,ncnn,320,1,96,24.72269999270793,40.448656509804934,1,0.8309312462806702,
bench_detect_20260904_0813,ncnn,320,1,97,25.044599999091588,39.9287670809784,1,0.8784870505332947,
bench_detect_20260904_0813,ncnn,320,1,98,24.714899991522543,40.46142207101829,1,0.8540768623352051,
bench_detect_20260904_0813,ncnn,320,1,99,25.7969999947818,38.764197395134296,1,0.8631400465965271,
bench_detect_20260904_0813,ncnn,320,2,0,24.883299993234687,40.18759570763852,3,0.8670164942741394,
bench_detect_20260904_0813,ncnn,320,2,1,31.21159999864176,32.03936997922302,1,0.8328514695167542,
bench_detect_20260904_0813,ncnn,320,2,2,26.69650000461843,37.458093751128516,2,0.8697808384895325,
bench_detect_20260904_0813,ncnn,320,2,3,22.027600003639236,45.39759210421414,1,0.8827570676803589,
bench_detect_20260904_0813,ncnn,320,2,4,25.990800000727177,38.475152745279935,1,0.8138216137886047,
bench_detect_20260904_0813,ncnn,320,2,5,27.378099999623373,36.52554413979628,1,0.8523721098899841,
bench_detect_20260904_0813,ncnn,320,2,6,32.79420000035316,30.493196967428116,1,0.8551892638206482,
bench_detect_20260904_0813,ncnn,320,2,7,35.42610000295099,28.227775564250656,2,0.8453751802444458,
bench_detect_20260904_0813,ncnn,320,2,8,25.835100008407608,38.70703034532735,1,0.8628572225570679,
bench_detect_20260904_0813,ncnn,320,2,9,27.22969999013003,36.72460586647928,1,0.8440912961959839,
bench_detect_20260904_0813,ncnn,320,2,10,26.983299991115928,37.059959320366424,1,0.8319580554962158,
bench_detect_20260904_0813,ncnn,320,2,11,28.27629999956116,35.36530592812778,2,0.8591515421867371,
bench_detect_20260904_0813,ncnn,320,2,12,28.24970000074245,35.39860600196527,1,0.8425639271736145,
bench_detect_20260904_0813,ncnn,320,2,13,19.81820000219159,50.45866929839316,2,0.8373714685440063,
bench_detect_20260904_0813,ncnn,320,2,14,20.421699999133125,48.96751984616603,1,0.870506763458252,
bench_detect_20260904_0813,ncnn,320,2,15,21.282899993821047,46.98607803872239,1,0.8714591264724731,
bench_detect_20260904_0813,ncnn,320,2,16,22.722200010321103,44.00982297250135,2,0.8616291880607605,
bench_detect_20260904_0813,ncnn,320,2,17,26.168299998971634,38.214175167637876,3,0.860371470451355,
bench_detect_20260904_0813,ncnn,320,2,18,22.03019999433309,45.39223430823296,2,0.8776816129684448,
bench_detect_20260904_0813,ncnn,320,2,19,22.571900000912137,44.30287215341153,1,0.8844538927078247,
bench_detect_20260904_0813,ncnn,320,2,20,23.741699988022447,42.11998300477617,2,0.871953547000885,
bench_detect_20260904_0813,ncnn,320,2,21,23.94769999955315,41.75766357598681,1,0.8574782609939575,
bench_detect_20260904_0813,ncnn,320,2,22,20.42839999194257,48.95145975183681,1,0.8467497825622559,
bench_detect_20260904_0813,ncnn,320,2,23,26.31410000321921,38.00243975198324,1,0.8392353653907776,
bench_detect_20260904_0813,ncnn,320,2,24,20.309600004111417,49.2377988634716,1,0.8665619492530823,
bench_detect_20260904_0813,ncnn,320,2,25,19.074199997703545,52.426838353398615,3,0.8383881449699402,
bench_detect_20260904_0813,ncnn,320,2,26,21.183699995162897,47.20610659272652,3,0.8507546782493591,
bench_detect_20260904_0813,ncnn,320,2,27,19.560699991416186,51.12291484654586,1,0.8478229641914368,
bench_detect_20260904_0813,ncnn,320,2,28,19.958099990617484,50.10496993552045,1,0.8780727386474609,
bench_detect_20260904_0813,ncnn,320,2,29,27.404099993873388,36.4908900574573,1,0.8478466868400574,
bench_detect_20260904_0813,ncnn,320,2,30,21.11729999887757,47.35453869827829,1,0.8513928651809692,
bench_detect_20260904_0813,ncnn,320,2,31,19.419300006120466,51.49516201329737,1,0.8696878552436829,
bench_detect_20260904_0813,ncnn,320,2,32,22.236000004340895,44.972117278502466,2,0.8461757302284241,
bench_detect_20260904_0813,ncnn,320,2,33,25.03459999570623,39.94471651919797,1,0.8386850953102112,
bench_detect_20260904_0813,ncnn,320,2,34,25.2496000030078,39.604587790732424,2,0.8442752361297607,
bench_detect_20260904_0813,ncnn,320,2,35,24.04359998763539,41.591109505825166,1,0.850351095199585,
bench_detect_20260904_0813,ncnn,320,2,36,25.3798000048846,39.40141371514117,1,0.8418047428131104,
bench_detect_20260904_0813,ncnn,320,2,37,24.985500000184402,40.02321346351362,1,0.8386184573173523,
bench_detect_20260904_0813,ncnn,320,2,38,25.164700011373498,39.738204689427555,1,0.8658448457717896,
bench_detect_20260904_0813,ncnn,320,2,39,27.610599994659424,36.217974263269355,2,0.8564574718475342,
bench_detect_20260904_0813,ncnn,320,2,40,27.10609999485314,36.89206489276872,1,0.8289921283721924,
bench_detect_20260904_0813,ncnn,320,2,41,29.531099993619137,33.86260587028836,1,0.8585211038589478,
bench_detect_20260904_0813,ncnn,320,2,42,58.01840001367964,17.23591136198549,2,0.8730190396308899,
bench_detect_20260904_0813,ncnn,320,2,43,24.184499998227693,41.34879778673459,1,0.8458724021911621,
bench_detect_20260904_0813,ncnn,320,2,44,32.50899999693502,30.760712420999756,1,0.8432603478431702,
bench_detect_20260904_0813,ncnn,320,2,45,37.26029999961611,26.83821654711054,1,0.8354376554489136,
bench_detect_20260904_0813,ncnn,320,2,46,39.818300007027574,25.11408070720018,1,0.8780819177627563,
bench_detect_20260904_0813,ncnn,320,2,47,43.35649999848101,23.064592391799035,1,0.8653020858764648,
bench_detect_20260904_0813,ncnn,320,2,48,54.533600006834604,18.337318641620428,1,0.8466676473617554,
bench_detect_20260904_0813,ncnn,320,2,49,29.509799991501495,33.88704770239003,1,0.8357387185096741,
bench_detect_20260904_0813,ncnn,320,2,50,27.65170000202488,36.164141804184624,2,0.8686113357543945,
bench_detect_20260904_0813,ncnn,320,2,51,33.18149999540765,30.137275293112154,1,0.8685365915298462,
bench_detect_20260904_0813,ncnn,320,2,52,23.230200007674284,43.04741240581837,1,0.845445990562439,
bench_detect_20260904_0813,ncnn,320,2,53,24.500200001057237,40.81599333706859,1,0.8381633758544922,
bench_detect_20260904_0813,ncnn,320,2,54,27.12759999849368,36.86282605374332,1,0.850558340549469,
bench_detect_20260904_0813,ncnn,320,2,55,23.304399990593083,42.91035171056342,1,0.8439571857452393,
bench_detect_20260904_0813,ncnn,320,2,56,27.048600008129142,36.97049014364742,1,0.8371194005012512,
bench_detect_20260904_0813,ncnn,320,2,57,21.129800006747246,47.32652460887828,1,0.8488039374351501,
bench_detect_20260904_0813,ncnn,320,2,58,23.407200002111495,42.721897531947135,3,0.8435398936271667,
bench_detect_20260904_0813,ncnn,320,2,59,21.870800002943724,45.723064536523765,1,0.8659918904304504,
bench_detect_20260904_0813,ncnn,320,2,60,23.22130001266487,43.06391112705151,2,0.8362575173377991,
bench_detect_20260904_0813,ncnn,320,2,61,22.129999997559935,45.18752824718755,1,0.8402529358863831,
bench_detect_20260904_0813,ncnn,320,2,62,30.23360000224784,33.07578323208784,2,0.8753019571304321,
bench_detect_20260904_0813,ncnn,320,2,63,25.211600004695356,39.664281513817535,1,0.8739727139472961,
bench_detect_20260904_0813,ncnn,320,2,64,33.50269999646116,29.848340584658207,1,0.8813585042953491,
bench_detect_20260904_0813,ncnn,320,2,65,24.23919999273494,41.255486992133555,1,0.8344634175300598,
bench_detect_20260904_0813,ncnn,320,2,66,21.27440000185743,47.00485089650903,2,0.8658980131149292,
bench_detect_20260904_0813,ncnn,320,2,67,21.171200001845136,47.23397823046624,1,0.8395223617553711,
bench_detect_20260904_0813,ncnn,320,2,68,21.498500005691312,46.51487311836962,2,0.8659769892692566,
bench_detect_20260904_0813,ncnn,320,2,69,25.826600001892075,38.71976953709506,1,0.8664171099662781,
bench_detect_20260904_0813,ncnn,320,2,70,27.002600007108413,37.03347084120606,1,0.8556603789329529,
bench_detect_20260904_0813,ncnn,320,2,71,24.890999993658625,40.17516372402739,1,0.8706234097480774,
bench_detect_20260904_0813,ncnn,320,2,72,32.918899989454076,30.377685776874706,1,0.8552781939506531,
bench_detect_20260904_0813,ncnn,320,2,73,25.881099994876422,38.63823408579875,1,0.8395993113517761,
bench_detect_20260904_0813,ncnn,320,2,74,22.484700006316416,44.47468721926818,1,0.8509736657142639,
bench_detect_20260904_0813,ncnn,320,2,75,57.886300011887215,17.275244743482403,1,0.8412089347839355,
bench_detect_20260904_0813,ncnn,320,2,76,29.553300002589822,33.837168773448916,2,0.8553760647773743,
bench_detect_20260904_0813,ncnn,320,2,77,36.59540000080597,27.325838766019125,1,0.8588331341743469,
bench_detect_20260904_0813,ncnn,320,2,78,41.06629999296274,24.35086677327549,1,0.8597092628479004,
bench_detect_20260904_0813,ncnn,320,2,79,46.42800000146963,21.53872662979982,3,0.8422051072120667,
bench_detect_20260904_0813,ncnn,320,2,80,43.340800009900704,23.072947425325825,1,0.8683741688728333,
bench_detect_20260904_0813,ncnn,320,2,81,27.853699997649528,35.90187300374407,1,0.8618001937866211,
bench_detect_20260904_0813,ncnn,320,2,82,31.75069999997504,31.49536860607124,2,0.852422833442688,
bench_detect_20260904_0813,ncnn,320,2,83,46.888400000170805,21.32723658722322,1,0.8346434235572815,
bench_detect_20260904_0813,ncnn,320,2,84,37.39379999751691,26.74240114848996,1,0.8658378720283508,
bench_detect_20260904_0813,ncnn,320,2,85,31.9558000046527,31.293223760769624,1,0.8456016778945923,
bench_detect_20260904_0813,ncnn,320,2,86,47.358099996927194,21.11571199150482,1,0.8533008098602295,
bench_detect_20260904_0813,ncnn,320,2,87,25.209600004018284,39.66742827496688,1,0.8807278871536255,
bench_detect_20260904_0813,ncnn,320,2,88,27.76399999856949,36.017864862826826,1,0.8535934090614319,
bench_detect_20260904_0813,ncnn,320,2,89,29.088999988744035,34.377256020727735,1,0.8226959705352783,
bench_detect_20260904_0813,ncnn,320,2,90,24.97740001126658,40.036192700158104,1,0.8351837992668152,
bench_detect_20260904_0813,ncnn,320,2,91,24.46270000655204,40.87856204475229,5,0.8622596859931946,
bench_detect_20260904_0813,ncnn,320,2,92,24.545399995986372,40.74083128258324,1,0.8443489074707031,
bench_detect_20260904_0813,ncnn,320,2,93,34.10089999670163,29.3247392325928,1,0.8922712802886963,
bench_detect_20260904_0813,ncnn,320,2,94,44.885299997986294,22.2790089415658,1,0.83056640625,
bench_detect_20260904_0813,ncnn,320,2,95,39.51200000301469,25.30876695494285,1,0.8475977778434753,
bench_detect_20260904_0813,ncnn,320,2,96,42.56590000295546,23.492983818750865,1,0.8309312462806702,
bench_detect_20260904_0813,ncnn,320,2,97,35.25019998778589,28.368633379285722,1,0.8784870505332947,
bench_detect_20260904_0813,ncnn,320,2,98,44.24609999114182,22.60086200140131,1,0.8540768623352051,
bench_detect_20260904_0813,ncnn,320,2,99,34.35159999935422,29.110725556271007,1,0.8631400465965271,
bench_detect_20260904_0813,ncnn,320,4,0,25.61329999298323,39.0422163592333,3,0.8670164942741394,
bench_detect_20260904_0813,ncnn,320,4,1,31.647800002247095,31.597772986716194,1,0.8328514695167542,
bench_detect_20260904_0813,ncnn,320,4,2,29.007899996940978,34.47336760349611,2,0.8697808384895325,
bench_detect_20260904_0813,ncnn,320,4,3,26.705500000389293,37.44547003371675,1,0.8827570676803589,
bench_detect_20260904_0813,ncnn,320,4,4,25.11449999292381,39.817635241862554,1,0.8138216137886047,
bench_detect_20260904_0813,ncnn,320,4,5,36.467400001129135,27.42175202973168,1,0.8523721098899841,
bench_detect_20260904_0813,ncnn,320,4,6,29.62620000471361,33.753907009366614,1,0.8551892638206482,
bench_detect_20260904_0813,ncnn,320,4,7,30.898299999535084,32.364240104311456,2,0.8453751802444458,
bench_detect_20260904_0813,ncnn,320,4,8,27.287300006719306,36.647084898606934,1,0.8628572225570679,
bench_detect_20260904_0813,ncnn,320,4,9,28.95959999295883,34.53086369435827,1,0.8440912961959839,
bench_detect_20260904_0813,ncnn,320,4,10,24.012499998207204,41.64497657780993,1,0.8319580554962158,
bench_detect_20260904_0813,ncnn,320,4,11,25.024600006872788,39.96067868119206,2,0.8591515421867371,
bench_detect_20260904_0813,ncnn,320,4,12,20.23969999572728,49.407846964683564,1,0.8425639271736145,
bench_detect_20260904_0813,ncnn,320,4,13,26.55870000307914,37.652445333697166,2,0.8373714685440063,
bench_detect_20260904_0813,ncnn,320,4,14,23.279400003957562,42.95643357775532,1,0.870506763458252,
bench_detect_20260904_0813,ncnn,320,4,15,26.81029999803286,37.299097737562526,1,0.8714591264724731,
bench_detect_20260904_0813,ncnn,320,4,16,22.68029999686405,44.091127548501014,2,0.8616291880607605,
bench_detect_20260904_0813,ncnn,320,4,17,25.917299994034693,38.58426611684732,3,0.860371470451355,
bench_detect_20260904_0813,ncnn,320,4,18,25.406199987628497,39.36047108528423,2,0.8776816129684448,
bench_detect_20260904_0813,ncnn,320,4,19,29.52470000309404,33.86994617710612,1,0.8844538927078247,
bench_detect_20260904_0813,ncnn,320,4,20,28.397800007951446,35.21399544049179,2,0.871953547000885,
bench_detect_20260904_0813,ncnn,320,4,21,26.700000002165325,37.45318351756186,1,0.8574782609939575,
bench_detect_20260904_0813,ncnn,320,4,22,20.049799990374595,49.87580925894896,1,0.8467497825622559,
bench_detect_20260904_0813,ncnn,320,4,23,28.527000002213754,35.054509759960666,1,0.8392353653907776,
bench_detect_20260904_0813,ncnn,320,4,24,29.00890000455547,34.472179222340834,1,0.8665619492530823,
bench_detect_20260904_0813,ncnn,320,4,25,28.538300000946037,35.04062960887124,3,0.8383881449699402,
bench_detect_20260904_0813,ncnn,320,4,26,28.680299990810454,34.86713877889747,3,0.8507546782493591,
bench_detect_20260904_0813,ncnn,320,4,27,22.978200009674765,43.51950977791815,1,0.8478229641914368,
bench_detect_20260904_0813,ncnn,320,4,28,42.63080000237096,23.457218723185676,1,0.8780727386474609,
bench_detect_20260904_0813,ncnn,320,4,29,29.80970000498928,33.54612759714552,1,0.8478466868400574,
bench_detect_20260904_0813,ncnn,320,4,30,24.367999998503365,41.0374261351534,1,0.8513928651809692,
bench_detect_20260904_0813,ncnn,320,4,31,25.684799998998642,38.9335326745385,1,0.8696878552436829,
bench_detect_20260904_0813,ncnn,320,4,32,26.305999999749474,38.014141260910954,2,0.8461757302284241,
bench_detect_20260904_0813,ncnn,320,4,33,26.749299999210052,37.38415584817291,1,0.8386850953102112,
bench_detect_20260904_0813,ncnn,320,4,34,27.392799995141104,36.50594317402305,2,0.8442752361297607,
bench_detect_20260904_0813,ncnn,320,4,35,26.709700003266335,37.43958187017113,1,0.850351095199585,
bench_detect_20260904_0813,ncnn,320,4,36,28.7940999987768,34.72933691424566,1,0.8418047428131104,
bench_detect_20260904_0813,ncnn,320,4,37,27.34020000207238,36.57617720149086,1,0.8386184573173523,
bench_detect_20260904_0813,ncnn,320,4,38,27.43249999184627,36.453112195287666,1,0.8658448457717896,
bench_detect_20260904_0813,ncnn,320,4,39,27.96620001026895,35.75745005159116,2,0.8564574718475342,
bench_detect_20260904_0813,ncnn,320,4,40,25.798499991651624,38.76194353639162,1,0.8289921283721924,
bench_detect_20260904_0813,ncnn,320,4,41,28.590200003236532,34.9770200938362,1,0.8585211038589478,
bench_detect_20260904_0813,ncnn,320,4,42,27.39429999201093,36.50394426182208,2,0.8730190396308899,
bench_detect_20260904_0813,ncnn,320,4,43,27.578799999901094,36.25973573917597,1,0.8458724021911621,
bench_detect_20260904_0813,ncnn,320,4,44,28.686300007393584,34.859845980215674,1,0.8432603478431702,
bench_detect_20260904_0813,ncnn,320,4,45,31.384399990201928,31.862963775385083,1,0.8354376554489136,
bench_detect_20260904_0813,ncnn,320,4,46,30.774700004258193,32.49422414716093,1,0.8780819177627563,
bench_detect_20260904_0813,ncnn,320,4,47,31.165800013695844,32.08645372685922,1,0.8653020858764648,
bench_detect_20260904_0813,ncnn,320,4,48,31.195799994748086,32.05559723322862,1,0.8466676473617554,
bench_detect_20260904_0813,ncnn,320,4,49,30.360699995071627,32.93731699737909,1,0.8357387185096741,
bench_detect_20260904_0813,ncnn,320,4,50,28.709299993352033,34.83191858497286,2,0.8686113357543945,
bench_detect_20260904_0813,ncnn,320,4,51,37.01940001337789,27.01286351584912,1,0.8685365915298462,
bench_detect_20260904_0813,ncnn,320,4,52,34.7126999986358,28.80790027970454,1,0.845445990562439,
bench_detect_20260904_0813,ncnn,320,4,53,31.297399997129105,31.95153591326211,1,0.8381633758544922,
bench_detect_20260904_0813,ncnn,320,4,54,31.916300009470433,31.33195262932335,1,0.850558340549469,
bench_detect_20260904_0813,ncnn,320,4,55,31.497400006628595,31.74865226302968,1,0.8439571857452393,
bench_detect_20260904_0813,ncnn,320,4,56,29.887299999245442,33.459027748416446,1,0.8371194005012512,
bench_detect_20260904_0813,ncnn,320,4,57,33.73499998997431,29.64280421808773,1,0.8488039374351501,
bench_detect_20260904_0813,ncnn,320,4,58,32.73410000838339,30.5491826487942,3,0.8435398936271667,
bench_detect_20260904_0813,ncnn,320,4,59,31.358800013549626,31.88897532966556,1,0.8659918904304504,
bench_detect_20260904_0813,ncnn,320,4,60,31.603300012648106,31.642265193817902,2,0.8362575173377991,
bench_detect_20260904_0813,ncnn,320,4,61,28.204999995068647,35.454706618501675,1,0.8402529358863831,
bench_detect_20260904_0813,ncnn,320,4,62,30.821199994534254,32.445200062857296,2,0.8753019571304321,
bench_detect_20260904_0813,ncnn,320,4,63,28.484900001785718,35.106319486370325,1,0.8739727139472961,
bench_detect_20260904_0813,ncnn,320,4,64,30.2263000048697,33.08377141227646,1,0.8813585042953491,
bench_detect_20260904_0813,ncnn,320,4,65,32.921399993938394,30.37537893844501,1,0.8344634175300598,
bench_detect_20260904_0813,ncnn,320,4,66,27.8383999975631,35.92160469306919,2,0.8658980131149292,
bench_detect_20260904_0813,ncnn,320,4,67,27.902700006961823,35.838825624419734,1,0.8395223617553711,
bench_detect_20260904_0813,ncnn,320,4,68,32.451599996420555,30.81512159986876,2,0.8659769892692566,
bench_detect_20260904_0813,ncnn,320,4,69,26.542899999185465,37.67485843787557,1,0.8664171099662781,
bench_detect_20260904_0813,ncnn,320,4,70,40.65470000205096,24.5974020211575,1,0.8556603789329529,
bench_detect_20260904_0813,ncnn,320,4,71,27.378300001146272,36.5252773166388,1,0.8706234097480774,
bench_detect_20260904_0813,ncnn,320,4,72,27.41170000808779,36.48077279792757,1,0.8552781939506531,
bench_detect_20260904_0813,ncnn,320,4,73,34.26760000002105,29.182084534644556,1,0.8395993113517761,
bench_detect_20260904_0813,ncnn,320,4,74,26.982600000337698,37.06092074105107,1,0.8509736657142639,
bench_detect_20260904_0813,ncnn,320,4,75,29.09969999745954,34.36461544577099,1,0.8412089347839355,
bench_detect_20260904_0813,ncnn,320,4,76,41.157599989674054,24.29684919069353,2,0.8553760647773743,
bench_detect_20260904_0813,ncnn,320,4,77,40.54770000220742,24.66231130114803,1,0.8588331341743469,
bench_detect_20260904_0813,ncnn,320,4,78,33.656799991149455,29.711677885686235,1,0.8597092628479004,
bench_detect_20260904_0813,ncnn,320,4,79,30.40099999634549,32.893654817940536,3,0.8422051072120667,
bench_detect_20260904_0813,ncnn,320,4,80,31.414400000358,31.832535397416596,1,0.8683741688728333,
bench_detect_20260904_0813,ncnn,320,4,81,31.89080000447575,31.35700577783103,1,0.8618001937866211,
bench_detect_20260904_0813,ncnn,320,4,82,32.77900000102818,30.507337013595073,2,0.852422833442688,
bench_detect_20260904_0813,ncnn,320,4,83,38.13339999760501,26.22373037974074,1,0.8346434235572815,
bench_detect_20260904_0813,ncnn,320,4,84,26.72599999641534,37.416747741305336,1,0.8658378720283508,
bench_detect_20260904_0813,ncnn,320,4,85,22.960799993597902,43.552489472441174,1,0.8456016778945923,
bench_detect_20260904_0813,ncnn,320,4,86,29.96079999138601,33.37694588554073,1,0.8533008098602295,
bench_detect_20260904_0813,ncnn,320,4,87,29.01150000980124,34.469089832037646,1,0.8807278871536255,
bench_detect_20260904_0813,ncnn,320,4,88,28.497899998910725,35.09030490100053,1,0.8535934090614319,
bench_detect_20260904_0813,ncnn,320,4,89,25.337800005218014,39.466725595515875,1,0.8226959705352783,
bench_detect_20260904_0813,ncnn,320,4,90,29.01399999973364,34.46611980454885,1,0.8351837992668152,
bench_detect_20260904_0813,ncnn,320,4,91,33.31010001420509,30.02092457163293,5,0.8622596859931946,
bench_detect_20260904_0813,ncnn,320,4,92,31.424500004504807,31.82230424848913,1,0.8443489074707031,
bench_detect_20260904_0813,ncnn,320,4,93,36.25639999518171,27.58133736755152,1,0.8922712802886963,
bench_detect_20260904_0813,ncnn,320,4,94,31.425000008312054,31.821797923166127,1,0.83056640625,
bench_detect_20260904_0813,ncnn,320,4,95,26.549200003501028,37.66591836545472,1,0.8475977778434753,
bench_detect_20260904_0813,ncnn,320,4,96,32.76010000263341,30.52493734511236,1,0.8309312462806702,
bench_detect_20260904_0813,ncnn,320,4,97,32.84200000052806,30.448815540585873,1,0.8784870505332947,
bench_detect_20260904_0813,ncnn,320,4,98,30.59189999476075,32.68839137717051,1,0.8540768623352051,
bench_detect_20260904_0813,ncnn,320,4,99,32.14470000239089,31.109327507353342,1,0.8631400465965271,
bench_detect_20260904_0813,ncnn,640,1,0,112.92179999873042,8.855685970390509,1,0.8214687705039978,
bench_detect_20260904_0813,ncnn,640,1,1,168.13740000361577,5.947516733210429,1,0.8121480345726013,
bench_detect_20260904_0813,ncnn,640,1,2,139.98290000017732,7.143729698404114,1,0.8395454287528992,
bench_detect_20260904_0813,ncnn,640,1,3,129.6485000057146,7.71316289780385,1,0.8316106796264648,
bench_detect_20260904_0813,ncnn,640,1,4,148.38139999483246,6.739389168958009,1,0.7443011403083801,
bench_detect_20260904_0813,ncnn,640,1,5,152.13790000416338,6.5729841148894135,1,0.8330689668655396,
bench_detect_20260904_0813,ncnn,640,1,6,140.83570000366308,7.100472394243721,1,0.8096312284469604,
bench_detect_20260904_0813,ncnn,640,1,7,194.15600001229905,5.150497537735912,2,0.8250117301940918,
bench_detect_20260904_0813,ncnn,640,1,8,208.72969999618363,4.790885053819767,1,0.848911464214325,
bench_detect_20260904_0813,ncnn,640,1,9,127.8465000068536,7.821880144911217,1,0.830953061580658,
bench_detect_20260904_0813,ncnn,640,1,10,142.95609999680892,6.995154456664124,1,0.8210681080818176,
bench_detect_20260904_0813,ncnn,640,1,11,199.84700001077726,5.0038279280953555,1,0.8629554510116577,
bench_detect_20260904_0813,ncnn,640,1,12,124.90229999821167,8.006257691125926,1,0.8423637747764587,
bench_detect_20260904_0813,ncnn,640,1,13,162.91300000739284,6.138245566373592,2,0.8258850574493408,
bench_detect_20260904_0813,ncnn,640,1,14,122.60489999607671,8.1562808666864,1,0.8677327632904053,
bench_detect_20260904_0813,ncnn,640,1,15,107.16710000997409,9.331221987969531,1,0.8611426949501038,
bench_detect_20260904_0813,ncnn,640,1,16,124.90959999558982,8.005789787456745,2,0.8343462347984314,
bench_detect_20260904_0813,ncnn,640,1,17,112.74779999803286,8.869352661581399,3,0.839414656162262,
bench_detect_20260904_0813,ncnn,640,1,18,111.632300002384,8.957980799272649,2,0.8466665744781494,
bench_detect_20260904_0813,ncnn,640,1,19,132.50320000224747,7.5469875443237475,1,0.8641485571861267,
bench_detect_20260904_0813,ncnn,640,1,20,109.19689999718685,9.157769131044583,2,0.8630983233451843,
bench_detect_20260904_0813,ncnn,640,1,21,113.87509999622125,8.78155101539479,1,0.8406503796577454,
bench_detect_20260904_0813,ncnn,640,1,22,106.85830000147689,9.358187431263449,1,0.8391132950782776,
bench_detect_20260904_0813,ncnn,640,1,23,126.30219999118708,7.917518460246745,1,0.8192141056060791,
bench_detect_20260904_0813,ncnn,640,1,24,106.21959999843966,9.41445834869167,1,0.8192446231842041,
bench_detect_20260904_0813,ncnn,640,1,25,110.43200000131037,9.055346276334161,2,0.8416053652763367,
bench_detect_20260904_0813,ncnn,640,1,26,108.38840001088101,9.226079542641195,3,0.8323209881782532,
bench_detect_20260904_0813,ncnn,640,1,27,121.83699999877717,8.207687320026237,1,0.8368034958839417,
bench_detect_20260904_0813,ncnn,640,1,28,113.896199996816,8.779924176820257,1,0.8446123003959656,
bench_detect_20260904_0813,ncnn,640,1,29,105.97139998571947,9.436508342201371,1,0.8436523079872131,
bench_detect_20260904_0813,ncnn,640,1,30,136.89949999388773,7.304628578224522,1,0.8377924561500549,
bench_detect_20260904_0813,ncnn,640,1,31,195.51530000171624,5.1146892339945875,1,0.843222439289093,
bench_detect_20260904_0813,ncnn,640,1,32,209.84320000570733,4.765462974129264,1,0.8313406705856323,
bench_detect_20260904_0813,ncnn,640,1,33,151.97840001201257,6.579882403821587,1,0.8367629647254944,
bench_detect_20260904_0813,ncnn,640,1,34,134.43639999604784,7.438461607342937,1,0.794060230255127,
bench_detect_20260904_0813,ncnn,640,1,35,133.4247999911895,7.494858527545355,1,0.844182014465332,
bench_detect_20260904_0813,ncnn,640,1,36,144.06610000878572,6.941258213688133,1,0.8246176838874817,
bench_detect_20260904_0813,ncnn,640,1,37,182.57670001185033,5.477150150786458,1,0.845628023147583,
bench_detect_20260904_0813,ncnn,640,1,38,132.19769998977426,7.564428126036624,1,0.8481340408325195,
bench_detect_20260904_0813,ncnn,640,1,39,168.48629999731202,5.935200666261611,2,0.8228015303611755,
bench_detect_20260904_0813,ncnn,640,1,40,145.64239999162965,6.8661323904129015,1,0.8118503093719482,
bench_detect_20260904_0813,ncnn,640,1,41,182.06129998725373,5.492655496088465,1,0.8480193018913269,
bench_detect_20260904_0813,ncnn,640,1,42,125.45469999895431,7.97100467346648,2,0.8532117605209351,
bench_detect_20260904_0813,ncnn,640,1,43,111.85680000926368,8.94000185878,1,0.8299168944358826,
bench_detect_20260904_0813,ncnn,640,1,44,163.91269999439828,6.100808540364322,1,0.7718534469604492,
bench_detect_20260904_0813,ncnn,640,1,45,149.55070000723936,6.686695548409955,1,0.8479881286621094,
bench_detect_20260904_0813,ncnn,640,1,46,181.1971999995876,5.518849077150618,1,0.848056435585022,
bench_detect_20260904_0813,ncnn,640,1,47,202.7762000070652,4.931545220618385,1,0.8432230353355408,
bench_detect_20260904_0813,ncnn,640,1,48,181.48709999513812,5.510033495641228,1,0.815872073173523,
bench_detect_20260904_0813,ncnn,640,1,49,165.3167000040412,6.048995654858552,1,0.7787197828292847,
bench_detect_20260904_0813,ncnn,640,1,50,212.68869999039453,4.701707237127136,2,0.8698756694793701,
bench_detect_20260904_0813,ncnn,640,1,51,198.53410001087468,5.036918090873181,1,0.8253887891769409,
bench_detect_20260904_0813,ncnn,640,1,52,178.08110000623856,5.615419042026177,1,0.8267797231674194,
bench_detect_20260904_0813,ncnn,640,1,53,139.87620000261813,7.1491790596347515,1,0.8350737690925598,
bench_detect_20260904_0813,ncnn,640,1,54,147.45020000555087,6.781950787196995,1,0.8424330353736877,
bench_detect_20260904_0813,ncnn,640,1,55,165.98879999946803,6.024502858043464,1,0.8537830710411072,
bench_detect_20260904_0813,ncnn,640,1,56,143.73559999512509,6.957218671184563,1,0.8273897767066956,
bench_detect_20260904_0813,ncnn,640,1,57,168.02090000419412,5.951640539808072,1,0.826176106929779,
bench_detect_20260904_0813,ncnn,640,1,58,156.7023999959929,6.381523193171078,2,0.8604757785797119,
bench_detect_20260904_0813,ncnn,640,1,59,142.16140001371969,7.034258243823515,1,0.818992555141449,
bench_detect_20260904_0813,ncnn,640,1,60,136.8040000088513,7.309727785264316,2,0.8329590559005737,
bench_detect_20260904_0813,ncnn,640,1,61,182.73169999883976,5.4725042234398815,1,0.8284342288970947,
bench_detect_20260904_0813,ncnn,640,1,62,129.23180000507273,7.738033517762246,2,0.8373320698738098,
bench_detect_20260904_0813,ncnn,640,1,63,120.06000000110362,8.32916874888229,1,0.8421450257301331,
bench_detect_20260904_0813,ncnn,640,1,64,129.88159999076743,7.699319996605251,1,0.8202604651451111,
bench_detect_20260904_0813,ncnn,640,1,65,124.17430001369212,8.05319619188298,1,0.8330275416374207,
bench_detect_20260904_0813,ncnn,640,1,66,132.73620000109076,7.533739853873943,2,0.8189752101898193,
bench_detect_20260904_0813,ncnn,640,1,67,139.45349999994505,7.170849064386294,1,0.8267175555229187,
bench_detect_20260904_0813,ncnn,640,1,68,148.15330000419635,6.7497652767213125,2,0.8485023379325867,
bench_detect_20260904_0813,ncnn,640,1,69,127.22690000373404,7.859973008622001,1,0.8594738841056824,
bench_detect_20260904_0813,ncnn,640,1,70,113.31820000486914,8.824707769423016,1,0.8575980067253113,
bench_detect_20260904_0813,ncnn,640,1,71,130.67339999543037,7.652666878147885,1,0.8561351895332336,
bench_detect_20260904_0813,ncnn,640,1,72,157.65159999136813,6.343100863262744,1,0.8265811800956726,
bench_detect_20260904_0813,ncnn,640,1,73,130.3102000092622,7.673996355841077,1,0.8261642456054688,
bench_detect_20260904_0813,ncnn,640,1,74,158.31250000337604,6.31662060784003,1,0.8381205797195435,
bench_detect_20260904_0813,ncnn,640,1,75,156.0886999941431,6.406613675669814,1,0.8184217214584351,
bench_detect_20260904_0813,ncnn,640,1,76,153.2571999996435,6.524978924333253,2,0.8448438048362732,
bench_detect_20260904_0813,ncnn,640,1,77,163.68339999462478,6.109355011154699,1,0.8476136922836304,
bench_detect_20260904_0813,ncnn,640,1,78,155.31430000555702,6.438557170616105,1,0.8524566292762756,
bench_detect_20260904_0813,ncnn,640,1,79,166.92699999839533,5.990642616291032,4,0.839610755443573,
bench_detect_20260904_0813,ncnn,640,1,80,137.66839999880176,7.263831060785945,1,0.8314980268478394,
bench_detect_20260904_0813,ncnn,640,1,81,206.6839000035543,4.838306225026735,1,0.8271514773368835,
bench_detect_20260904_0813,ncnn,640,1,82,178.23020000651013,5.610721415133201,2,0.8298346996307373,
bench_detect_20260904_0813,ncnn,640,1,83,158.88689999701455,6.293785076169211,1,0.8219830989837646,
bench_detect_20260904_0813,ncnn,640,1,84,155.4922999930568,6.431186624962478,1,0.8257671594619751,
bench_detect_20260904_0813,ncnn,640,1,85,206.75399999890942,4.836665796092336,1,0.811461329460144,
bench_detect_20260904_0813,ncnn,640,1,86,212.2170999937225,4.712155618136241,1,0.8388513922691345,
bench_detect_20260904_0813,ncnn,640,1,87,128.73749999562278,7.767744441471996,1,0.8571673035621643,
bench_detect_20260904_0813,ncnn,640,1,88,130.88929999503307,7.6400439152623445,1,0.8460314273834229,
bench_detect_20260904_0813,ncnn,640,1,89,146.56940000713803,6.822706512759821,1,0.7928651571273804,
bench_detect_20260904_0813,ncnn,640,1,90,159.85229999932926,6.2557748621958895,1,0.8154221177101135,
bench_detect_20260904_0813,ncnn,640,1,91,166.92340000008699,5.990771815092904,6,0.85065096616745,
bench_detect_20260904_0813,ncnn,640,1,92,190.6548999977531,5.245078935877259,1,0.8413549065589905,
bench_detect_20260904_0813,ncnn,640,1,93,260.5221999983769,3.8384444780760725,1,0.8516277074813843,
bench_detect_20260904_0813,ncnn,640,1,94,144.8550999921281,6.903450413926354,1,0.8222675323486328,
bench_detect_20260904_0813,ncnn,640,1,95,191.6962999966927,5.216584775070008,1,0.8292026519775391,
bench_detect_20260904_0813,ncnn,640,1,96,206.53010001115035,4.841909242023371,1,0.8072890043258667,
bench_detect_20260904_0813,ncnn,640,1,97,137.50760001130402,7.2723253108758605,1,0.8510768413543701,
bench_detect_20260904_0813,ncnn,640,1,98,140.36299999861512,7.124384631347765,1,0.8391404151916504,
bench_detect_20260904_0813,ncnn,640,1,99,132.39549999707378,7.553126805836317,1,0.8497687578201294,
bench_detect_20260904_0813,ncnn,640,2,0,168.08090000995435,5.949515976775329,1,0.8214687705039978,
bench_detect_20260904_0813,ncnn,640,2,1,163.27400000591297,6.124673860895091,1,0.8121480345726013,
bench_detect_20260904_0813,ncnn,640,2,2,157.67990000313148,6.341962418673149,1,0.8395454287528992,
bench_detect_20260904_0813,ncnn,640,2,3,138.3886999974493,7.2260235121684895,1,0.8316106796264648,
bench_detect_20260904_0813,ncnn,640,2,4,123.68760000390466,8.084884822475585,1,0.7443011403083801,
bench_detect_20260904_0813,ncnn,640,2,5,166.29170000669546,6.013529237837707,1,0.8330689668655396,
bench_detect_20260904_0813,ncnn,640,2,6,87.28879998670891,11.456223480587036,1,0.8096312284469604,
bench_detect_20260904_0813,ncnn,640,2,7,88.02409999771044,11.360525129209053,2,0.8250117301940918,
bench_detect_20260904_0813,ncnn,640,2,8,99.23209999396931,10.077384234141709,1,0.848911464214325,
bench_detect_20260904_0813,ncnn,640,2,9,108.81930000323337,9.1895463393928,1,0.830953061580658,
bench_detect_20260904_0813,ncnn,640,2,10,107.84959999728017,9.272171617003853,1,0.8210681080818176,
bench_detect_20260904_0813,ncnn,640,2,11,92.18630001123529,10.847598828438977,1,0.8629554510116577,
bench_detect_20260904_0813,ncnn,640,2,12,86.82620000035968,11.517260918891504,1,0.8423637747764587,
bench_detect_20260904_0813,ncnn,640,2,13,92.0241999992868,10.866706801121337,2,0.8258850574493408,
bench_detect_20260904_0813,ncnn,640,2,14,88.17799999087583,11.34069722723893,1,0.8677327632904053,
bench_detect_20260904_0813,ncnn,640,2,15,96.10120000434108,10.405697326930653,1,0.8611426949501038,
bench_detect_20260904_0813,ncnn,640,2,16,92.36209999653511,10.82695174793031,2,0.8343462347984314,
bench_detect_20260904_0813,ncnn,640,2,17,97.08410000894219,10.300347841797908,3,0.839414656162262,
bench_detect_20260904_0813,ncnn,640,2,18,87.87070000835229,11.380357729083164,2,0.8466665744781494,
bench_detect_20260904_0813,ncnn,640,2,19,102.71329998795409,9.735837521696578,1,0.8641485571861267,
bench_detect_20260904_0813,ncnn,640,2,20,87.06779999192804,11.485302259764332,2,0.8630983233451843,
bench_detect_20260904_0813,ncnn,640,2,21,92.68349999911152,10.78940696034986,1,0.8406503796577454,
bench_detect_20260904_0813,ncnn,640,2,22,93.1336000066949,10.737263457314171,1,0.8391132950782776,
bench_detect_20260904_0813,ncnn,640,2,23,115.13439999544062,8.685501466456598,1,0.8192141056060791,
bench_detect_20260904_0813,ncnn,640,2,24,94.98409999650903,10.528077857628311,1,0.8192446231842041,
bench_detect_20260904_0813,ncnn,640,2,25,95.9898000000976,10.417773555096304,2,0.8416053652763367,
bench_detect_20260904_0813,ncnn,640,2,26,105.88270000880584,9.444413486970335,3,0.8323209881782532,
bench_detect_20260904_0813,ncnn,640,2,27,161.75199999997858,6.182303773679042,1,0.8368034958839417,
bench_detect_20260904_0813,ncnn,640,2,28,111.87800001061987,8.93830779871893,1,0.8446123003959656,
bench_detect_20260904_0813,ncnn,640,2,29,116.7113999981666,8.568143300617667,1,0.8436523079872131,
bench_detect_20260904_0813,ncnn,640,2,30,174.78400000254624,5.7213474916779115,1,0.8377924561500549,
bench_detect_20260904_0813,ncnn,640,2,31,115.85130001185462,8.631754670838168,1,0.843222439289093,
bench_detect_20260904_0813,ncnn,640,2,32,116.99520000547636,8.547359207499039,1,0.8313406705856323,
bench_detect_20260904_0813,ncnn,640,2,33,147.95710000908002,6.7587158706045924,1,0.8367629647254944,
bench_detect_20260904_0813,ncnn,640,2,34,160.90289999556262,6.2149283824441826,1,0.794060230255127,
bench_detect_20260904_0813,ncnn,640,2,35,196.0689999978058,5.100245321857055,1,0.844182014465332,
bench_detect_20260904_0813,ncnn,640,2,36,111.52410000795498,8.96667177702999,1,0.8246176838874817,
bench_detect_20260904_0813,ncnn,640,2,37,123.15079999098089,8.120125895026556,1,0.845628023147583,
bench_detect_20260904_0813,ncnn,640,2,38,131.38350000372157,7.611305833469759,1,0.8481340408325195,
bench_detect_20260904_0813,ncnn,640,2,39,202.05999999598134,4.949025042165141,2,0.8228015303611755,
bench_detect_20260904_0813,ncnn,640,2,40,138.64989999274258,7.212410539440299,1,0.8118503093719482,
bench_detect_20260904_0813,ncnn,640,2,41,125.57019999076147,7.9636729102412245,1,0.8480193018913269,
bench_detect_20260904_0813,ncnn,640,2,42,178.3953999984078,5.605525703067036,2,0.8532117605209351,
bench_detect_20260904_0813,ncnn,640,2,43,161.86750000633765,6.17789241176176,1,0.8299168944358826,
bench_detect_20260904_0813,ncnn,640,2,44,176.0725999920396,5.679475398473191,1,0.7718534469604492,
bench_detect_20260904_0813,ncnn,640,2,45,198.4843000100227,5.038181860980963,1,0.8479881286621094,
bench_detect_20260904_0813,ncnn,640,2,46,261.8291999970097,3.819283716298338,1,0.848056435585022,
bench_detect_20260904_0813,ncnn,640,2,47,253.5187000030419,3.944482201857304,1,0.8432230353355408,
bench_detect_20260904_0813,ncnn,640,2,48,236.79409999749623,4.2230781932935555,1,0.815872073173523,
bench_detect_20260904_0813,ncnn,640,2,49,305.9598999971058,3.2684021664586087,1,0.7787197828292847,
bench_detect_20260904_0813,ncnn,640,2,50,276.29090000118595,3.6193736384213437,2,0.8698756694793701,
bench_detect_20260904_0813,ncnn,640,2,51,295.3177000017604,3.3861837607229064,1,0.8253887891769409,
bench_detect_20260904_0813,ncnn,640,2,52,302.6671000116039,3.3039600272433347,1,0.8267797231674194,
bench_detect_20260904_0813,ncnn,640,2,53,403.57559999392834,2.477850494467566,1,0.8350737690925598,
bench_detect_20260904_0813,ncnn,640,2,54,475.26940000534523,2.104069818062668,1,0.8424330353736877,
bench_detect_20260904_0813,ncnn,640,2,55,383.7912999879336,2.605582773844639,1,0.8537830710411072,
bench_detect_20260904_0813,ncnn,640,2,56,219.81629999936558,4.549253171866172,1,0.8273897767066956,
bench_detect_20260904_0813,ncnn,640,2,57,413.5461999976542,2.4181095123245537,1,0.826176106929779,
bench_detect_20260904_0813,ncnn,640,2,58,286.4043000008678,3.4915676894410104,2,0.8604757785797119,
bench_detect_20260904_0813,ncnn,640,2,59,152.07019999797922,6.575910336234768,1,0.818992555141449,
bench_detect_20260904_0813,ncnn,640,2,60,167.5119999999879,5.969721572186304,2,0.8329590559005737,
bench_detect_20260904_0813,ncnn,640,2,61,172.01559999375604,5.81342622434418,1,0.8284342288970947,
bench_detect_20260904_0813,ncnn,640,2,62,187.39540000387933,5.33631028285272,2,0.8373320698738098,
bench_detect_20260904_0813,ncnn,640,2,63,181.1382999876514,5.520643619091999,1,0.8421450257301331,
bench_detect_20260904_0813,ncnn,640,2,64,157.37859999353532,6.354104052527328,1,0.8202604651451111,
bench_detect_20260904_0813,ncnn,640,2,65,149.9794999981532,6.667577902395419,1,0.8330275416374207,
bench_detect_20260904_0813,ncnn,640,2,66,147.33400000841357,6.7872996045915714,2,0.8189752101898193,
bench_detect_20260904_0813,ncnn,640,2,67,182.13939999986906,5.490300286487816,1,0.8267175555229187,
bench_detect_20260904_0813,ncnn,640,2,68,159.70699999888893,6.261466310224079,2,0.8485023379325867,
bench_detect_20260904_0813,ncnn,640,2,69,179.3003999919165,5.577232399063714,1,0.8594738841056824,
bench_detect_20260904_0813,ncnn,640,2,70,154.5304000028409,6.471218607999564,1,0.8575980067253113,
bench_detect_20260904_0813,ncnn,640,2,71,153.2774000079371,6.524119015250894,1,0.8561351895332336,
bench_detect_20260904_0813,ncnn,640,2,72,170.262300001923,5.873290798895033,1,0.8265811800956726,
bench_detect_20260904_0813,ncnn,640,2,73,160.07149999495596,6.247208278997268,1,0.8261642456054688,
bench_detect_20260904_0813,ncnn,640,2,74,164.15009999764152,6.091985323276488,1,0.8381205797195435,
bench_detect_20260904_0813,ncnn,640,2,75,141.73060000757687,7.055639360494772,1,0.8184217214584351,
bench_detect_20260904_0813,ncnn,640,2,76,161.274099998991,6.200623658766388,2,0.8448438048362732,
bench_detect_20260904_0813,ncnn,640,2,77,215.7932999980403,4.634064171635919,1,0.8476136922836304,
bench_detect_20260904_0813,ncnn,640,2,78,159.4528999994509,6.271444420286139,1,0.8524566292762756,
bench_detect_20260904_0813,ncnn,640,2,79,161.03990000556223,6.2096412129258685,4,0.839610755443573,
bench_detect_20260904_0813,ncnn,640,2,80,179.38269999285694,5.574673589146669,1,0.8314980268478394,
bench_detect_20260904_0813,ncnn,640,2,81,136.4224999997532,7.330169143666251,1,0.8271514773368835,
bench_detect_20260904_0813,ncnn,640,2,82,165.0711000111187,6.057995614814725,2,0.8298346996307373,
bench_detect_20260904_0813,ncnn,640,2,83,149.91990000999067,6.67022856827786,1,0.8219830989837646,
bench_detect_20260904_0813,ncnn,640,2,84,153.12650000851136,6.530548271817198,1,0.8257671594619751,
bench_detect_20260904_0813,ncnn,640,2,85,149.90340000076685,6.670962766654288,1,0.811461329460144,
bench_detect_20260904_0813,ncnn,640,2,86,158.168800000567,6.322359403348924,1,0.8388513922691345,
bench_detect_20260904_0813,ncnn,640,2,87,169.18250000162516,5.9107768237872955,1,0.8571673035621643,
bench_detect_20260904_0813,ncnn,640,2,88,145.63169999746606,6.866636865582148,1,0.8460314273834229,
bench_detect_20260904_0813,ncnn,640,2,89,146.3000999938231,6.8352653213649255,1,0.7928651571273804,
bench_detect_20260904_0813,ncnn,640,2,90,135.844200005522,7.361374279942393,1,0.8154221177101135,
bench_detect_20260904_0813,ncnn,640,2,91,145.6624999991618,6.8651849309585815,6,0.85065096616745,
bench_detect_20260904_0813,ncnn,640,2,92,139.025299999048,7.192935386629971,1,0.8413549065589905,
bench_detect_20260904_0813,ncnn,640,2,93,166.15199999068864,6.018585392026826,1,0.8516277074813843,
bench_detect_20260904_0813,ncnn,640,2,94,165.00570000789594,6.060396701157278,1,0.8222675323486328,
bench_detect_20260904_0813,ncnn,640,2,95,149.29129999654833,6.698313967546135,1,0.8292026519775391,
bench_detect_20260904_0813,ncnn,640,2,96,139.12920000439044,7.1875637894018185,1,0.8072890043258667,
bench_detect_20260904_0813,ncnn,640,2,97,133.42070000362583,7.495088842831915,1,0.8510768413543701,
bench_detect_20260904_0813,ncnn,640,2,98,202.60469999630004,4.935719655162304,1,0.8391404151916504,
bench_detect_20260904_0813,ncnn,640,2,99,310.33799999568146,3.222293112715541,1,0.8497687578201294,
bench_detect_20260904_0813,ncnn,640,4,0,229.02969999995548,4.366245949761949,1,0.8214687705039978,
bench_detect_20260904_0813,ncnn,640,4,1,185.99500000709668,5.376488615080216,1,0.8121480345726013,
bench_detect_20260904_0813,ncnn,640,4,2,189.91620000451803,5.265480248531776,1,0.8395454287528992,
bench_detect_20260904_0813,ncnn,640,4,3,168.66759999538772,5.928820947397991,1,0.8316106796264648,
bench_detect_20260904_0813,ncnn,640,4,4,147.5129000027664,6.779068135608793,1,0.7443011403083801,
bench_detect_20260904_0813,ncnn,640,4,5,133.38610000209883,7.497033049052825,1,0.8330689668655396,
bench_detect_20260904_0813,ncnn,640,4,6,142.74850000219885,7.005327551495086,1,0.8096312284469604,
bench_detect_20260904_0813,ncnn,640,4,7,151.68330000597052,6.592683571366381,2,0.8250117301940918,
bench_detect_20260904_0813,ncnn,640,4,8,148.85810000123456,6.7178070927393705,1,0.848911464214325,
bench_detect_20260904_0813,ncnn,640,4,9,152.52079999481793,6.556482788144149,1,0.830953061580658,
bench_detect_20260904_0813,ncnn,640,4,10,128.51429999864195,7.781235240051632,1,0.8210681080818176,
bench_detect_20260904_0813,ncnn,640,4,11,138.90550000360236,7.1991389827909344,1,0.8629554510116577,
bench_detect_20260904_0813,ncnn,640,4,12,142.72810000693426,7.006328816479841,1,0.8423637747764587,
bench_detect_20260904_0813,ncnn,640,4,13,133.65380000323057,7.48201697202645,2,0.8258850574493408,
bench_detect_20260904_0813,ncnn,640,4,14,132.69470000523143,7.536096015595012,1,0.8677327632904053,
bench_detect_20260904_0813,ncnn,640,4,15,146.67820000613574,6.8176457030299575,1,0.8611426949501038,
bench_detect_20260904_0813,ncnn,640,4,16,144.69250000547618,6.911208251721084,2,0.8343462347984314,
bench_detect_20260904_0813,ncnn,640,4,17,165.26160000648815,6.051012455166476,3,0.839414656162262,
bench_detect_20260904_0813,ncnn,640,4,18,138.1970999937039,7.236041856490179,2,0.8466665744781494,
bench_detect_20260904_0813,ncnn,640,4,19,130.29050000477582,7.675156668854174,1,0.8641485571861267,
bench_detect_20260904_0813,ncnn,640,4,20,128.66249999206048,7.772272418627868,2,0.8630983233451843,
bench_detect_20260904_0813,ncnn,640,4,21,125.94220000028145,7.94015032290817,1,0.8406503796577454,
bench_detect_20260904_0813,ncnn,640,4,22,116.82569999538828,8.559760395524917,1,0.8391132950782776,
bench_detect_20260904_0813,ncnn,640,4,23,130.59179999982007,7.657448630016416,1,0.8192141056060791,
bench_detect_20260904_0813,ncnn,640,4,24,164.9628000013763,6.06197275986863,1,0.8192446231842041,
bench_detect_20260904_0813,ncnn,640,4,25,124.87489999330137,8.00801442126194,2,0.8416053652763367,
bench_detect_20260904_0813,ncnn,640,4,26,125.17319999460597,7.988930538191023,3,0.8323209881782532,
bench_detect_20260904_0813,ncnn,640,4,27,123.19909999496303,8.116942413060524,1,0.8368034958839417,
bench_detect_20260904_0813,ncnn,640,4,28,134.19700000667945,7.451731409422167,1,0.8446123003959656,
bench_detect_20260904_0813,ncnn,640,4,29,147.25879998877645,6.790765645762539,1,0.8436523079872131,
bench_detect_20260904_0813,ncnn,640,4,30,213.98490000865422,4.673226942459757,1,0.8377924561500549,
bench_detect_20260904_0813,ncnn,640,4,31,128.13929999538232,7.804007045738789,1,0.843222439289093,
bench_detect_20260904_0813,ncnn,640,4,32,139.45040000544395,7.171008472983666,1,0.8313406705856323,
bench_detect_20260904_0813,ncnn,640,4,33,125.05909999890719,7.996219387543476,1,0.8367629647254944,
bench_detect_20260904_0813,ncnn,640,4,34,124.93390000599902,8.004232637834747,1,0.794060230255127,
bench_detect_20260904_0813,ncnn,640,4,35,134.45820000197273,7.437255593078952,1,0.844182014465332,
bench_detect_20260904_0813,ncnn,640,4,36,127.48449998616707,7.844090851111365,1,0.8246176838874817,
bench_detect_20260904_0813,ncnn,640,4,37,130.97990000096615,7.634759226359339,1,0.845628023147583,
bench_detect_20260904_0813,ncnn,640,4,38,122.24040000000969,8.180601503266685,1,0.8481340408325195,
bench_detect_20260904_0813,ncnn,640,4,39,121.23849999625236,8.248204984645234,2,0.8228015303611755,
bench_detect_20260904_0813,ncnn,640,4,40,142.40799999970477,7.022077411395941,1,0.8118503093719482,
bench_detect_20260904_0813,ncnn,640,4,41,148.56990000407677,6.730838480557367,1,0.8480193018913269,
bench_detect_20260904_0813,ncnn,640,4,42,124.14909999642987,8.05483084475648,2,0.8532117605209351,
bench_detect_20260904_0813,ncnn,640,4,43,131.07940000190865,7.628963818765107,1,0.8299168944358826,
bench_detect_20260904_0813,ncnn,640,4,44,134.36270000238437,7.442541717174887,1,0.7718534469604492,
bench_detect_20260904_0813,ncnn,640,4,45,121.29840000125114,8.244131826880531,1,0.8479881286621094,
bench_detect_20260904_0813,ncnn,640,4,46,126.90979999024421,7.879612134578037,1,0.848056435585022,
bench_detect_20260904_0813,ncnn,640,4,47,151.02180000394583,6.6215605957144765,1,0.8432230353355408,
bench_detect_20260904_0813,ncnn,640,4,48,133.8767999986885,7.469554097571769,1,0.815872073173523,
bench_detect_20260904_0813,ncnn,640,4,49,124.6501999994507,8.022450024182927,1,0.7787197828292847,
bench_detect_20260904_0813,ncnn,640,4,50,133.27249999565538,7.503423437187713,2,0.8698756694793701,
bench_detect_20260904_0813,ncnn,640,4,51,126.85939999937546,7.882742626915491,1,0.8253887891769409,
bench_detect_20260904_0813,ncnn,640,4,52,129.47790000180248,7.7233257566432485,1,0.8267797231674194,
bench_detect_20260904_0813,ncnn,640,4,53,138.78689998819027,7.205290989892364,1,0.8350737690925598,
bench_detect_20260904_0813,ncnn,640,4,54,119.68990000605118,8.354923848624177,1,0.8424330353736877,
bench_detect_20260904_0813,ncnn,640,4,55,120.87539999629371,8.272981930406536,1,0.8537830710411072,
bench_detect_20260904_0813,ncnn,640,4,56,120.74050000228453,8.282225102439355,1,0.8273897767066956,
bench_detect_20260904_0813,ncnn,640,4,57,120.60439999913797,8.291571451847094,1,0.826176106929779,
bench_detect_20260904_0813,ncnn,640,4,58,127.26210000982974,7.857798982751031,2,0.8604757785797119,
bench_detect_20260904_0813,ncnn,640,4,59,124.36929999967106,8.040569497477632,1,0.818992555141449,
bench_detect_20260904_0813,ncnn,640,4,60,123.32680000690743,8.108537640999286,2,0.8329590559005737,
bench_detect_20260904_0813,ncnn,640,4,61,122.37260000256356,8.171763940449505,1,0.8284342288970947,
bench_detect_20260904_0813,ncnn,640,4,62,143.37560000421945,6.974687464049466,2,0.8373320698738098,
bench_detect_20260904_0813,ncnn,640,4,63,160.08770000189543,6.246576095403707,1,0.8421450257301331,
bench_detect_20260904_0813,ncnn,640,4,64,124.45310001203325,8.035155411181488,1,0.8202604651451111,
bench_detect_20260904_0813,ncnn,640,4,65,136.87270000809804,7.306058841104437,1,0.8330275416374207,
bench_detect_20260904_0813,ncnn,640,4,66,140.628299996024,7.110944241153972,2,0.8189752101898193,
bench_detect_20260904_0813,ncnn,640,4,67,133.09109999681823,7.513650424588171,1,0.8267175555229187,
bench_detect_20260904_0813,ncnn,640,4,68,125.75809999543708,7.95177408084476,2,0.8485023379325867,
bench_detect_20260904_0813,ncnn,640,4,69,121.9344999990426,8.20112437421609,1,0.8594738841056824,
bench_detect_20260904_0813,ncnn,640,4,70,183.36140000610612,5.453710540859194,1,0.8575980067253113,
bench_detect_20260904_0813,ncnn,640,4,71,127.05660000210628,7.870508104131722,1,0.8561351895332336,
bench_detect_20260904_0813,ncnn,640,4,72,129.76029999845196,7.70651732472821,1,0.8265811800956726,
bench_detect_20260904_0813,ncnn,640,4,73,144.0627999982098,6.941417215356265,1,0.8261642456054688,
bench_detect_20260904_0813,ncnn,640,4,74,127.67149999854155,7.832601637886478,1,0.8381205797195435,
bench_detect_20260904_0813,ncnn,640,4,75,132.25369999418035,7.561225130518116,1,0.8184217214584351,
bench_detect_20260904_0813,ncnn,640,4,76,119.5819999993546,8.362462578025097,2,0.8448438048362732,
bench_detect_20260904_0813,ncnn,640,4,77,120.04550000710879,8.330174808225069,1,0.8476136922836304,
bench_detect_20260904_0813,ncnn,640,4,78,134.64099999691825,7.42715814664841,1,0.8524566292762756,
bench_detect_20260904_0813,ncnn,640,4,79,127.55750000360422,7.839601748009677,4,0.839610755443573,
bench_detect_20260904_0813,ncnn,640,4,80,111.3718999986304,8.978925563919603,1,0.8314980268478394,
bench_detect_20260904_0813,ncnn,640,4,81,132.15789999230765,7.566706190535759,1,0.8271514773368835,
bench_detect_20260904_0813,ncnn,640,4,82,126.57449999824166,7.900485484942794,2,0.8298346996307373,
bench_detect_20260904_0813,ncnn,640,4,83,132.08729999314528,7.570750557032322,1,0.8219830989837646,
bench_detect_20260904_0813,ncnn,640,4,84,165.77150000375696,6.032400020373445,1,0.8257671594619751,
bench_detect_20260904_0813,ncnn,640,4,85,129.2230999970343,7.738554484631233,1,0.811461329460144,
bench_detect_20260904_0813,ncnn,640,4,86,138.7012000050163,7.209742957983304,1,0.8388513922691345,
bench_detect_20260904_0813,ncnn,640,4,87,122.61360000411514,8.155702140434977,1,0.8571673035621643,
bench_detect_20260904_0813,ncnn,640,4,88,121.25830000150017,8.24685815311305,1,0.8460314273834229,
bench_detect_20260904_0813,ncnn,640,4,89,123.94399999175221,8.06815981464649,1,0.7928651571273804,
bench_detect_20260904_0813,ncnn,640,4,90,123.25440000859089,8.11330061993973,1,0.8154221177101135,
bench_detect_20260904_0813,ncnn,640,4,91,120.20070001017302,8.319419104176317,6,0.85065096616745,
bench_detect_20260904_0813,ncnn,640,4,92,133.4033999883104,7.496060820695918,1,0.8413549065589905,
bench_detect_20260904_0813,ncnn,640,4,93,148.61929998733103,6.728601198399161,1,0.8516277074813843,
bench_detect_20260904_0813,ncnn,640,4,94,133.21349999750964,7.506746688726702,1,0.8222675323486328,
bench_detect_20260904_0813,ncnn,640,4,95,121.38669998967089,8.238134821072594,1,0.8292026519775391,
bench_detect_20260904_0813,ncnn,640,4,96,124.64739999268204,8.022630235838928,1,0.8072890043258667,
bench_detect_20260904_0813,ncnn,640,4,97,133.70359998953063,7.479230178381905,1,0.8510768413543701,
bench_detect_20260904_0813,ncnn,640,4,98,124.68140000419226,8.020442503584146,1,0.8391404151916504,
bench_detect_20260904_0813,ncnn,640,4,99,117.38180000975262,8.519208258153439,1,0.8497687578201294,
